Context	Contact	Label
GLGFKTPKEAIEGTYIDKKCPFTGNVSIRGRILSG	AYQKQPTIRYYKATYIDKKCPFTGNVSIQRTHLSP	1
ERWVGPLPVEATLAKKRKVLEFERVYLDNLPSASM	XXXXXXXXXVETLAKKRKVLEFERVYLKKIFRLMR	1
HVVEVTYDDVPIPNSPFKVAVTEGCQPSRVQAQGP	YPEKGLHVVEVIPNSPFKVAVTXXXXXXXXXXXXX	0
DLEESMDKIETINFHEVKEVAGIKFWCYHAGHVLG	IGRTFMTHIETINFHEVKEVAGIKFWCYAMFMIEI	0
VLKSAVEAERLVAGKLKKDTYIENEKLISGKRQEL	VLKSAVEAERLVAGKLKKDTYIENEKLISGXXXXX	1
GHCQRLTPEWKKAATALKDVVKVGAVDADKHHSLG	SDSLWLVPEWKKAATALKDVVKVGAGEIVDAALAL	1
ASVITVETVIQENVGAQKIPGEKSVHEGALKQDMG	GDGRREVRSIQENVGAQKIPGEKSVHXXXXXXXXX	0
DALVRQDAQDLYEAGEKKWGTDEVKFLTVLCSRNR	XXXXRQDAQDLYEAGEKKWGTDEVKFLTVEYKRIS	1
RTWRLNERHYGGLTGLNKAETAAKHGEAQVKIWRR	WNLENRFSGYGGLTGLNKAETAAKHGEAQVKIWRR	1
STNHPGASIALSRPSLNKDFRDHAEQQHIAAQQKA	STNHPGASIALSRPSLNKDFRDHAEQQHIAAQQKT	1
IRQKFETPGIMQFTNEEKRTLLARLVRSTRFEEFL	XXXXXXXXXXMQFTNEEKRTLLARLVVPATDPEAV	0
DRIPQILTKVIDTLHRHKSEFFEKHGEEGVEAEKK	XXXXXXXTKVIDTLHRHKSEFFEKHGEEGVEAEKK	1
GPTELLIEMEDWKGDKVKAHYGGFTVQNEANKYQI	XXXTEELLIEMEDGDKVKAHYGKYRGTAGNALAPV	1
KSEEPAGQILSHLSSELKEMSTSNFESSPEVEERP	XXXXEVVESLSHLSSELKEMSTSNFESSPEVTRRS	0
WEKHGTCAAQVDALNSQKKYFGRSLELYRELDLNS	WKEWEHGTAAVDALNSQKKYFGRSLELXXXXXXXX	0
KYKRALADTENLRQRSQKLVEEAKLYGIQAFCKDL	XXKRALADTENLRQRSQKLVEEAKLYGIQAFCKKH	1
KKVHVIFNYKGKNVLINKDIRCKDDEFTHLYTLIV	GPDGTKKVHVIFNVLINKDIRCLITYEVKIQVESG	1
SSHIQVLARRKSRDFHSKLKDQTAKDKALQHMAAM	XXXIQVLARRKSRDFHSKLKDQTAKDKALQHMAIK	1
IIEHLRDLFQKPEVSTVKFLFLVGGFAEAPLLQQA	VVVTVHQILLFPEVSTVKFLFLQFGDQCRIIXXXX	0
SIQEVLGDYRACHGTLIKWIEETTAQQEMMKPGQA	XXXXXXXDYRACHGTLIKWIEETTAQQELEIRNQT	0
DLHLPAENKYIATDFTLKAFDCPETEYPVKIVNTP	XXXXXXXXXSCATDFTLKAFDCPEYKKDNKFKIPK	0
KFICTVTGTPVIETIWQKDGAALSPSPNWRISDAE	XXXXXXDPSLAKFTIWQKDGAALSPSNWRIILELI	0
KVVPEAELQEETMRIARKIASLSRPVVSLGKATFY	PVIDIAVSQEETMRIARKIASLSRPVVSGKPVWXX	1
QINDAKYHEISIIYHNDKKMILVVDRRHVKSMDNE	DFGFSGGPVHLIIYHNDKKMILVHVKSMDNEKMKI	0
SSGEKIGCGRATLRLRSKGPATVEEMPSETKAKAI	LLGGQLDNGVGRLRLRSKGPATVEDIDLATTMFEA	1
LKQFSFPLSSEPFQGSYKVVVQKKSGGRTEHPFTV	IQDPKGNRIAQFFQGSYKVVVQRTEHPFTVXXXXX	0
RLLIPERFNETIGLQHIKVYLFDNSVILSGANLSD	XXVMASLYLILLDLQHIKVYLVILSGANLYDRYVF	0
LGKKKKRLRVDKWWGNRKELATVRTICSHVQNMIK	FNHINVELRVDKWWGNRKELATVRTICSHVQXXXX	1
KRLVLDGNLLNNHGLGDKVFFNLVNLTELSLVRNS	ISSPSLQGLTNNHGLGDKVFFNLVNLLAPVNLPGT	0
KPHIDSVWPFEKVADAMKQMQEKKNVGKVLLVPGP	LTGPKDSVWFEKVADAMKQMQEKKNVKVLLXXXXX	1
VANLLKSAFPHLQDAQVKLFVTGLFSLNQDIPAFK	EYVANLLKSFPLQDAQVKLFVTGLFSHLDFQITLF	0
RSLQDTAELLSLENHPAKQTVEAYSAAVQSQLQWM	VALQDTAELLSLENHPAKQTVEAYSAAXXXXXXXX	0
QPCPCPGGSSCAVVPKTKEVVCTNCPTGTTGKRCE	SDCQPCPCSSCAVVPKTKEVVCTNGKRCXXXXXXX	1
IETQERPRDVSSVELLMKYHQGINAEIETRSKNFS	IETQERPRDVSSVELLMKYHQGINAEIEKWEARWE	0
LIQTKVNYVVQEAIVVIKDIFRKYPNKYESVIATL	XXRGRAIVLVQEAIVVIKDIFRKYPNKYEVILEAR	0
LEKEGYVKILTPEGEIFKEPYLDIHKLVQSGIKGG	ILEEGYVKILTPEGEIFKEPYLDIHNPHQVHNGKX	0
DLRAELGKDLQEPEFSAKKEGKVLFNNTLSFIVIE	CFIGLLGKDLQEPEFSAKKEGKVLFNNTXXXXXXX	1
TLPLLEGPQTDGVTIGDKGECVITPSTDVKFDPGL	THEGVAGPQTDGVTIGDKGECVITPSTDVLSEDCK	0
DSACQQNTVTSSGDLVAKLCDNIVSESESTTARQP	XXXXXXXXVTSSGDLVAKLCDNIVSESESLKAETE	0
PREPLVATNLPGRGQLQKLASERNLFISCKSSHDR	XXXPLVATNLPGRGQLQKLASERNLFISCKLTTLG	1
DGDGDFDVDDAKVLLGLKERSTSEPAVPPEEAEPH	XXXXXADVDDAKVLLGLKERSTSERDRQFLGDGRG	1
DDEVQVVRGHYKGQQIGKVVQVYRKKYVIYIERVQ	SLIRKDDEVQVVYQQIGKVVQVYVIYIERVQHVGI	1
FLPEEYPMAAPKVRFMTKIYHPNVDKLGRICLDIL	XXVIAGFGTFKLERFMTKIYHPNVDKLGRILAVTA	1
MAQTWGEFRVVERTITMKQLLRALEEGRVREVFGS	PDHQLTVWTHEPRTITMKQLLRALEEGRVILYKRN	1
VFLQEKDQKYIFASLDQKSTVISLKKLIVREVAHE	MFLKNAALVFLFASLDQKSTVISFLISMGMDPEMV	0
CSHPGGSADGPAKKKVAKVTVKSENLKVIKDEALS	XXXXXXXXXGPAKKKVAKVTVKSENLDEAGSGSDV	1
AGNGYCRSEGVVAVLLTKKSLARRVYATILNAGTN	AYQAIHSGQCPAAILLTKKSLARRVYATILFPXXX	1
RHKQYMGNRFIQVHPITKKGMLEKIDMIRKRLQNF	IYIGFVEFRNEYVHPITKKGMLEKIDMIXXXXXXX	0
CKTNIVTASVDAINFHDKIRKGCVITISGRMTFTS	DVDCTHGFVHGVTNFHDKIRKGCVIVDADPRYRAA	0
AGGLKELEISWGLHQIVKALSFLVNDCSLIHNNVC	XXXXRHPNISWGLHQIVKALSFLVNDCHEWKLWDM	0
LKKVCSTNDLKELLIFNKQQVPSGESAILDRVADG	XXXXXXXXDLKELLIFNKQQVPIRVADGMFGALLP	0
QSPVAVSQSKPGCYDNGKHYQINQQWERTYLGNAL	XSPVAVSQSKPGCYDNGKHYQINQQWERTYALVCT	1
QKSLAKPSTSSVNVLGHKELPSVKTSVTTSISEPW	QKSLAKPSTSSVNVLGHKELPSVKTSVDEEGYQKS	0
EKVQGLMKEYLLSFPAGKTPVPAGEEEGELGEYRQ	XXXVQLMKEYLLSFPAGKTPVPAGEEEGLGRDGLL	0
VDYYKSYIKTCLDNLASKGKVSKKPREMKGKKSKK	QDVVKSYIKTCLDNLASKGKVSKKPRVGNKKFYGK	1
QPVMDTATATEQAKQLVKSGAISAIKAETKNSGFK	QPVMDTATATEQAKQLVKSGAISAIKAETKSXXXX	1
EYLKRQGISSMQESGPKKVAPIQRRKKPASQKKRR	EYLKRQGISSMQESGPKKVAPIQRRKKRRFKTYSD	1
QPITTLGKSEFGEVFLAKAQGLEEGVAETLVLVKS	XFPRSSLQPITTLVFLAKAQGLEEGVAETLVLVKL	0
GQAVDYEGSRTQEEIVAKVREVSQPDWTPPPEVTL	LKAVDYEGSRTQEEIVAKVREVSQPDWTPPXXXXX	1
EMHKNNKLALPADSVNIKILNAGAWSRSSEKVFVS	FQDIKVSEDLNQAFVNIKILNAWIVEYLHWHHLMS	0
KNEDCEKGNDSKKVKVQKVQSVSQNKSYLAVRLKD	KNEDCEKGNDSKKVKVQKVQSVSQNKSYLAVQDLX	1
VISPHYDSLLVKVIAHGKDHPTAATKMSRALAEFR	RINGCAIQGMGIRIAHGKDHPTAATKMSRLAGXXX	1
RKRSRKESYSVYVYKVLKQVHPDTGISSKAMGIMN	XXXXXXESYSVYVYKVLKQVHPDTGISSKAMGIMN	1
HPELNISEEGITKSTLTKAERQLKDKFDGRPTKPP	SDRLKWIHALRTKSTLTKAERQLKDKFDRTERVLG	1
YLLDKKNGFKTQHFVSAKTMPELYDLVNSYKPDLI	LEWFHPLYLLDQHFVSAKTMPELYDLYWNXXXXXX	0
ECNVCREGSFHLDPANLKGCTSCFCFGVNNQCHSS	ECNVCREGSFHLDPANLKGCTSCFCSXXXXXXXXX	0
VGLSVSRVGSAAQTRAMKQVAGTMKLELAQYREVA	DSLVPIGVGSAAQTRAMKQVAGTMKLIEQVAIYVI	1
DVGSEPRAPKLHKVIEPKDIHAKCELAFLHTSHCL	XNDPSLISSRIYKVIEPKDIHAKCELAFLISGDVK	1
EQYERVLAENTRPSQMRKLFSLSQSWDRKCKDGLY	EQYERVLAENTRPSQMRKLFSLSQSWKLXXXXXXX	1
LLAKMFGAKDSELASQNKPLWQCYLGRFNDIHVPI	EFLKVLAMFGSELASQNKPLWQCYLGRCHDLAKDL	0
EPVKEAPGKRKKEMAKQKAAPEAKKQKVEGTEPTT	XXXXXAPGKRKKEMAKQKAAPEAKKQKVEGTKSAP	1
ADSLFERTTNSSWVVVFKSLITTHHLMVYGNERFI	MGPKHLLFRTNSWVVVFKSLITTHHMFIYSGVINA	0
NEGKQKKRGGGGGFGYQKTKKVEKSKIFKHISKKS	NEGKQKKRGGGGGFGYQKTKKVEKSKIFKXXXXXX	1
DIEVKQNFIDPLQNLCEKDLKEIQHHLKKLEGRRL	TSKAVTLFIDPLQNLCEKDLKEIQHHLKKVATSMH	0
TRAKFEELNMDLFRSTMKPVQKVLEDSDLKKSDID	LATNGDTHLMDLFRSTMKPVQKVLEDSKILVEFFX	1
ITQLPDIQEKLHQLQMEKLPSRKAITEMISWMNNV	XXXXXDIQEKLHQLQMEKLPSRKAITEMISWYKQW	0
SKVSAPGVLTAQDRVVGKPAQLGTQRSQEADVQDW	XXXXXXXXPTAQDRVVGKPAQLGTQLRDMNLTGCL	1
PLIMRRRVRSFISPIPSKRQSQDVKNSSTEDKGRL	PAQGAQNVRSFISPIPSKRQSQDVKNFPPKGYFPS	1
SGSLPYTQTLQDHLNSLKEFNLQNMGLPDFHIPEN	SKLIVAMSSLQDHLNSLKEFNLQNMGLFLEETKAT	0
KMVPVSVQQSLAAYNQRKADLVNRSIAQMREATTL	XXXXXXXXXSLAAYNQRKADLVNRSIEDLKSVNFD	1
LSKELRQKYNVRSMPIRKDDEVQVVRGHYKGQQIG	XXXXXXXXXRMSSMPIRKDDEVQIGKVVQVYRYVI	1
EEKERECPTVAPAHSLTKSQMFEGVARVHGSPLEL	XXXXEDGFTVAPAHSLTKSQMFEGVARVHGSPLNS	0
GEGEVCVKGPNVFQGYLKDPAKTAEALDKDGWLHT	FTGGNPKGAMVEFQGYLKDPAKTAEALXXXXXXXX	1
WKRLRSLLSPTFTSGKLKEMVPIIAQYGDVLVRNL	XXXXXXXXXPTFTSGKLKEMVPIIAQVSTSRVDFP	1
LQQIRINEVKTEISVESKHQTLQGLAFPLQPEAQR	XXXIRINEVKTEISVESKHQTLQGLAFRMLYSSCK	1
FLQNFCRGNPQNQVLLHKHLNLFLTPGLLEAETMR	VLDLQLFCNPQNQVLLHKHLNLFLETMRHIFNHLC	0
TDEEQATGLEREIMLAAKKGLDPYNVLAPKGASGT	TDEEQATGLEREIMLAAKKGLDPYNVLAPKGVPSI	1
GKTGASWTDNIMAQKCSKGAAAEIREQGDGAEDEE	GKTGASWTDNIMAQKCSKGAAAEIREQGDGAEXXX	1
PPASPEARKRALFPEPRKHALFPELPKSALFSESQ	PEPWKPFPKRALFPEPRKHALFPELPKTEXXXXXX	1
DPAVQAIVLDTASDVLDKASSLIEEAKKAAGHPGD	LEVSIAVALDTASDVLDKASSLIEEARLAQVAKAV	0
TRSGKIPRSALSAIVNGKPYKITSTIEDPSIFGHV	GHVPLLPRSALSAIVNGKPYKITIFGHVEEMLKAX	1
CLMEVTVDRNCLEVLPTKMSYAANLKNVMNMQNRQ	RYGSAQGLYSCLEVLPTKMSYAANLKNMLGRWRLX	0
VYQQRTLQKLLATNPSFKEVLSRIESHEDCRNLPM	RLQQRTLQKLLATNPSFKEVLSRIESHNLPMIXXX	0
QLEHTSTQALVSELLPAKHLCQQLQAEQAAAEKRH	SQEHTSTQALVSELLPAKHLCQQLQAEQAAAEXXX	0
LRLVEIAQVPKAHVDEFKSVSKFKIFNTNNLWISL	LTLVEIAQVPKAHVDEFKSVSKFKIFNTXXXXXXX	1
NHKALLVGEHLNIIVTPKSPYIDKITHYNYLILSK	PSYSSLSQSYLYIIVTPKSPYIDKIYKASYQYYIV	0
DGKWEVEEMKESKLPGDKGLVLMSRAKHHAISAKL	GTLWEVEEMKESKLPGDKGLVLEVNTDIFFDNFGW	1
RYLLGDMEGRLFMLLLEKEEQMDGTVTLKDLRVEL	DKYLADPNGSRYMLLLEKEEQMDGTVTLKDLRVXX	0
STLPPQQQQRIFEPPPPKKQNGAIGRKVVVSTNIA	VDLGPEVGDIKIEPPPPKKQNGAIGRKVGVVFXXX	0
QNYLRVAFQEVNSGCTGKTLLVRPYITTEDVCQIC	FLENNYLRVAFQEGCTGKTLLVVCQICAEKFKVLF	0
QTLSQVLAAKEKHLAEIKRKLGINSLQELKQNIAK	QTLSQVLAAKEKHLAEIKRKLGINSLQELKQNIAK	1
EERTTEAEKNERVQKHLKALTSELANARDESKKTA	IVWITEAEKNERVQKHLKALTSELANARHANMRGD	1
EKLLEAISETSSQLEHAKVTQTELMRESFRQKQEA	LILLEAISETSSQLEHAKVTQTELMRESFRQKQXX	0
LYITIKLLDPFPDHVVFKDLRITQQKIKYSRGPFS	YLVIDKILDPFPDHVVFKDLRITQQKIKEDXXXXX	0
PAAKSPSAQLMEQVAQLKSLSDTVEKLKDEVLKET	HTHVVPSAQLMEQVAQLKSLSDTVEKLKDEVXXXX	0
SVTVAEGLIEDHFDVTVKMSTYLVAFIISDFESVS	YDEPAFKASFSNMDVTVKMSTYLVPLNWGQWGNLV	0
IPYVFKLLKENLCLNLHKFNEFIQNELQEASQELQ	XYLEAVLLKENLCLNLHKFNEFIQNELQELKDFHS	0
KDLETQVIQLNEQVHSLKLALEGVEKERDFYFGKL	NLDFQQVIQLNEQVHSLKLALEGVEKERDFXXXXX	0
RTGSSKIFPGNWDNHSHKKNLFETPILARYVRILP	GAFVASYFPGNWDNHSHKKNLFLRLELLXXXXXXX	0
ERYKVGRTIGDGNFAVVKECVERSTAREYALKIIK	FIITYKVGRTIGDGAVVKECVEEYALKIIYLVMEL	0
LYQKADDGRPFPQVIKSKGGVVGIKVDKGVVPLAG	PCIGGVIARPFPQVIKSKGGVVGGAVAXXXXXXXX	1
AVEAGERAAREVLNGLGKVTEKDIWVQEPESKDVP	VIRFGERAAREVLNGLGKVTEKDIWVXXXXXXXXX	1
HRPVLVLSQNTKRESGRKVQSGNINAAKTIADIIR	XXXXXXXXXXXKRESGRKVQSGNINAAKTHPAALS	1
VGDYQQLEERHLSIILEKDQLIQEAAAENNKLKEE	VGDYQQLEERHLSIILEKDQLIQEAAAENNKLKEE	0
RRFASRIIDSLFNTVTDKKIAILGFAFKKDTGDTR	XXXXXXIIDSLFNTVTDKKIAISLMDEGAHLHRLV	1
NSEEEEEEKKKAAVVVSKSGSLKKRKQNEAAKEAE	TKPEEEEEKKKAAVVVSKSGSLKKRKQNEAAKEGE	1
EAEEAKEALLQASRDQKKTQEQLALEMAELTARIS	EAEEAKEALLQASRDQKKTQEQLALEMAELTARIS	1
KFDSSRDRNKPFKFMLGKQEVIRGWEEGVAQMSVG	PKRGQTCVVHPFKFMLGKQEVIRGWEEGVAQMIDY	1
LRKVSKQEEASGGPTAPKAESGRSGGGGLMEEMNA	LRKVSKQEEASGGPTAPKAESGRSGGGGLMEEMNA	1
KNQMSKLISEMHSFIQIKKKTNPRNNDPKSMKLPQ	NIPCEEGDKLQLFFIQIKKKTNPXXXXXXXXXXXX	0
SHHEHPFPGDGCTGPIFKLMNIQQQLMKTNLKQMD	TSESDSPFGDGCTGPIFKLMNIQQQLMKTXXXXXX	0
AHIGDVMFTGTADGRVVKLENGEIETIARFGSGPC	PSIAHIGDVMFTGTRVVKLENGEIETIARIRAGTL	1
VLGLVDEVKSKLDIWNIKYGSRESVELLLEDWHKF	XXXXXXXXXXKLDIWNIKYGSRESVELLLNVKTLQ	0
GGSPPKSKLLFSNTAAQKLRGMDEVYNLFYVNNNW	FIPDLLFAQRFSNTAAQKLRGMDEVYNLYLENNNG	0
TPGTEWEKVAQLCDFNPKSSKQCKDVSRLRSVLMS	QRQSEQVNVAQLCDFNPKSSKQCKDVSRLRSVLMS	1
TDDQSRKNMTSKNRGKRKADATSSQDSELERVFLW	TDDQSRKNMTSKNRGKRKADATSSQDSELERSNER	1
QTCREDLHILFSNHGEIKWIDFVRGAKEGIILFKE	CLLKRELHILFSNHGEIKWIDFGIILFKEKAEAAL	0
TCRLEKPAKYDDIKKVVKQASEGPLKGILGYTEHQ	PLAKVIDNKYDDIKKVVKQASEGPLKGILGYTEHH	1
EILSEENEMQPNGKVFKKLILGNYKWMNYLEVNRR	EILSEENEMQPNGKVFKKLILGNESSPLTLSDQSS	1
HADAQDRIKAAAHQLCLKIDRGETHLWSPQVSEDG	AIDGFGTEMARIAQLCLKIDRGXXXXXXXXXXXXX	0
DHQEDFWKVKEFLHNQGKQKYTLPLYHAMMGGSEV	GGVTPCLAERLFLHNQGKQKYTLPLYTQLHSNVVY	1
HCEDIERRFCFEVVSPTKSCMLQADSEKLRQAWIK	LRLCTVKHCCFEVVSPTKSCMLQVIXXXXXXXXXX	0
ASGSTGDQKVQISYYGPKTPPVKALLYLTGVEISL	KKGSSTWPLDQISYYGPKTPPVKAXXXXXXXXXXX	0
TQAMKEMHFHPKALKDVKGQIGAPMPGKVIDIKVV	XXXXXXXEDRPKALKDVKGQIGAPKVAKGQPLVTS	1
NQPGVLIQVYEGERAMTKDNNLLGRFELSGIPPAP	MTALKLIQVYEGERAMTKDNNLLGRFNXXXXXXXX	1
FTLSTIKTLEEAVGNIVKFLGMHPCERSDKVPDNK	ADHIQKVILEEAVGNIVKFLGMHPCSDKLLLAGVS	0
PKERCVKIFQGNVHNFEKNLLRCSWSPDGSKIAAG	IDSVTGNAMDNNVHNFEKNLLRGSADRGSINESSX	0
NRVEPNLDAALYWPLNQKVFLFKGSGYWQWDELAR	SPRTQWIHAALYWPLNQKVFLFYWQWDELARTDFL	0
TMVCKDADEAKRVESQLKILIRPMYSNPPLNGARI	GSFRFAFTMAKRVESQLKILIRPMYSNPXXXXXXX	1
VTPRIYVGNASVAQDIPKLQKLGITHVLNAAEGRS	CNERIYVGNASVAQDIPKLQKLGITHVLTFYKDSG	1
CRQSSGENCDVVVNTLGKRAPAFEGRILLNPQDKD	XXAKFLCRCDVVVNTLGKRAPAFEGRILLNVCGAH	1
REQQVQELQQHVQLLMDKNHAKQQVICKLSEKVTQ	XXQQVQELQQHVQLLMDKNHAKQQVICKLSEKVEH	0
RTLSLDEVYLIDSGAQYKDGTTDVTRTMHFGTPTA	RRAHKDQADFVDLSAQYKDGTTGSFLXXXXXXXXX	0
NEDQIKLMNVAINELNIKLQDTNSQKEKLKEELGL	NEDQIKLMNVAINELNIKLQDTNSQKEKLKEELGL	0
KEQRGRALPGKNLPSLAKQGASDPPTVASRLPPVT	DRQAGRALPGKNLPSLAKQGASDPPTVASRLPPVT	1
KPEVEYDCDNLQHSKKGKTAQGLSPVDQRKCERLL	AGAGEYDCDNLQHSKKGKTAQGLSPVDQRKKLQKK	1
GKVLLSEFRPSGELFAIKALKKGDIVARDEVESLM	FVLGRGHFGKVLLSFAIKALKLEKVLFGCFQHVCF	0
VLTSGCDSSALEGLPLIKRLIEQAKGRIVVMPGGG	LVLTSGCDSALEGLPLIKRLIEQAKGIVVMPGRIL	0
PEEVAARLAQQEKQEQVKIESLAKSLEDALRQTAS	XXXXXARLAQQEKQEQVKIESLAKSLEDALVIENA	1
IQQQQKIQELAHELAAAKATTSTNWILESQNINEL	IQQQQKIQELAHELAAAKATTSTNWILESQNINEL	0
GSHTFKLVNANGEAVYCKFHYKTDQGIKNLSVEDA	LGTPIGYGSHTFKLVYCKFHYFYIQVMTPFLKVWP	1
DVTGEEFVLFMKILSGLKSLQTVSGRQQLVELVAE	KEVEELILTFMKILSGLKSLQTVSGRQQLVPLXXX	1
DPDEGIRFRGFSIPECQKLLPKAKGGEEPLPEGLF	XXXXXARFRGFSIPECQKLLPKAGGEEPLPEGLLH	1
SFRIEYDTFGELKVPNDKYYGAQTVRSTMNFKIGG	XXXASQNSFRIEKVPNDKYYGAQTVKLNDHFPLNV	1
LLCGEIRKAYVEFVNVSKCPLTGLKVVSKRPEFFT	PHHITEEMPLLEFVNVSKCPLTVLLPGASYESVKK	0
ILNNWLEAQEERLKTLQKPESVISVQKLLLDCQDI	XXXXXXXGGAERLKTLQKPESVISVQKLLDCQVQL	0
WNKPLTSFGSAPSSEGAKNGQESGLEIGTDTIQFG	PSKSGKRGPFAPSSEGAKNGQESGLEXXXXXXXXX	0
LQDVDIEPYVSKMLGTGKLGFSFVRITALMVSCNR	VQKESIEPYVSKMLGTGKLGFSFVRGNVFGXXXXX	1
SERETAVRISQEIGNLMKEIETLVEEKTKESLDVS	XERETAVRISQEIGNLMKEIETLVEEKTKESLDVS	0
QINRKQDWSDHAIWWEQKRQWLLQTHWTLDKYGIL	XXXXXXXVFEIAIWWEQKRQWLLQLDKYGILADAR	0
AAIKAQFEKQLLTERTLKTQAVNKLAEIMNRKEPV	XXIKAQFEKQLLTERTLKTQAVNKLAEIMNRKRHM	1
EALEEGDYFEAIPLKASKFNSDLIDFASTSQAFNK	XXXXXNEEFEAIPLKASKFNSDLIDFADLQGVGEE	1
GKQMVAKVPPTVTSTVLKRLQPQTTYDITVLPIYK	VVYRPGKQMVAKVSTVLKRLQPQTTYDISGTTAXX	0
EPIHGNFLLTGAYDNTAKIWTHPGWSPLKTLAGHE	VTGVKFFLLTGAYDNTAKIWTWSPLKTLAGVLDIT	0
LSPSLESSSQVEPGTDRKSTGFETLVVTSEDGITK	XXXXXXLLSQVEPGTDRKSTGFETLVVTSEDGITK	1
MKLYCLSGHPTLPCNVLKFKSTTIMLDCGLDMTST	XXXXXXXXMKLYCLNVLKFKSTTIMLLIDLTVDVI	0
VNNKNEIVVTDFHNHSVKVYSADGEFLFKFGSHGE	PHFVAVEIVVTDFNHSVKVYSGEFLFKFGSPVIVS	0
DNGRMICSIQNDLPFLLKPTLKNFYTLVTQRTLDR	AVFSVMICSIQNLPFLLKPTLKNFYTLVTQRITIT	0
IADRKFQHFNPVLETYIKKHFSATLAYTKLTKVLK	MPGLQLDFFNPVLETYIKKHFSATAESIFKFIVRS	0
MDFLRNLFSQTLSLGSQKERLLDELTLEGVARYMQ	XXXXXXXXSQTLSLGSQKERLLDELRLVDLISKAP	1
RIIGAVRTLGSANLPLAKRQQYNALLSNMSRIYST	EEALLQEELGSANLPLAKRQQYNALLSLYEDFTAL	0
KAVLVTGCDSGFGFSLAKHLHSKGFLVFAGCLMKD	XXXXVLVCDSGFGFSLAKHLHSKGFLVFAGGVKEL	1
PGKKVYISSPHSSPAHNKLATATGAKKALNKVKIL	XXXXXXXSSPHSSPAHNKLATATGAKKALNKVKSA	1
LTHIIETRKVLDLRINLKPSYLVVPQTGFHHEKSD	LLKIIVQSQPVEVRINLKPSYLLDFGTFQLEIKNV	0
RSLYTHSYEVPDHDNWPKGAGDLSVVKKMKETFKE	VPEEVSSVVDGGHDNWPKGAGDLSVVKXXXXXXXX	1
KKAQELGATECLNPQDLKKPIQEVLFDMTDAGIDF	GIGVDVNKFECLNPQDLKKPIQEVLFDMTDAGIDV	1
TTPIFANRRSQQSVSLSKSVSIQNITGVGNDENMS	LASCAKKRRSQQSVSLSKSVSIQNITIVNESTEXX	0
PYMFEAREFLRKKLIGKKVNVTVDYIRPASPATET	KLNSGDYKILRKKLIGKKVNVTTVTIGGINIELXX	1
ELFTTEKAWKALEIAEKKLLGPLGMKTLDPDDMVY	RGIQLRPNTKALEIAEKKLLGPLGMKTLDPDDYGQ	1
KLAEQFVLLNLVYETTDKHLSPDGQYVPRIMFVDP	EALLMIIHHLLVYETTDKHLSPDGQYVPRIMFVDL	0
SGGPQALVNIMRTYTYEKLLWTTSRVLKVLSVCSS	AITTDCLQLIMRTYTYEKLLWTTSRVLLHDPSQRL	1
GDRYDALRACIGDTLCQKLQNLNIFLVGCGAIGCE	XXXXILEYLRIGDTLCQKLQNLNIFLGVGTSKEKG	0
GYVLRRILRRAVRYAHEKLNASRGFFATLVDVVVQ	DMAYRVLARRAVRYAHEKLNASRFFLLLIEXXXXX	1
TEALEKLENEPAIQQVLKRLCDLHAIHGILTNSGD	FTEALEKLEEPAIQQVLKRLCDLHAILLIDLXXXX	0
VVLIYDPIKTAQGSLSLKAYRLTPKLMEVCKEKDF	GSFVVVLIYDPKTSLSLKAYRLFEEVPIVITQNXX	0
YRYAELSEEDLKQLLALKGSSYSGLLERHHIHTKN	QQRYALSEEDLKQLLALKGSSYSGLLRQXXXXXXX	1
ALEARLGGSPFGPAGTGKTESVKALGHQLGRFVLV	LTDRCYMGSPFGPAGTGKTESVKALVCFDEFFITM	0
NDDGGHCCLVNKWSTFLKARLVCSVPGEDGIETHF	LYFFFREYARIGRITFLKARLIRVFNGFAPGMHPL	0
IITSRSNRQRQEVCQSYKSLYGKDLIADLKYELTG	TAMKIINRQRQEVCQSYKSLYGKDLIADLKYVMRP	1
PSGIFGAFQRGYYRYYNKYINVKKGSISGITMVLA	PSGIFGAFQRGYYRYYNKYINVKKGSISGITMVLA	1
ARMARHVLDNSGEWSVTKRQVILLHTELERSLEYL	VVVYCHVLDNSGEWSVTKRQVILLHTELXXXXXXX	0
KDLEEKLAAEEQFQALVKQMNQTLQDKTNQIDLLQ	KDLEEKLAAEEQFQALVKQMNQTLQDKTNQIDLLQ	0
PSGTAAAVAADKYHRGSKALPTQQGLQGRPAFPGY	XYPSYEGVAADKYHRGSKALPTQQGLQGQSTHAEP	1
KNGCRRGSSLGQISGASKKGKIWQNIRKTCCKIVE	GGERSKHLSLGQISGASKKGKIWQNIRKTCCKIVE	0
GDINTERPGMLDFTGKAKWDAWNELKGTSKEDAMK	GDINTERPGMLDFTGKAKWDAWNELKYXXXXXXXX	1
PNPEGDNPESITSVFITKVLDPEKQADMLDSLRIY	DFNKGDNPESITSVFITKVLDPEKQMRLLYAISKL	0
SGRELVGREMGVDVHFPKAEASIQAGAGDGEWEES	APKILVGREMGVDVHFPKAEASIQAGAGDVKLKKS	0
LHEVLTGRTLPEPLELDKPISTNPVHAVDVVLRHL	KFVSRVSWLLPEPLELDKPISTNPVHAEGQFRQXX	0
PETVFKRPRECDSPSYQKRQRMALLARKQGAGDSL	XXXXXKRPRECDSPSYQKRQRMALLARKQGATSSF	1
APQQWATFARIWYLLDGKMQPPGKLAAMASIRLQG	XXXXXXXXXXXXXLLDGKMQPPGKLAVIMNTRHIA	0
LPVSVADGRISVAQGASKALLVADFGLQVSYDWNW	VIHKDEIGKVLVAQGASKALLVSYDWNWRVDASAP	0
PARGPHPSQGPIPFQQQKTPLLGDGPRAPFNQEGQ	MGPPPHPSQGPIPFQQQKTPLLGDGPRAXXXXXXX	1
IIPRHLQLAIRNDEELNKLLGKVTIAQGGVLPNIQ	AAPRHLQLAIRNDEELNKLLGKVTIAQGGVLPNXX	1
RASYYEISVDDGPWEKQKSSGLNLCTGTGSKAWSF	XIGESSRASYYEIWEKQKSSGLNSIREPIANRVFS	1
GNGFNTEYPVEKLMRDAKIYQIYEGTSQIQRLIVA	GDIANQLATVEKLMRDAKIYQIYEGTSXXXXXXXX	1
KYWLMLNEKEAQQVYGGKEARTEEMKWRQWADDWL	NYWLMLNEKEAQQVYGGKEARTEEMKWRQAVMGGP	1
MTSGVYRPPGARLTTTRKTPQGPPEIYSDTQFPSL	TETPEPRPPGARLTTTRKTPQGPPEIYSDTQFPSL	1
RILINDAYKRTVALLTEKKADVEKVALLLLEKEVL	GGVSEEIFKRTVALLTEKKADVEKVAMLLGRPXXX	1
RKQISRSTNSNFSKTSPKALVIGKDHESKNSQLFA	RKQISRSTNSNFSKTSPKALVIGKDHESKNSQLFA	1
YRNMERNWKWACKSLGRKILIPALMVTAEKDFVLV	PEVAVPFIPAACKSLGRKILIPALHMEDWIPHLVS	1
NIFPYHEVTVKRHGKAIKVSYDEWNRKIQDNFEKL	LLSPYHEVTVKRHGKAIKVSYDEWNRKXXXXXXXX	1
ARKTRPQAPRLPEFSFEKRQVVEGSSSVGPLPSGS	TPASPNQAPRLPEFSFEKRQVVEGSSSVGPXXXXX	0
KHPKNPEVGLKPVWYSPKVFIEGADAETFSEGEMV	IPVNVPEAQEEMVWYSPKVFIEFWLIISLDAKLTW	0
NPEFIFACSQAQQLEWVKSRYPGLYSRIQEFACRG	RKCARSWVCQAQQLEWVKSRYPGLYSRIQEAPWGF	0
QEQEILWAINDIIRNFCKDVVSNKKLMKKLQESRF	WLASYPTSLNDIIRNFCKDVVSNKKLMLPCGELLL	1
VAMVAPQTQAPAQQQPKKNLSLTREQMFAAQEMFK	XNKLGATDEPPAQQQPKKNLSLTREQMALILGFMA	1
GLNIDRWLTIQSGEQPYKMAGRCHAFEKEWIECAH	GLNIDRWLTIQSGEQPYKMAGRCHAFEKEWIECAH	0
PFPKNADGTICYDSTHYKETWKALEALVAKGLVQA	NKHHPVLMHWPYASTHYKETWKALEALGLFRQIDD	1
YARKISGTTALQEALKEKQQHIEQLLAERDLERAE	AARKISGTTALQEALKEKQQHIEQLLAERDLERAE	1
RIIYDDSKTYDLVAAASKVLNLNAGEILQMFGKMF	KKEAQLSKTYDLVAAASKVLNLNAGEILQMFXXXX	0
FLQNFCRGNPQNQVLLHKHLNLFLTPGLLEAETMR	VLDLQLFCNPQNQVLLHKHLNLFLETMRHIFNHLC	0
SYGVSKGKVCFEMKVTEKIPVRHLYTKDIDIHEVR	XSASSLTMAFWAMKVTEKIPVRLDIHEVRSLKFDE	1
SHLDEFYSDPHAVAGALKSYLRELPEPLMTFNLYE	FRIGALKLKPHAVAGALKSYLRELPLLLIAIVLGP	0
GLYLIHGPNLYCYSDVEKLNAAKALPQPQNVTSLL	CSANGPGLYLYCYSDVEKLNAAKALPQPXXXXXXX	0
YEDYQNTSSFDCTPSPSKTPVENPLNIMLNIVKNE	EGGHGPSGAFDCTPSPSKTPVENPLNIXXXXXXXX	0
TTQSKILQCKASVKVVSKFSNSNKRKTRHTGEKHF	XTQSKILQCKASVKVVSKFSNSNKRKTRHTGEKHF	1
KRLQPQTTYDITVLPIYKMGEGKLRQGSGTTASRF	NYRVAKVPPTVTVLPIYKMGEGKLRXXXXXXXXXX	0
DFFLQWIGRGLLVLEGPKWLQHRKLLTPGFHYDVL	GDPKPLIGRGLLVLEGPKWLQHRKLLTLDDIKLSD	0
HIPLTQDIAGDPSYEISKQRLSIVIGVVAGIMTVI	LHFVNQDIAGDPSYEISKQRLSIVIGVVAGIMXXX	0
QLEKGICNLVRTFVTEFKLKRTFLNTTVEKHSDLQ	XXXXXXXXXXXXXVTEFKLKRTFLNTVLVEVHASR	0
DGTGFARISFDSQISTTKRFEQELRLVSYSGVLFF	XXXXXXXXSFDSQISTTKRFEQLLQVFLLGGKRVL	0
SVYSGQQPSVGTEIFVGKIPRDLFEDELVPLFEKA	XXXXXXXXXXXXXIFVGKIPRDLFLLMMLNRGYAF	0
KPGEPEPQILDFQTQQYKLFPLLATAYAFQFVGAY	XXLACAISILDFQTQQYKLFPLLATTGIEACRMAC	0
IPQTKACPKKTNTTASAKVAPVRVGTQAPRKAGTA	TSQVGAASKKTNTTASAKVAPVRVGTQGAKDEPEE	1
SATVGLKSKTHAVLVALKRAQSELAAHQKKILHVD	XXXXXXXXGSATVLVALKRAQSAAHQKKILSIAGT	1
LYEYITRHFIATVSHDCKYLQSTISFRIGPELFTC	KEKAKQRPNRATVSHDCKYLQSGKTVLSPGFTEVM	0
IKTEGLYRTVGSNIQVQKLLNAFFDPKCPGDVDFH	XXXXXXEFCVGSNIQVQKLLNAFFDPKCPGDVDFN	0
ENRVWHLVRPTDEVDEGKSKRGSVKEKERTKAITE	EENRVWLVRPTDEVDEGKSKRGSVKEKERTKAITX	0
ELQQAISKLEARLNVLEKSSPGHRATAPQTQHVSP	ELQQAISKLEARLNVLEKSSPGHRATAPQAEDDID	1
PDVSLEGPEGKLKGPKFKMPEMHFKTPKISMPDVD	XXXXXXXPEGKLKGPKFKMPEMHFKTPDVEIKGPK	1
VQLTSRRWLNLQEYQSKKLMSDNGVRVQRFFVADT	XXXXXXXXXNLQEYQSKKLMSDNGVRVQRFFVAQM	1
VPDKTVRWCAVSEHEATKCQSFRDHMKSVIPSDGP	XXXXXXXWCAVSEHEATKCQSFRDHMVACVKVTAF	1
NVAGVSLKTLHPDLGTDKDKEQWKEVHKQVVESAY	WSGMNSLKTLHPDLGTDKDKEQWKEVHKQVTSEEA	1
VRTGEKVKVEHVVSVLEKKYPYVEVNSILGIDSAY	HIYNKVVKVEHVVSVLEKKYPYVEVNSILXXXXXX	1
ARAVVVNAAQLASYSQSKQFLLDSGYFSDNILCHF	XXFLAVNAAQLASYSQSKQFLLDSGYFSDNILCHF	0
ELSKEELIRRKREEFIQKHGRGMEKSNKSTKSDAP	ELSKEELIRRKREEFIQKHGRGMEKSNKSAADMQD	1
AALNGKGLGEISAASEFKTQPVQGEPSAPKLEGQM	IVGLKPETTYAVRASEFKTQPVQGXXXXXXXXXXX	0
RVKIESVKLDFKEKAQAKVGSLDNAHHVPGGGNVK	YSTLAFVKLDFKEKAQAKVGSLDNAHHVPXXXXXX	1
EDQMTRLCSPSCHSVSVKWQQLNPDVPEALQAPAQ	XXXXXXXXXMCMLSVSVKWQQLEALQAPAQVVYGF	0
NSFRPVPLEQTYVGITEKKAIKRFQIMNEIVYEKI	ILCGADERKGYEVGITEKKAIKRFQIMGQITSHGE	0
SKPAAPQVPPKKPTPPTKASNLLRSSGTVYPKRPE	APKPEPQVPPKKPTPPTKASNLLRSSGTVYPKRPE	1
LGPIIKAETGDKVYVHLKNLASRPYTFHSHGITYY	IEALYLQYDETFRYVHLKNLASRPYTFADKVYPGE	1
KTISQHQISTSIITSTQKGMIKLYFLSFFFPLILT	KTISQHQISTSIITSTQKGMIKLYFLSFFFPLILT	0
KRKAEADPQAIPKKRGRKPGSVVAAAAAEAKKKAV	XXXXEADPQAIPKKRGRKPGSVVAAAAAEASPKAP	1
VTYYHYFSKMKALAVEGKRIGKVLDNAIETEKMIE	SVEYHYFSKMKALAVEGKRIGKVLDNAIETEKMKM	1
IMMSAAKFGMHLQAATPKGYEPDASVTKLAEQYAK	XXXXXWIGDGNLQAATPKGYEPDATLLTNDPLEAT	1
QLQALSSELAQARDETKKTQNDVLHAENVKAGRDK	KLDDKLSSLAQARDETKKTQNDVLHAENVXXXXXX	1
LYQKIMFGKRRKIREANKLAEKRKAHDEAVRSEKK	ENEEEMFGKRRKIREANKLAEKRKAHDEAVXXXXX	1
LMKPSRLYDAYELKHALKGAGTNEKVLTEIIASRT	XXXXXXLYDAYELKHALKGAGTNEKVLTIIKYEEY	1
SAVGFEYQGKTEKHASQKDYSSGFGGKYGVQADRV	SAVGFEYQGKTEKHASQKDYSSGFGGKYGVQADRV	1
IIPRGLSFSEATASNLVKVNIIGEVVDQGSTNLKI	VRISQDHIIIIPASNLVKVNIIGEVVDQGSTLKID	0
STGGKAPRKQLATKAARKSAPATGGVKKPHRYRPG	STGGKAPRKQLATKAARKSAPATGGVKKPHRYRPG	1
EKAATRRRLLKESLLLQKLYEDSDDLKNWINKKKK	NSLGSAEALLKESLLLQKLYEDSDDLKQLNIQKTG	0
DLKQRLGHRLQLTDLLIKPVQRIMKYQLLLKDFLK	IYHYYCKSELQLTDLLIKPVQRIMKYPXXXXXXXX	0
KRLTTDKANIKDLSQILKKMPQYQKELNKYSTHLH	KRLTTDKANIKDLSQILKKMPQYQKELNKYSTXXX	1
HNLWFRSTLMLEHQAFEKGLSLQIKPKQTTEFYEQ	XXPPIRPTLMLEHQAFEKGLSLQIKSITPPQQEIL	0
DGVQRGLVGEIIKRFEQKGFRLVAMKFLRASEEHL	XXXXNRTIGEIIKRFEQKGFRLVVWEGLNVVKTGR	1
PPASSPAPAPKFSPVTPKFTPVASKFSPGAPGGSG	XPAISSPAFPKFSPVTPKFTPVASKFDQAQYAPRC	1
SSYVRLCEVVDHVFPLLKRSHSSDFPCSDTFSNFT	YKFNEPFYAVDHVFPLLKRSHSSDFPCSXXXXXXX	0
EATPEKESLAESAAAYTKATARKCLLEKVEVITGE	PATPEKESLAESAAAYTKATARKCLLEKVEXXXXX	1
VATSTAAPPPPSSPLPSKSTSAPQMSPGSSDNQSS	XGSTTTSPPPPSSPLPSKSTSAPQMSPGSSDSVEG	0
KQIEICNRLEEPGNFVLKELHPFDLHAMQNIILKY	ALRLVCNRLEEPGNFVLKELHPFDLHAMQNIESWG	0
PAKTSTSKAKTQPTSLPKQPAPTTIGGLNKKPMSL	MSPLSETEMKTQPTSLPKQPAPTTIGTEAXXXXXX	1
KLQENLQQLQHSTNQLAKETNELLKELGSLPLPLS	XTCSGNIRIQHSTNQLAKETNELLKEMFSALFQAD	0
ELLQSRRQRLETTLALQKLFQDMLHSIDWMDEIKA	DLAAVEAAKLETTLALQKLFQDMLHSKVAITAATL	0
VGGAASHRYDLGGLVMVKDNHVVAAGGVEKAVRAA	XXXXXXXXXTRRLLVMVKDNHVVAAGGVEKAVAAV	1
SLHSIGKIGGAQNRSYSKLLCGLLAERLRISPDRV	ATALCSLIGGAQNRSYSKLLCGLLAERLRISPDRV	1
EMRRALKEQVIRAVVPAKYLDEDTVYHLQPSGRFV	VRIHTIKEQVIRAVVPAKYLDEDTVYXXXXXXXXX	1
AKIIAEGANGPTTPEADKIFLERNIMVIPDLYLNA	KSNAPRVKIIPTTPEADKIFLERNIMVIPLGLDLR	1
CARPLISVYSEKGESSGKNVTLPAVFKAPIRPDIV	XARPLISVYSEKGESSGKNVTLPPELPLVVEDKVE	1
TAQAIKGMHIRKATKYLKDVTLQKQCVPFRRYNGG	TETAAIKMHIRKATKYLKDVTLQKQCVPQRWPKKS	1
GEPWGERGWLRIVTSTYKDGKGARYNLAIEEHCTF	WGISDGTEYWRIVTSTYKDGKGARYNLAIEEXXXX	1
ACPVQCVEGCHAHCPPGKILDELLQTCVDPEDCPV	CQVTCQHPEPHAHCPPGKILDELLQTCVDPEDCPV	0
DGSRVYVVGTAHFSDDSKRDVVKTIREVQPDVVVV	XXXLPTVVGTAHFSDDSKRDVVKTIRVLEMAPGGE	0
EPLHIINSSNVTDEPLLKMLLTKADSDGPEFKTIH	ATAKAYLKKISTDEPLLKMLLTRLKVSFASLITAE	0
FGTDGADSLEAWTSAVGKWFSPLSCHQLLGPGLLR	GAALPQICLEAWTSAVGKWFSPLSCHQLLGLRLGF	0
TVGDINTERPGMLDFTGKAKWDAWNELKGTSKEDA	TVGDINTERPGMLDFTGKAKWDAWNELKGXXXXXX	1
MVKDVKNGECFRADHLLKAHLQKLMSDKKCSVEKK	XXXAKARVFVFRADHLLKAHLQKLMSKEMESVLAQ	1
ADGLWKAERYELIADIYKLIIPIYEKRRDFERLAH	RVILMLLECAELIADIYKLIIPIYEKRLAHLYTLX	0
LPVLISAMKIFVTTKNSKNQGIEEALKNRNFTVEK	EVVETMAMKIFVTTKNSKNQGIEEALKNRPSARIL	1
CSAAEIMAVLFFHTMRYKSQDPRNPHNDRFVLSKG	XXXXXXXXXLFFHTMRYKSQDPRNPHNDRFVWAEA	1
CSVRLVDIKKEKPFSNSKVECQAQARTHHNQASDI	XXXXXXXIKKEKPFSNSKVECQAQARTHHEKVKFS	1
KAQRIKELEQEREDQKVKWQQFNNRAYSKNKKGQV	KLDRIKELEQEREDQKVKWQQFNNRAYSKNKQVKR	1
NFQNGIECGGAYVKLLSKTPELNLDQFHDKTPYTI	XXYSAKLNKPFLFKLLSKTPELNLQFKTPYTIMFR	1
QESGKMDAKTTVGKAKGKLWLFGKKPKPQSPPLTP	PGDFPFEAKTTVGKAKGKLWLFGKKPKPXXXXXXX	1
HEYKGFLGCFPDIIGTHKGAIEKVKESDKLVATSK	EQKCEAVGKFPDIIGTHKGAIEKVKEMVRVSMSLX	0
EEKHPPKPAKPEKNRINKAVSEEQQPALKGKKGKE	XXXXXXXPAKPEKNRINKAVSEEQQPKPQNKQKEL	1
LYQGLLLQRVPFNVDFDKLPRHKKLERLCLTLGIP	IGFHLSHLTGPFNVDFDKLPRHKKLERLDKTYELT	0
MAGDFVNMVEKGIIDPTKVVRTALLDAAGVASLLT	ATRAAVEEGIVGAIDPTKVVRTALLDXXXXXXXXX	1
IITHRSNVQRQQIRQTFKSHFGRDLMTDLKSEISG	RKAMKIIVQRQQIRQTFKSHFGRDLMTDLKSELMM	1
QSVDEVEKLIKRHEAFEKSAATWDERFSALERLTT	REIDEVEKLIKRHEAFEKSAATWDERFSALXXXXX	1
IRWNDGLDQYRLTPLELKQKCKEMNADAVFAFQLR	XXSDDIHEGWRLTPLELKQKCKEMNADAVFAVLLH	0
SIDPWGVPTGATVQSVPKNSDPWAASQQPASSAGK	AIDPWGVPTGATVQSVPKNSDPWAASQQPASSAGX	0
VVLAASPLRLCRAHQGSKPGCVGLCAQLHLCRFMV	XXXXXXXXXLCRAHQGSKPGCVGCQLHLCRFFNCR	1
YPWGVVEVENPEHNDFLKLRTMLITHMQDLQEVTQ	IPFSVVGVENPEHNDFLKLRTMLITHXXXXXXXXX	0
ALEKLFSGPNAANNKKKKIIPQAKGVVNTAVSAAV	LLEKLFSGPNAANNKKKKIIPQAKGVVXXXXXXXX	1
RTEDGKIYQRAFGGQSLKFGKGGQAHRCCCVADRT	RWHFYDTVKGTEAGQSLKFGKGGQAHRVADCATVY	1
GKQMVAKVPPTVTSTVLKRLQPQTTYDITVLPIYK	VVYRPGKQMVAKVSTVLKRLQPQTTYDISGTTAXX	0
GPVEAFDFDEYQPEMLEKFRNMRSQHPYVLTEDTL	NPVEAFDFDEYQPEMLEKFRNMRSQHXXXXXXXXX	0
LSAPPNSSSTENPKTVAKCQVTPRRNVLQKRPVIV	XXXXXXPSSTENPKTVAKCQVTPRRNTPEASGNRL	1
PTIHTVPEGRPVNVCVGKEWYRFPSSFLLPDNWQL	XXXXXXXXXXXCPVCVGKEWYRFLQFIPSEFRGQL	0
PGAENSRDYPDLAEEAGKKALADAQIPYSAVDQAC	XXXVGVGMTPDLAEEAGKKALADAQIPYSAVAIYH	1
NHDMNDELHLCYQFLQGKSLDILLESMMQNLKQVF	XXXXXXXXXLCYQFLQGKSLDILLESMMTIWSEVF	0
DGHRGPSAAFAPAAAEPKLFGGFNSSDTVTSPQRA	XXXXXXXXAFAPAAAEPKLFGGFNSSDETTKGAYE	0
QEFYVSRMETSTVLKDLKPETEYVVNVYSVVEDEY	FRYYPVSGGKRQVLKDLKPETEYVVTEKTLPVPLH	0
PLEQDSAVDNALLLTQSKRFSEPQKLTTKKLEGSI	HLDKPSAVDNALLLTQSKRFSEPQKLTTKKLSIAG	0
APPGQPQQGTFVAHKEIKLTLLNKAADKGSRKRYE	HPGVNDKGGTFVAHKEIKLTLLNKAADXXXXXXXX	1
EESSNNLTQFQTVEAQLKQWLVEKELMVSVLGPLS	XXXXXXXXQFQTVEAQLKQWLVEKELMFRKQYEQL	0
QIMEYIHKIEADLEHLKKVEESYTILCQRLAGSAL	PSEGGIHKIEADLEHLKKVEESYTILCQRLXXXXX	0
SLKQDLLSTLKNKSVTQKTEAWLDNFARCWDNLVQ	LYLKQDLLSLKNKSVTQKTEAWLDNFARXXXXXXX	0
QHEELNNRIQTTVTELQKVKMEKEALMTELSTVKD	QHEELNNRIQTTVTELQKVKMEKEALMTELSTVKD	0
PFTPSLVPVKSSNNVASKILKTFVDRKNLGDNTIN	XXTPSLVPVKSSNNVASKILKTFVDRKNLGDNTEI	1
SQRRKKALEISHQWYQYKRQADDLLKCLDDIEKKL	XXXXKEEFNISHQWYQYKRQADDLLKELAVRRQAE	0
VHEKKSQEGKPKEHTEPKSLPKQASDTGSNDAHNK	XXXXXXQEGKPKEHTEPKSLPKQASDTGSEDDETS	1
SPTDSTPALLSATVTPQKAKLGDTKELEAFIADLD	SPTDSTPALLSATVTPQKAKLGDTKELEAFIADLD	0
LITNSEEIAFYNGNKREKQTVHSVFRKLVEHLHNF	LITNSEEIAFYNGNKREKQTVHSVFRKLVEHLXXX	1
RFIQLLSDQSDQSVLIQKQIFKIFYALVQYTLPLE	LLYLRFLLQSDQSVLIQKQIFKIFYILVVELPWWK	0
QFVQSAKEVANSTANLVKTIKALDGAFTEENRAQC	LAATVATEVANSTANLVKTIKALDGAFTENRAQCR	1
LMQLAKAVASAAAALVLKAKSVAQRTEDSGLQTQV	XXXXXXXXXSAAAALVLKAKSVAQRTVIAATCAVC	1
ATGIMSDQMQRHSYCNLKDYPLPCAYHAFLAAAVC	VTGIMSDQMQRHSYCNLKDYPLPCAYHAFLAAAVC	0
IYTPGSTVLYRIFTVNHKLLPVGRTVMVNIENPEG	XXXRESEEQSGYLTVNHKLLPVNKGRLLTDFIPCV	1
NISLPKAIKLDLITSDLKREIQEVQAFTGNFVDLI	ENLNHILPAIDLITSDLKREIQEVQAFVDLIEGLL	0
LPLQGAQMLQMLEKSLRKSLPASLKVYGTVFHINH	XXXXXXXXLQMLEKSLRKSLPASLKVYGTVFPDFN	1
RNISFNDKKFVIKPIDKKAPDFVFYAPRLRINKRI	FPWSEIRNISVIKPIDKKAPDFVFDLRAKRQGNTK	1
VQEATRLKAEAELLQQQKELAQEQARRLQEDKEQM	AQRATRLKAEAELLQQQKELAQEQARRLQEDKXXX	0
VLLYGTNPLSRLKLDNGKLAGLLAQRMFVMLPCGG	VLLYGTNPLSRLKLDNGKLAGLLAQRMFVESHSTA	1
FLQNFCRGNPQNQVLLHKHLNLFLTPGLLEAETMR	GHSVLDLFCPQNQVLLHKHLNLFLTMHIFNHLCEI	0
YRLGAAPEEESAYVAGEKRQHSSQDVHVVLKLWKS	RPFAGGGYRLSAYVAGEKRQHSSQDVHLAHGGQVK	1
GVKGGTKEKRLAAQFIPKFFKHFPELADSAINAQL	ADATVGAYILLAAQFIPKFFKHFPLAAIQAKELPQ	0
KFDIKSFCKILGPLSYSKIKHLRLDGNRISETSLP	ENLENYISFCKLPLSYSKIKHLMYECLRVANEVXX	1
FERLEAMKLNECVDHTPKLKLWMAAMKEDPTVSAL	FGGNSIDWFNECVDHTPKLKLWMAAMKXXXXXXXX	1
QLQEENLKLKYRLNILRKSLQAERNKPTKNMINII	XXXEENLKLKYRLNILRKSLQAERNKPTKIRLEVF	1
TNLLLTRTLSNSLQNVIKRKNIGLTELVQIIINTT	XXXRLDYTLSNSLQNVIKRKNIGLTELVQIITFDA	0
PFIECNGGRGTCHYYANKYSFWLTTIPEQSFQGSP	GGGRATPFIECCHYYANKYSFWXXXXXXXXXXXXX	0
GGLTSPIFCSTKPKKLLKTSSFHLLRRRDPPFQTP	CQSSVHYGAGAKPKKLLKTSSFHLEKPSLLSGRQT	1
TANKDHLVTAYNHLFETKRFKGTESISKVSEQVKN	SFLAEHLVTAYNHLFETKRFKGTESEGPXXXXXXX	1
LVSYLIRLHNEIVYAVEKLSKENNSYSVDAAEVTE	PILWHFRLHNEIVYAVEKLSKENNSYSQRIVSFLQ	0
ACAGSCKCKKCKCTSCKKSCCSCCPLGCAKCAQGC	ACAGSCKCKKCKCTSCKKSCCSCCPLGCAKCAQGC	1
KEYKCKVSNKALPAPIEKTISKAKGQPREPQVYTL	SVLKEYKCKVSNLAPIEKTISKXXXXXXXXXXXXX	1
LIKEIKNYIQGINLVQAKKLVESLPQEIKANVAKA	LIKEIKNYIQGINLVQAKKLVESLPQEIKLVGGXX	1
AVVAVARELEAENYHDIKRITARKDNVIRLWEYLL	AVVAVARELEAENYHDIKRITARKDNVIRXXXXXX	1
KPVRGVEARHERKRVLGKVGEPGRGGLGNPATDRG	KPVRGVEARHERKRVLGKVGEPGRGGLGNPATDRG	1
IEALRKTVRPTSAPDVTKLSDSNKENALHSYSTQK	SCTDTKDVRPTSAPDVTKLSDSNKENRRWRRGLGA	0
NTFRDRENYDRGYSSLLKRDFGAKTQNGVYSAANY	RSRGRGENYDRGYSSLLKRDFGAKTQNGVYSAANY	1
VCVQTETVLRQAIAERIKPVLMMNKMDRALLELQL	VLTDGALVLRQAIAERIKPVLIGPMGNIMITIHLP	1
HGIAQRIYGNQDTSSQLKKFYNQVSTPLLRNVQFN	FSLGMQRIYGQDTSSQLKKFYNQVSTXXXXXXXXX	1
TDPRNILLTNEQLESARKIVHDYRQGIVPPGLTEN	XXXXXXXITNEQLESARKIVHDYRQGIVPPGLTEL	1
LFPSETTLNPSLAQEAAKLCGDDHFCNFDVAATGS	XXXGGTTLNPSLAQEAAKLCGDDHFCNFDVAATGS	0
TELYNAYVETQDQLLLEKLENKRINKYLDEIVKEV	TELYNAYVETQDQLLLEKLENKRINKYLDEIVKEV	0
AAVSEQQQLEQKTLEVEKRSVQCLYTSSAFPSGKP	DRPSPENATSRKTLEVEKRSVQCLYTSSXXXXXXX	1
AKSKKGIEESLRKVAKKKFAENLKAGDEFVEKTLS	VAAATGIEESLRKVAKKKFAENLKAGDEFVEKTLP	1
ELLHPLGRDSPIAGFLQKNKAGGMHHICIEVDNIN	ELLHPLGRDSPIAGFLQKNKAGGMHHIHPKGVLXX	1
IVGLSKSAVRWLLELSKKNIFPYHEVTVKRHGKAI	PLFEIQSAVRWLLELSKKNIFPYHEVSYDEWNXXX	1
ENMRFLITHNPTNATLNKFTEELKKYGVTTLVRVC	RPAPVLITHNPTNATLNKFTEELKKYGVTLTYDKA	0
RAVSREDSVKPGAHLTVKKIFVGGIKEDTEEYNLR	XXXXXXXXMKRGAHLTVKKIFVFEYGKIETIEAFV	1
EVRLNLDKMMEQKSTAVKALTGGIAHLFKQNKVVH	CIPSKALKMMEQKSTAVKALTGGIAHLFLSXXXXX	1
LPQQSSPSVDVLPGVTLKAPQNQVTLRGRVPHLGR	XXXXXXXXXXXVPGVTLKAPQNQVTFYQAAHPTFP	0
DKGLVLMSRAKHHAISAKLNKPFLFDTKPLIVQYE	XXVYFADLSGWILSISAKLNKPFVKLLSKTLNLDQ	1
GQYFHSRDYKNPEGFTGKRVIIIGIGNSGGDLAVE	XXXXXXKGQYNPEGFTGKRVIILAVEISQTAKQVF	1
TLLVARVFQKAVDQSIEKKIVLRNGTEAFDSWEKP	XXXXXXXXQKAVDQSIEKKIVLRNGTEAFDGTLTG	1
GIAQRIYGNQDTSSQLKKFYNQVSTPLLRNVQFNY	DIFSLAQRIYDTSSQLKKFYNQVSTFGGSSLXXXX	1
VLGEKGRRIRELTAVVQKRFGFPEGSVELYAEKVA	VTRTEIRRIRELTAVVQKRFGFPEGSVELYXXXXX	1
GPVEAFDFDEYQPEMLEKFRNMRSQHPYVLTEDTL	NPVEAFDFDEYQPEMLEKFRNMRSQHXXXXXXXXX	0
SKIADGSVKREDIFYTSKLWSNSHRPELVRPALER	XXXXXXDSAHVYNEYTSKLWSNSHVRALERSLVDL	1
HQEILRDCLSPSLQHGAKLVLYLSELIHNHQGELT	ARIILRDCLSPSLQHGAKLVLYLSELIHXXXXXXX	0
NFRLKSSQSPKDIDVSPKHVGFATIPRNYTMSFLP	GTTRYLFGDVIPIDVSPKHVGFATIPRNYXXXXXX	1
IGTAGASDVHVTSKPVDKISVPNCAPAASSLDGNK	XXXXGASDVHVTSKPVDKISVPNCAPAASSLAGCF	0
VKKLPEEEAECYFHSRPKSSQIGAVVSHQSSVIPD	XXXXXFTNAECYFHSRPKSSQIGAVVSLRKKNEEL	1
TSEEVGADLEQVEVLQKKFDDFQKDLKANESRLKD	ALTSEEVGLEQVEVLQKKFDDFQKDLKLAEERSQL	1
LDKEPARECAQRIAEQQKAQAEVEGLGKGVARLSA	TRTVHRLECAQRIAEQQKAQAEVEGLGVRSLSAIY	1
EELGEGPEHLTGQLVSLKKWMLEGQVDSLSVTLGP	LVVGYRVVRAFRWLVSLKKWMLLMILLCTWKKAAR	0
VDEKTKEVIQEWNLTNIKRWAASPKSFTLDFGDYQ	XXXXXXXECVEWNLTNIKRWAAFTLDFGDYQDGYY	1
NFLWPFKLSSPRGGMKKKTTHFVEGGDAGNREDQI	FNVEPYIAWSPRGGMKKKTTHFVEGGDAGNRILXX	1
SHLPIQLFPKSFFSSKAKVIYLMRNPRDVLVSGYF	ILLSPRLFSSSFFSSKAKVIYLMREEKNFLLICQF	1
NILENKEGLELLKTAIGKAGYTDKVVIGMDVAASE	NVIKEKEGLELLKTAIGKAGYTDKVVIYPXXXXXX	1
SVQALIKDFQGTPTFTYKAAHIFFTDTCPEPLFSE	EAIYLIKDFQGTPTFTYKAAHIRLAKVVKTXXXXX	0
DVLTTLSLGDRAAVFHEKDYDSLAQPGFFDRFIRW	GVVLALGSDVDMLVFHEKDYDSLAQPGFFFXXXXX	1
QGTEIDGRSISLYYTGEKGQNQDYRGGKNSTWSGE	TEADAEKTFESLYYTGEKGQNQDYRGGNSXXXXXX	1
HLDDPERAIQDAILEVLKEGSGLFPDLLVRETEAV	TLQVLYLLLQDAILEVLKEGSGLFPLLVTYCEQLL	0
SRIEDGVPQHLVLVLGGKSQDDVSRFAQVIRSSGI	GVFSNSPLNTGALVLGGKSQDDVSGVGDRNIDRTE	0
VVQYISATAKSGGLKNSKHECTLSSQEYVHELRSG	LYQYISATAKSGGLKNSKHECTLSSQEYHEKNCSL	1
SLYYTGEKGQNQDYRGGKNSTWSGESKTLVLSNLS	DDYYTGEKGQNQDYRGGKNSTWSGESKTLQGPRGS	1
FSSHDEINNYLQQIDQLKERIAGLEEEKQKNKEFS	FSSHDEINNYLQQIDQLKERIAGLEEEKQKNKEFS	0
MMSEEKAKDEQSAVSMLKKHQILEQAVEDYAETVH	YMSEEKAKDEQSAVSMLKKHQILEQAVELAEERRG	1
AAFRLFETKITQVLHFTKDVKAAANQMRNFLVRAS	XXVQARVEYGFIVLHFTKDVKAAQMRNFIMGLDGA	1
TVLVPTVSMVGKHLGARKDHPGLKAKENDENCGPT	XXXXXXXXMVGKHLGARKDHPGLKAKEDKEEADER	1
EAAFQTILTEIYRIVSQKQMSDRRENDMSPSNNVV	DSNIVIILTEIYRIVSQKQMSDRRENDMSXXXXXX	1
QRVFINLLDSYSSGNIGKFLSNCVVGASLEEITEE	XXXVFILLDSYSSGNIGKFLSNCVTVTFQIVGRPD	0
PFVIQLGRIYLDMLNVYKCLSENISAAIQANGEMV	XXXXXAVLKYLDMLNVYKCLSENISAMRVKRTLPL	0
IRQKLQCVASKLQVLPQKASERLQFETADDEDFIW	NYAKLQCVASKLQVLPQKASERLQFETADDEDFIW	0
KELRKHLVESTNEMAPLKVWQLQDLSFQTAARILA	XXXXXXXXISTEEMAPLKVWQLQDLSFQTFPTKAR	0
HKLRECLPLIIFLRNRLKYALTGDEVKKICMQRFI	XWMLDTLPLIIFLRNRLKYALTGDEVKKICFIIIS	1
ELVAGKTYRWCVCGRSKKQPFCDGSHFFQRTGLSP	KTPIKVEYRWCVCGRSKKQPFCDGSHFFQSPLALC	1
LEPVVSMSDMLRSLSNTKPTVNEHDLLKLKKFTED	ISIIVRDADMLRSLSNTKPTVNEHDLXXXXXXXXX	0
GQPAAESGKIDVGDVILKVNGASLKGLSQQEVISA	TFEVKLFRSIVRVDVILKVNGASLKGLEVISALTV	0
ESSNYDSELEKEIKSMSKIGAARTTKKRIPNTKDF	XXXXXDSELEKEIKSMSKIGAARTTQRSSSENKSN	1
RAGVVTPGITEDQLWRAKYVYDSAFHPDTGEKVVL	RNIVQNYRITEDQLWRAKYVYDSAFHPGXXXXXXX	1
KVLPFFERPDFQLFTGNKIQDEENKMLLLEILHEI	KYSEEAFRPDFQLFTGNKIQDEENKMLLLRXXXXX	0
SKAAARQKQLEDILVLAKQFHETAEPISDFLSVTE	YKVVKAQIQLEDILVLAKQFHETAEPIQAIKNGQA	0
RYNLEELYQAVENLCSHKVSPMLYKQLRQACEDHV	NYTQDTWYQAVENLCSHKVSPMLYKQLFLFLDRTY	0
VLFDKDVNERNTVKGFRKFNILGTHTKVMNMEEST	TLFDKDVNERNTVKGFRKFNILQLKEQKNAGRGVE	1
PCEYSRPGTMLLVEVRRKQQMAVVSKMPFVPTNYY	GTVGCNVAGMLLVEVRRKQQMAVXXXXXXXXXXXX	1
PTRFAEIIEKNLKSASSKTEVHIRPKSWIEEQAMG	XXXXXXXIEKNLKSASSKTEVHEIHYKGSPNANEP	1
AYIKEVDEKPASTPWGSKMPFGQLMSEFGGSGTGG	SAYIKEDEKPASTPWGSKMPFGQLMSEGSASSVXX	0
AMGDRLTAMKAAFQSQYKSHFVAASLSNQKAGSSA	AMGDRLTAMKAAFQSQYKSHFVAASLSNQKAGASG	1
SKAIGYLNTGYQRQLNYKHYDGSYSTFGERYGRNQ	XXDKGNFCGEYQRQLNYKHYDGSYSTFGERGNQGN	1
ALAPLFGPPLESAFDEQKTEVLLDQPEIWGSGQPI	XXXXMMEGLKESAFDEQKTEVLLDQPRTVVSSPGP	0
KIKQFCKTCNTQVHLHPKRLNHKYNPVSLPKDLPD	KIKQFCKTCNTQVHLHPKRLNHKYNPXXXXXXXXX	0
NPLDPVLAKVAGDCLDEKQCKQCANKVLQHMKAVQ	KWLDLKDAKVAGDCLDEKQCKQCANKVLQHXXXXX	1
EALLEAKTNELINISSSKTNAILSRISHCQHRTTK	EALLEAKTNELINISSSKTNAILSRISHCQHRTTK	0
LEKSFSEFGKLERVKKLKDYAFVHFEDRGAAVKAM	NLATTVTEEILERVKKLKDYAFVIEGEEIEIAXXX	1
EDKVPRDEPIHILNVAIKTDCDIEDDRLAAMFREF	YHTVSFRTFEDFVNVAIKTDCDILFLVAQKDFREF	0
TPGHTPSLRWDETPGRAKGSETPGATPGSKIWDPT	TPGHTPSLRWDETPGRAKGSETPGATPGSKIWDSP	1
QDEPIDLFMIEIMEMKHKSETDTSLIRGLVLDHGA	XXXXXHELAVLIMEMKHKSETDTSLIVYTLGEEKF	1
WAAQEPHRHSTFIPGTNKWAGLEKNYCRNPDGDIN	RGQEWAAQHSTFIPGTNKWAGLEKNYCRNPDGDPW	0
ARSMVSTIMKFLDSGPNKAVDSTLKTRILASEPDN	XRSMVSTIMKFLDSGPNKAVDSTLKTRILAFAPLG	0
NKHGIKTVSQIISLQTLKKEYKSYEAKLRLLSSFD	TKDESTPETEIISLQTLKKEYKSYEAKLRLLTIRR	0
DAQFVDVIHSDTDALGYKEPLGNIDFYPNGGLDQP	NGKRLDVIHSDTDALGYKEPLGDFYPGGLDHSYKX	0
KTVISFHSKDQLNITLSKCGLVMLNNLVKAFTEAA	XXXYYNEMFWEPLITLSKCGLVMLNNISLVNNYTK	0
AVAATSTKGQEQSAQKTKDMASLPSESNEPKRKLP	PEEPKLTKGQEQSAQKTKDMASLPSESNEEVPDXX	1
NLIHTFRDYLHYHIKCSKAYIHTRMRAKTSDFLKV	VFMQENRDYLHYHIKCSKAYIHTRMRAKTXXXXXX	1
CQTVLSPTASEPDTTLTKTSPKNSLKGDKDPGEES	XXXXXXXTASEPDTTLTKTSPKNSLKGDKDPGEEI	0
KTKSAVSDKQDRLNQTLKKGKVKSIDLPIQSSLCR	EGDHSDAPMQDRLNQTLKKGKVKSIXXXXXXXXXX	1
KDKDFAIDIIKSTHDHWKALVTKKTNGKGISCMNT	IPQTWEDPIIKSTHDHWKALVTKKTNGISCMNLSE	1
PVPFLHAQRYVSGYGLQKGELSTLLYNTHPYRAFP	XXXXXXXXXYVSGYGLQKGELSVPWYLRLYVHTLS	0
EKHAKRPDADLKTYFTDKKTHLYTLILNPDNSFEI	NFQNGIEAPKLKTYFTDKKTHLDTSDIFFWKKDGA	1
QEFYVSRMETSTVLKDLKPETEYVVNVYSVVEDEY	FRYYPVSGGKRQVLKDLKPETEYVVTEKTLPVPLH	0
KRRQKRDTTHNLPEFIVKFGSREWVLGRVEYDTRV	EAFVGERCTMLLCEFIVKFGSREWVLXXXXXXXXX	0
GKRRGGNKLALKTGIVAKKQKTEDEVLTSKGDAWA	GKRRGGNKLALKTGIVAKKQKTEDEVLTSKGDAWA	1
EKRYNERISGLGLTPEQKQKKAALSASEGEEVPQD	XKRYNERISGLGLTPEQKQKKAALSASEGEEVPNV	1
EAYDKLLESWLTLVQDDKHFHKGFFTQHAVQVFNS	LTAISFSVSWLTLVQDDKHFHKGFFTHAMLRIAPP	0
REYSGTIASEANTYLNSKSTRSSVKLQGTSKIDDI	XXESLTSYFSINTYLNSKSTRSSAGEATLQRIYSE	0
AVDPNDPNKANTLSQLSKTEISLVLTSKYDIEDGE	TVESFLAVKANTLSQLSKTEISLXXXXXXXXXXXX	0
VNDGTEFGGSIYQKVNKKLETAVNLAWTAGNSNTR	ADVFKGTDEFQYQKVNKKLETAIAAKYQIDPDACF	1
KAKRRNVGFESDTGGAFKGFKGLVVPSGGGRFSGF	KAKRRNVGFESDTGGAFKGFKGLVVPSGGGRFFYK	1
DIKKPAEDEWGKTPDAMKAAMALEKKLNQALLDLH	GVFFLPAEEWGKTPDAMKAAMALEKKLLIKKMGDH	1
QKYQWHVEDLVPWIEDCKAKMSELRVTLDPVQLES	XXXXXXVEDLVPWIEDCKAKMSELRVSLRSKAMLN	0
ASDESYKDPTNIQSKHQKHQAFEAELHANADRIRG	ASDESYKDPTNIQSKHQKHQAFEAELHKSAEKSQK	1
YDIIGPLDAKGLLFSASKQDLLRTKMRECELLLQE	XKPPVILDAKGLLFSASKQDLLRTKMRKPAVEAYG	1
LGVVLLAIFVALFFLTKKRRQRQRLAVSSRGENLV	LGVVLLAIFVALFFLTKKRRQRQRLAVSSRGENLV	0
VDDLNLHSYSNLPIWVNKLDMEIERILGVRLQAGL	DVRLVQAVLSNLPIWVNKLDMEIERILGRIQSQEY	0
FSNSDNERSIPSLVDGFKPGQRKVLFTCFKRNDKR	XXXSDNERSIPSLVDGFKPGQRKVLFALTNLEPEW	0
PQLLSGIGRISLQIGDIKTAEKYFQDVEKVTQKLD	YVVLSGIGRISLQIGDIKTAEKYFQDVEKVLMNSA	0
NKKITEVALMGHLSCDTKEERKIKGVISIPRLQAE	DESTEGKTSYRHLSCDTKEERKIKEILAHWSPAKL	0
SYPFDTVRRRMMMQSGRKGTDIMYTGTLDCWRKIA	DGIKGLYQGRMMMQSGRKGTDIMYTGTDCXXXXXX	1
PTPDQVIVRKDYDPKASKPLPPAPAPDEYLVSPIT	LPPTQVIVRKDYDPKASKPLPPAPAPDEPASKMQE	0
EVQKQVLDLLKYLVIDNKDNENLYITIKLLDPFPD	TKDLELVDLLKYLVIDNKDNENLYITIKLLDLRIT	0
PATGKTVANLLSGKSPRKSAEPSANTTLVSETEEE	XXXXXXXXNLLSGKSPRKSAEPSANTTLVSPAQEK	1
RRGGKAVANYDSVEEGEKVVKTALDAFGRIDVVVN	GVVNDLVANYDSVEEGEKVVKTALDAFGRIVGSFQ	1
EKRGKNNTVGLIQLNRPKALNALCDGLIDELNQAL	XXXXXXXFEYIIQLNRPKALNALCDGLIETGGDKA	1
KEDRSDGSAPSTSTASSKLKSPSQKQDGGTAPVAS	XXXXXDGSAPSTSTASSKLKSPSQKQDGGTAPVAS	1
QTNPLYLAKLIFQMPQNKSTKFMDTVIFTLYNYAS	XXXXXXLAKLIFQMPQNKSTKFMDTVIFTNPTVKM	1
EEATKAVTEMNGRIVATKPLYVALAQRKEERQAHL	KGFGFAVTEMNGRIVATKPLYVAXXXXXXXXXXXX	1
AVNYEKEEEFLTNELSRKLMQLQHEKAELEQHLEQ	XVNYEKEEEFLTNELSRKLMQLQHEKAELEQHLER	1
SSDFTCGSPTAAGKKTEKEESTEVLKAQSAGTVRS	ALSDTCGSPTAAGKKTEKEESTEVLKAQSXXXXXX	1
EFSVDARALTQTGGPHVKARVANPSGNLTETYVQD	XXXXTVCFSVDAGGPHVKARVALTETYVQDGMYKV	1
LIFFYEWSVKLNWTGTSKSGVQYKGHVEIPNLSDE	QVQNEEGKCEVTWTGTSKSGVQYKGVSLADEPDTN	0
LSSKIIQDLSDSCFGFLKSALEVPRLYRRTNKEVP	XXXXXXXXLSDSCFGFLKSALEVPRLSSYVDSALL	0
TWSPRTPSCGDICNFPPKIAHGHYKQSSSYSFFKE	XXXXXXXXXGDICNFPPKIAHGHYKQEIIYECDYI	0
SLLTQKLKEHCKVEYQIKTFSGQTHGFVHRKREDC	FIFAENDILVSLTLYQIKTFSGQTHFVYIEARRNL	1
PKVDVEVPDVSLEGPEGKLKGPKFKMPEMHFKAPK	GPKFVEVPDVSLEGPEGKLKGPKFKMPEMHFXXXX	1
AHVKHLSASQKALKEKEKASWSSLSMDEKVELYRI	AHVKHLSASQKALKEKEKASWSSLSMDEKVELYRI	1
LLDFKDKVDHVIEVCFQKNERFVNLMKESFETFIN	LWSIKDKVDHVIEVCFQKNERFVNLMKESXXXXXX	0
LAVDRSNFKTCEESSFCKRQRSIRPGLSPYRALLD	XXXXXXXXKTCEESSFCKRQRSIRLEEDEPGAWEP	1
ERFKVDLTPYPTISSINKRLLVLEAFQVSHPCRQP	PQVANAELTYPTISSINKRLLVLEAFQHXXXXXXX	1
PELFTTEKAWKALEIAEKKLLGPLGMKTLDPDDMV	KRGILRPTAWKALEIAEKKLLGPLGMKTLDPDDGE	1
NFVKLQVKACALSQINTKLLAEMKMKKDLFPVGRE	XFQQSSTDEEITSQINTKLLAEMKMKKDLFPVLDT	0
DASIIHRLFEALTVGQEKQIDPETFKDFYNCWKET	MKRVIHRLFEALTVGQEKQIDPETFFVTLGAYAAK	0
PGSFYEFYKIIPLLTDPKNHGLSDEHVFEVICPSI	LPAGHTPKKIIPLLTDPKNHGLSDEHVFEVPELAQ	0
GAGVAADAEMTTRMVASKMELHALSTGREPRVATV	FIAPKIYCEMTTRMVASKMELHALSTGREPRVATV	1
YSIVGLSSLGAQVPDAKKACTYIRSNLDPSNVDSL	LESAFYSIVLSQVPDAKKACTYIRSNLAAASQALS	1
GYNFGHYLEHWLSMEGRKGAQLPRIFHVNWFRRDE	DANWRGVLEHWLSMEGRKGAQLPRIXXXXXXXXXX	1
HVFECNLESSVESIISPKVKMALRTSGHLLLGVVR	LAKIWNLESSVESIISPKVKMALRTSGHLLGVXXX	0
YKGQVPENEANVVITTLKVTDADAPNTPAWEAVYT	XXXPPIFNPTTYKITTLKVTDAWEAVYVTTNPVNN	0
FICDHPDIKAISFVGSNKAGEYIFERGSRHGKRVQ	XXXIAPQHVNCSFVGSNKAGEYIFERGVQANMGAK	1
LAYSGKLEELKESILADKSLATRTDQDSRTALHWA	LMVCLALEELKESILADKSLATRTTALIVEFLLQL	1
KETAHWKPPPWNDVDPPKDTIVKNITLNFGPQHPA	KETAHWKPPPWNDVDPPKDTIVKNITLVMELSGEM	0
RLYPTPRVRALIESLNQKPQTAGDQPPPTDTTHAT	LEKAQPRVRALIESLNQKPQTAGDQXXXXXXXXXX	0
KSMTTILKPSADFLTSNKLLKYSWFFFDVLIKSMA	VVAQCHEMILADFLTSNKLLKYSWFFLHIDNPEAS	0
HAFPPCEFSQQFLDSPAKALAKSEEDYLVMIIVRG	AVPPPCEFSQQFLDSPAKALAKSEEDYLVMXXXXX	0
SVKENLEINKLSGVITTKESLIGLENEFFTFFVRA	SESVKENLEINKGVITTKESLIGLFFVIXXXXXXX	0
RALQASALAAWGGKAANKEATQEAFMKRAMANCQA	SQLQASALAAWGGKAANKEATQEAFMKXXXXXXXX	1
LLKSIGATLTDVDDLIFKLAYYEIRYQFYKRDQLI	IQEMAISPVKLHLDLIFKLAYYHYSEQFLKQMVLG	0
DLQTGQISNRRSVYKLEKEEQIPDGMCIDAEGKLW	XXAIDSLSYSVSVYKLEKEEQIPDVACYNGGRVIR	1
PDFPTPGVVFRDISPVLKDPASFRAAIGLLARHLK	LVEQRIRSFFRDISPVLKDPASFRAAIGSRGFLFG	1
ISTGNLITGLAAGAKTYKMSMANRGQNQPVLNITN	NKGPGNPALSTLILKTYKMSMANRNHGYALDNTNQ	1
DKKGSCERDAQYAPGYDKVKDISEVVTPRFLCTGG	FYDGSCERDAQYAPGYDKVKDISEVVTWGVVHARX	1
LEKYPGIQTRVLDVTKKKQIDQFANEVERLDVLFN	XILTATDINRVLDVTKKKQIDQFANEVENANLVRS	1
SVLRGTALGSVPGGSITKGIPSTRVPSDSAITYRG	PSLGVPTLGSVPGGSITKGIPSTRVPSDMKGIITA	1
RFFSEYEKLLHSENYVTKRQSLKLLGELLLDRHNF	MASFEYEKLLHSENYVTKRQSLKLLGLMNLLDKSR	1
FYTELLNLCEAEDSALTKLPCYKSLPSLVPLRIAA	IFTELLNLCEAEDSALTKLPCYKSLPSLVPLRIAA	0
DIREYWMDPEGEMKPGRKGISLNPEQWSQLKEQIS	IDIREYWMDPGEMKPGRKGISLNQWLXXXXXXXXX	1
AGIDGGGIFREFLNELLKSGFNPNQGFFKTTNEGL	XXRNYIYEAREFLNELLKSGFNPNQGFFKLLLGML	0
TPPNQRRRTLENLIPDTKYEVSVIPEYFSGPGTPL	RPVAGGESRLENLIPDTKYEVSTGNAATEEVXXXX	0
KDITPLQVVLPNTALHLKALLDFEDKDGDKVVAGD	XXXXXXXXXXXXQALHLKALLDFEDDKVVAGDEWL	0
SYQVIGEDNVAVPSHLYKVILARRSSVSTEPLALG	AWNIEYCWVVSGPLHLYKVILLGAFVVPLFQVSLL	0
NFCSRAALEALGSCLNNKYSEGYPGKRYYGGAEVV	XXXXXXXXXALGSCLNNKYSEGYPGKRYYGGAEVV	1
VYLPEPPFPHAELIQTNKLKHYPSIHGDFSNDFRQ	SVPLYFIFPHAELIQTNKLKHYFDFRQPCVVFXXX	0
GDPYYLEVGKTLIENLNKYARVPCGFAAMKDVRTG	XXQVMHNFLKTLIENLNKYARVPGFAAMVGSHFFG	0
HLKMPKMKMPKFSMPGFKAEGPEVDVNLPKADVDI	XXXFSVPKMPKFSMPGFKAEGPEVDVNLPMPSLKG	1
HMQQGGSPTPFDRNFATKMGAKAMNWMSGKIKESY	AVRSTRITIVFDRNFATKMGAKAMNLGMALXXXXX	1
ELTGRTLADLTLLDSPIKVPLLLSEPINIIDALEM	XXXXXXNADLTLLDSPIKVPLLLSEPINIIDALEM	0
PSKKLRNKIAGYVTHLMKRIQRGPVRGISIKLQEE	NDFHTNKKIAGYVTHLMKRIQRGPVRGISILQXXX	1
DDVLTIDRVSTEVTLAVKKDVPPSAVTRPIFGILG	CDDGADDVLTIDVTLAVKKDVPPSAVTRPVFXXXX	0
LHKKSMDKSLEFITNCGKNSFYLDPQTASRFCKNS	PGNLYYEASLEFITNCGKNSFYLDPTASFCKSAXX	0
IRLSSSASREPYKNQPEKTCVRKRDPERRAKSPTP	IRLSSSASREPYKNQPEKTCVRKRDPERRAKSPTP	1
RHELTEISNVDVETQSGKTVIRLPSGSGAASPTGS	XXXEKIKSNVDVETQSGKTVIRLPSGSSAVDIRAG	1
AKLGEDIVITAHVLKQGKTLAFTSVDLTNKATGKL	RGAPGVSVDMAHVLKQGKTLAFTSRHTKHLGNXXX	1
HLFKFVNWSSLLPERFIKGHVYNNPNYGSSELAKK	SYQENSNWSSLLPERFIKGHVYNTCQYDLLRDDGL	1
FIHKGRTCRVVADHFVFKIPGFSLLLDVFCALHGP	XXXXAIPYRVVADHFVFKIPGFSLLLDVFCALHGP	0
CNKLKEEISKMRELLARKDSETGENIRQAASSLQQ	NMAEGIIISKMRELLARKDSETGENIRQAASXXXX	1
FPHLGVFSSLSPIPGFTKWLLGLLNSQTKEHGRNE	XXXXXXXXXXXPIPGFTKWLLGLLNSQLNLKLLLS	0
NPAHNGRVCSTWGDFHYKTFDGDVFRFPGLCNYVF	XXXXXNGRVCSTWGFHYKTFDGDVFRFFSSALLEG	0
SDVEGEYVPVEGDEVTYKMCSIPPKNEKLQAVEVV	VFITPAIFLHSDVEVTYKMCSIKLQAVEVVIXXXX	0
AVATAQQQYDSDTSCHYKVELSYENFITSGPDPHP	XXXXXXXXXXXDTSCHYKVELSVSCKESGFYPRAD	0
PLAERANRGFGIVFSNGKKWKEIRRFSLMTLRNFG	XEEFSGRRGFGIVFSNGKKWKEIRRFSLENQPSEF	1
TEQAPGDTLTAVESKVSKLVTDKAAGKITDAFSSL	TSIKDGDTLTAVESKVSKLVTDKAAGKITDAFSSL	1
FDPRVTMWVFEEDIGGKKLTEIINTQHENVKYLPG	GSGNSTMWVFEEDIGGKKLTEIINTQHENVKYLPK	1
QQQPGCTAEETLEALILKELSVIRDHAGSACLREL	AGYKCDYIQETLEALILKELSVIRDHGQQAGSRPK	0
LVSDHSREGWLDFRSLVKSASPEHTCVKSKTLDPM	LVGLLVSDHSLDFRSLVKSASPEHXXXXXXXXXXX	1
FCNQIFINNEWHDAVSRKTFPTVNPSTGEVICQVA	XXXXXCNQIFWHDAVSRKTFPTVICQVAEGDKEDV	1
SIVQKRIIYFQDEGSLTKKLCEQDSTFDGVTDKPI	EWACVILKASQDEGSLTKKLCEXXXXXXXXXXXXX	0
RKVERGSRIVTVVPQDTKLVLQMPRGNLEVVHHRA	TVAYFLCCIVTVVPQDTKLVLQLEVVHHRALVLAQ	0
NFLKTEAYRLVQFETNMKGRTSRKLLPTLDQNFQV	NCRILDIKGRVQFETNMKGRTSRKLNFQVAYPYCP	1
KTLNSNDPVQNVVQVLEKQYLEEKRSALEEQRLMY	NITLSNDPVQNVVQVLEKQYLEEKRSALEEQRLSD	0
MGITSENVAERFGISREKQDTFALASQQKAARAQS	XXXXXXSEVAEFGISREKQDTFALASTMELAGSTT	1
NVSLEYEKTEVNSGFFYKSAEEREKLVKAERKFIE	XXSLEYEKTEVNSGFFYKSAEEREKLVKAERKFIE	1
IDQIHKEAEMEEHREHIKVQQLMAKGSDKRRGGPP	IDQIHKEAEMEEHREHIKVQQLMAKGSDKRIKSXX	1
PEIALKRIAASALSDIAKHSPELAQTVVDAGAVAH	RHNAELSQVASALSDIAKHSPELAQTVVQLSALSQ	0
RQRFLHCTEKDLIPYLEKLSDSTLKETLLNGVGYL	XXXXXXXTEKDLIPYLEKLSDSTLKETLLNGVGYL	0
DLNCQEEEDPMNKLKGQKIVSCRICKGDHWTTRCP	XXNCQEEEDPMNKLKGQKIVSCRICKGDHWTTRCP	1
QQYSFGPEKYTGSNVFGKLRKYVELLKTQWTEFNG	IQQYSFGEKYTGSNVFGKLRKYVELLILYKLYEAL	0
EEKKPRHKIISIFSGTEKGSKKKEKERPEISPPSD	EEKKPRHKIISIFSGTEKGSKKKEKERPEISPSLD	1
KNLLKYIQFKTFVSSVNKHPDFATTGQWDVTTERD	XXXXXXXXXXXVASSVNKHPDFATTGQWDVTSAVF	1
GHGLKPLDVAFMKAIHNKVNIVPVIAKADTLTLKE	DEQFERVHCCFMKAIHNKVNIIKIYLQVTQDLHYE	1
RIKQLQNISLAAASGGAKELKNIHVCLGGLFVPEA	PLFRFFEISLAAASGGAKELKNIHATYVQALDACS	0
NEDFGKPAVSTVTLEHQKELENVAQPPQAPHQPTE	XXDFGKPAVSTVTLEHQKELENVAQPPQAPHQPTE	0
NVDFAFSLYKHLVALSPKKNIFISPVSISMALAML	XXXXXXXXYKHLVALSPKKNIFFYVDETTVVPKGK	1
HSNILKAAMDNSEIAGEKKSAQWRTVEGALKERRK	HSNILKAAMDNSEIAGEKKSAQWRTVEGALKERVS	1
VASDLVMKVDALLSAQPKGDPRIEYQFFEDRHSAI	LTAERDYTSDALLSAQPKGDPRGXXXXXXXXXXXX	0
TGCPHRSGPHSAKGSLEKGSPEDKEAKEPLWIRPD	XGCPHRSGPHSAKGSLEKGSPEDKEAKEPLWIGTD	1
RIEGRVAALQTAADAFYKAKNEFAAKATEDQMRLL	GSFHIRAALQTAADAFYKAKNEFAAKATEDMXXXX	0
CSEKQKQEKQSKAKKKKKGVVPGGGLKATMKDDLA	CSEKQKQEKQSKAKKKKKGVVPGGGLKATMKDDLA	1
KMEGHEAMERLKMLALLKRKDLANLEVPHELPTKQ	XXEGHEAMERLKMLALLKRKDLANLEVPIKQLRDE	1
QAVDTCFKAEFEQIVLGKRVIRKTDLNKKLVQELL	SIHVDTCKAEFEQIVLGKRVIRKTCTLSVFAAMSA	0
TFTVKAQPSDNAPAKGNKSPSPPDGSPAATPEIRV	TFTVKAQPSDNAPAKGNKSPSPPDGSPAATPEIXX	1
IGCEMLKNFALLGVGTSKEKGMITVTDPDLIEKSN	QKLQNLNIFALLGVGTSKEKGMITTLNSQIKIDKQ	0
QANGRVVLTSLGQDHNSKFKDLIGKEFVPKHARQC	PECLLAVLTSLGQDHNSKFKDLIGKEDSNWDICSK	0
LQDVRQDLADVVQVCEGKKKQTNYLRTLINELVKG	HTASRQDLADVVQVCEGKKKQTNYLRLIXXXXXXX	0
QELRALMDETMKELKAYKSELEEQLTPVAEETRAR	XEWSGQRWETMKELKAYKSELEEQLRALSKELQAA	1
GLKEFLKTTKQSFDLSVKAQYKKNKHRHSITNPLA	ENIMEAHVGINGFDLSVKAQYKKNXXXXXXXXXXX	0
GPKPGGGPGLSTPGGHPKPPHRGGGEPRGGRQHHP	XXXXGGGPGLSTPGGHPKPPHRGGGEPRGDTPQPE	1
VPAGNWVLIEGVDQPIVKTATITEPRGNEEAQIFR	MYFHAFGLGENVDQPIVKTATFRPLKRKVNKSYPS	0
KAHAAVWNAQEAQADFAKVLELDPALAPVVSRELQ	YFKRGKHAAQEAQADFAKVLELDPALAPVVSELXX	0
TLMAKIKSTMMTQEQIQKEYDALVKSSEELLSALQ	DTLMAKIKTMMTQEQIQKEYDALVKSSEXXXXXXX	0
NYKAIEMPSHQTYGGSWKFLTFIDLVIQAVFFGIC	XXXXXKMPSHQTYGGSWKFLTFIDLVVIFSGYILW	0
RLRRQPKYPRKSAPRRNKLDHYAIIKFPLTTESAM	XXXXXXXXXRKSAPRRNKLDHYAIIKFPFIVDVKA	1
TLSEIELFRVFSLSSEFKNITVREEEKLELQKLLE	TNDTVQTYRVFSLSSEFKNITVEPSAKINDYVSAL	0
KIAPQYYDMSNFPQCEAKRQLDRIIAKLQSKEYSQ	EWLVPYYDMSNFPQCEAKRQLDRIIAKXXXXXXXX	0
TAKAVKERYSYVCPDLVKEFNKYDTDGSKWIKQYT	XXXXXXXXXSYVCPDLVKEFNKYDTDGSKWIVGYE	1
YKPVCNQVECHPYFNQRKLLDFCKSKDIVLVAYSA	NRRQLENVECHPYFNQRKLLDFCKSKIVLVARGVD	1
NIDCLVSVGTIFGIYRKKSTDEPSEKDALQPGRNL	LVAIVRGKYVVCGIYRKKSTDEPSEKDALQPGRNL	1
ETVRVRKVDVSSVPDHLKEQEDWTDSKLSMNQIVS	YVQIGRKVDVSSVPDHLKEQEDWTDSKLSMNQIVK	0
HLLPLLKGLLFHPEWVVKESGILVLGAIAEGCMQG	NMKYLLKGLLFHPEWVVKESGILVLGLHLQCLSDK	0
CGGTTRIFSVTNGGQERKFVGGSGQVSERIMDLLG	PILSIETYKVNVGGQERKFVGGSGQVLDDTKPMVX	1
AVQAAEVKVDGSEPKLSKNELKRRLKAEKKVAEKE	XXXXXXVKVDGSEPKLSKNELKRRLKAEKKVAEKE	1
TKDSHDPLPSWAELLRPKYRAPQGCSGVDECARQE	XXXXXXXXPSWAELLRPKYRAPQEPLSPAFFGFRH	0
SPKEWGTSCPHDFLGAYKLQHDLSWTPYEDIEKQD	KPGNIYYLFSIISLGAYKLQHDLSWTPYEDIEKQD	0
GAEREFRGLGDCLVKIYKSDGIKGLYQGFNVSVQG	TRLREFRGLGDCLVKIYKSDGIKGLYQMMMQSGRK	1
DEMKSPREPGYKAEGKYKDDPVDLRLDIERRKKHK	LVYAPPGEPGYKAEGKYKDDPVDLRLDIERRKKHK	1
DLRTHYSELTTLTSQYIKFISETLRRMEEEERLAE	EQALLESELTTLTSQYIKFISETLRRMEEXXXXXX	0
HWWMKGSTPTQISEIIIKLIKDMAAGHLSEAWSRV	SLRRLFLCITQISEIIIKLIKDMAAGHLSTKASLC	0
FLEEATRVSQEHPVVLTKFVEGAREVEMDAVGKDG	DYPCLLRMNVVFSMVLTKFVEGAAGLLVICXXXXX	1
WEDDKVTEASSNSFVAIKIDTKSEACLQFSQIYPV	VFVAGDSTMAAWEFVAIKIDTKSEACFVPSSFFXX	0
VSEELHKEVQEAFLTLHKHGCLFRDLVRIQGKDLL	XXXXXXXEVQEAFLTLHKHGCLFRSRIHTEAEIAA	0
GGLPEHTFNLKMFLENVKVDFLRSLNLSGVPSQDK	XXXXXXTFNLKMFLENVKVDFLRSLNLSGVPSQDK	1
DTRPFKKSANIEAVDVAKRLQDYGFHAPTMSWPVA	XXXXYQPEVSIEAVDVAKRLQDYGFHAPMLAMIPL	1
LLNRMFDRIFGQANTTLKRWLLDFASKRKEAELRS	XXXXMFDRIFGQANTTLKRWLLDFASKRKESLWDR	1
KSVVSQSVCDYFFEAQEKAADVENVPPVISTPHHY	NCSGDISVCDYFFEAQEKAADVENVPPVISTPYLI	0
AGNAIPSSDQIRVAPSLKSQRGSVWTKTKAAFENW	XXXXXXXGNAIRVAPSLKSQRGVTGRGIGADGLGP	1
GFRLVAMKFLRASEEHLKQHYIDLKDRPFFPGLVK	XXXXXXXAKLRASEEHLKQHYIDLKDRPFFPGLVK	1
YRELIEQLRNKPSDLGTKLQDPRIMTTLSVLLGVD	YRELIEQLRNKPSDLGTKLQDPRIMTTLSVLLLGX	1
NTFGAERLFRLASNYISKAGICHKVSTFAMRSLAS	VGTCELILFRLASNYISKAGICHKVSTFMXXXXXX	0
KTQLATLTSSLATVTQEKSRMEASYLADKKKMKQD	KTQLATLTSSLATVTQEKSRMEASYLADKKKMKQD	0
LSLYVADENRELALVQTKTIKKTLNPKWNEEFYFR	KVVSGSDPYVKLSLVQTKTIKKTLNPKWNEEFFEV	0
YNHLFETKRFKGTESISKVSEQVKNVKLNEDKPKE	KLLGLFTKRFKGTESISKVSEQVKNVXXXXXXXXX	1
GKLCCLHKPGGSGLTGAKLQDCMSRAVTRHKEVKK	TLTIVLLHKGGSGLTGAKLQDCMSRAVTXXXXXXX	0
PPLGCGAVGGPVLEALAKFPVPELHMFDHFCKKEP	XXXXXXXXXXPVLEALAKFPVPELHMRKPHSSALT	0
KMSASDPNSSIFLTDTAKQIKTKVNKHAFSGGRDT	XXXHVLPNSSIFLTDTAKQIKTKVNKHASGEKKAL	1
VQLKVKTYLLGTDLSIFKYDDFIFVLDIISRLMQV	XXXXTPDSYIPTDLSIFKYDDFIFVLDIQSVNYFK	0
EKKAKEKIEKKGEKKEKKQQSIAGSADSKPIDVSR	XXXXXDKIEKKGEKKEKKQQSIAGSADSKPIRNLK	1
KHQLEIFDALGSQACSNKNLEKLRAQQEVLQALEP	XXAQLIFDALGSQACSNKNLEKLRAQQEVGCVMME	0
IGKTGTIALSEVENIHQKGGEGISEKAEVIPVTLA	THATGTIALSEVENIHQKGGEGISEKAEVIPVTLA	0
EESDKRSFLLDLLNATGKDSLTLVFVETKKGADSL	XXXXXXXXLLDLLNATGKDSLTLVLYEGYACTQFR	0
EMDQLKKVQLEHLEFLEKQNEQAKEMQQMVKLEAE	LKKLLIKVQLEHLEFLEKQNEQAKEMQQMXXXXXX	0
QKRFNGSVSFFRGWNDYKLGFGRADGEYWLGLQNM	XXXXXXXFQFFRGWNDYKLGFGYWLGLQNMHLISS	1
LEEQLTPVAEETRARLSKELQAAQARLGADMEDVC	SELEELTVAEETRARLSKELQAAQARLGDDLQKRL	1
FSGQKGPVGLAIDFPESKLYWISSGNHTINRCNLD	VHRKLYMLGLAIDFPESKLYWIINRCNLDGSGLEV	0
QIPTEVRSKAEEVVSFVKKNVLVTGGFFGGFLLGM	GTGTEVRSKAEEVVSFVKKNVLVTGGFFGGFLXXX	1
WAPASYLKKNSGEPLPPKPGPGSPSHPGALDLDGV	XXXXKTGAVNSGEPLPPKPGPGSPSAASVPNADGL	0
EQSWGSPKVTKDGVTVAKSIDLKDKYKNIGAKLVQ	AAVVIIEQKTKDGVTVAKSIDLNIGAKLVQDVANN	1
GKKRKRSRKESYSVYVYKVLKQVHPDTGISSKAMG	XXXXXXXRKESYSVYVYKVLKQVHPDTGISSKAMG	1
YQDCSKTTSLCAGPSASKNEYEKSRGELKKKKTPG	GSTRLFIGMLCAGPSASKNEYEKSRGXXXXXXXXX	1
KWFLYKMRDILNMEKTLKGLNSESMTEETLKRAKE	XEGFTPDRDILNMEKTLKGLNSESMTTLRAKFSDK	1
TRFMETADSTTAAVLQGKLAEVSQRFEQLCLQQQE	TREMVTFMSTTAAVLQGKLAEVSQRFEXXXXXXXX	0
NRPIIVFRGEHGFIGCRKVTGTLDANRSSYDVFQL	XXXXXXXXXQVFFIGCRKVTGTLDANRSSYDVFQI	1
DAGRYSCKAINIAGTSQKYFNIDVLVPPTIIGTNF	NQVGKILRYSCKAITSQKYFNXXXXXXXXXXXXXX	0
LCATWEAMEKCKDAGLAKSIGVSNFNHRLLEMILN	DYVDLYLMEKCKDAGLAKSIGYKPVCXXXXXXXXX	1
KKQGGLGPMNIPLVSDPKRTIAQDYGVLKADEGIS	FYPLASVDSHFCLVSDPKRTIAQDYGVLKADEGIS	1
ENAKQTSEILAVQNLLQKQHVPLEQVEALKKSLNG	VKAKQTSEILAVQNLLQKQHVPLEQVEALKKSLNT	0
SAEAILALFPENFHQNLKNLLTKIILEHVSTWRTE	SAEAILALFPENFHQNLKNLLTKIILXXXXXXXXX	0
FKGTESISKVSEQVKNVKLNEDKPKETKSEETLDE	FLAEESISKVSEQVKNVKLNEDKPKETKSEETLPK	1
LENSSPPSRIPEPESPAKPNVPTASTAPPADSRDR	RGGASPPSRIPEPESPAKPNVPTASTAPPADSRDR	0
LLTPVSRILIGNPGCTYKYLNTRLFTVPWPVKGSN	XXXXXDLVRIRILICTYKYLNTRLFTVTLHDENLV	0
PLIQREDDKPETVIKRLKAYEDQTKPVLEYYQKKG	PFEIKLDDKPETVIKRLKAYEDQTKPVLXXXXXXX	1
DPILGVTEAFKRDTNSKKMNLGVGAYRDDNGKPYV	XXXXXVTEAFKRDTNSKKMNLGVNGVRLIKEFSIY	1
VSAREWMRICFELLELLKAHKKAIRRATVNTFGYI	LKNRHEQEICFELLELLKAHKKAIRRATVLNLVQE	0
KSELKELLTRELPSFLGKRTDEAAFQKLMSNLDSN	KSELKELLTRELPSFLGKRTDEAAFQKLMSNLYFL	1
NEGADGQWKKGFVLHKSKSEEAHAEDSVMDHHFRK	NEGADGQWKKGFVLHKSKSEEAHAEDSVMDHHFRK	1
LSLVNKNKSSAIVEIFSKYQKAAEETNMEKKRSNT	LSLVNKNKSSAIVEIFSKYQKAAEETNMEKKRKLI	0
SSAHFNRGPAYGLSAEVKNKLAQKYDHQREQELRE	XXXXXNRGPAYGLSAEVKNKLAQKYDHEMHDIFEA	1
GLEPTCFEKSNDIGGLWKFSDHAEEGRASIYKSVF	XXXGAGVEKSNDIGGLWKFSDHAERASIYKSVFSM	1
KSLVHRLFTILHLEESQKKREHHLLEKIDHLKEQL	XXXPVRLFTILHLEESQKKREHHLLEKIDHKAKES	0
TTAIPVHDGYVLQQGIVKSPLAGDFITMQCRELFQ	LDSGATHTTAIPQQGIVKSPLALTMLGVSHVVTTS	0
GIPYFTAYRALIHSACVKAGESVLVHGASGGVGLA	XXXXXXAYRALIHSACVKAGESVLACQIARAYGLK	0
ARNREGYNKAVYISVQDKEGEKGVNNGGEKRADSG	QGYTNGYNKAVYISVQDKEGEKGVNNGGXXXXXXX	0
IRRGVMLAVDAVIAELKKQSKPVTTPEEIAQVATI	XXXXXXXAVDAVIAELKKQSKPVAEEGIVLGCALL	1
LGGVFTKLINRNTTIPTKKSQVFSTAADGQTQVEI	VTSLGIKLINRNTTIPTKKSQVEVTFDIDANGIVH	1
ANQLQQLQSQLAHQTEQKECRAVAGVIDLGTVEIF	XKESTIEQSQLAHQTEQKECRAVAQMSIPTGENTG	0
LAALLHDGIPVVSSSSGKDSVSGITSYVRTVLCEG	XXXXXDDNDPVVSSSSGKDSVSGITSYVRRVVFVT	0
EDRGKRSEGGHRGFVPEKNFRVTAYKAVQEKSSSP	VVVRRRSPRGHRGFVPEKNFRVTAYKTIHHVKEHH	1
DRPTFCRWLENSLKGLPKETTVGAVTVTHKQLTDF	IGANRLHCFENSLKGLPKETTVGAVTVTHKQLTDF	1
KMLLVKANEFEFVLSQFKDFGVRLESLKGLIMHEE	LAEILPLNEFEFVLSQFKDFGVRLESLKLNVSKLP	0
DDVHSLGKVTSDLAKRRKLNSGGGLSEELGSARRS	XXAASLGKVTSDLAKRRKLNSGGGLSEELSYSVDE	1
ARRVAELAELPVDNLVIKEITQEMQTLKHIEQWSL	XXQTDGQFARPVDNLVIKEITQEMQTLKHFWKKCH	0
WRLEKYVGALEDMLQALKVHASKPASEVINEYSWK	NLVRLLVGALEDMLQALKVHASKPASEVINEYSWK	0
GGLNTETNEKALEAVFGKYGRIVEVLLMKDRETNK	XXXGKLINEKALEAVFGKYGRIVEVFVTFESPADA	1
GQRLSVQSAISTQPEAVKQQLEETSEIRSDLEQLD	XXRLSVQSAISTQPEAVKQQLEETSEIRSDELAAD	0
QVLEDEELKSQPEPLVVKGKRVAGGPQMIQLSLDG	XXVPQYCQVFLGEPLVVKGKRVAYITEGSVMLQVK	1
EVETPEKKQNDQRNRKRKAEPYETSQGKGTPRGHK	XXXXXXXXQNDQRNRKRKAEPYETSQGKGTPRERR	1
RRDFQIRVLDLVEVLVTKQPENALVLELLEPLLSI	GHICSHLLLDLVEVLVTKQPENALVLLIFHHLCRA	0
KRLVMKDSAVNAICYGAKIMLPGVLRYEDGIEVNQ	XXXXLMKSAVNAICYGAKIMLPGVIVVICMAIALM	0
IKAAYLQETGKPLDETLKKALTGHLEEVVLALLKT	VDEIILRKYLKPLDETLKKALTGHLEEVVLALLKF	1
CNSHWDIEDAHVLCQQLKCGVALSTPGGARFGKGN	LGTPCEGVDAHVLCQQLKCGVALGTEQHMVICSGN	0
PGKNRDLKVVKKNILDSKPTANKKCDLISIPKKTT	ALIAEEFEGVKKNILDSKPTANKKASVQNEAKLDE	1
APRPTRPDKARRLGYKAKQGYVIYRIRVRRGGRKR	XXRAPRPPDARRLGYKAKQGYVIYLRLVILIDPFH	1
VTPKTVTPASSAKTSPAKQQAPPVRNLHQSGFSLS	VTPKTVTPASSAKTSPAKQQAPPVRNLHQSGFSLS	1
GKLFRNILKEKGIVVGIKLDQGGAPLAGTNKETTI	LAADESVILFHETLVGIKLDQGQGLRCYVDFGKWR	1
QRHTEMIHNYMEHLERTKLHQLSGSDQLESTAHSR	XXHTEMIHNYMEHLERTKLHQLSGSDQLRPISLNT	1
HFREVMKRIQSLLDIQEKEFEKFKFAIVMMGRHQY	GFREVMKRIQSLLDIQEKEFEKFKFAYINEDGLDH	0
LVWAAEYSLWMNMKTILKELVQRGHEVTVLASSAS	XXCGKVLVAWMNMKTILKELVQRGHEVTVDSSTLK	1
APEQLVDLKQAGLEAAAKATSSHPNSTSLKAKVLE	QHNRSECIKQAGLEAAAKATSSHPNSTSLKHGVDF	1
PVVHQSLQEVSEPLTATKHHGTVNKRHSLEVMNSM	PVVHQSLQEVSEPLTATKHHGTVNKRHSXXXXXXX	0
IKNGKKNKVIGVCQLVNKMEENTGKVKPFNRNDEQ	CNIPDVCIRSLLCQLVNKMEETGKVKPFNDEXXXX	0
DFKFSVTHHYLVQESTDKEGKDELLEDVVPQSMQD	IGNSLGKPLYLVQESTDKEGKDELLEDVVPQSQRE	0
TPAKAVTTPGKKGATPGKALVATPGKKGAAIPAKG	XXXXXXTTPGKKGATPGKALVATPGKKGAEEKQGT	1
AKEHNERDRRIYANMFKKFAEQDAKEEANKAMGKK	AKEHNERDRRIYANMFKKFAEQDAKEEANKAMGKK	1
CTRSVTVRLPGLHNSLVKLKHGAGVAMDGQDVQLP	QSIVIETRSVTVRLSLVKLKHGAGVAMDGQDVQIV	0
PPVLRAGVNTVTTLVENKKAQLVVIAHDVDPIELV	XXXPLRAVNTVTTLVENKKAQLVVFLPALCRKMGV	1
KTEIIPDRDGSDPYQEPKRRGIFRQIDSGSNLTTD	CHGKEIIPDGSDPYQEPKRRGIFRQIXXXXXXXXX	0
RRNVGFESDTGGAFKGFKGLVVPSGGGRFSGFGSG	RRNVGFESDTGGAFKGFKGLVVPSGGGRFSGTFYK	1
HQLHSKFLDQSLGEQVVKNLLFAAKVLYLLELYCE	ISLASCQLDQSLGEQVVKNLLFAAKVLXXXXXXXX	0
PRFLTFLQDGEVQFLQEKPAQQLRKLVLEIIHRIP	PDETKLKMQGEVQFLQEKPAQQLRKLVENEENVPT	0
AASSLQQASLKLFEMAYKKMASEREGSGSSGTGEQ	ECNKLQQASLKLFEMAYKKMASEREGSGSXXXXXX	1
QAESNKAFLAELEQNSPKIQKVKEALAGLLVTYPN	SVLQWLESKAELEQNSPKIQKVKEALAIQEELNSR	0
SKKLAKHRAAEAAINILKANASICFAVPDPLMPDP	NTVGDITCAAEAAINILKANASICFXXXXXXXXXX	0
SGIKEEKSRGFSNEVSSKNRIPQEKCILQTDVKVE	SGIKEEKSRGFSNEVSSKNRIPQEKCILHRSQNHS	1
LCGINFTGSVPTFKHLWKQVAQNLDRFHTFPRLAG	SSLCGINFSVPTFKHLWKQVAQNLDRFFPRLAGGT	1
KGLEAFGGLKLEDTYTNKDLDKALLKASQDMFDKK	FGLEAFGGLKLEDTYTNKDLDKALLKASXXXXXXX	1
FIEFCVEDSKDVNVNFEKSKLTFSCLGGSDNFKHL	XXXXXXXXDYVFIVNFEKSKLTFNEIDLFHCIDPN	1
AKSAAQAAAQTNSNAAGKQLRKESQKDRKNPLPPS	AKSAAQAAAQTNSNAAGKQLRKESQKDRKNRKPAN	1
AVKFPSQGTIFDYYVDHKTKKLLPWADKIAQFTMD	EVYEVYFVFAVFYYVDHKTKKLLPWADKYLXXXXX	0
TSFTPVGDVFELNFMNVKFSSGYYDFLVEVEGDNR	HAKSSATVLQTLNFMNVKFSSGYYVKISTEDVNTG	0
IDSEMSKLAVSHEEFLHKLKSFSDWVSEKSKSVKD	XXXXXXXXAVSHEEFLHKLKSFSDWVSTKMQLETT	0
SSDPKSSHLKGQAVPASKTGILEESMARRGSRKSM	XYSVLYPSSDGQAVPASKTGILEESMARRGLDVQT	1
ATDKSTGKANKITITNDKGRLSKEEIERMVQEAEK	AQVYNLLGRFEITITNDKGRLSKEEIXXXXXXXXX	1
EGELINLQGKILSVDGNKITIMPKHEDLKDMLEFP	NVEVCEGLGKILSVDGNKITIMPMLEFPAQELRKX	0
HRMLGPESVPPPKRSRSKLMAPPRIGTHNGTFHCD	XXXXXXXXVPPPKRSRSKLMAPPRIGCLRLLPEYR	1
SIEDVEVAPPKAYEVRIKMVAVGICRTDDHVVSGN	XXXXXTAIKCKAVPVRIKMVAVAAGIVESVPGDKV	1
AGDGKFIPRKPFAEYIYKRIKQRDRTCTPTPVERA	VYNAKIFNYKPFAEYIYKRIKQRDRTCXXXXXXXX	1
ILKGYNFSRESVESPEQKGLTYHRIVEAFRFAYAK	XXXXYNFSRESVESPEQKGLTYHRIVDDLIYWFEP	1
LRKSVKRMKESRLEDTQKHRVDFLQLMIDSQNSKE	TSFGVNRMKESRLEDTQKHRVDFLQLMIDSQNSXX	1
SSTEETDKSRERSQCGVKAVNKASSTTPKGNSSNG	XXKSIPDKSRERSQCGVKAVNKASSTTPKGNSSNG	1
ELNQEDFSVVVEPGVTRKALNAHLRDSGLWFPVDP	XXGTTTDRIVVEPGVTRKALNAHLRDLWFPVDPGA	1
NEQYEHASIHLWDLLEGKEKPVCGTTYKVLKEIVE	LLFLVHASIHLWDLLEGKEKPVCGTTYKVLKEIVE	0
VSDQDNYIPCTLEPVFGKMFELTCTLPLEKDLKIT	AYIKIVSDQDNYIPVFGKMFELIVLQMWVDPFNIT	0
KVNQELAGYTGGDVSFIKEDFELQLNKQLIFDSVF	SLSHAVNQELAGYVSFIKEDFGGMLVPIPSSIADR	0
QQIALDRAERAARFAKTKEEVEAAKAAALLAKQAE	QQIALDRAERAARFAKTKEEVEAAKAAALLAKQAE	1
LINRLEKHYLDINTVLEKWQKSIVEELCAWVEKFI	XXXEEVSPMLDINTVLEKWQKSIVEELCDCASVVL	0
IPTEGGDFNEFPVPEQFKTLWNGQKLVTTVTEIAG	VSAKSSEMNVFPVPEQFKTLWNGQKLVTTVTEIAG	0
SEIDLLNIRREFIEKYDKSLHQAIEGDTSGDFLKA	ADLYKMKIRREFIEKYDKSLHQAIEGDLCGEDXXX	1
SREIQTAVRLLLPGELAKHAVSEGTKAVTKYTSSK	SREIQTAVRLLLPGELAKHAVSEGTKAVTKYXXXX	1
VAEIKGHRRTYVGAMPGKIIQCLKKTKTENPLILI	RFSVMDVAEIKGHAMPGKIIQCLKKTILIDPALLF	1
EFAGFQCQIQFGPHNEQKHKAGFLDLKDFLPKEYV	XXAGFQCQIQFGPHNEQKHKAGFLDLDFGERKIFQ	0
HAEFLRVQEERILHQQVKCIITEEKVCMVCKKKIG	XXXXXRVQEERILHQQVKCIITEEKVCMKIGNSAF	0
LRIRSHPSLQSEQIGIVKVNGTITFIDEIHNDDGV	FVAKDSAGLRIRQIGIVKVNGTITLETIKKYVPAW	0
KKYDLLCLYYHEPVSSDKVTQKQFQLKEIVLELVA	XXYGDVVSYYHEPVSSDKVTQKQFQLKEIVLELVM	0
VDTYGGWGAHGGGAFSGKDYTKVDRSAAYAARWVA	VACETGEIGDTGGAFSGKDYTKVDRSLKPYQAXXX	1
NLYVKNLDDGIDDERLRKEFSPFGTITSAKVMMEG	XXXXXLVLDGIDDERLRKEFSPFGTITSAKVGFVC	1
ITRITNTEKCLKELMELKTKARELREECRSLRSRC	ITRITNTEKCLKELMELKTKARELREECRSLRSRC	1
VDESLSEETQKAVLQWTKHDDSSDNFCEADDIQSP	XXASYLEETQKAVLQWTKHDDSSDNFCEADDIQSR	0
FNKVLFNEGEHYNPATGKFICAFPGIYYFSYDITL	LPIIFNKVNEHYNPATGKFICAFGLVHNGEDEVWL	0
TMNGSKSPVISRRDSPRKNQIVFDNRSYDSLHRPK	AMHAEVSPVISRRDSPRKNQIVFDNRSYDXXXXXX	1
WLPNGTLKIIDRKKHIFKLAQGEYIAPEKIENIYM	XXXXVEEMNYDRKKHIFKLAQGEYIAPEKIVHGES	1
LGGDHTITYPILQAMAKKHGPVGLLHVDAHTDTTD	IVAAGCIPYPILQAMAKKHGPVGCEGLLDKPIYNV	1
KYGTKIEHFAKIGWKNHKHSVNNPYSQFQDEYSLD	XXXXXXXXXAKIGWKNHKHSVNNPSQFQDEYSLEV	1
YGMGTSTERAAASPDYYKRGNFIPGLKVDGMDVLC	AFNAVFICENAASPDYYKRGNFIPGLKVPILMELQ	1
IDHVVPEPESSLTEAYEKWREWADGKSCCDYALHV	TDFDHVVPESSLTEAYEKWREWADGKSYALHVDEL	0
LLAERLRAKAVFQTQQAKFLTWQFDGEYRGDDYTA	SSGSLNAQVAVFQTQQAKFLTWQFLGNPDLIGESV	0
TAEDNRSHSAHFFEFLTKELALGQDRILIRFFPLE	AIPCAQLHSAHFFEFLTKELALGQDRILIXXXXXX	1
KKPIETGSPKTKECSVEKGTGDSLRESKVNGDDHH	EPDKKEGSPKTKECSVEKGTGDSLRESKVXXXXXX	1
SEEEAMETTPAKGKKAAKVVPVKAKNVAEDEDEEE	XXIEPAAMKAAKGKKAAKVVPVKAKNLSYSATVNS	1
GSQEGYVPKNFIDIQFPKWFHEGLSRHQAENLLMG	XXXXXXXXXMEADIQFPKWFHEGLALLKGFFIIRA	0
VNAISTTLLRDIKEGLQKAVIDHTIKAIVICGAEG	LALALIRLLRDIKEGLQKAVIDHTIKAIVIVEIRN	1
CCGAWVCTGRPDLSFPVKYSAPRRPTATGDYDKKN	GPAKARCTGRPDLSFPVKYSAPRRPTGDYDKKNYV	0
EREKQLAKKEQSKELQMKLEKLREKERKKEAKRKI	XXXXQLAKKEQSKELQMKLEKLREKERKKEAEEEA	1
NLDTVKGSSLHVGSDLLKFMEPVTMQESGTFAFRT	XXXENIMNELHVGSDLLKFMEPVFRTPKLSHDLPL	0
NHSRIVFNLCPLQTEDDKQLLLSTSMDRDVKCWDI	GAPPFPSNQCPLQTEDDKQLLLKCWDIATLECSWX	0
KVSQGQLVVMQPEKFQSKYEPRSHMMDVQGSTQDS	XXXXXXLKVMQPEKFQSKYEPRSHYALPLVGATQF	1
KTAIGALKLNIGDLQVTKETIEDVEEMLNNLPGVT	KTAIGALKLNIGDLQVTKETIEDVEEMFYDLSSKY	0
AMQSSNSESKKKKKKKRKMVNDAEPDTKKAKTENK	XXXXSNSESKKKKKKKRKMVNDAEPDTKKARSGRL	1
IAYEQHGFFEQAQESYEKAMDKAKKEHERSNASPA	ATAIAYEFFEQAQESYEKAMDKAKKEHEYQLWEDH	0
IISSNSERLPDINIYQLKVLDCAMDACINLGLLEE	IEKVMCIILPDINIYQLKVLDCAMDAYGRTPYFXX	0
YIKFDVQFPENNWINPDKLSELEDLLPSRPEVPNI	KVIEPVQFPENNWINPDKLSELEDLLPSRPEVLXX	0
DTHLVNIQDVILQENLEKEDQILVSLAGLKQIKDI	SEEKLNIQDVILQENLEKEDQILVSLAGLKXXXXX	0
RATNKYGTDHTSATLIVKDEKSLVEESQLPEGRKG	YGVAYSRDSGIIATLIVKDEKSLVERYDGIHYXXX	0
RNIGGKHARLYQTLNEGKQLVASVSCPELEGQIAK	KWEEFDNYRLYQTLNEGKQLVASVSCPELEGQIAK	0
YRNITFDELVEAYQEQAKGLLDGGVDILLIETIFD	RMNMCAGALVEAYQEQAKGLLDGGVLAALQNLFEK	0
RTHALMKKIGQCPMRVQKEVAGFVLNRLQYAIISE	LVPHPETAPTVDPMRVQKEVAGFVLNRXXXXXXXX	1
YKKYLEKAKSVIRTLDPKQNQGAAPEIQALKNQLQ	YKKYLEKAKSVIRTLDPKQNQGAAPEIQALKNQLQ	1
VHPDRITIATGQVAGTSKDGKQLPPHVRIWDSVTL	XXXXXXXXXRHNDAGTSKDGKQLPVWPEGSDGTDI	0
STDLLNALKTVINDPSYKENIMKLSRIQHDQPVKP	KKGAAVALKTVINDPSYKENIMKLSRXXXXXXXXX	1
RFRVRYDGIHYLDIVDCKSYDTGEVKVTAENPEGV	FYLNQISKRFRLDIVDCKSYDTGEVKLEIQQREDS	0
VPHTGRYTCLASSPAGHKSRSFSLNVFVSPTIAGV	TWHGGRYTCLASSPAGHKSRSFXXXXXXXXXXXXX	0
LGEELGFASLHDLQLLGKLLLMGARTLQGIPQMIG	KEVPEARASLHDLQLLGKLLLMGARTLQGIFMEXX	0
ELLKILQELPSVSQETLKHSGIGRAVMYLYKHPKE	SAIKELSLLPSVSQETLKHSGIGRAVMYLINEWSR	0
PSRDLTEAYKTQALGPLKLKPAHEGLVATVKEAGR	DLLKDEEMEKTQALGPLKLKPAHEGSIHEIPREEL	1
GLHCSSEDLHAGQIALIKHGSRLKNCDLYFSRKPC	VVVGLHCSLHAGQIALIKHGSRLKCLMIARSCDGT	0
DREKRVFTEANLVSVGSKKLRESVLRMSFEFHQDP	XQGLESITEANLVSVGSKKLRESVLRMSFEFQDSY	0
VGTNPRFEAPLFNARIRKSWLHNDLKVALIGSPVD	WIAGVEEADPLFNARIRKSWLHNDLKVLTYTXXXX	1
KNNELLKNIQDVQSQISKIGLKDPTVPAVKHRKKS	XXXXXXXXIQDVQSQISKIGLKDAVHRKKSLIRLD	0
AKQCIGTMTIEIDFLQKKSIDSNPYDTDKMAAEFI	XXXXXXDLLPEIDFLQKKSIDSNPYQLVFSFNEKL	1
KTNTVLKVLKPDTTYQVKVQVQCLSKAHNTNDFVT	YNVYYRVWKTLETLYQVKVQVHNTNDFVTLTGFSD	0
PRCSQAVYAAEKVIGAGKSWHKACFRCAKCGKGLE	CPRCSQAVYAEKVIGAGKSWHKACFRCLESTTLAD	1
EAKKAARDYETAKNYFKKGLKDMGYGNWISKPQEE	AFEDGLRVYETAKNYFKKGLKDMGYGNWISXXXXX	1
PGFGDHINNENCWQPIMKFINDQYEKYLQEEVNIN	VVEIKIDTPFNCWQPIMKFINDQYEKYTRVCFMRL	0
YNPDLTGLCEPTPHDHIKVTQEQYELYCEMGSTFQ	XXXXXXXXXXXXPHDHIKVTQEQYELYCSTFQLCD	0
GDKKPKAQPLSLEELLAKKKAEEEAEAKPKFLSKA	GDKKPKAQPLSLEELLAKKKAEEEAEAKPKFLSKA	0
AVVVLHERYLLNIFTCFKKPQQQIYDNKSCWTVAC	FIVVLHERYLLNIFTCFKKPQQQIYDNKSCWTVAC	1
PSYVAFTDTERLIGDAAKNQVAMNPTNTVFDAKRL	NTTPSYVAFTRLIGDAAKNQVAMNPTNTVFDPVRR	1
TPESVQSAKRLLDQIVEKGRPAPGFHHGDGPGNAV	IIGQIRIAKRLLDQIVEKGRPAPGFHHGDGPAVQP	1
VKVLREDSRAAFRLFETKITQVLHFTKDVKAAANQ	XXXXGFQVKVLRELFETKITQVLKAAANQMRNFLL	1
LCRKPALVSTVEGGQDPKNFSEIHPGMLLIGFVKS	IGQLCLSLVTVEGGQDPKNFSEIHMLLIGIQFPSG	0
YGMGTSVERAAASTDYYKRGDFIPGLRVDGMDILC	FYNAIFICENAASTDYYKRGDFIPGLRVPILMELQ	1
KNRSIGAAAKSQVISNAKNTVQGFKRFHGRAFSDP	XXXCISFGPAKQVISNAKNTVQGKSNLAYDIVIKV	1
LRNRTPAAVRELVLDNCKSNDGKIEGLTAEFVNLE	XMDMKRRIHLELVLDNCKSNDGKIEGLSLINVGLI	1
IHETTFNSIMKCDVDIRKDLYANTVLSGGTTMYPG	PIYETFNSIMKCDVDIRKDLYANTVQITLAPSTMK	1
HRDLKSRNVVIAADGVLKICDFGASRFHNHTTHMS	GMYLKSRNVVIAADGVLKICDXXXXXXXXXXXXXX	0
SVKENLEINKLSGVITTKESLIGLENEFFTFFVRA	SESVKENLEINKGVITTKESLIGLFFVIXXXXXXX	0
RQDRFAGLHFFNPVPVMKLVEVIKTPMTSQKTFES	QVAATVNLHFFNPVPVMKLVEVLVDFSKALGKHPV	1
PWDSVGRLEVGTETIIDKSKAVKTVLMELFQDSGN	XXXXXXDINVGTETIIDKSKAVKTVIDTTNAGDYK	1
SQPAYSFYPEDEILHFYKWTSPPGVIRILSMLIIV	XXXXXXXXXEDEILHFYKWTSPPGVIRILSMFSVI	0
GPSGQGQGQFLIQQVTLKIPISIEFVFESGSAQAG	YGSQHRPPAPPERYVTLKIPISIXXXXXXXXXXXX	0
TPENAGQWKPDELQVLEKFFETRVAGPPFKANTLI	RVSTLQLKVPDELQVLEKFFETRVAGFCVHIMKLE	0
PLPVIGNILQIGIKDISKSLTNLSKVYGPVFTLYF	XXXXXXXILQIGIKDISKSLTNLSKVPVLHGDLPT	1
GITSFLVDRDTPGLHIGKPENKLGLRASSTCPLTF	WISSAEHAGFRDGLHIGKPENKLLRASSTCPLTFX	1
AKRQQLGIEKEAVLLNLKSNQELSEQGTSFSQTCL	AFVNSCYIKSEEVLLNLKSNQELSEQTLSVQTFAV	0
SMENNRDKVLSPVDSGNKLVAEGNLYSDKIKEKVQ	EFQKDADKVLSPVDSGNKLVAEGNLYSDKIKEKVQ	0
VSLATRLLAQCSEVQLGKTTTAQDLVQHFKKLSTQ	VSLATRLLAQCSEVQLGKTTTAQDLVQHFKKKLLT	0
VTEKKLANSEPVGTQTAKIQQQIIRHKALNEEIVN	XXXXXXXXSEPVGTQTAKIQQQIIRHKALRTLEQA	0
SKAYIHTRMRAKTSDFLKVLNRARPDAEKKEMKTI	SKAYIHTRMRAKTSDFLKVLNRARPDAEKKEMKTF	1
VEEYLKEVVNQPFPFGDKEKNKLTFEVVHLARNLI	DLRASYLEVVQPFPFGDKEKNKLTFEVVILEHEDV	0
QVSSAYQKTVPVEAVTSKTSNIRANFENLAKEKEQ	SANAAYQKTVPVEAVTSKTSNIRANFENLAKEKEQ	1
QAGQLKVPPGYHPLDVEKEWGKLHVAILEREKQLR	ADKNSKYPPGYHPLDVEKEWGKLHVAILXXXXXXX	0
KTWIKRVQKRYIFDNVAKVWKDYDRDKDDKISWEE	XXXLATVQKRYIFDNVAKVWKDYDRKDKIEYATAT	0
ILIKNKKNQFSGPTSSSKDTGGEAEGSSPPSAPAG	XPRALKKNQFSGPTSSSKDTGGEAEGSSPPEEEEV	0
VELFENLSEKLQTFLETKTQALTEVDVPGKDVTEL	XXXXXXXXEKLQTFLETKTQALTEVDYMQESTSEF	0
DVVMKASSSLPKKLALLKAPAKKKGAAAATSSKTP	DVVMKASSSLPKKLALLKAPAKKKGAAAATSSKTP	1
TLLQGSGCLAGIYLEDTKEKVSIYEAMRRGLLRAT	XXXXXXXXLAGIYLEDTKEKVSIEARLLDPVRNNR	0
ARGGCITLISSEGYVSSKYAGRANLTNFPENGTFV	YWCRQGCITLISGYVSSKYAGRANLVNIAQLSQDD	0
ESVAIVCSPKFQETGFFKLTDHGLEEISSCRQKGF	HCSYQMLPESVAIVGFFKLTDHGLPLFCSCSHVXX	0
DQQKLIYEEKLEASELFKDKKALYPSSVGQPFQGA	XXXXXXYEEKLEASELFKDKKALYPSSVGQSMSSQ	0
SPLRIKMIASDSHRPEVKLKMAPVPLDDSNRPASL	SRRSPAKTASDSHRPEVKLKMAPVPLDASTKLXXX	1
KVSTLPAITLKLGGKGYKLSPEDYTLKVSQAGKTL	ASTMLPAITLKLGGKGYKLSPEDYTGLVFIGRYYF	1
KSDSASDSQEIKIQQPSKNPSVPMQKLQDIQRAME	KSDSASDSQEIKIQQPSKNPSVPMQKLQDIQRAME	1
CEVDPELTEKLRKFRFRKETDNAAIIMKVDKDRQM	XXXXXXLTEKLRKFRFRKETDNAAIEFQNISVVYS	1
PPEPPGRCSNHLQDKIQKLYERKIKEGMDMNYIIQ	NSEPPGRCSNHLQDKIQKLYERKIKEGMDMNYIIQ	1
NADGVATDITSTRSLNYKSTSSGHREISSPRIQDA	XXXXPFKKNSSTRSLNYKSTSSGHRDDHDSEESCS	1
GLDKAERAGIPTRVINHKLYKNRVEFDSAIDLVLE	GVISNKAAVGLTRVINHKLYKNRVEFDSAIDLVLG	1
YDEKLYDLHGDCSYVLSKKCADSSFTVLAELRKCG	XXXXXXXXXXXCYYVLSKKCADSSFTVLATLSLDG	0
GYYFRVTCKEEKVLRNNKNFSTVDIQKNGVKFTNS	LGLIYFRVCEEKVLRNNKNFSTVDIVKFTNSKLTS	1
KPKLLEALDEMLTHDIAKLMPLLRQEELESTEVGV	LNDLVAALDEMLTHDIAKLMPLLRQEEXXXXXXXX	0
SRAPSVATVGSICDLNLKIPEINSSDMSAHVTSPS	XXXXXXXXXXXXXXLNLKIPEINSIVPMGKNSHCV	0
YVNNLNVTEEKYQEALAKGDVTAQIALQPALKFNG	RQKNLNVTEEKYQEALAKGDVTAQIALQPALKGXX	1
MSEEKAKDEQSAVSMLKKHQILEQAVEDYAETVHQ	MSEEKAKDEQSAVSMLKKHQILEQAVEDLAEERRG	1
ERYRSDIHTEAVQAALAKHKEQKMALPMPTKRRST	XXXXXXIHTEAVQAALAKHKEQKMALEDKNSATAV	0
TISEDTIRASLISAVSDKLRWRMKEEMDRAQAELN	TISEDTIRASLISAVSDKLRWRMKEEMDRAQAELN	0
RNELESYAYSLKNQIGDKEKLGGKLSSEDKETMEK	XXXXXSYAYSLKNQIGDKEKLGGKLSSEDKETMEK	1
MPRGGSLESDGCPKEPAKTQPAVATAATAAEKYKH	GKAEGSLESDGCPKEPAKTQPAVATAATAAEKXXX	1
PKVESEIKVPDVELKSAKMDIDVPDVEVQGPDWHL	EGKLKGPKVPDVELKSAKMDIDVPDVEVQGXXXXX	1
AIVSHPADSVVSVLNKEKGSSASLVLKRLGFKGVW	GVTQPPADSVVSVLNKEKGSSASLVLKRLGGVXXX	1
LSALGIQDGCRVMLIGKKNSPQEEVELKKLKHLEK	EVIGVPQSFQKLMLIGKKNSPQEEVELENFKDSRX	1
DTKAAGSGELGVTMKGPKGLEELVKQKDFLDGVYA	VDNREPEPVRIRTMKGPKGLEELVYYPSTPGRYSI	1
LKAGKLKFIIPSPKRPVKLLSGGNTLHLVSTTKTE	PSVSNFFHESGLPKRPVKLLSGGCLNYCTSGRLEL	1
VWLTQLQKEVGKDVSDEKLRDYIWNTLNSGRVVPG	XWLTQLQKEVGKDVSDEKLRDYIWNTLNSVPMKLV	1
DLQDDIQNRATSFATVVKDIEGFMEENQTKLSPRE	HQQLEDLCRATSFATVVKDIEGFMEENQLLREKLH	0
DWDRDLLLDPAWEKQQRKTFTAWCNSHLRKAGTQI	XXXXXXXXXPAWEKQQRKTFTAWCNSQIENIDATL	1
LQFAKRLQVNLLVKPSEKIQVLKNLKRNYIVPILW	ILNSLINKSSMFVKPSEKIQVLKNLKRNXXXXXXX	1
DLQDDIQNRATSFATVVKDIEGFMEENQTKLSPRE	HQQLEDLCRATSFATVVKDIEGFMEENQLLREKLH	0
QKNALAACVRLGVVEKKKINNNCIFNVNEPATTKL	QKNALAACVRLGVVEKKKINNNCIFNVNXXXXXXX	1
AAGNFISPTERLSPNAWKTITDIVLNGTAFVTLEI	DAAGNFISTERLSPNAWKTITDIVLNGTAFFVVPS	0
KIGFPWSEIRNISFNDKKFVIKPIDKKAPDFVFYA	KNKKGSELWLNISFNDKKFVIKDFVFYAPRLRINK	1
FKLECRKTTCNPCPLGYKEENNTGECCGRCLPTAC	XXXXXXXXTCNPCPLGYKEENNTGECCGRCLPTAC	0
GAAKKPPVTFAEKGELRKSIFSESRKPTVSIMEPG	IIQFVEPVTFAEKGELRKSIFSESRKPTVDEKKND	1
RSSVFALRAFNVELAQVKDSVSEKTIGLMRMQFWK	XXXXXXXXRFNVELAQVKDSVSEKTIGLMRMQFWI	0
MREFCIRLRNLVHSGATKGEISATQDVMMEEIFRV	QRKFCIRLRNLVHSGATKGEISATQDVMMEMVGXX	0
EYTEETEEREESTTGFDKSRLGTKDFVGPSERGGG	HNRGYREEREESTTGFDKSRLGTKDFVXXXXXXXX	1
ETEKSLHLIQESLTFIDKQLAAYIADKVDAAQMPQ	XXXXXXXLIQESLTFIDKQLAAYIADKVDAMEAKI	0
VKPSGKTHQIRAALAPAKESPRKGAAPTPPGKTGP	VGKWEEDSPIRAALAPAKESPRKGAAPSXXXXXXX	1
KMTRRGDSPWQVVLLDSKKKLACGAVLIHPSWVLT	XXXXXXXXXXXVVLLDSKKKLACGACMDESKKLLV	0
VYQGSEVECTVSSLLPGKTYSFRLRAANKMGFGPF	KEIMSPIEKDVSSLLPGKTYSFCDITTAPGPPLSN	0
VDDRGRPSGKGIVEFSGKPAARKALDRCSEGSFLL	TFSVFGQVERAIVEFSGKPAARKALDRCVEPMDQX	1
VTQDEGIRPSTTMEGLAKLKPAFKKDGSTTAGNSS	DTFALAQRPSTTMEGLAKLKPAFKKDGSTTAGNSS	1
KLEELEQKYTYEHDPITKNKQVLWDRTFSLFQQLI	KLEELEQKYTYEHDPITKNKQVLWDRTXXXXXXXX	1
ILNSEQVIVEVLPNQPVKLVPKIKPPTPAVSNVRS	XXXXXXXXXXXXPNQPVKLVPKHLSITDDYDNHTG	0
RSLAAYTAACQAAGVAVKPWRTDSFCPLHCPAHSH	CQALAAYTAACQAGVAVKPWRTFCYSICTCFEGXX	0
SEARDVFEKATVSAPFGKFQGKTVTIWEIINSEYF	XXXXXXXXEATVSAPFGKFQGKTVTIWEIINSEYF	0
GGTAVGTGLNTRIGFAEKVAAKVAALTGLPFVTAP	SQTELAAGGGTRIGFAEKVAAKVAALPFVTAPXXX	1
SREPVICTPVSSGFEKSKVTINNKVILLKKEPPKE	IKYKLICTPVSSGFEKSKVTINNKVILLKKEPPKE	1
APIRLPDHVSIQVVVVQKREGILQSRQIQEEITGN	DTMLEENEVRTMVVVVQKREGILQSRQIXXXXXXX	0
SGACLDPGAFKELFPDWKEKGAPLNTPVTEDRFGI	XXXVLDPGAFKELFPDWKEKGAPLNTPVGNYIVRL	1
QQGTNHRVQSSIAFLCGKTLGTPEFVTATECVHYF	XXXXXXXXXXXXXFLCGKTLGTWRTTAACKKDIFK	0
PEYTHQLFGDDETAFGYKGLKILLYYIAGSLSTMF	LAEYKCNTNTAITAFGYKGLKILRVEYASKVDEDV	0
QEMMTDLPSSFEEKSIIKMVGFDMSKEAARKCYEK	AGEHTDLPSSFEEKSIIKMVGFDMSKETNLTEAEL	1
ALDAHQQSIPAVLEIPSKEHPYDAAKDSILRRARG	KTILINQYIAEMLEIPSKEHPYDAKDXXXXXXXXX	0
SNSIARVGVNDFCPTVPKMKKSLYSAISLFNNPVK	PELKYLQGVNDFCPTVPKMKKSLYSPATFRCVLSX	0
IKVNWEEEAASGLLTSLKDNVPKATGVLYDYVNKY	SPQSLIEEAASGLLTSLKDNVPKATGVLYXXXXXX	0
LGETSSLSHTLFAESGNKVQHITDATLAIVKGETV	GGIPLGETSSHFAESGNKVQHITDATXXXXXXXXX	0
EPADVGLRNLDPMPSEGKKGSLKEESTLQELLLSP	XDKRKEPSFLDPMPSEGKKGSLKEESTLLNESAPP	1
IPAVCDSVQPPLDQLPHKDSEDSGQHPDVNSSDKG	IRLECDSVQPPLDQLPHKDSEDSGQHPDVNSSXXX	0
EIAAMNKKIEVLDSLQSKAKLLRNKAGWLDSELNM	DSLHMAARIEVLDSLQSKAKLLRNKAXXXXXXXXX	0
ADAVQTVTGGLRSLYLRKVLPLEEAYRFHEFHSPA	XXXXXXXXXGLRSLYLRKVLPLEEAYALLLIRARL	1
QKKFNKLKKKKKALLALKKQSSSSTTSQGGVKRSL	XXKFNKLKKKKKALLALKKQSSSSTTSQGGQAQLV	1
GRVRTKTVKKAARVIIEKYYTRLGNDFHTNKRVCE	XXXXXXXXKKAARVIIEKYYTRLGNKVCEEIAIIA	1
RFVTISGQKVLDMENSFKEGKEPSEIGNLVKDKLK	QVQTLQLQKVLDMENSFKEGKEPSEIGNLVXXXXX	0
WDGEGSMYVPEDLLPVYKEKVVPLADIITPNQFEA	XKLAVCDPVLEDLLPVYKEKVVPLADITPEAELLS	0
HVAAKYGKLEVANLLLQKSASPDAAGKSGLTPLHV	LSITPLHALEVANLLLQKSASPDALLQGAXXXXXX	0
LNLREQGRGKDQPGRLKKVQGIGWYLDEKNLAQVS	LIAFALNLREQGPGRLKKVQGISTNLLDFEVTALT	1
FIMLYQVTEVYEQMKTKKVIPSLFRLLFSRETSSD	LQMLYQVTEVYEQMKTKKVIPSLFRLLFSRSSDPL	1
PGRSHYYWDEDSGLLFLKLKAQNEREKFAFCSMKG	MDKVEQSYPRSHYYLFLKLKAQRIXXXXXXXXXXX	0
GSRENSLLYSEIPKKVRKEALLLLSWKQMLDHFQA	XXXXXXPHSHEIPKKVRKEALLLLSTDMFVSCVHV	1
SLYGKDLIADLKYELTGKFERLIVGLMRPPAYCDA	XXXXXXXXKLLKYELTGKFERLIVGLMEAGTRDNT	1
DSATYTCHVANVAGTAEKSFHVDVYVPPMIEGNLA	KDGGQYLTYTCHVATAEKSFHVXXXXXXXXXXXXX	0
PWSEIRNISFNDKKFVIKPIDKKAPDFVFYAPRLR	LFPWSEIRNISFNKFVIKPIDKKAPDFVFLCMSAD	1
IRKLPFQRLVREIAQDFKTDLRFQSSAVMALQEAS	IRKLPFQRLVREIAQDFKTDLRFQSSAVMALQEAS	1
ESTEGKTSYRLTLDIQNKKITEVALMGHLSCDTKE	PDFDVDLGTILTLDIQNKKITEVALSIPRLXXXXX	0
FAERKANKWSTPSGASWKTASARPVSSVGVVGLGT	XXXRKANKWSTPSGASWKTASARVPSSPTTIATVM	1
FEHRSGGKLGDGEVFFLKECTKRHTDSIDRRFCFD	XMYRKAAKKFNMEVFFLKECTKFDIEAADRPGVSL	0
DPPKNLNTKLQMYFQSPKRSGGGECEVRQDPRSPS	XXXXXXXTKLQMYFQSPKRSGGGECEVFYPEDVRQ	1
EMGSKGVTAGKIASNVQKKLTRAQEKVLQKLGKAD	XXXXXXXXXGKIASNVQKKLTRAQEKVKRGRKLVD	1
ASSLPADDLCTENAIMLKRFNRYPLIIDPSGQATE	TLSNERRWLCTENAIMLKRFNRYPLIAFIEYPSFV	0
TGYWWCPTASWEGSEGLKTLRILYEEVDESEVEVI	FVANWCPTASWEGSEGLKTLRIAEFQTDSQGKIVS	0
EPQVQFKLVLVGDGGTGKTTFVKRHLTGEFEKKYV	XXXXXXXXVLVGDGGTGKTTFVKRHEYVATVEHVW	1
QDLDTIRSNINNFFEFSKEVDEKSSLKTAVISIGN	XXWLSTLWNINNFFEFSKEVDEKSSLKWLILPQLQ	0
PQSVSPRESYRENKRKQKLPQQQQQSFQQLVSARK	HLRARARESYRENKRKQKLPQQQQQSFQQLVSAXX	1
SEPEHGPSPGQDTFCQGKADGLYPNPRERSSFYSC	XXXXXXQGPGQDTFCQGKADGLYPNPRERSFYSCA	0
ETLEDGFPVHDGKGDMRKCPFYAAEQDKGALEGSS	ETLEDGFPVHDGKGDMRKCPFYAAEQDKGALEAVK	1
TGPQSLSGKSTPQPPSGKTTPNSGDVQVTEDAVRR	SDGSSSSQEEPPQPPSGKTTPNSGDVDARRXXXXX	1
LNEVIEKLQQELANIGQKTSMNAHSLSEEADSLKH	LNEVIEKLQQELANIGQKTSMNAHSLSEEADSLKH	0
EALAALLRDGETLEELMKLSPEELLLRWANFHLEN	XIELSLALLRETLEELMKLSPEELLLRLLEGEPHV	1
QGGYVKILDLSNFEILAKVEPPKKEGTEEQDTFVS	ITTQGGYVKILDFEILAKVEPPTFVSVLCAHFLQI	0
GTVQTSVDTTKTVLTGTKDTVCSGVTGAANVAKGA	NTFLTGTKDTVTVLTGTKDTVCSLTGTKDAVSLTG	1
NCYKITLECLPQNVGFYKKFGYTVSEENYMCRRFL	LTLKITLECLPQNVGFYKKFGYTVSEXXXXXXXXX	0
RSRGFGFVLFKESESVDKVMDQKEHKLNGKVIDPK	KFGEVVFVLFKESESVDKVMDQKEHKIDPKRAXXX	1
IREAANAMKLERFEIPIKVRLSPEPWTPETGLVTD	AMEAEILKEIRRFEIPIKVRLYDIERMYGXXXXXX	1
ELTGRTLADLTLLDSPIKVPLLLSEPINIIDALEM	KAGVKVAKPSVGLDSPIKVPLLLSEPINIIDAXXX	0
CDHQQNSPTLERPGRKRKWTETQDSSQKKSLEPKT	CDHQQNSPTLERPGRKRKWTETQDSSQKKSLEPKT	1
SAPAVETRPSIWGECPPKFATKLGRVVVKEGQMGR	XXXXXXXXXXXXGECPPKFATKLSCKITGRPQPQV	0
YLNSNKLDFDGLPSGIGKLTNLEEFMAANNNLELV	AICKLSKLKKLLPSGIGKLTNLEEFVPESLCRCPK	0
SEDSSEEEEEVQGPPAKKAAVPAKRVGLPPGKAAA	XXXXXXXXEEVQGPPAKKAAVPAKRVKMVATTKPK	1
SQAGIPSGVYNVIPCSRKNAKEVGEAICTDPLVSK	EAIPWKPAEDTPIPCSRKNAKEVGEAITIKXXXXX	1
AEPLDPVQPGKKFFNLNKLEDSRYGRLPFSIRVLL	XNPFAHLAEPLKFFNLNKLEDSRYGRLRLEAAIRK	1
FKFIVRSRILFNQLYENKGEADFVESLLQLFRSIN	TKFIVRSRILFNQLYENKGEADFVESLLQVKLVFD	0
GADGSKVMITHCNLNEFKEWQYFKNLHRFTHIPSG	QCLTKGVMITHCNLNEFKEWQYFTHIPSGXXXXXX	0
YRGENSWFSTQVDTVATKVKDALEFWLQAGVDGFQ	QDLTPNSWFTQVDTVATKVKDALEFWFVLFLEWIX	0
IYEELNVFERLFLEDQLKNLKIRTNRIQRFIQNTC	SGISTHLQLRLFLEDQLKNLKIRTNREERSXXXXX	0
EASLRFTLPGSGTEGPAKQENFILGSCGTDQVKGV	EASLRFTLPGSGTEGPAKQENFIVLTLQGDALSQA	0
KVDHTGEYGNLVTIQSFKAEFRLAGGVNLPKIIDC	NIPAQPITKLKNVIQSFKAEFRLKIIDCVGSGKER	0
PDYRQWKIEGTPLETIQKKLAAKGLRDPWGRNEAW	XDYRQWKIEGTPLETIQKKLAAKGLRDPWGRNEAW	1
RDQLIWSVVRHYSEQFLKQMYVLVLGLDVLGNPFG	LILIFKLAVRHYSEQFLKQMYVLVLGLFRXXXXXX	0
APSPVRAPAPSPAKEERKTEVVMNSQQTPVGTPKD	LEDSVSREKPSPAKEERKTEVVMNSQPLRTVDGSP	0
KASDSSSPSCSSGPRVPKGAAPGSQTGKKQQSTAL	SVPPRQRLSCSSGPRVPKGAAPGSQTGKXXXXXXX	1
KNFPTITALEWSPSHNLKSLRKKQLATREAMARQT	XXXXXXXXHLQSPSHNLKSLRKKQLATREESSVIS	0
ISTIGVDFKIRTIELDGKTIKLQIWDTAGQERFRT	NPEYDYLFKIRTIELDGKTIKLQFMTMAAEIKKRM	1
STISIRAPVYLGSPPSGKPKSLPTNSFVGCLKNFQ	ALGTIRAPVYLGSPPSGKPKSLPTNSXXXXXXXXX	0
AQIKEMVELPLRHPALFKAIGVKPPRGILLYGPPG	XXGKEMVELPLRHPALFKAIGVKPPRGTAEAPAIG	1
NGVILSKLVNSLYPDGSKPVKVPENPPSMVFKQME	GGVILSKLVNSLYPDGSKPVKVPEQVAQFLKAAED	1
MTKPTTIIEKNGDILTLKTHSTFKNTEISFKLGVE	TWKLKPTTIIEKNILTLKTHSTFKNTEISFETTAV	0
DREFHELQGDFSVPDVPKSMAWCENSICVGFKRDY	SLFTCVAVKKKLVPDVPKSMAICVGFKRDYYTQLE	0
AVQMLKDIKKEKVLLRRKSELPQDVYTIKALEAHK	ERYNNTDIKKEKVLLRRKSELPQDVYTIKALEAHX	1
FGTMGHVIRGTVVMKDGKVIFPAPTPKNIPQGAPV	TVLADVKDRGTVVMKDGKVIFPAPXXXXXXXXXXX	1
EVQKQVLDLLKYLVIDNKDNENLYITIKLLDPFPD	TKDLELVDLLKYLVIDNKDNENLYITIKLLDLRIT	0
AVTKVQKKDGKKRKRSRKESYSVYVYKVLKQVHPD	XXXXXXXKDGKKRKRSRKESYSVYVYKVLKGISSK	1
QKSTAVKALTGGIAHLFKQNKVVHVNGYGKITGKN	VCIETLGALTGGIAHLFKQNKVVHVNXXXXXXXXX	1
EVHEVKLRNYVVEKVPEKLGYALRPQEKGHSPEDI	EVHEVKLRNYVVEKVPEKLGYALRPQEKGHSPIPA	1
TVTVTAPAPAATGSPVKKQRPLLPKETAPAVQRVV	XXXXXXXAPAATGSPVKKQRPLLPKETASKSILLG	1
PYTIITTPPLKDFSLWEKTGLKEFLKTTKQSFDLS	TIPEMTTPPLKDFSLWEKTGLKEFLKTTKQSXXXX	0
HIARRVHNATLILSEGLKRAGHQLQHDLFFDTLKI	XXXXXXXXXTLILSEGLKRAGHQLQHDLLKIQCGC	1
VKEEEVHRLSALFSSSQKRIAELEEELVCVQKEAA	VKEEEVHRLSALFSSSQKRIAELEEELVCVQKEAA	0
PFGDITDIQIPLDYETEKHRGFAFVEFELAEDAAA	VDDKVLHIQIPLDYETEKHRGFAFVLFGRTIRGKF	0
AAKCGLSPEKVRIINMYKEIDQTPYKQEINAKNLI	ILDNAYKFPKVRIINMYKEIDQTPKQEINAKNLIQ	1
ESISGFAHSCFQYAIQKKWPLYMSTKNTILKAYDG	EKPITIGHSCFQYAIQKKWPLYFHYKTDFDKNKIW	1
DKPKETKSEETLDEGPPKYTKSVLKKGDKTNFPKK	XXXXXXXXXHELDEGPPKYTKSQGVIRGWDEALLT	1
RLQAEWHDSDWILSVPAKLPEIEEYYDGNTSSNSR	TSVTMTLLKVCFDSVPAKLPEIXXXXXXXXXXXXX	0
AKSFTASCPVSAFVPKEKIPDPHKLKLWLKVNGEL	GMDYVGGYALSAFVPKEKIPDPHKLKLTIGIHGLV	1
GKNIGTTKKGIGPTYSSKAARTGLRICDLLSDFDE	VIRAHLVFHGIGPTYSSKAARTGLRICDRFLAQHS	1
EQRRPQLEELITAAQNLKNKTSNQEARTIITDRIE	ADFNAWLEELITAAQNLKNKTSNQEARTIITDRIE	0
QEEAEHKATKARLADKNKIYESIEEAKSEAMKEME	QEEAEHKATKARLADKNKIYESIEEAKSEAMKEME	1
DSLEKSNTKLIEELAIAKNNIIKLQEENHQLRSEN	DSLEKSNTKLIEELAIAKNNIIKLQEENHQLRSEN	0
QYSDRTRPEFYLNSYMNKQDVVNAVRQLTLLGGPT	GQDRVRVAVFYLNSYMNKQDVVNAVRQSXXXXXXX	0
RVLVSPTNPPGATSSCQKAMFQCGLLQQLCTILMA	YIQKVRLVSPGATSSCQKAMFQCGLLQVEVIRGCQ	0
KVAQRIAQLQEALLHCGKFQDALEPLLSWLADTEE	GGTEVEINLQEALLHCGKFQDALEPLLATVDMLQA	0
SSAKQVAASTAQLLVACKVKADQDSEAMKRLQAAG	KVWSGLIAATAQLLVACKVKADQDSEAMKRLQAGX	1
TGQPTKVGRFQVTTTANKVGRFSVSKTEDKITDTK	IAGVPNDISTQVTTTANKVGRFSVSKXXXXXXXXX	0
NDDIIVNWVNRTLSEAGKSTSIQSFKDKTISSSLA	XXXXXVNWVNRTLSEAGKSTSIQTISSLAVVDLID	1
CLRDACLGIIKLAYPETKPEVREEYITAFQSIGVT	XXXGSPMGIIKLAYPETKPEVREEYIMQIQEQRIG	0
AVNCPLYIVHVMSKSAAKVIADARRDGKVVYGEPI	EAEAEATLIIVMSKSAAKVIADARRDKVYGEPTPF	1
PQIRWHQTADFGYVPNPKMPNTFMAVAMDLCDRDS	PFGLWHQTADFGYVPNPKMPNTFMAKXXXXXXXXX	0
PGGHVGRFCIWTESAFRKLDELYGTWRKAASLKSN	YNELNVSKLIWTESAFRKLDELYGTKAASLKXXXX	1
LELVKSLCLGPALIHTAKFALVFPLMYHTWNGIRH	FYLEVKLCLGPALIHTAKFALVFPLMYHTTVLSSM	0
EDTVFYIPEDHKPGTFPKALTNGSFSPSGNNGSVN	EDTVFYIPEDHKPGTFPKALTNGSFFHSRLSIYDN	0
RGPPQRPKLNLKPRSTPKEDDSSASTSQSTRAASI	XXXXXXPKLNLKPRSTPKEDDSSASTSQSTRAASD	1
GCIVENPQTHEVLHYVEKPSTFISDIINCGIYLFS	ANRTQSLNYGCIVHYVEKPSTFISDIINCGRLEQD	0
RLVKPGNQNTQVTEAWNKVAHSFNCTPIEGMLSHQ	AAHLCAEAATQVTEAWNKVAHSFNCTPQNVVMEVQ	0
GIVEIINSKDVKVQVMGKVPTISINKTDGCHAYLS	ILVFDDVVGIVEVQVMGKVPTIAYLSKNSLDCEIL	1
EEYAVCPDLKVDLGVLGKQQFDLENKFKPFTVEIV	LVIGQNGILKVDLGVLGKQQFDLKPFTVEIVDSXX	1
VESRPLYSPLQPDIEQGKLQMWVDLFPKALGRPGP	IGETVVESRPLYSIEQGKLQMWXXXXXXXXXXXXX	0
PQVKASALKVVTLTANDKTSVSFSSLPGQGVIYNV	ADRWRLQYDVVTLTANDKTSVSFVIVKHDRAXXXX	0
WDCGLQILKKEGLKAFYKGTVPRLGRVCLDVAIVF	DVIKTRGILKEGLKAFYKGTVPRLGRXXXXXXXXX	1
CAHVYQNENEVGVAIQEKLREQVVKREELFIVSKL	DVGYRHIENEVGVAIQEKLREQVVKREELFIDLKL	1
ARRLEESDVLQEARRKYKTIESETVRTSEVLRKKL	ARRLEESDVLQEARRKYKTIESETVRTSEVLRKKL	1
DYIEKHCPSAVVPVELQKLARGSLVGGGRQRPPQT	XXXXXXXXXXXVPVELQKLARGSLVGGGRQRPPPL	0
QPPRDLTEAFLAEMEKAKGNPESSFNDENLRIVVA	WDPAPLTEAFLAEMEKAKGNPESSFNDENLRIVXX	1
LYAAVGKVIYEGLTNYEKATNANPSQLFGTLMILK	XXXXXXKVIYEGLTNYEKATNANPSQLFGTLLISV	0
KEEFRKEFTKLEEVLTNKKTTFFGGNSISMIDYLI	CQKMILLFTKLEEVLTNKKTTFFGGNSISIDTPKL	1
VPHTGRYTCLASSPAGHKSRSFSLNVFVSPTIAGV	TWHGGRYTCLASSPAGHKSRSFXXXXXXXXXXXXX	0
GGFAPNILENKEGLELLKTAIGKAGYTDKVVIGMD	PGVYNLKVINKEGLELLKTAIGKAGYTDKVVIGFI	1
VDMTCGGCAEAVSRVLNKLGGVKYDIDLPNKKVCI	XXXHFVGCAEAVSRVLNKLGGVKYDIVCIESEHSM	1
LEHTDKEVSVETVSILSKTEGTQEADQYADEKTKD	GQKTDKEVSVETVSILSKTEGTQEADQYADEKTKE	0
NCPESYPSAMYCDELKLKSVPMVPPGIKYLYLRNN	XXXXXXAPECYCDELKLKSVPMVYLRNNQIDHIDE	1
TSMRKSSNDRDGKEKLEKNSTSLKEKEHNKEPDSS	TSMRKSSNDRDGKEKLEKNSTSLKEKEHNKEPXXX	1
KGRINKLVCTDIADVSVKQCQQRYEDMKNRRDSEY	GKGGDLLVCTDIADVSVKQCQQRYEDMAEFITAXX	0
LLVKVIAHGKDHPTAATKMSRALAEFRVRGVKTNI	GIRLVIAHGKDHPTAATKMSRALAEFLQVLNLXXX	1
WKTTFDPKKTRMEPFHFKNSVIKVPMMNSKKYPVA	XXXXXXKVETNMEPFHFKNSVIKVVPQNLKHRLED	1
RSRQNPQSPPQDSSVTSKRNIKKGAVPRSIPNLAE	XXXXNPQSPPQDSSVTSKRNIKKGAVPRSIPNESE	1
NYILEKKWQSVEPLTGWKSPASLTMSGMAGLFSIS	FHAKGIFRRYVEPLTGWKSPASLTMSGMAGLFXXX	0
HTLRGHNTNVGAIVFHPKSTVSLDPKDVNLASCAA	XXXXXHFSPNSKMVFHPKSTVSLDPKDVNLALWSL	0
CGKLMRNEFTITHVLIPKQSAGSDYCNTENEEELF	FLAANVETCGILHVLIPKQSAGYCNTENEEELFLI	0
PLQVERTLIYYLDEIPPKFSMKRLTAGLIAVIVVV	SLRCDELVRTYLDEIPPKFSMKRLXXXXXXXXXXX	0
GRADSILAYHQQNVPRAKLDQAPKVPPTPEPLPLS	HLATAILAYHQQNVPRAKLDQAPKVLPGVASVLND	1
AYYENSPQQVFSTEFEVKEYVLPSFEVIVEPTEKF	EDIPELVNMGQWKEFEVKEYVLPGVFVLNNEQAXX	0
PFVFAEVNSDLIYITAKKDGTHVVENVDATHIGKL	EDGNVNSKLTKIYITAKKDGTHVVENLTAYTARIN	1
STAHAQSSKADSLLAVVKREPAEQPGDGERTDCEP	MKELPEQSKADSLLAVVKREPAEQPGDGXXXXXXX	1
KDEAEQAVSRSANLVNPKQQEKLFVKLATSKTAVE	KDEAEQAVSRSANLVNPKQQEKLFVKLATSKTAVE	0
HLYGIAGSTNVTGDQVKKLDVLSNDLVMNMLKSSF	GIAHLYGIAGSTNDQVKKLDVLSNDLVEEPLDGSS	1
ENAFFTLARDIKAKMDKKLEGNSPQGSNQGVKITP	ADVEKTLARDIKAKMDKKLEGNSPQGXXXXXXXXX	1
YVTLKDTEQYEREDFLIKPSDNLIVCGRAEQDQCN	CGVAKETPDYEREDFLIKPSDNLIVHVYNQEEDSF	0
GLVGSIAAGYLSDRAMAKAGLSNYGNPRHGLLLFM	XXXXXIAAGYLSDRAMAKAGLSNYGNPRHGLLLFM	1
IDISNVKIPKHLTDAYFKKKKLRKPRHQEGEIFDT	LVTPLRRTHKHLTDAYFKKKKLREKYEITEQRKDQ	1
ETEKSLHLIQESLTFIDKQLAAYIADKVDAAQMPQ	ETEKSLHLIQESLTFIDKQLAAYIADKXXXXXXXX	0
FIHASLRLRNLKNKLENKMEGIGLKRTPMGIVLDA	SNLLYYQLRNLKNKLENKMEGIGLKRTPMGILDEX	1
VKKIKAAFAELHNCIIDKEVSLMAEMDKVKEEAME	LQQKLSAFAELHNCIIDKEVSLMAEMDKVARFSCD	0
TQSPKKSVADLLGSFEGKRRLLLITAPKAENNMYV	XXXXXXXXADLLGSFEGKRRLLMATRKISVDHFQL	0
NSCDLKYTEGVQSLNWTKIMKTIVDDPEGFFEQGG	IVYDYSKKVTMQSLNWTKIMKTIVDDPEGFQGWFL	0
GLSERCAQYKKDGVDFGKWRAVLRIADQCPSSLAI	ILFVGIKLDQGGCVDFGKWRALYACLVPIVEPTLL	1
YLEELPEKLKLYSEFLGKRPWFAGNKITFVDFLVY	XXGEERVLLKLYSEFLGKRPWFAGNKITVDVYLLD	1
SEDTTGPITGLALTSVNKFLSYALIDPTHEGTAEG	GEIIVFLFLGLALTSVNKFLSYALIMKILQVLRTL	0
VTPDASVYSDIVGKIVGKHSSSCLPLPEFVDNTQV	XXXXFSVYSDIVGKIVGKHSSSCLPLPNARGEGAV	1
VVSSTNEGSPSPPEPTGKGSLDTMLGLLQSDLSRR	XXXXXXEGSPSPPEPTGKGSLDTMLGLLQSDLSRR	0
PNPEGDNPESITSVFITKVLDPEKQADMLDSLRIY	DFNKGDNPESITSVFITKVLDPEKQMRLLYAISKL	0
AEELDMKAIEAVAISPWKTYQLVYFLDKILQKSPL	AYTCLEGSLMPAAISPWKTYQLVYFLSIANELXXX	0
NNLIIIETDHNAYTEATKAQRKQQMAEEMVEAAGE	XXXXNDLDDQNAYTEATKAQRKQQMAFLNENLPEG	0
SNEECPGECLVTGQSHFKSFDNRYFTFSGICQYLL	XXXXXXGECLVTGQSHFKSFDNRYFTFLARLLVKG	0
NVQEQDKKLQALWNACEKLPKANHNNIRYLIKFLS	YDEWIQAKLQALWNACEKLPKANHNNIRLLIIWFF	0
LNENLTVNGGGWNEKSVKLSSQISAGEEKWNSVSP	QDENLTVNGGGWNEKSVKLSSQISAGPSQTKSETS	1
AGGGSSCSPVLSRKQKGKVLLGEEEALEDDSESRS	XGGGSSCSPVLSRKQKGKVLLGEEEALEDDSEISG	1
AVATAQQQYDSDTSCHYKVELSYENFITSGPDPHP	XXXXXXXXXXXDTSCHYKVELSVSCKESGFYPRAD	0
KVLSKEFHLNESGDPSSKSTEIKWKSGKDLTKRSS	RIDFVLSKEFHLNDPSSKSTEIFTWFTDHSDAGAD	1
YRTSLEVPEINALLLVPKENSLILAGGDCQLHTMD	XXXXXXVSTDRHLLLVPKENSLILTMDLETGFTRA	0
CFEMKVTEKIPVRHLYTKDIDIHEVRIGWSLTTSG	KKTESAFLKIPVRHLYTKDIDIHEKHNCMGFKKQM	1
LVGGYGTRLRPLTLSTPKPLVDFCNKPILLHQVEA	LVGGYGTRLRPLTLSTPKPLVDFKPILLVSYMSVL	0
CVLKGDGPVQGIINFEQKESNGPVKVWGSIKGLTE	XXXXXMATKAVCINFEQKESNGPVKVWGVSIEDSV	1
HPDFPDDFSRPDDFHPDKRFGHRLREFEGRGGPLP	VIPGMGIPLRPDDFHPDKRFGHRLRERKGLLRKPD	1
VPPVPPASSTPYKPPYGKLLLPPGTDGGKEGPRVL	TEHHYKQMEGPYKPPYGKLLLPPGTDGGKEGRMIQ	0
VGSGSKGKGGEIQPVSVKVGDKVLLPEYGGTKVVL	LVEATVVAVGSGQPVSVKVGDKVLLLFRDGILGKY	1
FLDKYSLKPNDQILAEDKHKELFDELVKKFKVEYH	DFLDKYSLKPDQILAEDKHKELFDELVKKGTCAAC	1
EDQQLLGHLLLVAKQTAKAEGLGDGYRLVINDGKL	APVHFLVHLLLVAKQTAKAEGLGDGYRLIHVLGGR	1
FRVVSVLTVVHQDWLNGKEYKCKVSNKGLPAPIEK	VDGVEVLTVVHQDWLNGKEYKCKTISKTKGPEXXX	1
KDDIQALDIFLANLPEAKCSEEVSPMQLIKQNIFG	VLRFQALDIFLANLPEAKCSEEVSXXXXXXXXXXX	0
DMGRSAAVAKQALAHGLKCKSQFTITPGSEQIRAT	XXVGSAAVAKQALAHGLKCKSQFTQILRDLGGIVT	1
HVIDGEKTIIQNPTDQQKKDHEKAEFEVHEVYAVD	GMLSHEKTIIQNPTDQQKKDHEKAEVGKAXXXXXX	1
EGEPGNKVNLAELFKGKKGVLFGVPGAFTPGCSKT	XXXXXXGAILAELFKGKKGVLFAALKAKGVQVVAV	1
SVDFSFDYRAATQFWRSKVLEVAKDFPEYTFAIAD	YLVGVVVYYAATQFWRSKVLEVAKDFAIVNAEFDS	1
IRETSFQMLPISNEPISKEEFVIHTIFPPNGMNLY	IRETSFQMLPISNEPISKEEFVIHTILYKNNHSES	0
HGIEEERQDLTTALGLVKELLSNVDEGIYQLEKGA	ITKYPLLISLTTALGLVKELLSNVDEGXXXXXXXX	0
PQPAKPRLAERMTTREKKVLEAGMGKVTSASFGEE	PQPAKPRLAERMTTREKKVLEAGMGKVTSAXXXXX	1
LTAAEKKDPQGLGLHFYKHGEPEEDIVGLQAFQER	XXXXXXXXDQGLGLHFYKHGEPEEDIVGLQAFQRD	0
NSTSLYKNCKKLLLENNKNPTIKKNAEFEDQGYYS	QTLVNSTSLYKLLLENNKNPTIKSCVHFLHLFNIT	0
SNEATKSDLQMAVLSFEKDDDHNGHIDFITAASNL	SRLIEKSNIARFELSFEKDDDHNGHIDFITRFKTK	0
KHMPKSTIETALKMEKSKDTYLLYEGRGPGGSSLL	RLAVKEGGPTALKMEKSKDTYLLEALSNSSHKCQA	1
EDGFEKGPEELRALFQTKKVDLSQPLIATCRKGVT	VNMPFMDFEELRALFQTKKVDLSQPLIAVAAACXX	1
IQCYLSALDRCYSVYCKKIHAQWQKEGNDKDFTLN	ERGLRGTHDRCYSVYCKKIHAQWQKEGNDKDFTDG	1
QRAQSLQEAAHQELNTLKFQLSAEIMDYQSRLKNA	QRAQSLQEAAHQELNTLKFQLSAEIMDYQSRLKNA	0
YAGVRGYLDKLEPSKITKFENAFLSHVVSQHQALL	SAVIAGYLDKLEPSKITKFENAFLSHVVFLAGFEA	1
LAPVVGTTTTTPSPSAIKAAAKSAALQVTKQITQE	KNLHVGTTTTTPSPSAIKAAAKSAALQVTKQITQQ	1
EKAKDEKFKTTVPNAESKSTQEREREKEPSRERDI	EKAKDEKFKTTVPNAESKSTQEREREKXXXXXXXX	1
VKHVGSRLYSVSYLLKDKGEYTLVVKWGDEHIPGS	KSVHGPRTPCEEYLLKDKGEYTLYRVVVPXXXXXX	1
AKNEILDEVISLSQVTPKHWEEILQQSLWERVSTH	XXXXXXXXXXSLSQVTPKHWEEILQQSLWVATLEE	0
LAYTMERSARQIMHTAMKYNLGLDLRTAAYVNAIE	LKDVSYRSARQIMHTAMKYNLGLDLRTAAYVNAIE	1
AAYVAKAIDPSISWEDIKWLRRLTSLPIVAKGILR	YRTKVIFVTVSISWEDIKWLRRLTSLPIVADAREA	1
QGLSTALSVEKTSKRGGKIIVGDATEKDASKKSDS	LGLSTALSVEKTSKRGGKIIVGDATEKDASKSDSN	1
YSRGFGGRYGVEKDKWDKAALGYDYKGETEKHESQ	YSRGFGGRYGVEKDKWDKAALGYDYKGETEKPEDS	1
ECQAESFPNWTLAQVGQKVHCDVHFGLVCRNWEQE	GGDVECQAFWTLAQVGQKVHCDGLVCRNWEQEGVF	0
KKSTWEKVNKYLDFSLFKHRGFLIYLSGNVIMFLG	XXXXXXXXNKYLDFSLFKHRGFLIYLSGLMDLVGP	0
SIVGRPRHQGVMVGMGQKDSYVGDEAQSKRGILTL	XIVGRPRHQGVMVGMGQKDSYVGDEAQSKRGILTL	1
GIFPLPAGDGLLTPDAQKGGETPGSEQWKFQELSQ	XXXXXXXGDGLLTPDAQKGGETPGSEQKDLSGYKG	0
RRAPFDLFENKKKKNNIKLYVRRVFIMDSCDELIP	QFPWYLTRALLFKKNNIKLYVRVFIMDSCDELINI	1
LHQDWLNGKEYKCKVSNKALPAPIEKTISKAKGQP	EVKFNRSTYRVVCKVSNKALPAPIEXXXXXXXXXX	1
VVNELERINCIPDQPPTKATCDQRGCCWNPQGAVS	AECPVERINCIPDQPPTKATCDQRGCCWNPQGSVP	0
SLSEMVVVAIQILRKNPKGFFLLVEGGRIDHGHHE	DAGKSVGDDIQILRKNPKGFFLTSDTLAAACICXX	1
FQNFERRFEECISQSAVKTKFEQHTVRAKQIAEAV	HMKDADVPNECISQSAVKTKFEQHTVLFTHQYLQP	0
SLFSYNTQGRDNELLVYKERVGEYSLYIGRHKVTS	XAYSDLSRAYSLFSLVYKERVGEYSLYKVTSKVEV	1
RGDGPFRLGGHGPSFPLKGITEQQKEGLEIVKMVM	DGSGDRGDGPFGPSFPLKGITEQQKEGLESXXXXX	0
IAGEKKSAQWRTVEGALKERRKAVDEAADALLKAK	HSNILKAAQWRTVEGALKERRKAVDEAADAQAKSX	1
LETGQRPKKPLVDDPGEKPSQPIEVLLERELAELS	DNVWFRPKKPLVDDPGEKPSQPIEVLLERELAELS	0
YRFQGILPSSGSEDLLWKWDALKAYQNFVFEEDRL	CTVDQLLPSSGSEDLLWKWDALKAYGNIVVQWKLY	0
KKEKATQPETTEEVTDLKRQAVEEMMDRIKKGVHL	XXXKATQPETTEEVTDLKRQAVEEMMDRIKKGVHL	1
IALLAETALRFLELVQLKNLNMENDPNNEEIDEVT	RNDINITALRFLELVQLKNLNMENDPNNITHPNGN	0
NVADYMRYLMEEDEDAYKKQFSQYIKNSVTPDMME	NVADYMRYLMEEDEDAYKKQFSQYIKNSVTPDMMX	1
SEARDVFEKATVSAPFGKFQGKTVTIWEIINSEYF	XXXXXXXXXXTVSAPFGKFQGKTVTIWEIINSEYF	0
NFASRAVLEALGSCLNNKYSEGYPGQRYYGGTEFI	XXXXXXXXXALGSCLNNKYSEGYPGQRYYGGTEFI	1
NDILRLFVALQGCMDKGKELSGLGSALKNPFGNAG	GKESVGFKGLQGCMDKGKELSGLGSALVEAKLIHK	1
GKPMRIQYAKTDSDIISKMRGTFADKEKKKEKKKA	IFKELSSYAKTDSDIISKMRGTFADKEKKKEXXXX	1
CALTLEAGEKLLLTTDLKTKESVGRRISQLQDSWK	QFTVLEAGEKLLLTTDLKTKESVGRRISQLXXXXX	0
LLKAKLAKYRAQLLEPSKSASSKGEGFDVMKSGDA	XXMGILAKYRAQLLEPSKSASSKGEGFDGAAQGKG	1
ELRTQILSPNTQDVLIFKLYQRAKHVYSEAARVLQ	EALHPEPYNPEITVLIFKLYQRAKHVDMYECXXXX	0
QFPFLQDEDTVATLLECKTLFILRGLPGSGKSTLA	XXXXXXXXXXVATLLECKTLFYGTKYCRRRDIRIL	0
FFAENGDRFISLNIEDGKLMVRYKLNSELPKERGV	IQTTVDRGLLSLNIEDGKLMVRERGVGDAINNGRH	0
KKEVFRPLKPADLTALAKELRAVEDVRPPHKVTDY	SPLQGSGQKPADLTALAKELRAVEDVRPPXXXXXX	0
HNDFVAILDLPEGEHQYKFFVDGQWVHDPSEPVVT	SGSFNNWSTKIPLAHQYKFFVQWVHDPEPVVTSTI	0
QAESNKAFLAELEQNSPKIQKVKEALAGLLVTYPN	EANSVLQWLEELEQNSPKIQKVKEALAWKIQEELN	0
TFNEIDMSNIQEMRARHKEAFLKKHNLKLGFMSAF	XXXXXXMSNIQEMRARHKEAFLKKHNLKLGFMSAF	1
QEGCGKISKLYGDLKHLKTFDRGMVWNTDLVETLE	IRTSELRLSLYGDLKHLKTFDRGNTDLVETLELQX	1
ESRSHTLAQCLGFQEFQKDAKQAEAILSNQEYTLA	PESLPEAEQCLGFQEFQKDAKQAEAILDKVLSPVD	0
IKAKGVEILDEGHILQLKNIHVSDTGRYVCVAVNV	KLIKAKGVEILDGILQLKNIHVSDTGYLSVHAXXX	0
VLRCRAKAEVTLNNTIYKNDNVLAFLNKRTDFHIP	XXXXXLQAVVLRCNTIYKNDNVLAFLFHIACLKDN	0
MGWKPGEGIGRTFNQVVKPRVNSLRPKGLGLGANL	MGWKPGEGIGRTFNQVVKPRVNSLRPLTPDEQEKX	1
VFLRHAELIASTFVDQCKTVLKLASEEPPDDEEAL	XXXXXXXXXXSTFVDQCKTVLKLASPDDEALATIR	0
KILYDFTARNANELSVLKDEVLEVLEDGRQWWKLR	XXYVKILYDFTAELSVLKDEVLEVWLRSRSQGYVP	0
GSHKTFCHWEHDNHVQLKWSVLTSKTGPIQDHTGD	XXXXNGTFWEHDNHVQLKWSVLFIYSQADQKGKVA	0
HRLDLILCNKTAYQEVFKPENISLRNKLRELCVKL	XRLDLILCNKTAYQEVFKPENISLRNKKVYEVILI	0
MQVDEHARPQTTLEQLQKLPPVFKKDGTVTAGNAS	DKYALQQRPQTTLEQLQKLPPVFKKDGTVTAGNAS	1
KKEAKKEGNTEQPVQTSKIGLGRREYQSLQHRHHS	RVGAEYQARTEQPVQTSKIGLGRREYSRSKCRPPK	1
LASVLGSEPSLDSEVTSKLKSYEFRGSPFQVTRGD	VRLASGSEPSLDSEVTSKLKSYEFQVTRGQGSIEX	0
QEPDKRPVFADISKDLEKMMVKRRDYLDLAASTPS	MYRLMQPVFADISKDLEKMMVKRRDYLXXXXXXXX	1
EKLGFISKHELYSRASQKPQPNFPSPEYMIFDHEF	ERCALYCQCYLYSRASQKPQPNFPMIFDHEFTKXX	0
ETAAGGDGAEAPAKKDVKGSYVSIHSSGFRDFLLK	XXXXXXXXXEAPAKKDVKGSYVSIHSSSEVHEQAK	1
EKTGVAVNKPAEFTVDAKHGGKAPLRVQVQDNEGC	PQDFHPDRVKARFTVDAKHGGKAPLRKDNGNGTYS	1
NNVCLEEVTHEEAVTALKNTSDFVYLKVAKPTSMY	LAVNNVCLTHEEAVTALKNTSDFVYLXXXXXXXXX	0
QPFLQKKRHGRPGAGGGKLNPPPAPPARSPTTELS	SPKLQKKRHGRPGAGGGKLNPPPAPPAREAVGQSX	1
RVDNMIIQSISLLDQLDKDINTFSMRVREWYGYHF	XXXXXXXQSISLLDQLDKDINTFSMRVRDNACSRV	0
EAGSSMRKRAKLISTVSKKDFISVLRGMDGSTNET	QKNVDEKVRAKLISTVSKKDFISVLRGMDGILRDX	1
GKAKEEGSWKKFIWNSEKKEFLGRTGGSWFKILLF	GKAKEEGSWKKFIWNSEKKEFLGRTGGSWFKILLF	1
LRVRLGDVISIQPCPDVKYGKRIHVLPIDDTVEGI	XXXGDTVLAVCIPCPDVKYGKRIFEAYRPIRKETD	1
TNGFSGADLTEICQRACKLAIRESIESEIRRERER	NLKSPVADLTEICQRACKLAIRESIESEPVPEIRR	1
RFIQDHLKPSPQFQEQVKKAIDIILRCLHENCVHK	XXXXXXXXPSPQFQEQVKKAIDIILRSKGGSFGRG	0
EIFLKKALKHVLSDLSTKLSSNALVFRICHSSVYI	XXGGLDLAKHVLSDLSTKLSSNALVFWPSSLMLEM	0
IGRDTPTSAGPNSFNKGKHGFSDNQKLWERNIKSH	IGRDTPTSAGPNSFNKGKHGFSDNQKLWERNIKSH	1
KNSSLIKVALDTLAALLKSKTNARRAVDRGYVQVL	NSVNSVLGVLDTLAALLKSKTNARRAVGLQSLKSV	0
GNFPEPLFDVCKKSSVSKLSTPKERVSRRFGRSFT	GNFPEPLFDVCKKSSVSKLSTPKERVSRRXXXXXX	1
TWEKPDDLKTPAEQLLSKCPWKEYKSDSGKPYYYN	XXEKPDDLKTPAEQLLSKCPWKEYYYNSQTKEKPK	0
WAINDIIRNFCKDVVSNKKLMKKLQESRFDIVFAD	ASEVYPTSNFCKDVVSNKKLMKKLQESRCGLLAEL	1
PPCLGGPFRFVDLYGAQKIVDRLKKYEAAYGKQFT	RVTRVNPFRFVDLYGAQKIVDRLKKYEFTPCLADH	1
LKADEGISFRGLFIIDDKGILRQITVNDLPVGRSV	YKGKYVVFLNCQFIIDDKGILRQVQFQFTDKXXXX	1
KKGRDTLQEANDILNNLKDFDRRVNDNKTAAEEAL	MDLLRTLQEANDILNNLKDFDRRVNDNKTXXXXXX	0
QRVQEAHLTEDQIFYFPKYGFCEAADQFHVLDEVR	KLYARSLPVSDLIFYFPKYGFCEXXXXXXXXXXXX	0
DVEDSTTCFNAKGPLLKKELSSFIDKGQELCADYS	EPTLKSLCFNAKGPLLKKELSSFIDKGQELXXXXX	1
RQLLPMLLQGTSIFTAPKEIAEIKAQLETALKWRN	RLDRLQLLMLTSIFTAPKEIAEIKAQLXXXXXXXX	0
IIGLAPLCENMPSGKANKPGDVVRAKNGKTIQVDN	GSSGGISIKNMPSGKANKPGDVVIQVDNTDAELLN	1
EAEEKAPVKKSIRDTPAKNAQKSNQNGKDSKPSST	CGSEKAPVKKSIRDTPAKNAQKSNQNGKDSKPXXX	1
AQNLSAMEIRKKARSFAKAAIEKQKSAFIRWGIMA	CHGPIEKVIRKKARSFAKAAIEKQKSCYYTFDWXX	1
GTVRSAAPPQEKKRKVEKDTMSDQALEALSASLGT	XXXXXXAPPQEKKRKVEKDTMSDQALEALSQSAPP	1
QQLKIDIEKGKLSDNILKLEKQINKEKKLIRRGRT	XXXXXXXXKGKLSDNILKLEKQINKEKKEHEACFS	0
CLVRGGHEIILSAFDNFKEVCGEKQRFEKLMEHFR	EIALSLNEIILSAFDNFKEVCGEKQRFEKLMEHEF	0
EPLHIINSSNVTDEPLLKMLLTKADSDGPEFKTIH	ATAKAYLKKISTDEPLLKMLLTRLKVSFASLITAE	0
FSSHLPIQLFPKSFFSSKAKVIYLMRNPRDVLVSG	VIILSPRLFFPKSFFSSKAKVIYMREEKNFLLIQF	1
LKSALSGHLETVILGLLKTPAQYDASELKASMKGL	IAFELASLKETVILGLLKTPAQYDASEIVYMRVSE	1
AKRMKALVEQGFTVPEIKTILGTMPAFEVSLQALQ	XXXXXXXXXXGFTVPEIKTILGTMPAFEVSATFQT	0
PGLQGPPGPAGPPGSPGKDGQEGPIGPPGPQGEQG	LGGGGPPGPAGPPGSPGKDGQEGPIGPPGPQXXXX	0
IGKTGTIALSEVENIHQKGGEGISEKAEVIPVTLA	CSSTGTIALSEVENIHQKGGEGISEKAEVIPVTLA	0
RPTLAWLEDSSSCSDIPKLEGDSDDLLEDSDSEEH	CTKVHLKFDSSSCSDIPKLEGDSDDLLEDEKKPXX	0
LSMDDEIQKLATELYHQKSVLIMGRGYHYATCLEG	XXXXXXXXXLATELYHQKSVLIALKIKEITYMHSE	1
LFQGNTNPTDVVVAVFPKPLITRFVRIKPATWETG	DVITIKEGPVLFVAVFPKPLITVYGCENNNTPELR	0
EEGLILFDQIPVSSGFSKNGVLVSVLGTTTMRVDI	DIVLILFDQIPVSSGFSKNGVLVSVRVDIPALGVS	0
KSQNLRRLQAQRNELNAKVRLLREELQLLQEQGSY	KSQNLRRLQAQRNELNAKVRLLREELQLLQEQGSD	1
AVQNPLVSERLELSVLYKEYAEDDNIYQQKIKDLH	XXXXXQNSERLELSVLYKEYAEDDNIYQQKIKDLH	0
LENGQAMECTVAQYFKQKYSLQLKYPHLPCLQVGQ	LQLENAMECTVAQYFKQKYSLQLKPHTYLPEVXXX	1
GYMHEKGLGIKQDIHLAKRFYDMAAEASPDAQVPV	MFNLGYMHEKGQDIHLAKRFYDMAAEAAQPVFLAL	1
WGKKAFSGYLGTDQSKWKAYDATHLVKSYPGSQLD	VLCGKAFSYLGTDQSKWKAYDATHLVKSYFXXXXX	1
RKSFLVARISAQVVDYYKEACRALENPDTASLLGR	VNLMLGQQESAQVVDYYKEACRALENWKKLVQMKI	0
ILLLFKPPKYHPDVPYVKRVKTWRMHLFTGIQIIC	PQDRLKPPKYHPDVPYVKRVKTWRMHRVELQCLDA	0
LEKPNYIVPDYMPVVYDKLPQPPSHREAIVNSCVF	EALYQVGKEVYMPVVYDKLPQPPSHREAIVNSCVF	0
ANLHKVKQQFMTTQDASKDGRIRMKELAGMFLSED	AFFHKVKQQFMTTQDASKDGRIRMKELAGMXXXXX	1
ITQLPDIQEKLHQLQMEKLPSRKAITEMISWMNNV	DTIRSNIQEKLHQLQMEKLPSRKAITEMKWIVDFV	0
DLHASGDPAWQCIGAQHKWILQLMHSCKEGYVKDL	XXLLETPSAWQCIGAQHKWILQLMHSCLVQLNFWD	0
QAPVIMGNTSVGPEVKFKGVFHPVIISPDRIEELS	ECGGGLPNTSVGPEVKFKGVFHPSHSVKRAKRERG	1
VAQLEEEKKHLEFMNQLKKYDDDISPSEDKDTDST	VAQLEEEKKHLEFMNQLKKYDDDISPSEDKDTDST	0
KTWKFVEGLPINDFSREKMDLTAKELTEEKESAFE	VTVQYGVYSFINDFSREKMDLTAKELXXXXXXXXX	1
DLMGTAEDFADQFLRVTKQYLPHVARLCLISTFLE	XXXXXXEDFADQFLRVTKQYLPHVARLCLRESSET	1
SIVGRPRHQGVMVGMGQKDSYVGDEAQSKRGILTL	XIVGRPRHQGVMVGMGQKDSYVGDEAQSKRGILTL	1
HDKVWCGYRNKIYVVQPKAMKIEKSFDAHPRKESQ	RGYHLLVVHDKVWVVQPKAMKIENSXXXXXXXXXX	0
FSRGLLKPGLNVVLEGPKKAVNDVNGLKQCLAEFK	AFRGLLKPGLNVVLEGPKKAVNDVNGLKQCLAEFK	0
NNDFRKNLKVTAVPTLLKYGTPQKLVESECLQANL	YFVLISCVFIYCLVTLLKYGTPQKLVCLVEMLFSE	1
DGTGFARISFDSQISTTKRFEQELRLVSYSGVLFF	XXXXXXXXSFDSQISTTKRFEQLLQVFLLGGKRVL	0
SLQTQGSSHETLNIVEEKKRAEVGKDERVITEEMN	SLQTQGSSHETLNIVEEKKRAEVGKDERVISPQID	0
KGPTRQRKCGFCKSNRDKECGQLLISENQKVAAHH	XXXKTQRKCGFCKSNRDKECGQLLIAAHHKCMLFG	1
RIEAACFATIKDGKSLTKDLGGNAKCSDFTEEICR	KDMANPTATIKDGKSLTKDLGGNAKCSDFTXXXXX	1
VMGGFQLLAKPAIDFLNKNQELLQDLSEVNDENTQ	LRPLLSLLAKPAIDFLNKNQELLQDLSVNDENTQL	0
FPGFDERADAETLRKAMKGLGTDEESILTLLTSRS	XXXXXXRADAETLRKAMKGLGTDEESILLLISAFK	1
TESSKPGPSAHDLAAQLKSSLLAEIGLTESEGPPL	QDAVKPGPSAHDLAAQLKSSLLAEIGLTESEGPPL	0
DGEDQPKQVYVDKLAELKNLGQPIKIRFQESEERP	SFTLKLETVYVDKLAELKNLGQPIKIRXXXXXXXX	1
IMMRTGLIKHTEYMEFLKSVPTFQSLPEEILSKLA	XXXXXXXIKHTEYMEFLKSVPTFQSLPEEILSKLA	0
LSNHTGRIKVVFTPSICKVTCTKGSCQNSCEKGNT	XXXXXXXXXXXFTPSICKVTCTKGSCQNSCEKGNT	0
MFQIGKMRYVSVRDFKGKVLIDIREYWMDPEGEMK	SRDDNMFQYVSVRDFKGKVLIDIREKPGRKGISLN	1
AAFSSVGSVITKKLEDVKNSPTFKSFEEKVENLKS	AAFSSVGSVITKKLEDVKNSPTFKSFEEKVENLKS	1
EECQQFKKQIMKEIQEHKIKIYEFPETDDEEENKL	KVNIIPKKQIMKEIQEHKIKIYEFKLPVHXXXXXX	1
ILWQAEQPVSQTTTLPQKVLDSTPVLDSVLSESLR	ELESILWQAEQTTTLPQKVLDSTPVLDSYVNSKQF	0
VFLENVIRDAVTYTEHAKRKTVTAMDVVYALKRQG	LFLENVIRDAVTYTEHAKRKTVTAMDVVYALKRQR	1
EEREAFTRANHLNKLAEKEETGMAMRIRVGQSMNM	LIVPEGSSERFLNKLAEKEETGMAMNSYLLAXXXX	1
EGIILFKEKAKEALGKAKDANNGNLQLRNKEVTWE	SNHGEIFEKAKEALGKAKDANNGNLQLRNKEVTWE	1
TAVAPLDRTKIIFQVSSKRFSAKEAFRVLYYTYLN	XXXXXXXRTKIIFQVSSKRFSAKEAFRVLVVRRTG	1
PMEYKGELASYDMRLRRKLDLFANVVHVKSLPGYM	SSMKEKVAASYDMRLRRKLDLFAQTEYSSSYSAEY	1
LSDSYSNTLPVRKSVTPKNSYATTENKTLPRSSSM	XXXXXXXTLPVRKSVTPKNSYATTENKTLPSHAAG	1
LEIFTKLEEIQQQILQQKHSMILLENQIGCLTPEL	LLKFTKLEEIQQQILQQKHSMILLXXXXXXXXXXX	0
SETEEASQLKERLEKEKKLTSDLGRAATRLQELLK	ACRLQELQLKERLEKEKKLTSDLGRAATXXXXXXX	1
SSTQYPDVNHAKVKLQGKEVGVYEALKDDSWLKGE	ANDVKNVVNHAKVKLQGKEVGVYEALKDPEGEFXX	1
DRQQIYEKGLELRSQQSKPQDASCLPALKVSDIEP	PKLDQPSKGLELRSQQSKPQDASAKFLHTEIREKW	1
KLFQRSTPAITLESPDIKYPLRLIDREIISHDTRR	XXXXXXXXXITLESPDIKYPLRLFALPILGLHIYL	1
GQTCEMCQTCLGVCAEHKECVQCRAFNKGEKKDTC	XXXXXXXXXXXGVCAEHKECVQCRAFNKGEKKCEC	0
ELAKGPQEVAVYVQELQKLKSSVNELTQKNQTLTE	ELAKGPQEVAVYVQELQKLKSSVNELTQKNQTLTE	0
KNCQDKLETSLHVLNQIKSQLQQPLLINLEIKHIQ	XXXXXXXXTSLHVLNQIKSQLQQPLNCEAFQEQVW	0
SAKNPSIKSAEQLTTFLKHVVSVFKQSSSEGIHLE	FLLQKVTLSAEQLTTFLKHVVSVFKQGILEHLSQI	0
KTYTDELTPIESAVSVFKAANWYEREIWDMFGVFF	SLVDLTYNLLESAVSVFKAANWYEREIFANHPDLX	0
MAWRSRFFEYRAYRSIIKDYFHRGAKWTTAPKPTM	LIVNEIIEEYRAYRSIIKDYFHRGAKWTTCVXXXX	1
RSVNLTEQNSNNSAVPYKRLMLLQIKGRRHVQTRL	XXXXXXXLTEQNSAVPYKRLMLLLVEPLLSPHCCE	0
VFEEIGRRLKDIGPEVVKKVNAVFEWHITKGGNIG	XXXXXIGRLKDIGPEVVKKVNAVFIDLKSGSGKVA	1
KGPSYGMSREVQSKIEKKYDEELEERLVEWIIVQC	XXXXXXXSREVQSKIEKKYDEELEERLGRLFQTDM	1
FMERYQEVIQELAQVEHKIENQNSDAGSSTIRRTG	XXXXXXXVIQELAQVEHKIENQNSDAGGSAAAAGM	0
HKVAQKREDAVSKEVTRKLSEADNRKMSRKEKDER	XXVAQKREDAVSKEVTRKLSEADNRKMSRKEKDER	1
DALQPPHEYVPWVTVNGKPLEDQTQLLTLVCQLYQ	DALQPPHEYVPWVTVNGKPLEDQQLLTLVQLYXXX	0
QEHLAPKAQEIDRSNEFKNLREFWKQLGNLGVLGI	XXHLAPKAQEIDRSNEFKNLREFWKQLSAVGSYGI	1
NDLQEKFAQLEAENSILKDEKKTLEDMLKIHTPVS	EDLQEKFAQLEAENSILKDEKKTLEDMLKIHTXXX	0
PSRLSPAQGPPQPQSSAKKESFGGQGTKGKDPTSG	VQRLSPAQGPPQPQSSAKKESFGGQGTKGKDPEAX	1
NTKLEVKKIPQELNNITKLNEHFSKFGTIVNIQVA	XXXXXVKKIPQELNNITKLNEHFSKFGTINIQVAP	0
QSSSFERRDRFVGQSEGKKARPTARREDPSFERYP	QSSSFERRDRFVGQSEGKKARPTARREDRFXXXXX	1
WLHECMIRLFNTAVCESKDLSDTVRTVLKQEMNRL	FLLMLMIRLFNTAVCESKDLSDTVRTVLKQEMNFA	0
QQEIKATVTVNTSDLGNKKKDDEVDRDAPSRKKAK	XXEKDMAVTVNTSDLGNKKKDDEVRLAKDTGGLLG	0
GWGNLVYVVNYPKDNKRKMDETDASSAVKVKRAVQ	XXXXPGACVNYPKDNKRKMDETDASKVKRAVQKTK	1
LCMAPVHLRGFNVADVQKKEYVCPAPHSEPPSCNA	TLCMAPHLRGFNVADVQKKEYVCPXXXXXXXXXXX	0
KKLWGDRYFDPANGKFSKSATSPEGKKLPRTFCQL	KKLWGDRYFDPANGKFSKSATSPEGKKLPRTFCQL	1
MGAFHGRTMGCLATTHSKAIHKIDIPSFDWPIAPF	FMGAFHGRTMCLATTHSKAIHKIDISIPFQSEGGD	1
HRYRPGTVALREIRRYQKSTELLIRKLPFQRLMRE	XXXYPGTVALREIRRYQKSTELLIRKMALQEACES	1
SQVGMTAPGTRRHIYDTKLGTDKCDNSSMSLQMGY	SQVGMTAPGTRRHIYDTKLGTDKCDNSSMSLQXXX	1
NIDIPTTQQVPHIEALLKRKLSEQEELKKKPRRSC	XLHIDIPQQVPHIEALLKRKLSEQEELKKQCLILG	0
LALVKGLLAGNVFDWGAKAVSAVLESDPYFGFEEA	FEEALDGVKRLVFDWGAKAVSAVLESLNMGVIKNA	0
SVKENLEINKLSGVITTKESLIGLENEFFTFFVRA	SESVKENLEINKGVITTKESLIGLFFVIXXXXXXX	0
CAPNRHLAEHSPYYEAMKKKDTEVLFCFEQFDELT	SALYYLLAEHSPYYEAMKKKDTEVLFSVEDIDEFE	0
QDQTGKETLAFPLWESTKVVPLSKFVLLRSVDLVS	LAGKVQDTLAFPLWESTKVVPLSKLQLEDLLHQGL	0
KLSVTVDPKYHPKIIGRKGAVITQIRLEHDVNIQF	XXXXXXXPKYHPKIIGRKGAVITQIRLEVNIQFPD	1
QDKEGIPPDQQRLIFAGKQLEDGRTLSDYNIQKES	LDTIEVKPDQQRLIFAGKQLEDGRTLSDYNIQSTL	1
KVDHTGEYGNLVTIQSFKAEFRLAGGVNLPKIIDC	NIPAQPITKLKNVIQSFKAEFRLKIIDCVGSGKER	0
KMQQEVVEMRKKNEEFKKLALAGIGQPVKKSVSQV	XXQQEVVEMRKKNEEFKKLALAGIGQPVKKPQEKA	1
IPLDSETHNYQIVNHDQKLLLITSTTPQWKKNRVT	YACVFNDEIYQIVNHDQKLLLIVYEYDTREDQWIN	0
LRTHSSYCSDPNLVLDLKNLIVLFADTLQVYGFPV	XLYRFLRSCDPNLVLDLKNLIVLFADLFDMLLEIR	0
AISRDLSSQLLKVLGTRKLMHVAYEEFEKVMVACF	XXXXXXXELLLKVLGTRKLMHVAYEEFEKVMCLRL	1
LSTLARLLFPAVDDNLLKFLYDDNQRVEPEWYIPI	XXXXVDPRKFAVDDNLLKFLYDQRVEPEWYIPHMG	0
KMLLSAGRTIKLWVLETKEVYRHFTGHATPVSSLM	CISGKMLLSIKLWVLETKEVYRHPXXXXXXXXXXX	0
GICEDESSHGVIMEKFIKDVSRSSKSGRARESSDR	GICEDESSHGVIMEKFIKDVSRSSKSGRARESSDR	1
LKSALSGHLETVILGLLKTPAQYDASELKASMKGL	IVFELASLKETVILGLLKTPAQYDASEIVYMRVSE	1
LKSERRGIHVDQSDLLCKKGCGYYGNPAWQGFCSK	XXXXXXXXXVDQSDLLCKKGCGYYGNPAWQGFCSK	0
YEVATWDSIATALSLNHKTFSSADRASLIDDAFAL	EDNFKPDSIATALSLNHKTFSSADRASLILTKYLK	0
GKTFVNITPAEVGVLVGKDRSSFYVNGLTLGGQKC	XXXXYKDPPAEVGVLVGKDRSSFYVNGLTVRDSLL	1
PSLKRVGPVAATYPMLNKKGPVPAATNGCTGDANG	NHLHKVGPVAATYPMLNKKGPVPAATNGXXXXXXX	1
AELRVLVAVKRVIDYAVKIRVKPDRTGVVTDGVKH	XXXXXXXXXKRVIDYAVKIRVKPDRTGVVTDGVKH	1
PVEKASLLLCGSDLPLHKMAIQGFHLIDADRIYQH	XXXXXXXXXXXXDLPLHKMAIQHLIDARIYHLSET	0
FSAYIKNSNPALNDNLEKGLLKALKVLDNYLTSPL	KFSAYIKNNPALNDNLEKGLLKALKVLDVQCRGFT	1
ISREECDKYALQSQQRWKAANDAGYFNDEMAPIEV	XXXXXPFKYALQSQQRWKAANDAGYFNQVDEHARP	1
TEAIENFRTVVSLTQEQKFEHMYAQSLQVPYRNSL	SIAEAINFTVVSLTQEQKFEHMYAQSXXXXXXXXX	0
KESDLRRSEVPCAPMPKKTHQPSDEVGTSIEHPRE	XXNVKLRSEVPCAPMPKKTHQPSDEVGTSESKHSD	1
SWTRILVQGCHAAAELIKEVSLGCMLNGQEVRLTI	XGEKPLVAGCHAAAELIKEVSLLTIHYENGFTPFI	0
IDEDIVSRVAEEMTFFPKEERVFSDKGCKTVFTKL	LPLEYKHLVAEEMTFFPKEERVFSDKGCXXXXXXX	0
KEKTISVSSSKSGPVIAKREVKKEVNEGIQALSNS	PTPPRPESSSKSGPVIAKREVKKEVNEGIQSKTGR	1
VPSGGGRFSGFGSGAGGKPLEGLSNGNNITSAPPF	VPSGGGRFSGFGSGAGGKPLEGLSNGNNITSAGDR	0
RLSLPPNVRIMFEVQDLKYATLATVSRCGMVWFSE	VGPSGDVDPEVFEVQDLKYATLATVSMWMDKYGTS	0
YKPKKIKTEDTKKEKKRKLEEEEDGKLKKPKNKDK	XXXXXXKTEDTKKEKKRKLEEEEDGKLKDNKKKAA	1
VKTIHDLHLFIENIDFNKSGSSTASWIQNVDTKYQ	XXXXXXLHLFIENIDFNKSGSSTASWIQNVDTKQI	0
VCHQGTVLSCDISHDATKFSSTSADKTAKIWSFDL	XXXLKLVVFCDISHDATKFSSAKIWSFDLLLPLHS	0
NSEMEQKVKSLTQVYESKLEDGNKEQEQTKQILVE	XXXMEQKVKSLTQVYESKLEDGNKEQEQTKQIIQH	0
VYVAESLISSAGEGLFSKVAVGPNTVMSFYNGVRI	DPYESERVYVAESGLFSKVAVGTVMSLGKANCIRT	0
ELRETYNTQQLALEQLYKIKRDKLKEIERKRLELM	MPRETYNTQQLALEQLYKIKRDKLKEIERKRLEAS	0
NTVEITELPVRTWTQVYKEQVLEPMLNGTDKTPAL	RLHGEITELPRTWTQVYKEQVLEPMLNGLIDYKEY	0
ALGIVSTKDTQFSYAVFKSRVVAGEVQVQRLQGDA	ALGIVSTKDTQFSYAVFKSRVVAGEVQVQLKIARL	0
EQRRPQLEELITAAQNLKNKTSNQEARTIITDRIE	ALADFNWEELITAAQNLKNKTSNQEARTIITDRIE	0
RSYYRGRKKGKKKDQIGKGTQGATAGASSELDASK	KMRYRGRKKGKKKDQIGKGTQGATAGASSELDASK	1
RAEEREIKFLDVLELAEKFWYDMAALLTTIKDTQD	XPAEVDIRFLDVLELAEKFWYDMAALLELEFIRIL	0
EVRKVLGEKGKNIKIISKIENHEGVRRFDEILEAS	TKGAVFASFIRKDVIISKIENGVFILSDGIMVARG	1
PALCSPLRKSPLTLEDFKFLAVLGRGHFGKVLLSE	XXXXXXXXXXXLTLEDFKFLAVLKVLLSEFRPSGE	0
LLSTDREASIDILHSIVKRDIQENDEEAVQVKEQS	XXMAAAEFSIDILHSIVKRDIQAVVKEQSILELGE	1
RKKISNAQLQTELVEILKNMFLPQKKMIKEQIEWL	ARIRTEAILQTELVEILKNMFLPQKMIXXXXXXXX	0
PELPPRNIPLTASSCEAKEVPFSNENPRATETSRP	XXXXXXXXPLTASSCEAKEVPFSNENPSDYLSTQL	0
AIDHRAEKLYFSDATLDKIERCEYDGSHRYVILKS	XDIRTPNGLYFSDATLDKIERRYVILKSEPVHPFG	0
QPFFRHGYFCFHEAADQKRFSALLSDCVRHLNHDY	KEFPVYLYFCFHEAADQKRFSALLSDCHSVKMEPY	0
DEIRGYKLHVEVAKFQLKGEYDASKKKKKCKDYKK	YKDNKDGLCCEVAKFQLKGEYDASKKXXXXXXXXX	1
TLEDLDREFKAFAHAQWKAQVRSIYSLLMGSYNDI	XXXXXXXEFKAFAHAQWKAQVRSSLMGSYNVEIPE	1
EESKQEQLILDHLPSVTKESSLRATQPSENDKLQK	LESKQEQLILDHLPSVTKESSLRATQPSENDKLQK	0
QATKTKAPDDLVAPVVKKPHIYYGSLEEKERERLA	XXXXXKAPDDLVAPVVKKPHIYYGSLEEKERERVL	1
EAELLKVANKEKTVQDLKQEIKALKEEIGNVQLEK	ISELLKVANKEKTVQDLKQEIKALKEEIGNVQLRE	1
IGNTFQHVQSLPTKKITKKPIPDEHLILKTTFEDL	XXXXXRFSLQGPTKKITKKPIPDEHLILKTFESKR	1
VSAPGVQGDVKGPQVALKGSRVDIETPNLEGTLTG	VSAPGVQGDVKGPQVALKGSRVDIETPNLEGTLTG	1
SVDSTISSSSSTKGIKRKATEISTAVVQRSATIGS	PPPPPPPPSSSTKGIKRKATEISTAVVQSAIATGH	1
DFLLGEHLLLVGNQGVGKNKIVDRFLHLLNRPREY	FQHVVMMLLLVGNQGVGKNKIVDRFLVVDEIVLAN	0
PENALLPAGFRQKNQTSKSTTGPFDREHLLSYLEK	LETVLDDAGFRQKNQTSKSTTGPFDREHLLSYLEK	1
PSHGSVSSLNSTGSLSPKHSLKQTQPTVNWVVPVA	XXXXXXSSLNSTGSLSPKHSLKQTQPTVNWVVPVA	0
ELRLLIHQSLAGGIIGVKGAKIKELRENTQTTIKL	XXXXXIHQSLAGGIIGVKGAKIKELRENTQTTIKL	1
IIEYLVPERGPERGLGSKSLRAFVGEVGARSAAPG	XXXXXXXERGPERGLGSKSLRAFVGEVGASAPGSV	1
LKNELQDAKMAAVESQLKPLPGETLEKCAQDLGST	DMASRWDAKMAAVESQLKPLPGETLCQAARGVAAS	0
GWSQHRQRRLQDHGKERKELFSTTTSQCAEKKPEA	RQWDTRQRRLQDHGKERKELFSTTTSQCSGPHNYD	1
PGLYKIFDEILVNAADNKQRDKNMTCIKVSIDPES	XXXXXXXXXXLVNAADNKQRDKNMTCIWNNGKGIK	0
DDDMARSCAKSFCENFLKAGGLSLVVNVMQRDSIP	KTSASSILLKSFCENFLKAGGLSLVLLIPAARVAI	0
LLAKYRKIHLFDIDVPGKITFQESKTLSPGDSFST	XXXXXYGAKLFDIDVPGKITFQESCYRGAFNLTTG	1
LFSIKPFYRPLGSVNSDKPLTNPRPPSVGGPPEDS	GLSIKPFYRPLGSVNSDKPLTNPRPPSVLADFSLP	0
SYHRLSELVEHVFPLLSKEQNSAFPCPEFSSFCYW	GYKFSQPFYEHVFPLLSKEQNSAFPCPSXXXXXXX	0
LSEDDVVNKRNRAEAVLKHIAELNPYVHVTSSSVP	IHNFFLSDDRNRAEAVLKHIAELNPYVHVTSSFLR	0
LHDLKIAIANIIDEIIEKLKSLDEHYHIRVNLVKT	PLLLSIAIANIIDEIIEKLKSLDEHYHIRVNLIID	0
DEVDGEEQTQKTQGKKRKAQSIPARKRRQGGLSLE	DEVDGEEQTQKTQGKKRKAQSIPARKRHFERDRLM	1
ACAVPRLLIALLESNQQKDGSVLVPPALQSYLGTD	EKLDMPGRIALLESNQQKDGSVLVDRITAPXXXXX	0
VDKKELTGRTLLSVPGYKEKVEFGVLVSFAYKVQG	XXXWSCTLRTLLSVPGYKEKVEFERGALGLPRFEA	1
DLHKRLSSGEDTTELRKKLSQLQVEAARLGILPVG	TELDLHKRLEDTTELRKKLSQLQVEAARLILXXXX	1
CTEWDMFKELDYERIHKKMLKPAFIFDGRRVLDGL	EACDGAHAVLDYERIHKKMLKPAFILIGFQASGEI	1
DFQKRNREEEWDPEYTPKSKKYYLHDDREGEGSDK	RFTLRNREEEWDPEYTPKSKKYYLHDDREGXXXXX	1
IKHLFKDHAYALAVSSTKGATGHLLGAAGAVEAAF	CRPFFVMGNAHATSSSTKGATGHLLAGVEFPPTLN	0
GVQAMVEFDSVQSAQRAKASLNGADIYSGCCTLKI	PCGVAMVEFSVQSAQRAKASLNGADTLKIEYAXXX	1
AEATLKLLQAQGVEVPSKDSLPKKRPIYEDKKRKK	AEATLKLLQAQGVEVPSKDSLPKKRPIXXXXXXXX	1
PLEKDLKITLYDYDLLSKDEKIGETVVDLENRLLS	IKSDQDYPTLYDYDLLSKDEKIGXXXXXXXXXXXX	0
DRAHEAKIRYYTYLIMNKGRLLKAGRQVREPGQDL	XXXPILREGYNHKLIMNKGRLLKTDFIPSFRWVDV	1
AAQLRILAGPAGDSNVVKLQRIEDLPTMVTLGNSF	DRYDAAQLRLAGDSNVVKLQRIEDLPTMVFXXXXX	0
VKLRPGEHFVEDVTDTLKRFFRELDDPVTSARLLP	YRKGGRSLLVEDVTDTLKRFFRELPVLLLALLFAP	0
ASVVTSAESPASRQAAAKLALRKQLEKTLLEIPPP	XXXXXXAESPASRQAAAKLALRKQLEKTLLAAFVK	1
AAKNQLTSNPENTVFDAKRLIGRTWNDPSVQQDIK	XXXXDLGTTYSSYVFDAKRLIGRVDPAPEEISAVT	1
GILTGPGDVSLSTSQVQKELQSINQKWVELTDKLN	EAAQGILTVSLSTSQVQKELQSINQKWVXXXXXXX	0
INKAVGDKLPECEAVCGKPKNPANPVQRILGGHLD	XXXXXXXXNYYKEAVCGKPKNPAGSFPWLINVNER	1
RFRVRYDGIHYLDIVDCKSYDTGEVKVTAENPEGV	LEGETARLNKRFDIVDCKSYDTGEVLEIQQREDEY	0
PKSVREECIPMKRRRRAKLCSSAETLESHPDIGKS	XXXXXXXXXPMKRRRRAKLCSSAETLSVSSKKSER	1
CTGQIKTGAPCRSERLAKYNQLLRIEEELGSKAKF	DLVVIKTGAPCRSERLAKYNQLLRIEXXXXXXXXX	1
KMLLVKANEFEFVLSQFKDFGVRLESLKGLIMHEE	LAEILPLNEFEFVLSQFKDFGVRLESLKLNVSKLP	0
ETIEKIMGNLGAADIDHKLEEQLIDGILYAFQEQT	SRIVDDLKIMGAADIDHKLEEQLIDGILYVVALKR	0
RKLQERVERCAKEAEKTKAQYEQTLAELHRYTPRY	KDEKTAVERCAKEAEKTKAQYEQTLAELHXXXXXX	1
DKVEPHATIAEIKNLFTKTHPQWYPARQSLRLDPK	FLDKVEATIAEIKNLFTKTHPQWYPARQSLDLYFR	1
LRLLIPVRTVQNSGYGPKLTSVHENLNSWIELKKF	LQENPEVRTVQNSGYGPKLTSVHENLNXXXXXXXX	0
LLTLDYPKEALKLFIHNKEVYHEKDIKVFFDKAKH	XXXGVFIEQPTPLFIHNKEVYHEKDIKKIVGPEEN	1
NIMLVRLNSKWDLRRLCKTVGATALPRLTPPVLEE	IRHGMIAVVKWDLRRLCKTVGATALEMGHCFKHED	1
LEFCDGFRKLLDHLQLDKVHLFGASLGGFLAQKFA	PLIRVIFRKLLDHLQLDKVHLAFATHSPRVHSLIP	0
EGTETFADHREGILKTAKVLVEDTKVLVQNAAGSQ	XXXXXXXXXREGILKTAKVLVEDTKVSSVATITRL	1
GFLSYEEALRRVTDVELKRLKDAFKRTCGLSYYMG	XXXXXYEALRRVTDVELKRLKDAFKRTCYHFNLIV	1
DGLVWGSSKLVPVGYGIKKLQIQCVVEDDKVGTDM	AKLEEVSSKLVPVGYGIKKLQIQDYVQSMDVAXXX	1
YARKRLVIQDKNKYNTPKYRMIVRVTNRDIICQIA	XXRKRLVIQDKNKYNTPKYRMIQIAYARIGDMIVC	1
KDTPFSQIKEIIIHQNYKVSEGNHDIALIKLQAPL	TAAHCFDGLPIIIHQNYKVSEGNHDIALYKITRMS	0
HGEDMRKMSFQRCARTDKGVSAAGQVVSLKVWLID	GMQRNSQFKTIEDARTDKGVSAMHQIRKAPGLGLV	1
FPGTYTITIKYGGHPVPKFPTRVHVQPAVDTSGVK	EILIYTITIKYGGHPVPKFPTRVXXXXXXXXXXXX	0
NADWVTKQLNEINYEDHKLKSGTNTKKALQAVYSM	VTYATYPKIWEINYEDHKLKSGTNTKAHNMXXXXX	1
VLSCMVKTEQCLVALLHKHLPGHPYVRRKRKKFPD	SVQFLMKTEQCLVALLHKHLPGHPYVXXXXXXXXX	0
VDDRGRSTGKGIVEFASKPAARKAFERCSEGVFLL	SFSQFGPIERAIVEFASKPAARKAFERCVEPLEQX	1
SYVGEVVRAMDKKKVLVKVHPEGKFVVDVDKNIDI	XXXSYVGEVVRAMKVLVKVHPEGKFVVDVVTPNCR	1
EQKLLTPITTLTSEQIQKLLASTRYPPPAVESDAA	APSLSPEYPTLTSEQIQKLLASTRYPSRPEKGXXX	0
QLEETRHLYHSSQNELAKLESELKSLKDQLTDLSN	XXEETRHLYHSSQNELAKLESELKSLKDQLTDLHD	0
GDFIEHAEFSGNLYGTSKVAVQAVQAMNRICVLDV	HYMDIAAGDFIEHYGTSKVAVQAVQACVLDVGNIT	0
SMTEETLKRAKEIGFSDKQISKCLGLTEAQTRELR	SIEGFTELKSLAKGFSDKQISKCLGLTEAQTRELR	1
MGTTEQPPLPQQTQPPAKQSNNPPLQRSSSLIQLT	MGTTEQPPLPQQTQPPAKQSNNPPLQRSSSLIQLX	0
SEFQNLHRKLSECVPSLKKVQLPSLSKLPFKSIDQ	SEFQNLHRKLSECVPSLKKVQLPSSQLNKFLQNLL	0
HNLWFRSTLMLEHQAFEKGLSLQIKPKQTTEFYEQ	XPIPIRPTLMLEHQAFEKGLSLQIKTPPQQEILDS	0
DVLRRWVDHLCSPQVNQKSKALLVLLSLGCFFSVA	SSFRRWVDHLCSPQVNQKSKALLVLLSVAETLHSM	0
DLKQRLGHRLQLTDLLIKPVQRIMKYQLLLKDFLK	IYHYYCKSELQLTDLLIKPVQRIMKYCXXXXXXXX	0
DFRRQLPSQKTVVVEAGKKQKAPKKRKKKDPNEPQ	SGAETFPSQKTVVVEAGKKQKAPKKRKKKNATFGE	1
NIAISNELFEEAFAIFRKFDVNTSAVQVLIEHIGN	DIANIAILFEEAFAIFRKFDVNTSAVQVLIHIXXX	0
CDSPSYQKRQRMALLARKQGAGDSLIAGSAMSKAK	CDSPSYQKRQRMALLARKQGAGDSLIAGSAGGNVT	1
LIANSLATAGDGLIELRKLEAAEDIAYQLSRSRNI	LIANSLATAGDGLIELRKLEAAEDIAYQLSRSITY	1
AYEDPRFNAEVDQITGYKTQSILCMPIKNHREEVV	AYEDPRFNAEVDQITGYKTQSILQAINKKGGTXXX	0
RTEPEAKKSKTAAKKNDKEAAGEGPALYEDPPDQK	XXXXXXXKSKTAAKKNDKEAAGEGPALYEEILRNP	1
YYIGDIHPSDLKPESGSKDPSKNDTCKSCWAYWIL	ASESDIHPSDLKPESGSKDPSKNDTCKSCWXXXXX	0
PNTDLEELRRLSWSGIPKPVRPMTWKLLSGYLPAN	XXXXEARLDKFKSSGIPKPVRPMTWPFVVFICEYI	0
ESRLAESKPNENRLVETKSSENKLETKVETQTEEL	ITPQDINRPNENRLVETKSSENKLETKXXXXXXXX	1
EVASIEPLGLDEQQCSQKAVVQARLTQPARLTSII	CYRWLSIEPLGLDQCSQKAVVQIFAEDILRCXXXX	0
QYIKNSVTPDMMEEMYKKAHAAIRENPVYEKKPKK	VGGRIMGQVDMMEEMYKKAHAAIRENPXXXXXXXX	1
KVAQMPQEEVELLPPAPKGKGRKPAAGAQSAGTQQ	RLENNYYWEVELLPPAPKGKGRKPAAGAQXXXXXX	0
APFFLKPWTKDILINFLKEVAAAAPALPFYYYHIP	KSQAIAVIAKDILINFLKEVAAAAPLPFYYLLGIL	0
IPHSPYRVNIGQGSHPQKVKVFGPGVERSGLKANE	XXXXXXXXXVNQGSHPQKVKVFTVDCTEAGEGDVS	1
FEGPEIVDCDGCTIDWKKGKNVTVKTIKKKQKHKG	FEPNDYFTNSLCTIDWKKGKNVTVKTIKITKQVPN	0
QAEAEGEGWEYASLFGWKFHLEYRKTDAFRRRRWR	HDMDNEKVWEYASLFGWKFHLEYRDAFRRRXXXXX	0
AFVIRIRGINGVSPKVRKVLQLLRLRQIFNGTFVK	XXVIRIRGINGVSPKVRKVLQLLRLRQINGTVASI	1
KLEEGGPVYSPPAEVVVKKSLGQRVLDELKHYYHG	XXXXXXXXSSPPAEVVVKKSLGQRVLDELKHYYHG	0
NVHGAGGGAFPASQTPSKPASADGHRGPSAAFAPA	XXXXXXXGAFPASQTPSKPASADGHRGPSGTMSPE	0
LHKKSMDKSLEFITNCGKNSFYLDPQTASRFCKNS	GFALYYEASLEFITNCGKNSFYLDPTASFCKSAXX	0
RQTPEFEQFHYEYYCPLKEWVAGKVHLILYMLGCS	LESGRFEQFHYEYYCPLKEWVAGKVHLILXXXXXX	0
TESSKPGPSAHDLAAQLKSSLLAEIGLTESEGPPL	YQLDTPGPSAHDLAAQLKSSLLAEIGLTESEGPPL	0
GEGAWNKENRFCSWVDQKLNSEGMEEARNCGKQLK	HGEGAWNKERFCSWVDQKLNSEGMEEASVLNRSIH	0
MFVCDINEKDISGPSPSKKLKKSQCTPLFMNAYTM	IQPEDMFVCDISGPSPSKKLKKSQCTXXXXXXXXX	1
ESVQVEKGDTEQEIQRLKSSLEEESRSKRELDVEV	AEARKVKGDTEQEIQRLKSSLEEESRSKRELDXXX	1
PSENLGPHEEDQVVCGFKKLTVNGVCASTPPLTPI	ISENLGPHEEDQVVCGFKKLTVNGVCASTPSLDDT	0
KPQRPRRPASPISTIQPKANFDAQQFAGTWLLVAV	XXXXXXXXXXXISTIQPKANFDAQQFATGVLGRFV	0
FGESLQKKLLDIEGLYSKVRSRYSFIQALVRRIRG	SLCSFIEKLLDIEGLYSKVRSRYSFIQAXXXXXXX	0
LYQGLLLQRVPFNVDFDKLPRHKKLERLCLTLGIP	FIGFHSHLTGPFNVDFDKLPRHKKLERLCKTYELT	0
KVLQLLRLRQIFNGTFVKLNKASINMLRIVEPYIA	XXXEPKLAFVLLRGTFVKLNKASINMLWGYPVHEI	1
QRAGAAGGPEEEAEKPVKTKTVSSSNGGESSSRSA	XXXXXAGGPEEEAEKPVKTKTVSSSNGGEKKASAI	1
LKTILATGELGTLTNVYKASMIAMMAGSDFIKTST	LGQWELYLTLGTLTNVYKASMIAMMIVMRAIDFXX	0
AMHSSGSSGKGAGPLRGKTSGTEPADFALPSSRGG	PLLPEGSSGKGAGPLRGKTSGTEPADFAXXXXXXX	1
PDCKHLIPMNPNDDSLFKSLADGILLCKMINLSEP	FVICHLIPMNPNDDSLFKSLADGILLLPILASDLK	0
LFFLNKDAALHMEPKKEKMEPGLEQGKKPRLDSVT	VSIKQSNAALHMEPKKEKMEPGLEQGSDGFKEXXX	1
RGLTSAGRKSRGLGKGHKFHHTIGGSRRAAWRRRN	RGLTSAGRKSRGLGKGHKFHHTIGGSRRAAWRRRN	1
DIASQAHLHLKHARSFHKTVPVKAFPAFLQTVSLE	DHAASHILHLKHARSFHKTVPVKAFPAFLTVQSWR	1
CLMEVTVDRNCLEVLPTKMSYAANLKNVMNMQNRQ	LMRSHNDEHSPCLVLPTKMSYAANLKNVRWXXXXX	0
PKTTPKRKPAKKNKSQKKNTAASLQQWKVGDKCSA	SFAICETSPAKKNKSQKKNTAASLQQWCSAENLSD	1
KKLDEAVAEAHLGKLNVKLTKLTEKQAQYLGMSCD	NKLDEAVAEAHLGKLNVKLTKLTEQASCDGPFKYX	1
IKYPQRVSAQQFDDAFLKEWRLENWKRLDVNQADI	WGILPRVSAQQFDDAFLKEWRLENWKRLDXXXXXX	0
VNIGLEVKSKTAKLQDFKSFLLKDSETSQRLANLR	GVIGLEVKSKTAKLQDFKSFLLKDSETSRLXXXXX	1
NVLSLTNKGEVFNELVGKQRISGNLDSPEGGFDAI	CTSKNVLSGEVFNELVGKQRISXXXXXXXXXXXXX	1
SEASYLITSVELLESKLKTALLDISCVKHIIYVDN	GKEVVLITSVELLESKLKTALLDISVKHIIYINKA	1
WLDKNQTAEKEEFEHQQKELEKVCNPIITKLYQSA	CNEIIWLAEKEEFEHQQKELEKVCNPIIXXXXXXX	1
QITEEKPLLPGQTPEAAKEAELAARILLDQGQTHS	XXXXXXPLLPGQTPEAAKEAELAARILLDQVGTPK	0
RDTLASVFRLLHSLDQAKEELERLAASLDGARTPL	XXXXXXVFRLLHSLDQAKEELERLAASLDGMLQEQ	0
ELKRQRQVLQSTQSPRTKNAPSLPSRTCYKTAPGK	ELKRQRQVLQSTQSPRTKNAPSLPSRTCYKTXXXX	1
MKDKQDEEQRLKEEEEDKKRKEEEEAEDKEDDEDK	MKDKQDEEQRLKEEEEDKKRKEEEEAEDKEDDEDK	1
RGVGIKSTPVTVVLPDTKGKSYLFNIMDTPGHVNF	XXXXXXXXXXXLVLPDTKGKSYLGFTLGSFAKIYA	0
SLSTAAGAAELSAEGAGKSRGSGEQDWVNRPKTVR	NGSATPLPAELSAEGAGKSRGSGEQDWVNRPRNGQ	1
SRAAGSPSPLPAPDPAPKSEPAAEEGALVPPEPIP	SRAAGSPSPLPAPDPAPKSEPAAEEGALVPPEXXX	0
ELQQHVKSVTAPYKYPRKVEFVSELPKTITGKIER	IKDQLTKELQQVYKYPRKVEFVLRKEXXXXXXXXX	1
KGSRSVVPRDTPLNIFVKIIQFIAQERLDFAMKEI	LYRLLWVVIVLPLNIFVKIIQFIAQAIIGLRVFLV	0
ARSMVSTIMKFLDSGPNKAVDSTLKTRILASEPDN	XXXXVSTIMKFLDSGPNKAVDSTLKTRILFPLGTH	0
PARIDEMPEAAVKSTANKYQVFFFGTHETAFLGPK	MARIDEMPEAAVKSTANKYQVFTAFLGPKDLFXXX	1
YHSEAFTVNFGDTEEAKKQINDYVEKGTQGKIVDL	GLFLSFTVNFGDTEEAKKQINDYVEKGGIVDLVKE	1
VAVEEVDEEGKFVRLRNKSNEDQSMGNWQIKRQNG	ARTSGRVAVEEVVRLRNKSNEDQSMTLKAGQVVTP	1
TYDPSGDSTLPTCSKKRKIEQVDKEDEITEKKAKK	TYDPSGDSTLPTCSKKRKIEQVDKEDEITEXXXXX	1
SATQQKKNTKLSSKTTAKLSTSAKRIQKELAEITL	XXXXXXXXXKLSSKTTAKLSTSAKRIQKELAEGPK	1
CQWVVEDAPNPDVLLSHKDDVKEGEGGQESFPELP	AAQAVEDAPNPDVLLSHKDDVKEGEGGQEXXXXXX	0
YEKYWPFYQKQGGHYFPKDHLKKAVAEIEEMCNIL	RAENACVPFYQGGHYFPKDHLKKAVAEIPIDWSLY	1
SKSQVKPDSVTASQPPSKGPQAPAGYANVATHSTL	LEREVKPDSVTASQPPSKGPQAPAGYANVATXXXX	0
STKPKDKGKITKRVKAKKNAAPFRSEVCFGKEGLW	LCKPKDKGKITKRVKAKKNAAPFRSENSKQEQMCN	1
EEAKAVSSQMIGKKLFTKQTGEKGRICNQVLVCER	GKGTFEGLKGGVKKLFTKQTGEKGRICVNIEDKQE	1
GSDPSSMETRAHYNSSNKSYTLNGTKTWITNSPMA	XXXXXGSEQRAHYNSSNKSYTLNARCEDCIRGFLL	1
VREAHGIVVTDVAFLPEKGRGPELLGSHETALFSV	GGQVPVSESGTFAFLPEKGRGPELLGSHETALXXX	0
AEKYKAEDEKQRDKVSSKNSLESYAFNMKATVEDE	XXXXXXXXEKQRDKVSSKNSLESYAFNCEIINWLD	1
FIRPNKVNFGTDFLTAIKNRYVLEDGPEEDRKEQI	XXXXXXXXXXTDFLTAIKNRYVLEDSIMKQQSQLS	0
MLVKNRTQGIIPLAPISKSLWTCSVESSMEYCRIM	PYMAESCRQHVEFAPISKSLWTCSVESGPPNPTYP	0
HVIYEGKSGHILSYDNIKNAREGTRSPRTAHEISL	TTRPTRPPPPLLSYDNIKNAREGTSIMQGTHEAGK	1
MKLGTDDTVMKANLHKVKQQFMTTQDASKDGRIRM	DAFFLHMLVMKANLHKVKQQFMTTQDASGRIRELA	1
GFVLFKDAASVDKVLELKEHKLDGKLIDPKRAKAL	RFGFGFVAASVDKVLELKEHKLDGKLIDPKRAXXX	1
GQVHLRLEWLSLLSDAEKLEQVLQWNWGVSSRPDP	XXXXXXXXXLSLLSDAEKLEQVLQWNWSAAILQDP	0
NLAPGTNPPFMTFDGEVKTDVNKIEEFLEEKLAPP	NLAPGTNPPFMTFDGEVKTDVNKIEEFLEEKXXXX	0
GEYDASKKKKKCKDYKKKLSMQQKQLDWRPERRAG	FKVCYLKKKKKCKDYKKKLSMQQKQLDWRERAKXX	1
TCRLLGPVDKGHDVTFYKTWYRSSRGEVQTCSERR	XXXXXXXXXXVCRLTFYKTWYFQDLHLHHGGAANT	0
PLPPVPLHLRNAPTRLMKDLGYGKGYKYNPMYSEP	PEPPVPLHLRNAPTRLMKDLGYGKGYKYNPMYVDQ	1
ISSAQIVGPGPKPEASAKLPSRPADNYDNFVLPEL	ESSAQIVGPGPKPEASAKLPSRPADNYDNFVLPEL	1
NKKETQMKDLDVITIPSKDVVMVHEPKQKVDLTRY	TTADPIDCVCVRKTIPSKDVVMTFRFDYAFDDSAM	0
EWKKLIMVQHWPETVCEKIQNDCRDPPDYWTIHGL	XXXXXXXXXHWPETVCEKIQNDCRDPPDPDVIHSF	0
RQKVEPLRAELQEGARQKLHELQEKLSPLGEEMRD	RQKVEPLRAELQEGARQKLHELQEKLSPLGEEMRD	1
ALEQYEEVKKKLEMATNKTKSWKDKVAHHEGLIRL	ALEQYEEVKKKLEMATNKTKSWKDKVAHHEGLIRL	0
SSESKNYIALDDFVEITKKYAKGVIPSSLFLQDDE	VRKAALMLVLDDFVEITKKYAKGVIPFLTLLVANF	0
NTPTKTYGMGKGRAADLKYIEACARRIVQNSNGYK	VNTPTKTYGMGKRAADLKYIEACARRIESTVPRAA	1
ELKNVTNNLKSLEAQAEKYSQKEDKYEEEIKILTD	ELKNVTNNLKSLEAQAEKYSQKEDKYEEEIKILTD	1
NEKGLEVTITARFLYGKKVEGTAFVIFGIQDGEQR	XXXSFEVIITARFLYGKKVEGTPIEDGSGVILHSV	0
NVMVEPHRHEGVFICRGKEDALVTKNLVPGESVYG	QSGKNVMVEPHVFICRGKEDALVTEKRVSIEYRAW	1
WELKKPFSIEEVEVAPPKAHEVRIKMVAVGICGTD	XXXXXXXTAGKVIVAPPKAHEVRIVESVGEGVTVK	1
FSTKGKSLESLDTSLFAKNPKSKGTKRDTERNKDI	ERRLSTSLESLDTSLFAKNPKSKGTKRXXXXXXXX	1
LADPAFIRAWVGGVGNYKLGGNYGPTVLVQQEALK	LRSAMRLRPVLAGVGNYKLGGNYGTMGVILPGVXX	0
VSILKQHEVDKLYKVENKPALSSNEQLCFLVRPRI	XXXDLFIEADKLYKVENKPALSSNLCFLVRIKNMR	0
TDHWPGPPSFAVVGPDMKRRSSGREEDDEELLRRR	TDHWPGPPSFAVVGPDMKRRSSGREEDDEELLRRR	0
CKLCARENSIEILSSTIKPYNAEDNENFKTIVEFE	TNLRPVGEFWLILSSTIKPYNAEDNNFKTIVEFGF	0
PQNPVELKALYNQYIHFKETEILAKEREKGRIEEL	QHTILMSKALYNQYIHFKETEILAKEREWGKLIIE	0
NSQQYQQAVKDYELEAEKLRSLLDLENGRRSHVSK	QQVERRASVKDYELEAEKLRSLLDLENRSXXXXXX	1
PWYLDLISYGQDWRKYYKVEPLDFGGTQKQKQLFI	XXXPLSAPWYQDWRKYYKVEPLDGARASAVGERLW	1
NSTRLPKPSRDELFTDDKARHLLVLRKGNFYIFDV	SILKRAFRLFNSTFTDDKARHLDVLDQDGNIRKVD	1
CATYGLNVDRVFQEVAQKVVTLRKQQQLLAACKSL	ALALKRCSYRVFQEVAQKVVTLRKQQXXXXXXXXX	0
GQSIRYLVPDLVQEYIEKHNLYSSESEDRNAGVIL	LRGQSIRVPDLVQEYIEKHNLYSSESXXXXXXXXX	0
IKALADEREAVQKKTFTKWVNSHLARVSCRITDLY	XXXXXXXXXAVQKKTFTKWVNSHLARCRITDLYDL	1
LKRLSTANDEIVEVLLSKHQVLAALRFIRGIGGHD	SPPAHQSLDEIVEVLLSKHQVLAALRFKFLDAAKQ	0
HGKVFLTVPSLSSTAEEKFIKKGEFSGDDSLLDLD	KIEKVFLTVPSLSTAEEKFIKKAFTQXXXXXXXXX	0
KLMKTDRIVGQNSGTSMKDLLKFRRQYYKKWYDAR	LKLKTDRIVGQNSGTSMKDLLKFRRQYGAXXXXXX	1
TRTDKDGKGIQSLGSPIKVNQRTDKNEKGRQNLES	TRTDKDGKGIQSLGSPIKVNQRTDKNEKGRQNLXX	0
KKTEEVECLTYGWSLTPKCTKLKCSSLRLIENGYF	AGGKKTEEVECGWSLTPKCTKLKXXXXXXXXXXXX	0
IKAKGVEILDEGHILQLKNIHVSDTGRYVCVAVNV	KLIKAKGVEILDGILQLKNIHVSDTGYLSVHAXXX	0
IKTKGAFSRLDPTGTFEKEMIGRIPCGRLGTVEEL	PIKTKAFSRLDPTGTFEKEMIGRIPCGRLGTDGGE	1
PARPEYDLVCIGLTGSGKTSLLSKLCSESPDNVVS	XXXXXXXXVCIGLTGSGKTSLLSKLPVVSTFSIKV	0
NNIKQRLIKKVQEAVLDKWVNDPHRMDRRLLALIY	XXXXXRLIKKVQEAVLDKWVNDPHRMDRRLLALIA	1
DLKQRLGHRLQLTDLLIKPVQRIMKYQLLLKDFLK	IYHYYCKSELQLTDLLIKPVQRIMKYCXXXXXXXX	0
NNKYAASSYLSLTPEQWKSHRSYSCQVTHEGSTVE	TLKADSSVGLSLTPEQWKSHRSYSTVAPTECSXXX	1
RLDENFQPIAQDHLPLHKAFFSPFRIVNEGGIDPL	EQLGNPLLYRQDHLPLHKAFFSPFRIELRLFSMAH	0
ADWKEYLNLLICEESHLKYMEDYHQFHEDVKDAQE	YPSRRRQYELICEESHLKYMEDYHQFRQVVPLLVF	0
SMPGFKGEGREVDVNLPKADIDVSGPKVDVEVPDV	ISAKKKGEGREVDVNLPKADIDVSGPKVXXXXXXX	1
QNTGGKNPDPWAKNLNEKDYELLCLDGTRKPVEEY	QTVPQNTGGKNAKNLNEKDYELLRKPVEEYCXXXX	1
ITSDTSGDFRNALLSLAKGDRSEDFGVNEDLADSD	YRDLAKDITRNALLSLAKGDRSENTLTTRXXXXXX	1
TAVEGLGSEPDNLVITWKPLNGFESNGPGLQYKVS	XXXXXKNPTAVEGVITWKPLNGFESLQYKVVANVS	0
HISPSNMTNQNTNEYLEKIKQRLFENLRMLPHAPG	EAIFKPVKNQNTNEYLEKIKQRLFENLRXXXXXXX	0
HAEVYYKLISSVDPQFLKLTKVDDQIYSEFRKNFE	XXHVYYKLISSVDPQFLKLTKVDDQIYSVERIFFA	0
LHMELKSEREKLTQQMIKYQKELNEMQAQIAEESQ	VHMELKSEREKLTQQMIKYQKELNEMQAQIAEEXX	0
TYGTSQKTERELLDVVHKNFDLRPGVIVRDLDLKK	EPSISIKTERELLDVVHKNFDLRVIDPRKLVFXXX	1
KDLTFLKELGTGQFGVVKYGKWRGQYDVAIKMIKE	XPLTFLKELGTGQFGVVKYGKWYDVAIKMIKVCPI	0
GSPSTSTMRLDLQFQAIKIISIIVKNDDSWLASQH	SFLKRLFLLLDLQFQAIKIISIIVKNLTNWKEPKL	0
ERVRAVSASALRFCNPGKEYRPCDPQLVSERVAKL	LELQVFSASALRFCNPGKEYRPCDPQLVSXXXXXX	1
GEGATEAEISMTSTRWRKGVCEETSGAYEKTDTDG	KKIMDRMTVSTLSTRWRKGVCEETSMADRGECVPG	1
PESDQIKQFKEFLGTYNKLTETCFLDCVKDFTTRE	XXXXQIKQFKEFLGTYNKLTETCFLDCVKETTCSE	0
EGAEAIRTRATELLTLLKMPSVAQFVLTPSTEVCS	SLLLSKRTRATELLTLLKMPSVAQFVLTXXXXXXX	0
STRLAGPFPATHYSTLCKPAPLTGTLEVRVVGCRD	RRQLEELRHHRVYSTLCKPAPLDRARELFLKLEDI	0
QISKYFSERGDAVTKAAKQPHVGDYRQLVHELDEA	PCGPVNSERGDAVTKAAKQPHVGDYRQLVXXXXXX	1
VIIAAELLKNADELVKQKIHPTSVISGYRLACKEA	ETIRSVLLKNADELVKQKIHPTSVISGYSREQLAI	1
IRGTNIVVLGVEKKSVAKLQDERTVRKICALDDHV	XXXXXXGSTGVEKKSVAKLQDERTVRKILTALVVQ	1
LEQVVTSIASVADTAEEKFVPYYDLFMPSLKHIVE	YLDNLVKIASVADTAEEKFVPYYDLLIGLAVGKEK	0
QHKGHTTALVEDVCQGYKEKLQKAVTKLKQLEDRC	EGQLITTALVEDVCQGYKEKLQKAVTKLKQLXXXX	0
TAIVKKVDIEAIFSKYGKIVGCSVHKGYAFVQYMS	TSSRVKVDIEAIFSKYGKIVGCSFVQYMSERHARA	1
RVPELQGLVTEHVFLLDKCLRENSDVKTHGPFEAV	SRIFSTAFVTEHVFLLDKCLRENSDVGPFEAVMRT	0
FTGPLFLPPGCWNIFSLKLAVKDIAINLFTNVFLT	VFLTKHMLKILNFIFSLKLAVKLTVLIYGFEVXXX	0
IFVADMSRPWTVMESLQKWASVLREHIDKMKIPPE	HKVIFVADPWTVMESLQKWASVLREHIHLVVLFYX	0
AVTKAQKKDGKKRKRSRKESYSVYVYKVLKQVHPD	XXXXXXXKDGKKRKRSRKESYSVYVYKVLKGISSK	1
LVSYLIRLHNEIVYAVEKLSKENNSYSVDAAEVTE	VPILWHFLHNEIVYAVEKLSKENNSYSQRVSLQGK	0
DDLTVTNPKRIAKAVNEKSCNCLLLKVNQIGSVTE	AGIQVVGLTRIAKAVNEKSCNCLLAQANGWGXXXX	1
SVNSVIAQAPPVAQEALKKELETLTTNYQWLCTRL	SVNSVIAQAPPVAQEALKKELETLTTNYXXXXXXX	0
LSEAVDATRGAVQSGVDKTKSVVTGGVQSVMGSRL	LSEAVDATRGAVQSGVDKTKSVVTGGVQSVMGGQV	1
GALVVVNDLGGDFKGVGKGSLAADKVVEEIRRRGG	TGAGAVNDLGGDFKGVGKGSLAADKVANYDSVEEG	1
PPFPERESSILAKLKKKKGPSTVTDLEDTKRDRSV	REEIVLKISILAKLKKKKGPSTVTDLENQNEKXXX	1
NISLPKAIKLDLITSDLKREIQEVQAFTGNFVDLI	IFSLPKAIKLDLITSDLKREIQEVQAFFVDLIAEG	0
HPMDGNDSDYDPKKEAKKEGNTEQPVQTSKIGLGR	DNGGMLSSDYDPKKEAKKEGNTEQPKGMDLILKRV	1
LDKLQEQLPELLEIIKPKLEMIGFKNFSSISAALE	VHRLWRLTPELLEIIKPKLEMIGFKNFSISXXXXX	0
ELQQMMVECSKYHGQLTKEAAMGQGFDRHLFALRH	AFTETIRPCSKYHGQLTKEAAMGQGFDXXXXXXXX	1
ATQASKSTQLKTNRGQRKVTVSARTNRRCQTAEAD	LSITPLSEQLKTNRGQRKVTVSARTNRRXXXXXXX	1
TLMCSFQILKPADKNKGKYGQFSGLNPGGRPITPP	NYCGEFDNAKPADKNKGKYGQFSGXXXXXXXXXXX	1
QCSGPASLRGLNVAEVQKSEFSCSGQGEAGRVPTC	TQCSGPSLRGLNVAEVQKSEFSCSXXXXXXXXXXX	0
KGRVFANAPDSACVIGLKKKAVAFSPVTELKKDTD	VPGTDFSLYKLKCVIGLKKKAVAFSPLPEQWWSDG	1
PVVIGGLLDVDCSEDVIKNLILVVRGQFSTDELVA	QLPVVIGGLLDCSEDVIKNLILVVRGFTLVVRLKL	0
DGPGGKEATWVVDVKNGKGSVLPNSDKKADCTITM	VKKIGGIFAWVVDVKNGKGSVLPKADKLNLXXXXX	1
KDRPGKPLFHLEHYIEGKYIKYNSNSGFVRDDNIR	EGYFICPFGGVMHYIEGKYIKYRDNIRPIQGVGDL	0
FNLLRNIEGVDKLTRLKKLFLVNNKISKIENLSNL	LYELEILDISVDLTRLKKLFLVLNLHQLQMLELLN	1
LGLSAAVWAKILSSFTDKELLAYAKAGAVAEEVLA	XXXXXXXWAKILSSFTDKELLAYAKAGAKNLEEAK	0
YNLRWSGLLVTVGEVLEKSLLNVSRTDWHMAFTGM	QAQSLTPLLVTVGEVLEKSLLNVSRTDWHMAFRXX	0
TLEALFGKQGFFPDSVNKALYWVNGQVPDGVSKVL	XXXXXXFKQGFFPDSVNKALYWVNGQSLVFGYTKD	0
VEKNNSRIKLGLKSLVSKGTLVQTKGTGASGSFKL	TKAVAVRIKLGLKSLVSKGTLVQTTGASGSFKLNK	1
AKLSCSYSHWSAPAPQCKALCRKPELVNGRLSVDK	ECDKGYILVGQAPAPQCKALCRQYVEPENTCSGNR	0
GAEHPEPKRPSVDSLVSKFTPPAESGSPSKETLPP	MERIYTSSPPSVDSLVSKFTPPAESXXXXXXXXXX	0
KGNRESDGFREEKNYKLKETGYVVERPSTTKDKHK	XXXXXRGMRPEEKNYKLKETGYVVEHEMKEYSGFA	1
HSFGNPSISVSTQQPPKKFAPVVAPKPKYNPYKQP	XXXXXXXXXXSTQQPPKKFAPVVAPPLTATKKQAG	1
KETIELSPTGRPKRRTRKSINYSKIDDFPNELEKL	XETIELSPTGRPKRRTRKSINYSKIDELEKLISQI	1
RLKAMDQEITVNPQFVQKSMGSQEDDSGNKPSSYS	RLKAMDQEITVNPQFVQKSMGSQEDDSGNKXXXXX	0
FHDSKPSSSSPVAYVETKYSPPAISPLVSEKQVEV	FGVDEVISSSPVAYVETKYSPPAISPLVSEKQVEV	0
KEDGTTLHDGFHDLVVLKGDSKKMEDASAYLTLPS	DYFMFRKNFAMSYLVVLKGDSKKMEDAYLSSSVGG	0
AVYVCSTGTGKFSLPQEKIVFNAQGDSVLGAGACG	AYLYNESAVYVCSLPQEKIVFNAVPIITSXXXXXX	0
QLPNDDAQFDASHYDSEKGEFGGFGSVSGKIEIEI	PFYLVMTHADASHYDSEKGEFGGFGSVSGGHTIQX	0
LKIPVDTYNNILTVLKLKHFHPLFEYFDYESRKSM	TVELLKPVYNILTVLKLKHFHPLFEYDQDSINLXX	1
RTGTYRQLFHPEQLITGKEDAANNYARGHYTIGKE	FVDLEPTVIDERELITGKEDAANNRGHYTIGKEII	1
GFVVPSASAKAGVEAMSKSLAAEWGKYGMRFNVIQ	LAFLSITAEKAGVEAMSKSLAAEWGKMRFNVIQWI	1
PQSDPVLKVTLAVSDLQKSLNYWCNLLGMKIYEKD	XXXXXXXXXXLAVSDLQKSLNYWCNLLGMIKEQRA	0
DQLKGHLKANATGISLIKGVDEGPNGLKLISEVIG	XXXXXXWFVVPHQISLIKGVDLISVLMGANVEICG	1
PKVIVVITDGRSQDDVNKISREMQLDGYSIFAIGV	KTGKAIKYVRDSQDDVNKISREMQLDGYISELVSI	1
LKEAVILPIKFPHLFTGKRTPWRGILLFGPPGTGK	LKEAVILPIKFPHLFTGKRTPWRGIMQGVGVDNDG	1
DARNKELIGKHAIPNLVKNLPGGQQNSSWNFSEDT	ADLLTNEEVSHAIPNLVKNLPGGQQNSSWFVILIK	0
GARPLSHQPGPEAPALPKTAAQLKKEAKKREKLEK	GDPPARRIWGPEAPALPKTAAQLKKEAKKREKLEK	1
RVVIIGAGKPAAVVLQTKGSPESRLSFQHDPETSV	SSSAPHETPIWIVVLQTKGSPESRLPGINVASDWS	1
TDNELEKITRRFTMELAKKGFIGPGIDVPAPDMST	SLSFGYRATRRFTMELAKKGFIGPGIDVPIATYAS	1
SMDRVDREIAKVEQQILKLKKKQQQLEEEAAKPPE	AKKDPDREIAKVEQQILKLKKKQQQLEEEAINAQH	1
EDPTQGADLSPDEKVLSKPPEGVVSEVEMLSSQER	KNGQLGADLSPDEKVLSKPPEGVVSEVTQVPADXX	0
EENDEFRRRILGLEQQLKETRGLVDGGEAVEARLR	EENDEFRRRILGLEQQLKETRGLVDGGEAVEARLR	0
PAKSAPAPKKGSKKAVTKVQKKDGKKRKRSRKESY	XXXXXXAPKKGSKKAVTKVQKKDGKKRKRSRKESY	1
KEDGGFRHSEAFEALQQKSQGLDSRLQHVEDGVLS	XXXXGFRHSEAFEALQQKSQGLDSRLQHVEDGVQV	1
APGCGVWQRPVIDNPNYKGKWKPPMIDNPSYQGIW	KIPDEEAQRPVIDNPNYKGKWKPPMIXXXXXXXXX	1
QHHQGPPPGGPGGRSEEKISDSEGFKANLSLLRRP	XXXXXXPPGGPGGRSEEKISDSEGFKANLSLLDEF	1
LERLEQSKALVSNLISTKEELMKLRQILRLLRLRC	DIYTNLSMALVSNLISTKEELMKLRQIVSALWEKW	0
KVWSQACLGACAPHLEEKLSPPVPSCSVVGAISSY	SFYSPILWLGCAPHLEEKLSPPXXXXXXXXXXXXX	0
SRIEEGVPQFLVLISSGKSDDEVDDPAVELKQFGV	AFSDRQINVGNALISSGKSDDEVDTIARNADQEEL	0
KPKRPAILTYHDVGLNYKSCFQPLFQFEDMQEIIQ	GQTTFTVYTYHDVGLNYKSCFQPLFQFRVHVDAME	0
SGCVAYVLRTGFNTSQGKLLRTILFGVKRVTANNL	CDMLTFGGRTGFNTSQGKLLRTILFGTVGDAAXXX	0
IIAKLANQAADYFGDAFKQCQYKDTLPKEVFPVLA	LSLIMLAQAADYFGDAFKQCQYKDTLPKEVFPVLA	0
RASDVVLGFAELEGYLQKQPYFGAVIGRVANRIAK	XXXLWGTLGFELEGYLQKQPYFGAINKLHGGVRGF	0
TGPLSSCHKLVDPQGPLKDCIFDLCLGGGNLSILC	KKYQKFCGLLSDPQGPLKDCIFDLCLLNIAYXXXX	0
AFNLRGQSPLHILGQYGKENAAAIFDLFLECMPGY	VMHGRLNIPLHILGQYGKENAAAIFDVLAYMKGNA	0
EQLGKKYNINPVSMDICKQEEKLGFLVAKQDLVIS	VLGSVGSDMKPVSMDICKQEEKLGFLVASLLPYVL	1
ISNCHKTKLKSILEILSKSPDSYQKILLAICEQAA	LPVSHKTKLKSILEILSKSPDSYQKILDSGLGGAW	0
QMDVNPEGKYSFGATCVKKCPRNYVVTDHGSCVRA	PLMVNPEGKYSFGATCVKKCPRYVVTHGSCVGVRR	0
CPTSSDSLASVCSPSQLKDDGSIGRDPSMSAITSL	XXXXXXSLASVCSPSQLKDDGSIGRDPTVDSVISS	0
DDNFIEERKQGLEQFINKVAGHPLAQNERCLHMFL	SVVVPPLPKQGLEQFINKVAGHPLAQNELHFLXXX	0
RIQNKPLYFADQLYDSMKGKGTRDKVLIRIMVSRS	XXXXXXLYFADQLYDSMKGKGTRDKVLIIMREFKK	1
EKATQELIPIEDFITPLKFLDKARERPQVELTFEE	EKATQELIPIEDFITPLKFLDKARERPQVEKYTQX	0
IQIKEPAEKQKFFQELSKSLDAFPEDFCRHKVLPQ	XXNRFVETNQKFFQELSKSLDAFPECVLVVLTPLF	0
HLKALTSELANARDESKKTANDMIHAENMRLGRDK	HKLNDRLTLANARDESKKTANDMIHAENMXXXXXX	1
KVKSIVTLDGGKLVHLQKWDGQETTLVRELIDGKL	TTADDRKVKSIVTVHLQKWDGQETTLVLTHGXXXX	1
ATANLSRRAIADMLRACKEAAYHPEVAPDVRLRAL	PAKTSTPDFMADMLRACKEAAYHVVRLRALHYGRL	1
FQKAINEKLGQYASPTAKRCCQDGVTRLPMMRSCE	FQKAINEKLGQYASPTAKRCCQDGVTVQQPDCREP	1
FIVPLTDLRIPSVQINFKDLKNIKIPSRFSTPEFT	SLQALQKATFQTVQINFKDLKNIKIXXXXXXXXXX	0
QSSDTTAKALWEALLNTKHKEAVMEVRRHLVEAAS	GDNLVEKIILWEALLNTKHKEAVMEVRRRVTTLTV	0
EAFQLYQEAAQLDMLLEKLPQVAEEISGPLTSANK	XXXKFYQEAAQLDMLLEKLPQVAEEISGVLDILTR	0
QSGPGAPNLDRFYQQVTKDAQGQPGLERAQQELVP	VGDRPAPNLDRFYQQVTKDAQGQPGLERXXXXXXX	0
SVQHNEDITLEEMRRALKEQVIRAVVPAKYLDEDT	QVITIVISVLEEMRRALKEQVIRAVVPALDETVYH	1
LVEDTKLLVSGAASTPDKLAQAAQSSAATITQLAE	IAEDTKLLVSGAASTPDKLAQAAQSSAITKAASKT	0
LKDNVPKATGVLYDYVNKYHWEHTGLTLREVSSKL	FSPAFTKATGVLYDYVNKYHWEHTGLTLREVSXXX	0
PKPERGKMRVHKINNVNKALDFIASKGVKLVSIGA	EERLPKPERVHKINNVNKALDFIASKLIGAEIVMX	1
FQFSYGTKETSYGLSFFKPRPGNFERNFSVNLYKV	KLPNLLGRAEKVTLSFFKPRPGNFERNFSVNSAEY	0
AMWRKVPDFLGSPGAEGKDRWALQTPTELQGNITQ	PDGLLMWRKVPDPGAEGKDRWALQXXXXXXXXXXX	0
VQPICLPEPGSTFPAGHKCQIAGWGHLDENVSGYS	XXXXXTFLRPRTFPAGHKCQIAEALVPLVACAGYS	0
DECKPVKWCALSHHERLKCDEWSVNSVGKIECVSA	XXXXXXXWCALSHHERLKCDEWSVNSIECVSMNFC	1
RKNVTGILWNLSSSDHLKDRLARDTLEQLTDLVLS	AKLLVIILWNLSSSDHLKDRLARDTLAGFLRNLSS	0
FIRILGADLIFACGETEKPEVRKSIDEMNNAWENL	WIRILGADLIFACGETEKPEVRKSIDEMFLXXXXX	0
KPPGLLPRKGLYMANDLKLLRHHLQIPIHFPKDFL	YSWLGEGRKGLYMANDLKLLRHHLQIPIHFPKFWM	1
PVTGPRSALAPNLLTSGKKKKEMQVTEAPVTQEAV	PVTGPRSALAPNLLTSGKKKKEMQVTEAPVTQEXX	1
GASGSTRIITRLRNPDSKLSQLKSQQVAAAAHEAN	XXXVSIQEETRLRNPDSKLSQLKSQQVAAAAHEPA	1
SWADLVNAHVVPGSGVVKGLQEVGLPLHRGCLLIA	NTVKKQYNAHVPGSGVVKGLQEVGLPRGCLLMAEE	0
IGRVANRIAKGTFKVDGKEYHLAINKEPNSLHGGV	XXXXXXXIAKGTFKVDGKEYHLASDGEEGYPGEAS	1
DDGKPRPAFSNALEPDFKATSITVTGSGSCRHLQF	IAGKPRPAFSNALEPDFKATSIXXXXXXXXXXXXX	0
QKKVERQTELKRKFEQMKQDRITRYQGVNLYVKNL	XXXXERQTELKRKFEQMKQDRITRYQGVNLYTSFV	1
MKGDYYRYLAEVATGDDKKRIIDSARSAYQEAMDI	LKGDYYRYLAEVATGDDKKRIIDSARSAFHYEIAN	1
EFKRWVPTLRSVCLIGDKEQRAAFVRDVLLPGEWD	DAEMEEIFDDKVCLIGDKEQRAAFVRDVLLVTSYE	0
HSEDASALQGGTSVAQIKAQLKEIEAEKVELELKV	HSEDASALQGGTSVAQIKAQLKEIEAEKVELELKV	0
APLTPSSAPVSQESLAVKEKFIPPELSIWDYFIAK	IRGGAHVPSKEQESLAVKEKFIXXXXXXXXXXXXX	0
QVAYIYKCVNTTLQIKGKINSITVDNCKKLGLVFD	WVIEDTELKQVAYQIKGKINSITLVFDDVVGIVQV	1
DTNPAKFRTLQNILEVEKEMYGAEWPKVGATLALM	IVYTNKFRTLQNILEVEKEMYGAEWPKVGATLALM	0
GTFRDLGDSHPVLYQSLKDLLEYEGNVEDDMMITF	XTFRDLGDSHPVLYQSLKDLLEYEGNVDMIITNEN	0
ASRYDSPINSASHIPSSKTASLPGYGRNGLHRPVS	KEMEKSRSSSASHIPSSKTASLPGYGKIFPYEMLH	0
SNVTDCSGNFCLFRSETKDLLFRDDTVCLAKLHDR	TGAFRTQNNPDLFRSETKDLLFRDDTXXXXXXXXX	1
GKLAFYDHYLIEQIQSGKEPEVRQFFFLLAVCHTV	YRDASQDHYLIEQIQSGKEPEVRQFFFLAFGFELG	0
LKRVENLNIHQIFNPETKENISLPKAIKLDLITSD	LKRVENLNIHQIFNPETKENISLPKAIKLDLITSL	0
LRWTPYQGCEALCCPEPKLNNGEITQHRKSRPANH	XXXXXXXXXXXXCCPEPKLNNGEITQHCVYDEISF	0
DRLTKNDVVGTTYLHLSKIAASGGEVEDFSSSGTG	XXXXQNNSCEKIYLHLSKIAASGFVPTFGLVLDTQ	0
YNSLMKSYVSEKDVTSAKALYEHLTAKNTKLDDLF	XAYNLMKSYVEKDVTSAKALYEHLTAKLFLKRYAS	1
KDGDLVDWWTQQSASNFKEQSQCMVYQYGNFSWDL	FDDNGRNDWTQQSASNFKEQSQCMVYQGINLGNIC	0
IDLLKIKKITAIITQGCKSLSSEMYVKSYTIHYSE	ARLNAQGRVNAWQTQGCKSLSSEMYVNTNTKGHWN	0
SDSVDRYKVEYYPVSGGKRQEFYVSRMETSTVLKD	DDTIDRSKVEYYPVSGGKRQEFYLKDLKPETEYVV	0
KKSKPERKEKKMPKPRLKATVTPSPVKGKGKVGRP	ASKREMRKEKKMPKPRLKATVTPSPVKGXXXXXXX	1
YNEGTQAVTEENIASLQKRVVELENEKGALLLSSI	YNEGTQAVTEENIASLQKRVVELENEKGALLLSSI	0
RATNKYGTDHTSATLIVKDEKSLVEESQLPEGRKG	YGVAYSRDSGIIATLIVKDEKSLVEEKIKXXXXXX	0
AFRALPPRERSRLLGDAKELANILKYHIGDEILVS	SAGLTETRERSRLLGDAKELANILKYHISLQGDVL	1
EQIQPDLHTNDECVATYKGVPFEVKGKGVCRAQTM	EQIQPDLHTNDECVATYKGVPFEVCSNSGIXXXXX	0
PQYSSVFKSLVASSPALKARLEAAIKGNQESVKVK	IGPSSVFKSLVASSPALKARLEAAIKGXXXXXXXX	0
AKPGSPQAKSLQPAVAEKQGHQWKDSDPVMAGIGE	XRITPPAAKSLQPAVAEKQGHQWKDSMVAPIASST	1
EKLHIPWGDNSNQQHGDKMMSFDTRAPMAAQGMVE	RVLVDREWDNSNQQHGDKMMSFDTVFLQYLPAIRA	0
ELCIVMCLKDLTSIVDIKTSSRPAMIGSLTDGSTE	XXXXXXXXXXXTSIVDIKTSSRPAMIGSLTWESGT	0
ISQEQMQEFRASFNHFDKDHGGALGPEEFKACLIS	RISIEMQEFRASFNHFDKDHGGALGPEEFKACLIS	1
NAKGQKETLPSIWDSPTKQLSVVVPSYNEEKRLPV	XXXXXXXXXPSIWDSPTKQLSVVLERQDPAFTYEV	0
YCPTTCGIADFLSTYQTKVDKDLQSLEDILHQVEN	VCPTTCGIADFLSTYQTKVDKDLQSLEDILHQVEX	0
VKEFYSYQNEAVAIENIKRGLASLFQTQLSSGTTN	RPTLLFYSYEAVAIENIKRGLASLFDIIVGQSGLX	1
AEVNRMMKLIINSLYKNKEIFLRELISNASDALDK	XXXXXXXXLIINSLYKNKEIFLRELGFYSAFLVAD	1
TDTAGCRGSSAVLNVTPKSPYTFKIPEIHFPLESK	RSWQQKLNCQQQLNVTPKSPYTFADNSLLRAEHSX	0
KWRPDEEILKALDAAFYKTFKTVEPTGKRFLLAVD	ARIHPFHILKALDAAFYKTFKTVAMMVVRTTGLXX	0
TDEATLDTRKIVEACKAKTDAGGEDAILQTRTYDL	KQEATLDTRKIVEACKAKTDAGGEDAILQTRTYDE	1
LVDYDSARHHYESLQTAKKKDEAKIAKPVSLLEKA	XXXXXAARHHYESLQTAKKKDEAKIAKPVSEGLQA	1
IFFFKDRFIWRTVTPRDKPMGPLLVATFWPELPEK	QIIEIFFFIWRTVTPRDKPMGPLSIKSDWLGCXXX	0
VDVQAKMRAELEYGLKKKSHGLATVRMLPTYVCGL	XXXXXKMRAELEYGLKKKSHGLATVRMLPRQMEDM	1
AAEGLRMATNAAAQNAIKKKLVQRLEHAAKQAAAS	XXXXGYDTTNAAAQNAIKKKLVQRLESPDSPSAQL	1
VPINNCYLMSKEIPFSVKKTKSIFNSAMQEMEVYV	GFPFWPFFGQKEIPFSVKKTKSIFNSAMQTGSILM	1
PIFSNRGDFRGYCYVEFKEEKSALQALEMDRKSVE	LFEACGEVVQIRCYVEFKEEKSALQALSPCXXXXX	0
CYGGRNRKVAEAFARTGKSIEQLEKELLNGQKLQG	FDGLRNRKVAEAFARTGKSIEQLEKELLGKLPVKV	1
GQRCMALSTAVLVGEAKKWLPELVEHAKNLRVNAG	DANKENTLLAVLVGEAKKWLPELVEHSLIISNVVL	1
YGLRNKREVWRVKFTLAKIRKAARELLTLDEKDPR	XRKTYVTPVWRVKFTLAKIRKAARELLEGALLRLV	1
IARCLTSPQAYENQEQLKDDDSDLILNDGDISLTY	KPTHSGPPQAYENQEQLKDDDSDLILNXXXXXXXX	0
LPCDICKDVVTAAGDMLKDNATEEEILVYLEKTCD	XXXXXCKDVVTAAGDMLKDNATEEEILVYLELPVI	0
LAQVEPGEHVTGMELEFKRLANSKAHTSRFISANL	CGTLAVEEHVTGMELEFKRLANSKIFQTVKRPAMV	0
RLGGPPGPTRPLTSSSAKLPKSLSSPGGPSKPKKS	XXXXXXXXTRPLTSSSAKLPKSLSSPGDRRLAQLK	1
LDADHPGFKDPVYRARRKQFADIAYNYRHGQPIPR	YGAELDGFKDPVYRARRKQFADIAYNYPVYPVAGL	1
NITVSSRPSVEQLSSLIKTSLHYPESFNHPFHQKS	CRSNSGGNMCSILSSLIKTSLLLLSNCSVVLQEIH	0
IGNFEVGKEFDAILINPKASDSPIDLFYGDFFGDI	XXXXXTLSHHEFFLINPKASDSPIDLFYGDFFIAV	0
VYSVVEDEYSEPLKGTEKTLPVPVVSLNIYDVGPT	LKDLKPETEYVVNKGTEKTLPVPXXXXXXXXXXXX	0
NFQCVDASVLNYDCDVQKKCHGHGVCNSNKNCHCE	XXXXIQNGYPNYDCDVQKKCHGHGVCNSNKNCHCE	0
KELEKRLQDVSGQLSSSKKPARKEKPGSAPSGGPS	VEAEKRLQDVSGQLSSSKKPARKEKPXXXXXXXXX	1
PPIEECRYKLYQEMFAWKMVVLSLPRIQSQRYQVG	GLRAWTGGPLYQEMFAWKMVVLSLYRNALMALSYX	0
YESALEDLHSKHHCSTLKYQNIGPKQHPEDPIGHP	XXXXXXXKTSPKLFSTLKYQNIGPCECMSDIVMDV	1
EKNVNQSLLELHKLATDKNDPHLCDFIETHYLNEQ	LQQRGGSLLELHKLATDKNDPHLCDFIEXXXXXXX	1
RRDELSEEINNLREKVMKQSEENNNLQSQVQKLTE	XRDELSEEINNLREKVMKQSEENNNLQSQVQKLTE	1
RVHMTWVQPRVLDLQQIKGMKDRLEFWCTDVKSME	TRPANHVQPRVLDLQQIKGMKDRLEFWCTDXXXXX	0
LANLLQIQRHDDYLVMLKAIRILVQERLTQDAVAK	LANLLQIQRHDDYLVMLKAIRILVQERLTAXXXXX	0
VISNAYVDLAPTSGTSAKTPSEGGKLQSTFVFEEI	DKPADDVSRAPTSGTSAKTPSEGGKLWHITKGGNI	1
KKLDYGKWELYIPPKQNKSVLVPHGSKLKVVITSK	LTGDFNGSYLYIPPKQNKSVLVPHGSKLHWDPEHX	1
AAKSQVISNAKNTVQGFKRFHGRAFSDPFVEAEKS	XXDLGFQSCPACIVQGFKRFHGRVTITTEQVTALL	1
AGEATLQRIYSLWEHSTKNHLQLEGLFFTNGEHTS	TSKIDIWNLEVKEEHSTKNHLQFTNGEHTSVHASQ	0
IKAQHLQAPSETCSPLVKLYLLPDERRFLQSKTKR	XXXXXXXXXLFVGLPLVKLYLLDERRFLQSKTKFE	0
VLDLSLQWRFANLPNNAKLEMVPASRSREGPENMV	LKFQRSVLLWANLPNNAKLEMVXXXXXXXXXXXXX	0
YTRQVVDCQLADVNNIGKYRSAGACTAAAFLKEFV	YTRQVVDCQLADVNNIGKYRSAGACTAAAFXXXXX	1
CASFLARLGYSDITIFEKQEYVGGLSTSEIPQFRL	XXXXXXALFGAGSTIFEKQEYVGGLTSIICGKSLS	0
SQIPLSKIKTLFPLIEAKKKDQVTAQEIFQDNHED	APTQLSKIKTLFPLIEAKKKDQVTAQEIFQDNHFS	1
QKIFVPDYDPTIEDSYLKHTEIDNQWAILDVLDTA	TYKLVLTIQFFQKDSYLKHTEIQWAILDVLDVDKA	0
PLNVLCSPGIQVVSVGIKDVFDFIPGSDQLNVISC	IGQNFIAITDGRSSVGIKDVFDFIPGSQLSLVKEN	0
FPSNFVTADLTAEPEMIKTEKKTVQFSDDVQVETI	EPSNFVTADLTAEPEMIKTEKKTVPHQMGPLDEXX	0
APGSAALSTYTPENLLNKCKPGDLVEFVSQAQYPH	XXXXAALSTYTPENLLNKCKPGDLVEFWAVYVGNF	0
RPRMVWDSQASEHFFEYKKSRSGRHVVFYPTLKSL	YIQTLKDHRPRMVFFEYKKSRSGRHVVFYXXXXXX	0
MSLGQLQSARGVACLGCKGTCSGFEPHSWRKICKS	XXXXXXXXARGVACLGCKGTCSGFEPHKICKSCKC	0
EKKTPSKPPAQLSPSVPKRPKLPAPTRTPATAPVP	AGKDSPKPPAQLSPSVPKRPKLPAPTRTPASEGQD	1
INCLEGTHEFFEAIGFQKVLLPAQDQEDPEEFYVL	NFQINGTHEFFEAIGFQKVLLPADPEEFYVLSETT	0
GEIIKRFEQKGFRLVAMKFLRASEEHLKQHYIDLK	TFIAIKPGVVGIILVAMKFLRASGPVVAMVWIHEI	1
ARNLNTSALQLEHEHLIKLNQKKDMEIAELKKNIE	ARNLNTSALQLEHEHLIKLNQKKDMEIAELKKNIE	0
GSSTSSSASSTLSHGEVKGTSGSLADVFANTRIEN	GSSTSSSASSTLSHGEVKGTSGSLADVFANTRIEN	0
IGAVKYLECSALTQRGLKTVFDEAIRAVLCPPPVK	IVGTLYLECSALTQRGLKTVFDEAIRXXXXXXXXX	1
EKCKHSHGEAPSVDADPKLPSSKEKPTHCSECGKA	XXXXXXXXXKPSVDADPKLPSSKEKPTLIPSITCP	1
QYSDRTRPEFYLNSYMNKQDVVNAVRQLTLLGGPT	GQDRVRVAVFYLNSYMNKQDVVNAVRXXXXXXXXX	0
PEARVPAQSESVRRPWEKNSTTLPRMKSSSSVTTS	PPPTVPAQSESVRRPWEKNSTTLPRMKXXXXXXXX	1
TVRVLTTGYWPTQSATPKCNIPPAPRHAFEIFRRF	XXXXXXXXXXXTQSATPKCNIPPPRLTLQHHMGST	0
LLTIPPAEAEGVPLVVDKDVFSVETPKKEHQPLRN	XXXXXPAEAEGVPLVVDKDVFSVETPKKEHSVTLP	0
AARQAGPAPAAATAASKKFPGSAALVGAVRKPVVP	XXXXXXPAPAAATAASKKFPGSAALVGAVVATVPQ	1
KQQSELQSQVRYKEEFEKNKGKGFSVVADTPELQR	KQQSELQSQVRYKEEFEKNKGKGFSVVADTLIPTS	1
IQDLMDIFGDRYCALNNKATGAEQEAQRAQLLGLI	SGTPLFTRKDDLGALNNKATGAEQEAQRXXXXXXX	0
VPGGGNVQIQNKKVDISKVSSKCGSKANIKHKPGG	AKVEKKTQIQNKKVDISKVSSKCGSKAXXXXXXXX	1
ALAAEISSKSPVAVQSTKVNLLYSRDHSVAESLNY	VIACDIISKSPVAVQSTKVNLLYSRDSYVWNMXXX	1
AALEKLFPDTPLALDANKKKRAPVPVRGGPKFAAK	KHGKLEFPDTPLALDANKKKRAPVPVRGGPKFAAK	1
QLAHGSPTGRIEGFTNVKELYGKIAEAFRLPTAEV	XXXXXXXXXXIEGFTNVKELYGKIAEPTAEVMFCL	0
SQAILQPVLAAEDFTIFKAMMVQKNIEMQLQAIRI	IHQYKQPVLAAEDFTIFKAMMVQKNIXXXXXXXXX	0
FEREQLLGVQQHLSNTLKMAEQDNKEAQEMIGALK	FGYEQLLGVQQHLSNTLKMAEQDNKEAQEMIGKER	0
ARGNAYSTAKGNVYFDLKSRGDKYGKLVGVVPGPV	XXRGIIRGNAYSVYFDLKSRGDKYGKVVPGPKRHA	1
EDGSKDTSKEMENLWGIKSINDYNTWFLGVDTATE	XXXXXETQIEMENLWGIKSINDYNTLSENGGEGAA	0
PAPSPDASQLASSLSSQKEVAATEEDVTRLPSPTS	LDSSPDASQLASSLSSQKEVAATEEDVTXXXXXXX	0
PAAARELCVPLAVPYLDKPPTPLHFYRDWVCPNRP	XXXXXXXXXXXXVPYLDKPPTPLHFYDWPCIIRNA	0
TSLHIVDFLVQNSGNLDKQTGKGSTALHYCCLTDN	EPDETALHLVLVSGNLDKQTGKGSTALHYLGKASI	0
KQGIQFYTQLKTITSQWKEEDATLSSPAVVMPTMG	KDMDLYSYRLKTITSQWKEEDATLSSPAVVMPTMG	0
KVGDKIATRKAYGQALAKLGHASDRIIALDGDTKN	XIRMPSLPSKAYGQALAKLGHASDRIIAFSEIFKK	1
KVLQSQLDTLLQGQESIKSCSNFTAQALNHGTETE	XXXXXQLDTLLQGQESIKSCSNFTAQALNHGVKKQ	0
FLKKMESRGPLSCDTVLKIFYQTCRAVQHMHRQKP	XXXXXXXXNLLSCDTVLKIFYQTCRALLGTIKLLC	0
KENREAQMAAKLERLREKDKHIEEVRKNKESKDPA	KENREAQMAAKLERLREKDKHIEEVRKNKESKDPA	1
ELCIVMCLKDLTSIVDIKTSSRPAMIGSLTDGSTE	XXXXXXXXXXXTSIVDIKTSSRPAMIGSLTWESGD	0
LKVMTELYQENEMKLHRKLTVEENYRLEKEEKLSK	ILGFAELYQENEMKLHRKLTVEENYRLEKEEXXXX	1
EEEEALQKKFNKLKKKKKALLALKKQSSSSTTSQG	EEEEALQKKFNKLKKKKKALLALKKQSSSSTTSQL	1
FLSEMLKSLEDLKLKNTKIEVLEEELRLARDANSE	DSNEMLKSLEDLKLKNTKIEVLEEELRLARDANXX	1
KKLAKWVAIQSVSAWPEKRGEIRRMMEVAAADVKQ	XXXXXWVAIQSVSAWPEKRGEIRRMMEKQLEIPLP	1
PSRPPSLPTPRPASQPRKAPVISSTPKLPALAARE	XXXXXXLPTPRPASQPRKAPVISSTPKSLDTPSVG	1
NTVRISDTGLAAGTVPEKQKGSRSQASGENSRNSI	IAQQISDTGLAAGTVPEKQKGSRSQASGENSXXXX	1
TSLYECPIESSPLFLLHKKGKNLSKPKASQNKKGG	ASNVSASIQSSPLFLLHKKGKNLGSQEKYNDGLWH	0
QAARGSLANHTSIAELIKDVTTSEDFFDKLTVEQE	NFNAVGSLNHTSIAELIKDVTTSEDFFLXXXXXXX	0
ALHYANKYNIMLVRLNSKWDLRRLCKTVGATALPR	YSCPFVVTGGKVVRLNSKWDLRRLCKTVATALPRI	1
VLAKRLKMEGHEAMERLKMLALLKRKDLANLEVPH	XXXXRLKMEGHEAMERLKMLALLKRKDLANLEREL	1
LGEELGFASLHDLQLLGKLLLMGARTLQGIPQMIG	KEVPEARASLHDLQLLGKLLLMGARTLQGIXXXXX	0
PHIPFDFYLCEMAFPRVKPAPDETSFSEALLKRNQ	XXXXXDFYLCEMAFPRVKPAPDETSFSPTLALNVA	1
LKIRGSLARAALQELLSKGLIKLVSKHRAQVIYTR	KEVPNYIARAALQELLSKGLIKLVYTRNTKGGDAP	1
GATGTLRTSLDPSLEIYKKMFEVKRREQLLALKNL	XXXXXXXXXLDPSLEIYKKMFEVKRRPDPFPKDFS	0
EAKKAAIKPLEQTECLNKTETGALVLHNIGYSAQH	NAKKAAIKPLEQTECLNKTETGALVLHNIGYSAQH	0
TPGGPWIRGNVYIHPTAKVAPSAVLGPNVSIGKGV	XXXXATGGPWIYIHPTAKVAPSAVLSIGKGVTVGE	0
DLSICGTLHSVDQYLNIKLTDISVTDPEKYPHMLS	VELICGTLHSVDQYLNIKLTDISVKNCFIRGSVVV	0
PKRGSIGENQVEVMVEEKTTESQEETVVMSLKNGQ	QEYEIETENQVEVMVEEKTTESQEETVVMSLRIKQ	0
AGSSMRKRAKLISTVSKKDFISVLRGMDGSTNETA	QKHQKNVDKKLISTVSKKDFISVLRGMDGSGPWIL	1
TAVMPDGQFKDISLSDYKGKYVVFFFYPLDFTFVC	XXGHPAPNFKDISLSDYKGKYVVFFKLNCQVIPFI	1
PDTATETQCSVPIQCTDKTDKQEALFKPQAKDDIN	XXXXTETQCSVPIQCTDKTDKQEALFKPQAPSITS	0
DGKSCKKPEHELFLVYGKGRPGIIRGMDMGAKVPD	XXXXXXXXXXXXXDVYGKGRPGIIRGPIENLMNPR	0
ADPSYCKDRIAEGANINKSLVTLGIVISTLAQNSQ	LAGSERADRIAEGANINKSLVTLGIVISIPYRDSV	0
DGENTSNMTHLEAQNRIKGCTDNLTLTVARSEHKV	IAIDGETMTHLEAQNRIKGCTDNLTLXXXXXXXXX	1
ILCYHPAKPFQSQLPSVKEGISEDLPVKMPCLYLQ	FDSTCDDKPFQSQLPSVKEGISEDLPXXXXXXXXX	0
FRYFCMEKFLDPAIWFEKRLAYTRSVATSSIVGYI	KRYFCMEKFLDPAIWFEKRLAYTRSVINEQSAELG	0
RERLKNPNAPMLPPPKNKEDFEKTLSQAIVKVVIP	SGLPFNAQPRMLPPPKNKEDFEKTLSQAIVQRFKN	1
VAEDNERYRLVSDTITQKVEEIDAAILRSQQFDQA	XXEDNERYRLVSDTITQKVEEIDAAILRSQQFDSG	0
EAPKQEAPAKKKSGSKKKGEPGPPDADGPLYLPYK	XXXXXXXPAKKKSGSKKKGEPGPPDADEITAVQAR	1
FVSPKWVPQMGDHTEVLKGIQKFPGINYPVLTPNL	LIDIETTSFMGDHTEVLKGIQKFNYPVEAAVAAGA	1
RISGALFTNDKFQVSTNKLTFMDLELKLKDKNTLF	CFWNRLIPYTDFQVSTNKLTFMXXXXXXXXXXXXX	0
VFEMPNENDKLNDMEPSKAVPLNASKQDGPMPKPH	XXXXPNENDKLNDMEPSKAVPLNASKQPMPKPHSV	1
LGEKASGKLRLLEIVSYKIIGVHQEDELLECLSPA	XXXXXXXXXXXLEIVSYKIIGVSRTFRVTVAHFHV	0
TTLQIKGKINSITVDNCKKLGLVFDDVVGIVEIIN	NVSIYKCVNTTLTVDNCKKLGLIINSKDVKVINKT	1
DYTDRVKPLQDQNELFGKIQAEFEKKWENGTFPGW	XXLLQTDKLQDQNELFGKIQAEFEKKWENTFKDAF	0
SDSDSSSEDEPPKNQKPKITPVTVKAQTKAPPKPA	XXXXXXSEDEPPKNQKPKITPVTVKAQTKASSSSD	1
ESLQQMAEVTREGFRLKKILIEDWKKAREEKQKKL	XXXXXXXEVTREGFRLKKILIEDWKKARFGPNGEF	1
FAANSDLKVLLCGPVGPKLHELLDDNVFVPPESLQ	VASEAQHYVGGAGPVGPKLHELLDDVSLQEVDEFH	0
QDLVKDDIKVSVNDFIIKAAAVTLKQMPDVNVSWD	XXXXXXXXVVSVNDFIIKAAAVTLKIDIVIKDAAA	0
VTMPGIKVGGSGVNVNAKGLDLGGRGGVQVPAVDI	VTMPGIKVGGSGVNVNAKGLDLGGRGGVQVPAPSL	1
SRVKKLKETFAFIQQLDKNMSNLRTWLARIESELS	XXXXXXXETFAFIQQLDKNMSNLRTWLHSAGVESV	0
IEHLISSRFIRPSDRNQKNSLSDPNIDRINLVILG	XXHLISSRFIRPSDRNQKNSLSDPNIDRKYVIDGK	1
DLQDDIQNRATSFATVVKDIEGFMEENQTKLSPRE	HQQLEDLCRATSFATVVKDIEGFMEENQLTALREK	0
FSSPTAAGTPNKETAGLKVGVSSRINEWLTKTPDG	EESSWEKGTPNKETAGLKVGVSSRINEWLTKTXXX	1
VLMNSFNTDEDTKKILQKYNHCRVKIYTFNQSRYP	IEHPLVLTDEDTKKILQKYNHCRVKIYTGXXXXXX	1
PITPETAEKLARDLKAVKYVECSALTQKGLKNVFD	LVGPETAEKLARDLKAVKYVECGNVFDEAILAAEP	1
KREVIDLLKPDQVEGIQKSGTKKLKTETDKENAEV	PLMDNADLKPDQVEGIQKSGTKKLKTETKSNITRM	0
KGEMMDLQHGSLFLRTPKIVSGKDYNVTANSKLVI	LALMMDLQHGSLFLRTPKIVSGVTANSXXXXXXXX	1
LRLNVDEAFEQLVRAVRKYQEQELPPSPPSAPRKK	FPVVHVAAFEQLVRAVRKYQEQELPPXXXXXXXXX	0
PVTAQETTRPVPAPTNLKITEVTSEGFRGTWDHGA	XXXXXXXXXXXXAPTNLKITEVTSGFRGTWDHGIT	0
ARLRSLESLHSFVAAATKELMWLNEKEEEEVGFDW	XXXDLPVELHSFVAAATKELMWLNEKELLKEKKIK	0
TVGVEPAADGKGVVVVIKRRSGQRKPATSYVRTTI	YNGLIHRKTVGVEVVVIKRRSGQRKPATSYVRTMI	1
KPQLMANYYNKVSTVFWKSGNALFHASTLHRLYHL	LWQEAFKVYNKVSTVFWKSGNALFHATLASILEQQ	0
KVAEVLSSLLGGEGHFSKDVHLPHNYHIDFEIRMD	TNAKVAEVLSLGEGHFSKDVHLYHIDFEIRPLRVA	0
KKLTVKPIETKNKFSQAKLLAGAVKHKSSESGNSV	KKLTVKPIETKNKFSQAKLLAGAVKHKSSEHCPSG	1
LDLGEQRERWETFQKRQKLTSEGAAKLLLDTFEYQ	XXLGEQRERWETFQKRQKLTSEGAAKLLLDTFEYQ	1
SFSEDVFQSVKSLLQSQKELCSVTAEDCLQQDEHA	XXXXXXXXSVKSLLQSQKELCSAKILQWLIASEAE	0
CPMLFNYDDRGCLTFVSKLDIPKQSIQRNMSAMER	VAAGHDCCPMLFNTFVSKLDIPETLHIWFLESIQG	0
DFMGITLASSQAVSNARKLEWPLTEVAEGVFETEA	YRDVLGMASSQAVSNARKLEWPLTEGVFETEAPFY	0
RHIVAVLPEIDPVLFQGKIGLPILCVGSVWKSWEL	XATPDGGVPIDPVLFQGKIGLPILNFFSSFTLMKY	0
ATASHRNTEEEGLKYKSKVSLKGNRESDGFREEKN	QGGGHRNTEEEGLKYKSKVSLKGNRESDGFREYQG	1
VFAKTPVTDPATGAVKEKITAFVVERGFGGITHGP	AVPVFAKTPVTDPAVKEKITAFVLGEVGSGFKVAX	1
LGRTKDDIIICEIGDVFKAKNLIEVMRKSHEAREK	DVVVQHVHIICEIGDVFKAKNLIEVMRKSHEARKI	0
EHKDREDYVPYTGEKKGKIFIPKQKPVQTFTEEKV	EHKDREDYVPYTGEKKGKIFIPKQKPVQTFTEEKH	1
NWARRSECNMCNTPKYAKLEERTGYGGGFNERENV	TEWQCKTSECCNTPKYAKLEERTGGFNEEXXXXXX	1
NKTRADVKGGTLTQYEGKLRLVEIAQVPKAHVDEF	PEDSICEFVMTLTQYEGKLRLVIDMEGAAIKSFEN	1
VQPHRPTTNPNTSKFAQKYGGAEKCSRCGDSVYAA	XXXXRPTTNPNTSKFAQKYGGAEKCSRCGDSVYAA	1
EKYYKFGSRHSAESQILKHLLKNLFKIFCLDGVKG	XXYYKFGSRHSAESQILKHLLKNLFKYQLSPVVTY	1
EHGPISFFPESGQPECLKEMNLESKSGGRVQRRSA	XRGPISFFPESGQPECLKEMNLESKVQRRSAKIAV	0
DLSPEEREKKRQFEMRRKLHYNEGLNIKLARQLIS	SLSPEEREKKRQFEMRRKLHYNEGLNIKLAXXXXX	1
GLDITFSNPKEVSTLKRKLDQVSQFGCRSFALLFD	SEALYAISPKEVSTLKRKLDQVSQFGCRFALIYYL	0
VCVDCVHGVVGQPLTCYKYATKPMTYVVGIDSDGW	WCVDCVHGVVGQPLTCYKYATKPMTVTQRYDPVWX	0
ALLQDKDVIAINQDPLGKQGYQLRQGDNFEVWERP	WNWAIMAAPAINQDPLGKQGYERPLSGLAWAGXXX	0
KDLLPSRDRQHLPLIKMKPVPDLVPGNFKSQLQKV	NNRDNTYNRVSEPLIKMKPVPDLVTDMPQMRMELE	1
QHKRRRIALKKQRTKKNKEEAAEYAKLLAKRMKEA	QHKRRRIALKKQRTKKNKEEAAEYAKLLAKRMKEA	1
GEKPYWKDPNNDFRKNLKVTAVPTLLKYGTPQKLV	TCQVYWKDPNNDFRKNLKVTAVPTLLKYGTPQKLV	1
KYASERTRFQTLINDLDKSTGRYRDEVSLKTAIMS	XXSTENIKFQTLINDLDKSTGRYRDEVSLKTAIML	0
ELGKCKAEHDQLLLNYAKKESDLNGAQIKLREYEA	ELGKCKAEHDQLLLNYAKKESDLNGAQIKLREYEA	1
LLPDIYGWPVATENWEQKYGASWTAEKAIAQLNSK	LLPDIYGWPVATENWEQKYGASWTAKAQIRERLNS	0
SSLDKVVLSDAYAHPQQKVAVYRALQAALAESGGS	XXXXXVVLSDAYAHPQQKVAVYRALQKIHRLIVSL	0
EVEMSTRGRFQLTGDPAKGNCSLVIRDAQMQDESQ	TGSTPAYGYTNLTGDPAKGNCSLFRVERGVXXXXX	0
PWQSSETRSITNTTVCTKCGGAGHIASDCKFQRPG	XXXXXXTRSITNTTVCTKCGGAGHIASDCKFQRPG	0
ADARLPKVFAWVYRHELKHKAVMLRCHAVLVSKPE	XXXXXATTIYLRYRHELKHKAVMLRPERSSAPAEE	1
FVINALSQRYFLQANDQKDMKDWVEALNQASKITV	VSIATTPFCFVLQANDQKDMKDWVEALNQDSPEDX	0
AQGDVPVTVTVHDFPGKKLVLSSEKTVLTPATNHM	XXXXXXLTVTVHDFPGKKLVLSSEFTIPANREFKN	1
TTGFSRMSERQLALWNPKNMQEPIALHEMDTSNGV	AAIFLADGNVFTALWNPKNMQEPIADXXXXXXXXX	0
NSSLKNPQAGVPPFSSLKGKVKRDRSVSVDSGEQR	XXXXXXPQAGVPPFSSLKGKVKRDRSGMGGMMVRG	1
GTALVGSQKEPSEVPTPKRPRGRPKGSKNKGAAKT	PGALVGSQKEPSEVPTPKRPRGRPKGSKNKGAAKT	1
MEDEVKNLTLQLEQESNKRLLLQNELKTQAFEADN	LQVEVKNLTLQLEQESNKRLLLQNELKTQAFEXXX	0
PSQAKQNPLKGKRKETLKNVPFSELNLKKKKGKTS	LDEFVTVDEVGKRKETLKNVPFSELNLXXXXXXXX	1
KMGKIDIDYQKLHDAFFKWQTKPKLTIHGDLYYEG	KRTGIQIDYQKLHDAFFKWQTKPKLELEPSDEESS	1
YMKSTYEQVDLIGKKTQKTAITVEHLAIKCHWTQR	RTGTSATCPDLIGKKTQKTAITVEHVESYIHRSGG	1
VHSTDLVVEAIVENLKVKNELFKRLDKFAAEHTIF	XVIGDAVVEAIVENLKVKNELFKRLDFASNTSSLQ	1
TKDAHNALLDIQSSGRAKELLGQGLLLRSLQERNQ	XPQILNRVLDIQSSGRAKELLGQGLLLRSLERRQV	1
QPWAQPAKVNDLAATAYKTIKTKLPVTLRSMSLYL	KLFVEQLKVNDLAATAYKTIKTKLPVTRIQFIACP	0
ILILGNKIDRTDAISEEKLREIFGLYGQTTGKGNV	ESKILGNKIRTDAISEEKLREIFGLYGQTEVFMCX	1
PSLNIQFKIQQLAISGLKVNRLDMYGEKYKPFKGV	LLRVLIYVMQQLAISGLKVNRLGVKYVTXXXXXXX	0
EYMIPCEKVSTLPAITLKLGGKGYKLSPEDYTLKV	VALTLCKEGCEAIAITLKLGGKGYKLWILFYGFAX	1
VTHTEHYKTLIEAGLPQKVAERLDEIFQTGLVAYV	XXXXVHTYKLIEAGLPQKVAERLDEIFILRFNEEG	0
GDVRNDIYITLLQGDFDKYNKTTQRNVEVIMCVCA	XXXXXXXXXXXXXGDFDKYNKTTQRNVEVYYQVKQ	0
TKILDVLEEIPKNAAYRKYTEQITNEKLAMVKAEP	TKILDVLEEIPKNAAYRKYTEQITNEKLAAELLAR	1
AKRIHAEGLGYRVMSKTKILATGGASHNREILQVL	EEGDIAVFLWYRVMSKTKILALLADVFDAPVYVIN	1
YPEAKIGRFVVQNVSAQKDGEKSRVKVKVRVNTHG	XDSTFLRRGPFQNVSAQKDGEKSRVKSMVEKVPTE	1
FYTELLNLCEAEDSALTKLPCYKSLPSLVPLRIAA	IFTELLNLCEAEDSALTKLPCYKSLPSLVPLRIAA	0
LKKAAEVPNEELINLLLKFEIKEVILEFTKQQKEE	AKARFKVSGGLPINLLLKFEIKQLGTEATMLTVVS	0
PGSDVAFHFNPRFDGWDKVVFNTLQGGKWGSEERK	HMKRFFVHFNPRFDGWDKVVFNSEERKRSMPFKKL	1
DDHRAGKIVVNLTGRLNKCGVISPRFDVQLKDLEK	AEKRGFLMGYILTGRLNKCGVILLPSFGFIVGFFF	1
ELNGQLRSILVKDTQAMKEMHFHPKALKDVKGQIG	LNRAGQRQVLVKDTQAMKEMHFHPKALHEDLXXXX	1
SRLTHFIWKICGQSLANKYLEKKINQRFDHEMFGL	WILFTHIWKICGQSLANKYLEKKINQRFDHEKPKH	1
TFRSDLREEILMLMARDKHPPELQVAFADCAADIK	XXXDNRLEIILMLMARDKHPPELQVAFAANCIAIL	0
ADKNVPNLHVMKAMQSLKSRGYVKEQFAWRHFYWY	LFGVMVALHVMKAMQSLKSRGYVKEQFHFYWYLTN	1
LKITAELNAFNVFVCDQKCNIADIKIHGMDASISV	SKGLVLHLEALLFVCDQKCNIADNVDLQKFMSLNF	0
CKDIVAGDMSKKSLWEQKGGSKTSSTIKSTPSGKR	CKDIVAGDMSKKSLWEQKGGSKTSSTIKSTPRYKF	1
KTVISFHSKDQLNITLSKCGLVMLNNLVKAFTEAA	NEMFGVWEPLLENITLSKCGLVMLNNLVKKVGDTV	0
QEFYVSRMETSTVLKDLKPETEYVVNVYSVVEDEY	SFYYPVSGGKRQVLKDLKPETEYVVTEKTLPVPVL	0
KHLATGNYLAAEENPSYKGDASDPKAAGMGAQGRT	XXXXXXXXXXAEENPSYKGDASDPKTGRRNAGEKI	0
STVSVADASKSVQVSTLKTEFLPLLSVSFVSENSV	WVAWVSHDSTVSVVSTLKTEFLPLLAAGMLFNYCL	0
CRVSFLQITGGALEESLKIYAPLYLIAAILRKRKL	XXXXXXXITGGALEESLKIYAPLYLIAALLPEILQ	0
LWRLQKLPAELGPQLLHKIIDGICGRAYPVYQDYH	XXXXXXXXXELGPQLLHKIIDGICGRAYPVYQDYW	0
QTKPEFDQVLQGTAASTKNKLPGLITSMETIGAKA	KTKPEFDQVLQGTAASTKNKLPGLITXXXXXXXXX	0
GHLMIVGKKCAADLGLNKGYRMVVNEGSDGGQSVY	FLVMIVGKKCAADLGLNKGYRMVLHVLGGRQMHWP	1
SFDVQVGLHELLGHGSGKLFVQDEKGAFNFDQETV	KDKFDDLRQTGLGHGSGKLFVFNFDVWYTWLQVLK	0
VDEFKELVYPPDYNPEGKVTKRKHDNEGSGSKRPK	AVDFKELVYPPDYNPEGKVTKRKHDNEGSGSKRPK	1
ETKTEAKEVTNASAAGNKAPGKGNMMSNFFGKAAM	XXXXXXXEVTNASAAGNKAPGKGNMMSNFFKGPKK	1
SLPTVGVFAKATAQDNPKSATEQSGTGIRSESETE	WSDLGPDVGYATAQDNPKSATEQSGTGIRSWNIFN	1
DEDENIEVVYSKAASVPKVETVKSDNKDDDIDIDA	YVSENIEVVYSKAASVPKVETVKSXXXXXXXXXXX	1
REMKTYIPPKGETKKKFKDPNAPKRPPSAFFLFCS	XXXXXXXXXKGETKKKFKDPNAPKRPPKYEKDIAA	1
AIDVWSCGCILGELFTKKPIFQANQELAQLELISR	CSLWYSCGCILGELFTKKPIFQALEFIESKXXXXX	0
WDPYKQGFGNVATNTDGKNYCGLPGEYWLGNDKIS	YLRVYCDMNNVATNTDGKNYCGLPGEXXXXXXXXX	0
AQEHGLNFQRLLDTSTYKEAFRKDMIRWGEEKRQA	AQEHGLNFQRLLDTSTYKEAFRKDMIRWGTPGVDA	1
LRIRSHPSLQSEQIGIVKVNGTITFIDEIHNDDGV	FVAKDSAGLRIRQIGIVKVNGTITLETIKKYVPWC	0
LIIDPSGQATEFIMNEYKDRKITRTSFLDDAFRKN	SSLALKGQATEFIMNEYKDRKITRTNAFGNPLLVS	0
ICVACLRSKVDISQGIPKQVSISFCKQCQRYFQPP	XXXXXXXXXXDISQGIPKQVSILCLKKIKAPLVLA	0
IKELNNTCEPVVTQPKPKIESPKLERTPNGPNIDK	SEMKKVTCEPVVTQPKPKIESPKLERTXXXXXXXX	1
EDEKNSFREQLEEEEEAKHNLEKQIATLHAQVADM	EDEKNSFREQLEEEEEAKHNLEKQIATLHAQVADM	1
KEVSMDDHKLSLDELHRKYGTDLSRGLTSARAAEI	XXXXMDDHKLSLDELHRKYGTDLSRGLTRAIDVVG	1
NFEATNELRKISQALASKENSYPKEADIVIKSTEG	KKDYENELRKISQALASKENSYPKEADIVIXXXXX	0
EVARPRRSTPTPELISKKPPDDTTALAPLFGPPLE	EVARPRRSTPTPELISKKPPDDTTALAPLFGPPLE	0
TQDPKAGQLLSELFTNRKENIPLKLSEDCLYLNIY	XXXXVLEQLLSELFTNRKENIPSTYDGLALPSFSS	1
FVGTPADLVNVRMQNDVKLPQGQRRNYAHALDGLY	RTDGALYSGNVRMQNDVKLPQGQRRNYXXXXXXXX	1
VFPFDYLPAEQLCIVAKKEHFWSIDQTEFRIPPRL	TPTAPGNEENFDCIVAKKEHFWSIDQTEFRIXXXX	1
IAKLKGCKVVGAVGSDEKVAYLQKLGFDVVFNYKT	NAAAGAGSGVGAVGSDEKVAYLQKLGFVVFNYKTY	1
ATILLKAKDILYRLQLSKAKGIVTIDALASEVDSI	DHLALIIFIILYRLQLSKAKGIIASQCPSLKTKVI	1
DDFIQEMEHGIYTDVGEKGSQLAAGQKQRLAIARA	GSVRNNIAYGIYTDVGEKGSQLAAGQKQRLAIARA	0
NAPESKKGSSPKPKSCIKAAASQGAEKTVSEVSEQ	XXXXXXKGSSPKPKSCIKAAASQGAEKTVSSKSGE	1
KNIGRDTPTSAGPNSFNKGKHGFSDNQKLWERNIK	KNIGRDTPTSAGPNSFNKGKHGFSDNQKLWERNIK	1
LDMIKKIADDKYNDTFWKEFGTNIKLGVIEDHSNR	SAPRLFIIDDKYNDTFWKEFGTNIKLLLRFQTDIT	1
CAGAVDFYNNLENFNVDKEAGERQIYHRYCMERAA	RYLCAGVDFNLENFNVDKEAGERQIYHRYCMEREA	0
DIKNEIIILANTTNTELKDLPKRIPKDSARYHFFL	XXXXXXLNYVQTTNTELKDLPKRIPHFFLYKHSES	0
LRHPGIVNLECMFETPEKVFVVMEKLHGDMLEMIL	DKLRFPTQELRMFETPEKVFVVXXXXXXXXXXXXX	0
KVQVLLGAHSLSQPEPSKRLYDVLRAVPHPDSQPD	HLQVLLGAHSLSQPEPSKRLYDATLGPAVRDSLXX	0
ELTGRTLADLTLLDSPIKVPLLLSEPINIIDALEM	XXXXXKNADLTLLDSPIKVPLLLSEPINIIDALEM	0
DKLLTSSLQKSSSLGNLKKETSDGEKETIQKTSED	XXXXXSSLQKSSSLGNLKKETSDGEKETQNSDLDM	0
TSLENLIMEITAPDSQGKTGSILPSVGSSVGSVNG	TSLENLIMEITAPDSQGKTGSILPSVVGSVNGYHT	0
YKGHKTVVTGEQIWEIQKDQLLYNPFLKMCLSANG	IIKSVGYSAHEIIWEIQKDQLLYNPKMCLSSCNPS	0
DYGFGTPSSPSQSVPAQKANPFYEEWWFLVVIALV	DILKPGVSYDFQSVPAQKANPFYEEXXXXXXXXXX	0
VKNKFSDVQVLCSLYGEKAKAALDLERQIQDADRV	XXXVWALRIHLCSLYGEKAKAALDLAASEHACAAL	0
LSEKEKKQISEQLNALNKAYHDLCDGSANQLQQLQ	QVSEAIKQISEQLNALNKAYHDLCDGSXXXXXXXX	0
KLEEKERALQGSLGGVEKELTLRSQALELNKRKAV	ARLEKERALQGSLGGVEKELTLRSQALELNKRXXX	0
RDAAPKMYKEEGLKAFYKGVAPLWMRQIPYTMMKF	ITAAPKMYKEEGLKAFYKGVAPLWMRQXXXXXXXX	1
SWYQQKPGQAPVLVIYGKNNRPSGIPDRFSGSSSG	CQSLRSYYASWYLVIYGKNNRPIDRFSGSSSGNTA	1
AFLVLCRVLLNVIHECLKLRLEQRPAGEPSLLSIK	IYRPFVDLLLNVIHECLKLRLEQRCVLGGNIAFEE	0
DMLRAMVASGSELGKKLKATMDAGKLVSDEMVVEL	DMLRAMVASGSELGKKLKATMDAGKLVSDMVPRRS	1
PEPANAGKRKVREFNFEKWNARITDLRKQVEELFE	SMCKELAKSKVREFNFEKWNARITDLRKQVSYGIP	1
YVKGFGGKFGVQTDRQDKCALGWDHQEKLQLHESQ	YVKGFGGKFGVQTDRQDKCALGWDHQEKLQLHESQ	1
AYFNVLINLRDITDEAFKDQIHHRVSSLLQEAKTQ	AYFNVLINLRDITDEAFKDQIHHRVSSLLXXXXXX	1
QVGVIADPSSKTLSFFNKDTRGEVQTVTFDTEEVK	PPSQITDKPQVGVSFFNKDTRGEVQTVVTSKSVDI	0
ASEPRALGQEHDITLFVKVKLTALGCSRIAIKKYL	XXXXXXXXXXXXXXLFVKVKLTGYDGESIGNCPFS	0
KIEDRGNLRNIHSSDWPKFFEKYLRDVNCPFKIQD	EYEDRGNLRNIHSSDWPKFFEKYLRDVNCPFKIQD	0
GPTEDVNVAQEQIEGMVKDLINRMDYVEINIDHKF	NLIDKINVAQEQIEGMVKDLINRMDYEGDPNXXXX	0
ITIITTKVMTSGTGAPAKIITAVPKIATGHGQQGV	XXIITTKVMTSGTGAPAKIITAVPKIATGHGQGVT	1
LLTIPPAEAEGVPLVVDKDVFSVETPKKEHQPLRN	ELAGTGAEAEGVPLVVDKDVFSVETPKKLAKDDHK	0
QEFYVSRMETSTVLKDLKPETEYVVNVYSVVEDEY	FRYYPVSGGKRQVLKDLKPETEYVVTEKTLPVPLD	0
TAILRVDQLSQQLEDLKKGKLNGFQSYNGKLTGPA	TAILRVDQLSQQLEDLKKGKLNGFQSYNLTGPAAV	0
SNEIGAIEKAVIWPQYVKDRIHSTYMYLAGSIGLT	XXXXXAIEKAVIWPQYVKDRIHSTYMYLSMTQKVI	0
ILNYSGNLMEPPFQNQKKFGTNFTKLEKKTIRGKK	RLGSSGNLMEPPFQNQKKFGTNFTKLEXXXXXXXX	1
NSAFSRTSLSVDQAPTPKAGRSQPCVDVHGLGAHP	KGHRSLSPSSVDQAPTPKAGRSQPCVDVXXXXXXX	0
DCRDPPDYWTIHGLWPDKSEGCNRSWPFNLEEIKD	XXXXDNHEWKKLILWPDKSEGCKHGTCAQCLKCTE	0
LDDLNFFNQKKKKKKTKKIFDIDEAEEGVKDLKIE	XXPMNFFNQKKKKKKTKKIFDIDEAEEGVKDFQAV	1
ETPSDPFAIWQITDRDYKPQVGVIADPSSKTLSFF	XXXNQPTFAWQITDRDYKPQVGVIFNKGEVQNITT	0
ALKTFITQQGIKSQHQTKEEQSQITSQVTGQIGWR	ALKTFITQQGIKSQHQTKEEQSQITSQVTGQIGWR	1
LLEKDYFGLLFQESPEQKNWLDPAKEIKRQLRNLP	XXXXVTFGLLFQESPEQKNWLDIQLRNWLFTFNVK	0
EAKKAAIKPLEQTECLNKTETGALVLHNIGYSAQH	SLNKAAIKPLEQTECLNKTETGALVLHNIGYSAQX	0
RVNAVKTKVEAFQTTISKYFSERGDAVAKASKETH	LLLAVKVKVEAFQTTISKYFSERGDAVALVHERDE	1
THPLDLLKVHLQTQQEVKLRMTGMALRVVRTDGIL	XXPLDLLKVHLQTQQEVKLRMTGMALRVVRTDLQN	1
TKDHSFFIPDIEYLSDIKGLIKYLGEKVGVGKICL	LMKNVAMFIPIEYLSDIKGLIKYLGEKFADFYDXX	0
ASDDYGKDLTNVQNLQKKHALLEADVAAHQDRIDG	ASDDYGKDLTNVQNLQKKHALLEADVAPMVARKQK	1
HTQLQTQQRAVQEAIQVKLNEFEQWITHYQAAFNN	XXXXXXXXRAVQEAIQVKLNEFEQWITRIEQWKTW	0
NLGAQNLSESAAVKEILKEQENRKGLIAAICAGPT	YDVVVLLSESAAVKEILKEQENRKGLIAAPALLAH	1
INYQQGTPHRVFEVQKVKQASMEDIPGRGHKYHLK	TNYPASRAALAQEVQKVKQASMYHLKFAVEKVNCT	1
PLYFGWFLTKKSSETLRKAGQVFLEELGNHKAFKK	XXXXXXXLTKKSSETLRKAGQVFLEELLVFGRPGV	1
DFYDIGEELGSGQFAIVKKCREKSTGLEYAAKFIK	XVEYDIGEELGSGFAIVKKCRELEYAAKFIKDVYD	0
AGILENPKNQAPPGLYTKTQDPAKAPNTPDILEIE	GQKMDENLMHISYGLYTKTQDPMYLNEVAGKHGVG	1
GKGQGTLSVVTMYHAKAKDQLTCNKFDLKVTIKPA	IRMNKDLSDQVPYHAKAKDQLTCNLKQPGAVKVSC	1
RVALLSHAPPDFLPNTQKSPVRAEFNLTTYRSKRL	XXXSLSHAPPDFLPNTQKSPVRAELNGDAFIGHAL	0
VKHLHSIMVLKLQELIQKGTKLVLEQVVTSIASVA	GNQRQAIMVLKLQELIQKGTKLVLEQHINAVQKEL	0
RHEIAVMLLEGGANPDAKDHYEATAMHRAAAKGNL	VNQNGCTPLHYAANPDAKDHYEATAMHRALASTNI	0
VEQEVVQSQLNHCVNLYKSLSEVKSEVEMVIKTGR	EVKMHLLSQLNHCVNLYKSLSEVKSEVEYNELGAK	0
IFKSQGAALDKYAKKSVKVIVVGNPANTNCLTASK	VFDLDVAILGLDAKKSVKVIVCSAIPKENFSCHVR	1
QATETTTTRHKRTANPSKTIDLGAAAHYTGDKASP	SYEQFPENRHKRTANPSKTIDLGAAASTMSMPNVM	1
IRTGVRTLAEQLEVGIAKHIQKLVGVRESVLPEDA	XXXXXDQGAEQLEVGIAKHIQKLVGVAILPLMKFL	0
VAKRMIRMAKECGADCAKFQKSELEFKFNRKALER	IAEIGQNHAMIAKADCAKFQKYLQAIFFTASGVPF	1
NPMGGYGKTISHVIIGLKTAKGTKQLKLDPSIFES	XXXXVYEGEVTELIIGLKTAKGTKQLEAGDVIYIR	0
TSLGEERAPDEGGAPVDKSSLRSGDSSQDLKQSEG	QGLPFSSVPDEGGAPVDKSSLRSGDSSQLPGLQXX	1
ILNNWLEAQEERLKTLQKPESVISVQKLLLDCQDI	XXXXXXXGGAERLKTLQKPESVISVQKLLDCQVQL	0
EINKKGKSLLQQLENVTKERQMKLLQQQNDITGLS	XXXKKGKSLLQQLENVTKERQMKLLQQQNDITDPV	0
PQSTSVQAKGTNKLRKPKLPEVQQATKAPESSDDS	TQPSSGVAKGTNKLRKPKLPEVQQATKADDEDSSD	1
TEELENAGVEVLKFSQVKEVKKTLSGLEVSMVTAV	IPGASLGVVGMIRFSQVKEVKKLEVSMVTAPVMTM	1
STVQWEEVCRPWVSGHRKLIASMSSDSLRHVYGEL	VQVLDGPGVTRPVSGHRKLIAGELDVQIXXXXXXX	1
EILEQGLFSKVTLIGRRKLTFDEEAYKNVNQEVVD	LGASGEGRLKVTLIGRRKLTFDEEAYKNVNQEVVD	1
TCKELKHQLQVQMENTLKEQKELKKSLEKEKEASH	TCKELKHQLQVQMENTLKEQKELKKSLEKEKEASH	0
ENAETQFRQLVAIYEVLKDDERRQRYDDILINGLP	DIRKAYRSQLVAIYEVLKDDERRQRYDXXXXXXXX	0
LKEEIERRRAEAAEKRQKMPEDGLSDDKKPFKCFT	TKEEIERRRAEAAEKRQKMPEDGLSDDFKCFTPKG	1
ESNTAGLDIFAKFSAYIKNSNPALNDNLEKGLLKA	XXXXXXXXIFAKFSAYIKNSNPALNDNLEGLIVVV	1
RLAVRQQGDLVRKLKEDKAPQVDVDKAVAELKARK	XXXXRQQGDLVRKLKEDKAPQVDVDKAVAELKAQN	1
IGKTGTIALSEVENIHQKGGEGISEKAEVIPVTLA	XXXTGTIALSEVENIHQKGGEGISEKAEVIPGHHG	0
SKAKKDDTDDEIAKYDGKWEVEEMKESKLPGDKGL	XXXXTLWILSKAIKYDGKWEVEGLVLMSRAKHHAI	1
GPIDTEYLFDSFFSLIKKGKATTITSVLPKPALVA	FSKPFFYLFDSFFSLIKKGKATTITSVLPXXXXXX	1
EYDYLFKVVLIGDSGVGKSNLLSRFTRNEFNLESK	XXXXXXXXVLIGDSGVGKSNLLSRFFNSKSTVEIW	1
KDLVAQAPLKPKTPRGTKTPINRNQLSQNRGLGGI	NQQKMEAPLKPKTPRGTKTPINRNQLSQNSSSQPA	1
GILKVPAINVNDSVTKSKFDNLYGCRESLIDGIKR	XXXXXXETTVNDSVTKSKFDNLYGCREYGDVGKGC	1
GSSGLEEKTFSEWLESVKENPAVIDFELAPIVDLV	GGVRGGRSYFSEWLESVKENPAVIXXXXXXXXXXX	0
VVDCSNREEIYRSLNQVKKEVGDVTIVVNNAGTVY	LVLWAHAYEIYRSLNQVKKEVGDVTIVITKALLPS	1
ALSNPTSKAECSAEQCYKITKGRAIFASGSPFDPV	ILKDMAARPICSAEQCYKITKGRAIFFDPVTLPNG	1
ESSKFPAAQPPDPNQPAKIETDYWPCPPSLAVVET	GSSKFPAAQPPDPNQPAKIETDYWPCPPSLAVVET	0
LKRARLVHPGVAEVVFVKKDDAITAYKKYNNRCLD	TVFCVCGALKRAEVVFVKKDDAITAYKKLHMNSXX	0
GIGVGEKDWTSDVNVKSKDLAEVGEGGGHSQARES	RSGGSEEPGTSDVNVKSKDLAEVGEGGGHSXXXXX	1
RVRGGVPLVKEKPKMFAKGTEITHAVVIKKLNEIL	XXXXDSEPVKEKPKMFAKGTEITHAVVIKKLNEIE	1
KDSGRDYVSQFEGSALGKQLNLKLLDNWDSVTSTF	KDSGRDYVSQFEGSALGKQLNLKLLDNWDSVTSTF	1
FGTPEENQASWAKSAGAKSSGGREDLESSGLQRRN	FGTPEENQASWAKSAGAKSSGGREDLESSGLQRXX	1
EYRRTPNGVVLAPVQLGKWLVLFCDEINLPDMDKY	VVFHYCEYRVLAPVQLGKWLVLFLERIQFVXXXXX	0
EVGDGTTSVTLLAAEFLKQVKPYVEEGLHPQIIIR	ISACQVIAETLLAAEFLKQVKPYVEILAYAKALEI	0
IIYRDLISHDEMFSDIYKIREIADGLCLEVEGKMV	XXXXXXXMIIYMFSDIYKIREIGCLEVEGKMVDIV	0
REEASNFRSNFGYNIPLKHLADRVAMYVHAYTLYS	XXXVDHVGMAEAFNIPLKHLADRVAMFMLGSYSND	1
LGFIHRDIKPDNLLLDAKGHVKLSDFGLCTGLKKA	FLPGGDMLEFYELLLDAKGHVKHIRERPAAIPIEI	0
ATGRPECFLTIQEGLASKFTSLTKVLYDFNKILEN	GKATGRPCFTIQEGLASKFTSLTKVLYDLVIENFD	0
HSATGKSMQSLGSCTISKDSFQISTLVCSTKLTQN	ASTKLSGKSMQSLCTISKDSFQXXXXXXXXXXXXX	0
NNSNQNFFKEGSYIQRMKPWFEVGDENSGWSAQKV	XXXXLISGNSKSYIQRMKPWFEVGLMLLVCQAMFQ	0
VEQEVVQSQLNHCVNLYKSLSEVKSEVEMVIKTGR	EVKMHLLSQLNHCVNLYKSLSEVKSEVYNELGAKV	0
VMVIVTDGESHDNHRLKKVIQDCEDENIQRFSIAI	IDTARKMIESHDNHRLKKVIQDCEDENIQRSEEIK	1
HKWLTSMQDHSRPPQGKKSIELEKKRLSQPKAKPK	SGHTAKSYDGTRPPQGKKSIELEKKRLSQAREPEL	1
GTILCTLMNKLQPGSVPKINRSMQNWHQLENLSNF	GTILCTLMNKLQPGSVPKINRSMQNWHQLENLSNF	1
YDDLGVETSDSKTEGWSKNFKLLQSQLQVKKAALT	XXXXXXXXSDSKTEGWSKNFKLLQSQLQVKKAAIA	1
EWEPKPVNQVYTVQISTKSGDWKSKCFYTTDTECD	XXXXXXXXXLWLVQISTKSGDWKSKLTDEIVKDVK	0
LSLEEIQKKLEAAEERRKSHEAEVLKQLAEKREHE	LSLEEIQKKLEAAEERRKSHEAEVLKQLAEKREHE	1
RNIGGKHARLYQTLNEGKQLVASVSCPELEGQIAK	KWEEFDNYRLYQTLNEGKQLVASVSCPELEGQIAK	0
SAKNPSIKSAEQLTTFLKHVVSVFKQSSSEGIHLE	FDFQKVTLSAEQLTTFLKHVVSVFKQGILEHLSQI	0
RYLYHGNTNPELAFESAKILCCISCNSNIQIKLVG	LTLQVIAYLPELAFESAKILCCISCFIRHETRIHI	0
NKKEFDHNSNIRYRCRGKEGWIHTVCINGRWDPEV	IILEEHLKNNIRYRCRGKEGWIHTVWDPEVNCSMA	1
AHPVFYQGTYSQALNDAKRELRFLLVYLHGDDHQD	LNEQEGVPVYSQALNDAKRELRFLLMLFMIMLKDR	0
FWTWSGNSLTRKQGIFGKYEKPKFVQCLAFLGNGD	XXXXXXXSHIFKQGIFGKYEKPKFVVLTGDSGGVM	1
FQHAIEKTHQSALQVQQKAEAMLQANHYDMDMIRD	LRHLQAEVVQSALQVQQKAEAMLQANHDMMIRDCA	0
GQAKEFSEHIDSVPNFLKNNGDFHRIGSIRVIGGV	GQAKEFSEHIDSVPNFLKNNGDFHRIGSYEKEHFP	0
GDKSQSAEIWEKLNFGNKDQNVKFRKLMGIKSEDE	XXXXXXXEIWEKLNFGNKDQNVKFRKLMGIKSEDE	1
LGDYYQAIKVLENIELNKKSMYSRVPECQVTTYYY	LEVYTSGGPYLENIELNKKSMYSRVPCQVTYRVAN	0
CALTLEAGEKLLLTTDLKTKESVGRRISQLQDSWK	QFTVLEAGEKLLLTTDLKTKESVGRRISQLXXXXX	0
TWQEGSLKASCLYGQLPKFQDGDLTLYQSNTILRH	KEEVVWLKASCLYGQLPKFQDGDLTLYQSNTILHX	0
RGSSKSGKLKGDDLQAIKKELTQIKQKVDSLLENL	RGSSKSGKLKGDDLQAIKKELTQIKQKVDSLLENL	1
IQVVGDDLTVTNPKRIAKAVNEKSCNCLLLKVNQI	WQTVGDDLTVTNPKRIAKAVNEKSCNCLLACLAQA	1
SFAKKAPVKLESIASVFKDHAEEGTSEDGTKPDEK	SSRSRKDEKLESIASVFKDHAEEGTRKKNKXXXXX	0
PRKFSKLVLLTASKDSTKVAGAKRKGVHCVMSLGV	PRKFSKLVLLTASKDSTKVAGAKRKGVHCVMALLQ	1
HVLCHNCAVEFNFGQKEKPYFPIPEEYTFIQNVPL	VITCFAKNGEFNFGQKEKPYFPIPEEYTFIQNVXX	0
ASRPESQALPYGDISELKKFREDHNCKSFKWFMEE	RVVEVWWDEKYGDISELKKFREDHNCKSFXXXXXX	0
YYNVVLQNILETENEYSKELQTVLSTYLRPLQTSE	XXXXXXXNILETENEYSKELQTVLSTYLRLEEICS	0
VFKEIEKKLEEEGEQFVKKIGGIFAFKVKDGPGGK	XXXXIEKKLEEEGEQFVKKIGGIFVVDVKNGKGSV	1
VFQEHQTLKEKELETGPKASHGYGGKFGVEQDRMD	XFQEHQTLKEKELETGPKASHGYGGKFGVEQDRMD	1
TDLAGNEYDLTGLSTVRKPWTAVDTSVDGRKRTFY	XXXXXXXXGFVGLSTVRKPWTAFYLSVNPLPYIPG	1
PSKETEMALAKDMALATKTEVALAKDMESPTKLDV	XXXXXDSALAKDMALATKTEVALAKDMEATPVPIK	1
RDAERVKEMKRMHKAVQKDLPRPSEVNETILRPLN	XDAERVKEMKRMHKAVQKDLPRPSMITMLHYDLLH	1
SDSVDRYKVEYYPVSGGKRQEFYVSRMETSTVLKD	XXXXXFVKVEYYPVSGGKRQEFYVTVLKDLKPETE	0
LTVTQDGRKIYFTDSSSKWQRRDYLLLVMEGTDDG	AYSEPIGKNMSFVDSSSKWQRRDYLLLVMEGTDDG	1
DFIDVATKVMIGENVDEKHLPTLDHPIIPADYVAI	SLGVDFIDVAKVENVDEKHLPTLDHPIIPSAAAXX	1
LVRIEKRKYWLNDDWYLKYITLKTPHGDYIEFPCY	GSQAGFERGAVDIDWYLKYITEFPCYRWIVLDGDY	0
KTEKHESQRDYSKGFGGKYGIDKDKVDKSAVGFEY	XXEKHESQRDYSKGFGGKYGIDKDKVDKSAVGFEY	1
VVGTITDDVRVQEVPKLKVCALRVTSRARSRILRA	MIMKRENKTAVVIVPKLKVCAVRRILRAGGKILTF	1
YRFQGILPSSGSEDLLWKWDALKAYQNFVFEEDRL	IILGGICTVSGSEDLLWKWDALKANIVVQWKLXXX	0
KNREELGFRPEYSASQLKGFSLLATEDKEALKKQL	YVRLSKKDRWFYSASQLKGFSLLKLKLXXXXXXXX	0
ISFETMYDVLSTKPVLNKLTVYTTLIDVTKGQFET	NNDTWVITEKSTKPVLNKLTVYLRDCPDPCIGWXX	0
IQQEVGKPEDEASGSFFKQIDSSPVGGETDETTVS	XXXGLDRPEDEASGSFFKQIDSSPVGGETDETASE	0
FPMTMDEKYVNSIWDLLKNAIQEIQRKNNSGLSFE	XXXXXXXXXVNSIWDLLKNAIQEIQRNLFELYNAM	0
GVISSFTAFIAINKELNKPVQGPLAHRDVPRPILL	FGNLQPGSKAAINKELNKPVQGPLXXXXXXXXXXX	0
MMEIEKVKGFCQVVVASKVREGLAHLIQSCGLGGM	GSVIQGSFLESAVVVASKVREGLAHLIDPRAWKTF	0
FNKHDGALRNTEYFNQLKDNSNIILLGDSQGDLRM	IPVFNKALRNTEYFNQLKDNSNIIADGVANVEHIX	0
DDEEYQRIYTTKIKPRLKSEDGVEGDLGETQSRTI	DDEEYQRIYTTKIKPRLKSEDGVEGDQSRTITVTP	1
YDYQRQPDSGISSIRSFKTILPAAAQDVYYRDEIG	XXXXXSPFLTIVLIRSFKTILPVYTSHLLILSVEM	1
LLAGKLRETLNISGPPLKAGKTRTFYGLHQDFPSV	GIYSKEVPQFLNSGPPLKAGKTRVLVGLGKKAEGE	1
VSSTYRVPVLLEEQSIVKYFKERLHLPIGDSASNL	LNPEQVIPVLLEEQSIVKYFKERLHLPIGDSASXX	0
PMGKVVTYGMANLLTGPKRNLMALARTWWNQFSVT	FDLMARQGLYANLLTGPKRNLMAVADAMKQMQEKX	1
DLEEGQQVIRSVNLLVVKVLEKSDQTNILSALLVL	LARALLMLIRSVNLLVVKVLEKSDQILCLRMLXXX	0
KLSINKPTSERKVSLFGKRTSGHGSRNSQLGIFSS	XXXXXXXXSERKVSLFGKRTSGHGSRNGSVRTLKE	1
ICYEEDENILGVVGGTLKDFLNSFSTLLKQSSHCQ	XXXXXXXXXXXVVGGTLKDFLNSFSILCLDKEDDF	0
YYSLIKMVFAAAKASNRKPSPQDIAQAVLRNFSGK	FSFLIKMVFAAAKASNRKPSPQDIAQALPEAKCXX	0
RPPTAGSQFKASVATLMKNLQTKNPNYIRCIKPND	QQIFELCQFKASVATLMKNLQTKNPXXXXXXXXXX	0
VEQEVVQSQLNHCVNLYKSLSEVKSEVEMVIKTGR	EVKMHLLSQLNHCVNLYKSLSEVKSEVYNELGAKV	0
GLIKIGSVAPDTINNHVKTCREEQKNLHFFAPEYG	QVNKARVIAPDTINNHVKTCREEQKXXXXXXXXXX	0
TAEIAVMGAKGAVEIIFKGHENVEAAQAEYIEKFA	GGEIAVMGAKGAVEIIFKGHENVEAAQAEYIEKFA	1
KTQETGDEGKPLHLLIGKLQKAVSEECSYFLQTLC	ETMTQEGEGKPLHLLIGKLQKAVSEECSYFQMHTL	0
QAGGNPWHQFVENNLILKMGPVDKRKGLFARRRQL	SNSFELDLQNWHVNLILKMGPQLLLTEPHLYYNKW	0
PQDQEECERLATPELQYKDKLDAKQFPPTVSLPLK	FKILCHHRFPRTPELQYKDKLDAKQFXXXXXXXXX	0
PPSFTYAQQREKPRVQEKQHPVPPPAQNQNQVRSP	IDLEIDSQQREKPRVQEKQHPVPPPAQNXXXXXXX	1
ALKVDVANSLPELLEQQKTYKMLEAEVSINQTIAD	SPDIEHAVALPELLEQQKTYKMLEAEVRRKGDVDG	0
NICYNAVDRHIENGKGDKIAIIYDSPVTNTKATFT	XXXXXAVDRHIENGKGDKIAIIYATFTYKEVLEQP	1
HIAFNEPGSSLVSRTRVKTLAMDTILANARFFDGE	ECHIAFNEPGSSSRTRVKTLAMTIVPTMALTVGVX	1
WREFKPGPRIPVINRQRKDSFQENEDGYRWQDTRG	XXQPAWMNDSHVINRQRKDSFQENRRLFHRPRNYP	1
RELVAENLSVRVCLELTKYSQEMKQERKMHFQEGR	DRYVKVKLSVRVCLELTKYSQEMKQERMRRATRLA	0
SSADASRFLHTLDWQEEKEAETGAENASSKESESA	FGKPELPRLHTLDWQEEKEAETGAENAAWTETAAS	0
LPSEASEQYLTKASEPDKNPTAVEGLGSEPDNLVI	XXXXXXXXXXSPASEPDKNPTAVWKPLNGFESNGL	0
ALKILHRKIHVTPLIPGKSQSVSVSGPGPGPGPGL	XXXXXNLQIHVTPLIPGKSQSVSVSGPGAADQIAM	0
SKAAARQKQLEDILVLAKQFHETAEPISDFLSVTE	YKVVKAQIQLEDILVLAKQFHETAEPIQAIKNGQA	0
LLVSAPSKSESALSCLSKQKKKKTKKPKEPQPEQP	VQVSAPSKSESALSCLSKQKKKKTKKPXXXXXXXX	1
IKTSLHYPESFNHPFHQKSLCLVPVTLLLSNCSKA	XXXXXXYPESFNHPFHQKSLCLVPVHGSFTWLGLK	0
TKLSTPSTGGSVDIISVKEQSKTVVTTTVTDSLTT	TKLSTPSTGGSVDIISVKEQSKTVVXXXXXXXXXX	0
RSLDHCGDLALEGVFSHKFDFELQDVSSVNEDVLL	NEFKPQNDLALEGVFSHKFDFEQDVKYKFHKSFQE	0
TKAQDGSHPLSLQDLIEKVVILRKAVQLTQAMDTS	CLYIGNVLVWSLQDLIEKVVILRKAVLXXXXXXXX	0
VVDVPFGGAKAGVKINPKNYTDNELEKITRRFTME	RDDEIRYSTDVGVKINPKNYTDNELEKITDMSTGR	1
SQDNFGFDLPAVEAATKKHEAIETDIAAYEERVQA	LVSQDNFGLPAVEAATKKHEAIETDILRRLELDLI	1
TLRNSTHSSTAADLLQAKQQILTHQQQLEEQDHLL	TLRNSTHSSTAADLLQAKQQILTHQQQLEEQDXXX	0
LRDIKEGLQKAVIDHTIKAIVICGAEGKFSAGADI	HNALALILQKAVIDHTIKAIVINEKPVVHAIRFAQ	1
PRALAENSGVKANEVISKLYAVHQEGNKNVGLDIE	EAKEIPRLAVKANEVISKLYAVHQEGNKNVGLDIV	1
QKLLEPLEAEIQQGVNLKEEDFNKDMNEDNEGTVK	XXXXXXXXXXEQQGVNLKEEDFNKDMLRSQRRKKA	0
GEAPDHSYESLRVTSAQKHVLHVQLNRPNKRNAMN	XXXXXXXLGEAPVTSAQKHVLHIDADCRAVVKALA	1
APFTSKLSSIQCICHVIKQGRCTLVTTLQMFKILA	IPFAGKVEIAQCICHVIKQGRCTLVKPLKTLSRER	0
SDLCDRVSEMQKLDAQVKELVLKSAVEAERLVAGK	SLETEHKLTMQKLDAQVKELVLKSAVISKRQLVXX	1
ERVLPSIVNEVLKSVVAKFNASQLITQRAQVSLLI	DLQMVNIVNEVLKSVVAKFNASQLITQRAQVSLLI	1
QYFSLKKEVLIPPYELFKVINMSYHPRGNWLQLRS	GATIRFFTIFTCLYELFKVINMWLQLRSTGNLXXX	0
QGKRGIEKPPFELPDFIKRTGIQEMREALQEKEEQ	XXXXXXXXPPFELPDFIKRTGIQEMREALQEKIDI	0
YKPVCNQVECHPYFNRSKLLDFCKSKDIVLVAYSA	FNRRLENVECHPYFNRSKLLDFCKSKDIVLVAQRG	1
VVQTKYVEAKDCLNVLNKSNEGKELLVPLTSSMYV	XXXXXXVEAKDCLNVLNKSNEGKELLVPGKLHDVE	0
SVSKSTQFEYAWCLVRSKYNDDIRKGIVLLEELLP	VSVEDLLFEYAWCLVRSKYNDDIRKGIYLAVGNYR	1
RLILLKMAKAGLLFGGEKSSALHTKGKIETRHVAA	RLILLKMAKAGLLFGGEKSSALHTKGKIRILVDLG	1
KVKLNFDMTASPKILMSKPVLSGGTGRRISLSDMP	QPGDCQKRTASPKILMSKPVLSGGTGKTIESCKAQ	1
IGISFIPREVGEHLVSIKKNGNHVANSPVSIMVVQ	IKDEPCLLKIGIHLVSIKKNGNHVANSPVSXXXXX	1
GLELALACDIRVAASSAKMGLVETKLAIIPGGGGT	AIDGLALGGLAVAASSAKMGLVARVLDGKEAKLIV	1
VDIDKENEMLVTVAHFHKEVFGTFGIPFLLRIHQG	XXXXXPQTDSYKVAHFHKEVFGTFGKFKFAIVMMG	0
ALGSGRRLVSEKASIFEKALASEKSPTADAKPAPK	KPLPPARLVSEKASIFEKALASEKSPTADEELAGQ	1
GCTKKMKISHKRLNPDGKSIRNEDKILTIEVKKGW	KKQDPPVISHKRLNPDGKSIRNEDKPKEGDQTSNN	1
LQLDYVDLYLIHFPVSVKPGEEVIPKDENGKILFD	LWCNSHRPELVAFPVSVKPGEEVIPKDEGKILFDT	1
NDSKHKRTDRSILCCLRKGESGQSWPRLTKERAKL	LDLFHCIDPNDSKCCLRKGESGQSWPRLTKXXXXX	1
SNYLKKVISYWRNEFDWKKQVEILNRYPHFKTKIE	SDEEIHDLHYWRNEFDWKKQVEILNRYYLDDLLTN	1
KGDVKPLAEQIAITAGCKTTTSAVMVHCLRQKTEE	DHSVKPLAEQIAITAGCKTTTSAVMVHCLRQKTEL	1
MKAIYHTLNLCNIDVTQKCLIAEVWCPVTDLDSIQ	VLNRKFYLNLCNIDVTQKCLIAETSGSTVPSILXX	0
GDSSGRLNIWNISDTADKQGSEEGLAMTTSISLQE	QHILLDHKLWNISDTADKQGSEEGLAMTXXXXXXX	0
PKIDVTAPDVSIEEPEGKLKGPKFKMPEMNIKVPK	XXXXXXXXXXSIEEPEGKLKGPKFKMPEMVPIEEI	1
RQPGDRGEGETEPGTSTKDPRGTSAGRRPELRRER	HILPQYQLGETEPGTSTKDPRGTSAGAKYRLAQES	1
SDLEQTKTRHLALNLQEKSKLESELANFGPRINDI	EENQKTKTRHLALNLQEKSKLESELANFGXXXXXX	0
RIINQISTNEIQSDQNLKVLPPPLPTMPTLTSLPS	ITINQISTNEIQSDQNLKVLPPPLPTMPTLTSNDX	0
SIMRAALSGANVLTLIEKDIRTPNGLAIDHRAEKL	TNWNEQHPSIMRLTLIEKDIRTPNFSDATLDKIER	0
SMNSRVFIGNLNTLVVKKSDVEAIFSKYGKIVGCS	ASNVTVFIGNLNTLVVKKSDVEAIFSKIVGCSVHK	1
EVTRYLDFKVTEGSFVYKGGKIYKVPSTEAEALAS	XXXXXXXXXXXXXSFVYKGGKIYKVPSSLMGGQDV	1
AEVATGEKRATVVESSEKAYSEAHEISKEHMQPTH	MKGDYYRARATVVESSEKAYSEAHEISLANYSFYI	1
SDVSLYRITWAPFGSSDKMETILNGDENTLVFENL	XEGFGYRITWAPFGSSDKMETILLVFENLNTIYEV	0
HVIRKVPELMEMFLPATKNLLNEKNHGVLHTSVVL	XEKLKTSRAMEMFLPATKNLLNEVLTSVVLLTMCM	0
IHVFRPDISPYFGLFYEKNGTNDGDYVFLTGEDSY	VFDELLWGYSYFGLFYEKNGTNDGDPSDFKEXXXX	0
TARHLYLRGGAGVGSMTKIYGGRQRNGVMPSHFSR	STARHLLRGGAGVGSMTKIYGGRQHFSRGSKSVAR	1
PDSPPEVRKPFITVVSPKSPHLHKDSQQILKEDEV	TYAEERKKYFFITVVSPKSPHLHKELSEPLQXXXX	0
QVISPQSSSSGTDLTGDKAGPSAQEPGSQTPLKSM	NKISPQSSSSGTDLTGDKAGPSAQEPGSQTPLKXX	0
FPHFDLSHGSAQVKGHGKKVADALTNAVAHVDDMP	EALERMFLGSAQVKGHGKKVADALTNAVLLCLTLX	1
DVDMATRVQDLLEFLHEKQQELDLAAEQHRKHLEQ	TFDVIHGVQDLLEFLHEKQQELDLAAEQXXXXXXX	0
LAEYHAKATEHLSTLSEKAKPALEDLRQGLLPVLE	LAEYHAKATEHLSTLSEKAKPALEDLRQGLLPVLE	1
FNSTYKLYTHSYLGFGLKAARLATLGALETEGTDG	GSTGAGLGGASTLGFGLKAARLATLALWIFGYVVS	1
SVNSVIAQAPPVAQEALKKELETLTTNYQWLCTRL	SVNSVIAQAPPVAQEALKKELETLTTNYXXXXXXX	0
YGGETKVYVGNLGTGAGKGELERAFSYYGPLRTVW	XXXXXXVYVGNLGTGAGKGELERAFSYPLRTVWIA	1
TTLADKDGEIYCKGCYAKNFGPKGFGFGQGAGALV	TTLADKDGEIYCKGCYAKNFGPKGFGFGQGXXXXX	1
ALKVDVANSLPELLEQQKTYKMLEAEVSINQTIAD	SPDIEHAVALPELLEQQKTYKMLEAEVRRKGDVDL	0
ECNVCREGSFHLDPANLKGCTSCFCFGVNNQCHSS	GCNVCREGSFHLDPANLKGCTSCVEGSRAXXXXXX	0
AKYMKNSQVRLPLGTLSKSEWEATSIYLVFAFEKQ	SEKVDDYEHAAKYGTLSKSEWEATSIXXXXXXXXX	0
FKIEESSSQVVPQGISVKHLDALTLFSSKQANEGK	EGIDAKEFISVPQGISVKHLDALTLFLQQYEDLKQ	0
EELCERPLGASDYLELSKNFDTIFLRNIPQFTLAN	LKVLAGTVAASDYLELSKNFDTILIDNFYDLKVRI	0
YTHHRSTMPGSVGPQVYKVGIYGWRKRCLYFFVLL	XXXHRSTMPGSVGPQVYKVGIYGWRKRCLYFFVLL	0
VNPKASDAFHFFQSGQAKVQQGFLKEGCELINEAL	XXXXQVDAFHFFQSGQAKVQQGFLKEGCELINEAL	0
TKQQHQEQQALQQSTTAKLREAQNDLEQVLRQIGD	XXXXHQEQQALQQSTTAKLREAQNDLEQVLQVEQK	1
MANIAVQRIKREFKEVLKSEETSKNQIKVDLVDEN	XXXXXVQRIKREFKEVLKSEETSKNQIKVDLVFLR	1
KPLEKRALNFLVNEFLLKNNYKLTSITFSDENDDQ	XXXXXRALNFLVNEFLLKNNYKLTSITFSDENQDF	0
VILKILPTLEAVAALGNKVVESLRAQDPSEVLTML	IPGTFEVQIEAVAALGNKVVESLRAQLTMLTGFEI	0
ADVSKDWRQSINTIESLKDVKDAVVQHSQLAAAVE	XDVSKDWRQSINTIESLKDVKDAVVQHSQLAAAVY	0
STGGKAPRKQLATKAARKSAPATGGVKKPHRYRPG	STGGKAPRKQLATKAARKSAPATGGVKKPHRYRPG	1
DEKLQEKAWGAVVPLVGKLKKFYEFSQRLEAALRG	LEDLQSYRGAAVVPLVGKLKKFYEFSFKAIQDFYN	0
VRDHMQDSFLMQPEKYGKLTTCTGCRTQCRFFDMT	GSHPSFLKVRMQPEKYGKLTTCTGCRTQCRFFDMT	1
AKAAGKGKLDVQFSGLTKGDAVRDVDIIDHHDNTY	XXGVELGKPDVQFSGLTKGDAVRDVDKYTPVQQGP	1
PDGRKKLRGKKMAPLKIKLGLLGGKRKKGGSYVFQ	XXXXXXXRGKKMAPLKIKLGLLGGKRKKGGLREGA	1
TVQEIMIPAGKAGLVIGKGGETIKQLQERAGVKMI	XXXXXXIPAGKAGLVIGKGGETIKQLQEMILIQKL	1
MRRKDSAIQQQVANLQMKIVQEDRAVESRTTDLLT	STSDAVTFITQVANLQMKIVQEDRAVEDREKCAKA	0
KTVISFHSKDQLNITLSKCGLVMLNNLVKAFTEAA	XXXXXXXXXXXXXITLSKCGLVMLNNLVGTISLVN	0
LRTFYTRELSNFYFSIIKDRLYCEKENDPKRRSCQ	LPFLGNVDLSNFYFSIIKDRLYCEKRRSCQLTQNE	0
QDPAKAPNTPDILEIEFKKGVPVKVTNVKDGTTHQ	XXXXXXXXEWPIQEIEFKKGVPVKVQTSLAHIEFT	1
QYMYLLKDLWQKRQKQVKDNENVVNEYSSELEKHQ	QYMYLLKDLWQKRQKQVKDNENVVNEYSSELEKHQ	1
VVGICQVLLDEGALCHVKHDWAFQDRDAQFYRFPG	QCCSGRCQLLDGALCHVKHDWAFQDRDAQFYRFPX	0
CRSLEAEGFQVTYLPVQKSGIIDLKELEAAIQPDT	XXXXXXXXXXTQTLPVQKSGIIDLNEIGVKQVMNG	0
VYKALNDHHVYLEGTLLKPNMVTAGHACTKKYTPE	RAVLPIVEPEVTLVTLLKPNMLVVPGICFLSGKLS	1
LEEGKPGYLDCLTQATPKPTVVWYRNQMLISEDSR	TVATVPSWLKCLTQATPKPTVVVFKNGTMSSTPAG	0
LKETERASPIKMDLAPSKDMGPPKENKKETERASP	VTLLKETSPIKMDLAPSKDMGPPKENKSRSGSKST	1
GLKFARKHSMLFIEASAKTCDGVQCAFEELVEKII	VYDVTVGNKIDKEEASAKTCDGVQAXXXXXXXXXX	0
LDILEYIHEHEYVHGDIKASNLLLNYKNPDQVYLV	XXXXDLQKYVLSIHGDIKASNLLVYLVDYLGTIEF	0
MDCPALPPGWKKEEVIRKSGLSAGKSDVYYFSPSG	PRATESGKRMKKEEVIRKSGLSAGKSDVYYFGKKF	1
LLPVKPVEIEIETPEQAKTRERSEKIKLEFETYLR	XXXXLEVEIEIETPEQAKTRERSEKIKLEFETYLR	0
EEKEGIPPQQQRLIYSGKQMNDEKTAADYKILGGS	TLKVEIKPQQQRLIYSGKQMNDEKTAADYKILSVL	1
LQANDQQDLVEWVNVLNKAIKITVPKQSDSQPNSD	ISKVSDMNLVEWVNVLNKAIKITVPWMRDXXXXXX	0
NSQFPFPQITNNEELNQKGSLKKATVTLKDEPNNL	ETISASPQITNNEELNQKGSLKKATVTKHVXXXXX	0
RGALAEARKIAELCDDPKERDDILRSLGEISALTS	GKEMLEARKIAELCDDPKERDDILRSLGENLQTKT	1
QFVGREAKYSGVLSSIGKIFKEEGLLGFFVGLIPH	MRCVQEAKYSGVLSSIGKIFKEEGLLGFFVAVNNC	0
SNPELIFKEQIDIFEGIKDSQAQRMAENLGFVGPL	GPVLVGFKEQIDIFEGIKDSQAQRMAENKSQAADQ	1
QSRLETQVWEAHNPLTDKQIDQFLVVARSVGTFAR	XXXXXXXXWEAHNPLTDKQIDQFLVVARSVSDTLF	0
AISFLTTLAKVYPSSLSKISGSILNELIGLVRSPL	LDELPIFLTLAYPSSLSKISGSILNELLVTGTNNL	0
NLGRRLPADHVSGYLQFKVEVTSSVHEDASPEAVG	LERQAIGDQMLSYYLQFKVEVTXXXXXXXXXXXXX	0
RTSPGRVDLPGSSTTLTKSFTSSSPSSPSRAKGGD	VGSPGRVDLPGSSTTLTKSFTSSSPSSPSRAKGGD	0
AAEEQKLKLERLMKNPDKAVPIPEKMSEWAPRPPP	AAEEQKLKLERLMKNPDKAVPIPEKMSXXXXXXXX	1
DGKSCKKPEHELFLVYGKGRPGIIRGMDMGAKVPD	XXXXXXXXXXXXXXVYGKGRPGIIRGPIENLMNPR	0
VPKDLPPDTTLLDLQNNKITEIKDGDFKNLKNLHA	QCSDLGLDKVPKDLQNNKITEIKDILVNNKISKVY	0
KPRMAATQKLVKDIIDSKTGETASKRWKGAKNSET	XPRMAATQKLVKDIIDSKTGETASKRWKGAKNSET	1
KTTSLCAGPSASKNEYEKSRGELKKKKTPGPGKLP	MEDAVEDDAEASKNEYEKSRGELKKXXXXXXXXXX	1
PSLLEDPRIKAIAAKHNKTTAQVLIRFPMQRNLVV	XLLLEDPRIKAIAAKHNKTTAQVLIRFMERIAENF	1
QQPQQEEVTSPVVPPSVKTPTPEPAEVETRKVVLM	ADPQQEEVTSPVVPPSVKTPTPEPAEELQLGXXXX	0
NPISTVTELRNRHAQGEKTAGINVRKGGISNILEE	EIELALRELRNRHAQGEKTAGIISNILEVVXXXXX	1
PPPLDEEAFKVQGNPGGKTLEERRSSLDAEIDSLT	XXXXXEEAFKVQGNPGGKTLEERRSSLDAEIDSLT	1
LMKRSPRGLSHSPWAVKKINPICNDHYRSVYQKRL	MKLGFGTGVNVYLMAVKKINPICRYQRLMEAFTEA	1
VELFENLSEKLQTFLETKTQALTEVDVPGKDVTEL	XXXXXXXXEKLQTFLETKTQALTEVDYMESTSEFL	0
FSKTSPKALVIGKDHESKNSQLFAASQKFRKNTAP	XXXTSPKALVIGKDHESKNSQLFAASQKFRKNTAP	1
EIEVNSGYRINLGFSNLKLEAHHNCSFDYVEIFDG	XPSSPSYPAYYPGFSNLKLEAHHCFDYVKICNDTR	0
LFDQTQRSIKAQLQNFVKEDLRKFKDAKKQFEKVS	LDKLVKRSIKAQLQNFVKEDLRKFKDAKQIVLQKR	0
RMWYFTSDFSRGDTAYTKLALDRHTDTTYFQEPCG	XXXYFTSDFSRGDTAYTKLALDRCKHEGTGGRTLY	1
PQFMKHLHYRIIDVSTVKELCRRWYPEEYEFAPKK	XXXXAGNSVHIIDVSTVKELCRRWYPEEYEFAPKK	1
DPDGSVPVGLRQRNQTEKQSTGVYNREAMLNFCEK	LDVVDPDGVLRQRNQTEKQSTGVYNREAMLNFCSL	1
MSIRVDGNDVFAVYNATKEARRRAVAENQPFLIEA	VVIIIFFIVVFAVYNATKEARRRAVAFLIXXXXXX	0
GFISGLSYLELDNPAGNKRRYSAWAESVTNLPQVI	FFISGLSYLELDNPAGNKRRYSAWAESXXXXXXXX	0
GEEVSAEDLGGADLHCRKSGVSDHWALDDHHALHL	IFLVSAEDLGGADLHCRKSGVSDHWALXXXXXXXX	1
GIEYKVGKFPFAANSRAKTNADTDGMVKILGQKST	XDFSRHPEFPFAANSRAKTNADTDGMVLGPGAAHP	1
GYSDSAVLKLAEPYGKIKNYILMRMKSQAFIEMET	XGRVIDSVLKAEPYGKIKNYILFIEMETREDAKKL	1
LERLDLDLTADSQPPVFKVFPGSTTEDYNLIVIER	RVSLERLDLDLSQPPVFKVFPGSTTEDYNLIVIER	0
ASRIIGVDINKDKFARAKEFGATECINPQDFSKPI	KASRIIGVDNKDKFARAKEFGATECIKEFXXXXXX	1
ALKKLNKNKKLVKKLAKKYDAFLASESLIKQIPRI	IPHMALLNKKLVKKLAKKYDAFLLGLNKAGKFPVK	1
TTTKAPSVKPKVKQPKVKAEPPPKKRKKWKEEFSS	QIPNHASLPNTVKQPKVKAEPPPKSQSDSSPEIHT	1
RFGTSLKIGIVGLPNVGKSTFFNVLTNSQASAENF	XXXXXXXIGIVGLPNVGKSTFFNVLTNEVVDIAGL	0
HWWMKGSTPTQISEIIIKLIKDMAAGHLSEAWSRV	SLRRLFLCITQISEIIIKLIKDMAAGHLSTKASLC	0
AVEQQKVKNNDLREKNWKAMEALATAEQACKEKLL	AVEQQKVKNNDLREKNWKAMEALATAEQACKEKLL	1
VKVLKVSQPTAEQAQAFKNEMQVLRKTRHVNILLF	SGYYWEVLPTAEQAQAFKNEMQVLRKFMGFMTRGF	0
HLVGLWTADNATATNLLKRILPPGLLAYLESSDLV	XXLLPLVTANATATNLLKRILPPGLLAYLEAFNLL	0
CPKGPDTLWQCPSSPWEKRLASPSEETWITCDNKI	GKMSIPMWVDNVSSPWEKRLASPEEXXXXXXXXXX	0
FFYAGTPPAGLAADSHVKICQRAEGAERFATLYST	EAGFGECDPPLAADSHVKICQFATLYSTPVYSAEQ	0
SDVHYWEYGRIGNFIVKKPMVLGHEASGTVEKVGS	ENYDHYWEYGRINFIVKKPMVLGFFCATPPDDGXX	1
QVNLDMEDHRDEDFVKPKGAFKAFTGEGQKLGSTA	ELRSDMEDHRDEDFVKPKGAFKAFTGXXXXXXXXX	1
HSHAFLPFSGGSRNCIGKQFAMNELKVATALTLLR	LPPVFLPFSGGSRNCIGKQFAMNELKXXXXXXXXX	1
FPEIHVAQYPLDMGRKKKMSNALAIQVDSEGKIKY	FGGAHVAQYPLDMGRKKKMSNALAIQVDKIKYDAI	1
QGVRILEFENPHVTSNNKGTGCEFELWDCGGDAKF	XXMLKAKFENPHVTSNNKGTGCEFEHFIKYLKSII	0
AAVIEAMGKAEAERMKLKAEAYQKYGDAAKMALVL	XXVIEAMGKAEAERMKLKAEAYQKYGDAAKMALVL	1
MVRPICLPDASHVFPAGKAIWVTGWGHTQYGGTGA	XWCDSVNDSNGHVFPAGKAIWVGEIRVINQMCVGF	0
LRVHLAEKGDGAELIWDKDDPSAMDFVTSAANLRM	VSNIVAKYFNDSLLIWDKDDPSAMDFVTSARFDIK	0
GIHRTVHAGEVGSAEVVKEAVDILKTERLGHGYHT	XGSSLTVHAGEGSAEVVKEAVDILKTERLGGYHTL	0
RLLVLPKFSLETEVDLRKPLENLGMTDMFRQFQAD	VAQASFVLQIALEVDLRKPLENLGMTDMFRHVAQA	0
FLIGCAPCNVIADILFRKHFDYNDEKFLRLMYLFN	IREFCAPCNVIADILFRKHFDYDKFLYVERVEHPR	1
SKREKREVIVEESIRTCKPAFLSEEKLYQETAIRD	XXXXKREVIVEESIRTCKPAFLSEEKLYQEPFPCM	0
YSQAVPAVTEGPIPEVLKNYMDAQYYGEIGIGTPP	XXXXXXXXXYSQVPEVLKNYMDADGSIHYGSGSTI	0
LHGGKGQEQREFALSNLKAGAKDILVATDVAGRGI	IINACTLEQREFALSNLKAGAKDILVAGGIDIQDV	1
PALADIYTEHAHQVVVAKYAPSGFYIASGDVSGKL	IIGGDPNFLYTVILVVAKYAPSGFYIASGLRIWTK	0
YLDKGIGELVSEEPFVVKLRFEPAGRPESPGDYYL	YLDKGIGELVSEEPFVVKLRFEPRLXXXXXXXXXX	0
FKIEESSSQVVPQGISVKHLDALTLFSSKQANEGK	XXXXXXXXQVVPQGISVKHLDALTLFSQVTGPSQI	0
RGYGAGVVTVFKKLLNPKCRDVFEPARAQFNGKGS	AQEYKKVVTVFKKLLNPKCRDVFEPARAQLSQLTA	1
RLEEMEKIFVRLEMKIIKGSSGTPKLSYTGRDDRH	GEGKAQRKISALEMKIIKGSSGTPKLSYTGDRHFV	1
LQNKLEVLNQRWQNVLEKTEQRKQQLDGALRQAKG	HVLQNDVLNQRWQNVLEKTEQRKQQLDXXXXXXXX	0
NVPSIVHSQVYRSSKVEKLPPLYKTLTFSGSSQTV	LVLQDSTSQVYRSSKVEKLPPLYKTLTXXXXXXXX	1
CTSCKKCCCSCCPVGCAKCAQGCVCKGSSEKCRCC	CTSCKKCCCSCCPVGCAKCAQGCVCKGSSEKCRCC	1
QTLPTSVVTITSESSPGKREKDKEKDKEKRFSLFG	HRQLTSVVTITSESSPGKREKDKEKDKEKXXXXXX	1
DCSPEDKNSVTAKLLLEKIQSRKVERKPSVSEEVQ	XCSPEDKNSVTAKLLLEKIQSRKVERKPSVSIHHA	1
LKYPIEHGVVTNWDDMEKIWYHTFYNELRVAPDEH	YVGEAKYPIVTNWDDMEKIWYHTFYNEPMIMAFXX	1
NATRARAVDSLLNFETVKYYNAESYEVERYREAII	NATRARAVDSLLNFETVKYYNAESYEVERYREAII	0
AQRLQAQLNELQAQLSQKEQAAEHYKLQMEKAKTH	LEKLQAQLNELQAQLSQKEQAAEHYKLQMEKAKAT	0
LPQQSSPSVDVLPGVTLKAPQNQVTLRGRVPHLGR	XXXXXXXXXXXVPGVTLKAPQNQVTFYQAAHPTFP	0
FKAGGRDCGTSVPQGLLKAARKSGQLNLSGRNLSE	XXXXXXXXXXSVPQGLLKAARKSGQLNLCVWRINV	0
YLVRKGMPFRQAHEASGKAVFMAETKGVALNQLSL	DLATDLALFRQAHEASGKAVFMAETKGVALNQLSL	1
FRGISSQPFPELHCAALKVFTAIANQPWAQKLMFN	SSLLYFRISPELHCAALKVFTAIANASKDAKYELV	0
QSKLAQENMDLFKEQWEKQVRVLTDAVDDITSIDD	QLEALCQVMDLFKEQWEKQVRVLTDAVQTKIXXXX	1
PLHGKISAESPTGLPSHKGELVVSLKYIPASKTPV	XXXXXXXXSAESPLPSHKGELVAKNLTAATSSLNP	0
SIVGRPRHQGVMVGMGQKDSYVGDEAQSKRGILTL	XIVGRPRHQGVMVGMGQKDSYVGDEAQSKRGILTL	1
AAGAQIHQSLLCDNAEVKERVTLKPRSVLTSQVVV	DNVVRVAAGAQILNAEVKERVTLLQVVVGPNITLP	0
KQTKQDKEKIADVVLLQKLQHAAQMEQKQNDTENK	WKAKQTKQKIADVVLLQKLQHAAQMEQKQNTPNNG	0
HLGQARTPPYLQLQVTEKQVLLRADDGAGEFSTSV	ACVRPLAVTGLILQVTEKQVLLTSVTRPSVLCDHL	0
ESTEGKTSYRLTLDIQNKKITEVALMGHLSCDTKE	PDFDVDLGTILTLDIQNKKITEVALSIPRLXXXXX	0
GAIVRGFDTRAAALEQFKSLGAEPLEVDLKESGEG	GAIVRGFDTRAAALEQFKSLGAEPLEXXXXXXXXX	0
LCENIAGHLKDAQIFIQKKAVKNFTEVHPDYGSHI	WSLRPIAHLKDAQIFIQKKAVKNFTEPYGSHIQAL	1
THDITKYSKAKVFEHIGKKTPIAVRFSTVAGESGS	EVTHDITSKAKVFEHIGKKTPIKFYTEDGNWTFYP	1
LRIKMIASDSHRPEVKLKMAPVPLDDSNRPASLTK	IPSRRSPADSHRPEVKLKMAPVPLDDSRPASLTKL	1
EKEVQIPELSQVFVEDVKDILKSRLKEGHMNPQEV	DKMHSCPELSQVFVEDVKDILKSRLKEGHADTILI	0
NSYTPVLNQFPQELNVGKVSAEVMWHLFAQDMKYA	EDKNSYTPLNPQELNVGKVSAEVMWHHEYVRDLPV	0
LELRLSEVITDTGVVCHKLATRIVECQGLPIVNGQ	XXXELRLSEVITDVVCHKLATRTLAEVFYFEVTRP	0
GFLSRFDNVLPVSLAFDKCTACSSKVLDQYEREGF	LGCYFCNDVVAPSLAFDKCTACSSKVLDQSFLEDL	0
NEKNDFTKFKTEQENEAKCRNSKPGKKKNDFEQGE	KENVAQTKFKTEQENEAKCRNSKPGKKKXXXXXXX	1
VAVALDTKGPEIRTGLIKGSGTAEVELKKGATLKI	XXXXXXXXXXXXRTGLIKGSGTAEVELLKITLDNA	1
FAQGNYSEAAKVAANAPKGILRTPDTIRRFQSVPA	NLAGAEELFAKVAANAPKGILRTPTLQGQLNKEEX	1
QITNEKLAMVKAEPDVKKLEDQLQGGQLEEVILQA	ERLREKLAMVKAEPDVKKLEDQLQGGQLEEVIXXX	0
SGSLPYTQTLQDHLNSLKEFNLQNMGLPDFHIPEN	MSSWLQTQTLQDHLNSLKEFNLQNMGLXXXXXXXX	0
LLKCKATGDPLPVISWLKEGFTFPGRDPRATIQEQ	XXXXXXXXGPNALISWLKEGFTFPGRDRATITLQI	0
LKYTIENPRHFVDSHHQKPVNAIIEHVRDGSVVRA	XXXXXXXPRHFVDSHHQKPVNAALLPDVLSDVQII	1
LEKRFLDKALELNMLSLKGHRSVGGIRASLYNAVT	DDALEKRFLDKALMLSLKGHRSVGGIRASLXXXXX	1
IETTHPPLPPAHPPPDRKPPLAAALGEAEPPGPVD	EWTSKPMLPPAHPPPDRKPPLAAALGEAYGPPPGM	0
CTIWRPQGKSYLYFTQFKAEVRGAEIEYAMAYSKA	HSFSCMFTYASCIFTQFKAEVAMAEFEVTKTAVAH	0
NSILRDALNQATSQVESKQNAELAKLRQELSKVSK	GSILRDALNQATSQVESKQNAELAKLRQELSKVSX	1
ESLKPSIETLSTDLHTIKQAQDEERRQLIQLRDIL	AFLKFSIETLSTDLHTIKQAQDEERRQLIQLXXXX	0
NPNYDKTSAPITCELLNKQVKVSPDMAIFITMNPG	QVQQVQCIAPITCELLNKQVKVXXXXXXXXXXXXX	0
LNGNTKSKPTVSSSMEFKYDFNSSMLYSTAKGAVD	TKAQIILRMNFKQSMEFKYDFNTAKGAVDHTKGDV	0
KYSTDESITSLAEFVVQKISPRHSEPVKRVLALTE	XXXXXXXXXXXXXFVVQKISPRHSEPVKRVLALVE	0
QYSDRTRPEFYLNSYMNKQDVVNAVRQLTLLGGPT	GQDRVRVAVFYLNSYMNKQDVVNAVRQSXXXXXXX	0
RRENPLDSSVEFMQIWRKYDADSSGFISAAELRNF	XXXXXXXXSVEFMQIWRKYDADSSGFISAAELRNF	1
EEDAQILKVIEAYCTSAKTRQTLNSTWQGTDLMHN	PLRPSILKVIEAYCTSAKTRQTLNSTWXXXXXXXX	1
RGQSVGKLGVLHPDVITKFELTMPCSSLEINVGPF	IAARYPAFFVLHPDVITKFELTMPCXXXXXXXXXX	0
WLAEHKPLVLCGPPGSGKTMTLFSALRALPDMEVV	DTVRHELLVLCGPPGSGKTMTLFSALFCDEVGACN	0
CRTITFEQFQEALEELAKKRFKDKSSEEAVREVHR	TDVIVFKIFQEALEELAKKRFKDKSSEEAVREVHR	0
RSMKILKRFGGPAGLWTKDPLGQTEKIYVLDGTQN	XXXXXXXXXXXXXXLWTKDPLGQTEKIYVLFVFPR	0
AEITRFVPTALRVRRENKGATAAPQRKSEDDSAVP	PPPRGPPPRALRVRRENKGATAAPQXXXXXXXXXX	1
PLCPERSHISDQSPLSSKRKALEESESSQLISPPL	DIVENICHISDQSPLSSKRKALEESESSQLISPXX	1
LGLIKKFVTDSNAVVQLKGLEAALVYVENAHVAGK	LKFIKKFVTDSNAVVQLKGLEAALVYVKKAKLGXX	0
KDGEKGQYTHKIYHLQSKVPTFVRMLAPEGALNIH	XXNETGGGEGVIYHLQSKVPTFVRMEGALNIKDFI	0
LSVESMKRLNSLLNIPEKCPEQGGMIWKISEDKQL	YKLYSMKRLNSLLNIPEKCPEQGGMIEDKQLAVCL	0
RKAKPAPSKTQARPVGVKIPTCKITLKETFLTSPE	PTMNGESVDPVARPVGVKIPTCKKWRFSWPEGHFA	1
VRKIGFTGSTEVGKHIMKSCAISNVKKVSLELGGK	VRKIGFTGSTEVGKHIMKSCAISNVKKVSLELQGF	1
HNLWFRSTLMLEHQAFEKGLSLQIKPKQTTEFYEQ	PIRPCLSTLMLEHQAFEKGLSLQQESITPPQQEIL	0
HLLCKPEYAYGSAGSLPKIPSNATLFFEIELLDFK	VILCKPEYAYGSAGSLPKIPSNATLFFEXXXXXXX	0
GVDHAAAFGRIAFSCPQKELPDLEDLMKRENQKIL	XXXXXMAARRLGFSCPQKELPDLEDLMTPLVSLAT	0
IGRLNPAAREKDVERFFKGYGRIRDIDLKRGFGFV	XXXCRVIAREKDVERFFKGYGRIRDIFVEFEDPRD	1
VIVKILDENDNKPQFLQKFYKIRLPEREKPDRERN	XXXXXXXXXXXKPQFLQKFYKIYHVIATDYSIEDG	0
PAIKLRNSDVEIFAVGVKDAVRSELEAIASPPAET	ANFKVTLITDGKSAVGVKDAVRSELVFTVEDFDAF	0
QKYSHLQPGDHLTDITLKVAGRIHAKRASGGKLIF	KFHVDISLTDFITDITLKVAGLGLQVIIGVQGNPG	0
FLDLGGGVKEAQVYQAFKLLTADPKVEAILVNIFG	KYLYACFLLEAQVYQAFKLLTADPVIGITKACREL	0
GTKTTIRLMNSQLVTTEKRFLKDSLYNEGILIVWD	KFNGAPRLMNSQLVTTEKRFLKDSLYNLIVYNFFN	1
LEGHLRFLKNIILPVYDKSLWDFLKLDVTTSIGRR	XXXXLRFLKNIILPVYDKSLWDFLKLDVITVYHWE	0
TPMLEKEKFPQDYFPECKWSRKGFIRTRWCIADCA	QEHFTAEKFPQDYFPECKWSRKGHLFHDASVVYIR	0
LTTADKLLGELQEQIVQKNQEIKNMKLELTNSKQK	XXTADKLLGELQEQIVQKNQEIKNMKLELTNSKQE	0
ETIKKLLASANLEEVTMKQICKKVYENYPTYDLTE	LKTIKKLLSANLEEVTMKQICKKVYENYDLTERKD	1
GSHRAGERAKGPSPPGAKRRRLSESSALKQPATPT	PAAGSHERAKGPSPPGAKRRRLSESSALCHFIGMP	1
ITLPVDFVTADKFDENAKTGQATVASGIPAGWMGL	XIGTSDFVTADKFDENAKTGQATGIPAGWMGLDCG	0
INLAAEKTYNNLDVSVTKALQHRSHYFEGVLKCYL	SDVINLETYNNLDVSVTKALQHRSHFGXXXXXXXX	1
HLMNLKYYVSPSDLLDDKTASPIILHENNVSRSLG	XXXXXXXXXSPSDLLDDKTASPIILSSLGKDPALP	0
DMVSLLLGRNANVNLSNKSGLTPLHLAAQEDRVNV	VTRQGIASVHLNVNLSNKSGLTPLHLAQTKMGYTP	0
HSYCCGGLPTESPHSSVKASTTRTSARYSSGTQSR	KYYVCGGLPTESPHSSVKASTTRTSARYXXXXXXX	0
CEKMAQFDAKKFAETQPKKDTPRKEKGSREEKQKP	PLGIMHFDAKKFAETQPKKDTPRKEQALAAEPKAK	1
IYERHQAQIDHYLGLANKNVKDAMAKIQAKIPGLK	IYERHQAQIDHYLGLANKNVKDAMAKIQAKIPGLK	1
QKQAAGVISLPVGGNKDKENTGVLHAFPPCEFSQQ	IVAGNGYISLPVGGNKDKENTGVLIVRGFGFQIXX	0
MDNAVYTFETLLHQELGKGPTKEELCKSIQRVLER	IDKLGMTFETLLHQELGKGPTKEELCKSIQRVLRL	0
KMMKDLEALMFDRSFVGKQFSANDKVYTVEKADNF	XXXXXLEALMFDRSFVGKQFSAKVYTVEKADRLIF	1
IERDMCTYCRKPLGVETKMILDELQICCHSTCFKC	AERDMCTYCRKPLGVETKMILDQICCHSTCFKPLE	0
LINRLEKHYLDINTVLEKWQKSIVEELCAWVEKFI	XXXXEEVSPMDINTVLEKWQKSIVEELCDCASVVL	0
YRGQRSVKALADYIRQQKSDPIQEIRDLAEITTLD	QVVFLFRNMLADYIRQQKSDPIERVANILHDXXXX	1
DGTLSLTSTSDLQSGIIKNTASLKYENYELTLKSD	QGTNQITSTSDLQSGIIKNTASKSDTNGKYKFATS	0
EFHSTRSFQMFENEIITKLDHEVEGGRGDEQYKVL	PILEMTLFQMFENEIITKLDHEVEGGRGLVVLMLY	0
TYLKEFRTEQCPLFVQHKCTQHRPYTCFHWHFVNQ	XXTYEFRTEQCPLFVQHKCTQHRPYTCFHWHFVNQ	0
KEGDTMMGQQVAKVVESKNVALPKGTIVLASPGWT	PLKNGEVLLEAAKVVESKNVALPKGTIVLAHSISD	1
KRAPYKTVIVHGFTLGEKGEKMSKSLGNVIHPDVV	XXXXXXXXHVGGFTLGEKGEKMSKSLGNVIHVKEW	1
EITAMTGDGVNDAPALKKAEIGIAMGSGTAVAKTA	IVEFLQITAMTDAPALKKAEIGIAASEXXXXXXXX	1
GFGAPRFGGSRAGPLSGKKFGNPGEKLVKKKWNLD	XXXXXXXXXSRAGPLSGKKFGNPGEKLVGGPKPGR	1
VTMAKVDGFLDSLINFNKENIHENCLKAIRPYLQD	AAQLVVLMAPRSLINFNKENIHECLWVINIVRFYE	0
AKPERGKMRVHKISNVNKALDFIASKGVKLVSIGA	EERLAKPERVHKISNVNKALDFIASKLIGAEIVMX	1
DQVGEFFKQIGIIKTNKKTGKPMINLYTDKDTGKP	FSTDQVGEFKGIIKTNKKTGKPMINLYATVSFDDP	1
YVGAQRTHRIENSLTYSKNKVLQKATHVVQSEVDK	WMKWRCELRIENSLTYSKNKVLQKATHYDIMKEKN	1
EEAAMYEEEMEREEITTKKRKLGKNPDVDTSFLPD	ELKAMYEEEMEREEITTKKRKLGKNPDVTLPDRDR	1
HWPQGFKSGDDLFPKDDKGNAIGGKATFLDAWEAM	TWPQGFKSGDDLFPKDDKGNAIGGKPWACNVLQSS	1
DSLNTLVALHQLYQYTQKYYDEIINALEEDPAAQK	EFSAKYFLLHQLYQYTQKYYDEIINAALQIAALEX	0
SYPLVCIAKELIPEATEKYLGGTDDTVKKKDLFLD	XXDQKAMLIELIPEATEKYLGGTDKKKDLFLDLID	1
KKLNENTLKLNQTIASLKKLILEVGEKSQAPTLEL	XXXNENTLKLNQTIASLKKLILEVGEKSQALNPKE	0
VLMRANIQAVSLKIQTLKSNNSMAQAMKGVTKAMG	LNRAMNIQAVSLKIQTLKSNNSMAQAMKGVTXXXX	1
LQSTTRLLECPWLQQQHKGSVEACIRTLAMVAKGR	NLSTTRLLECPWLQQQHKGSVEACIRTIMLSGCXX	0
DSGYRVHEELRNLGLYVKTRDGSDYEGWCWPGSAG	XXXXXXXXHLRNLGLYVKTRDGSDYEGAGYPDFTN	1
FVVLKGRPCKIVEMSTSKTGKHGHAKVHLVGIDIF	CSALRKNGVLIVEMSTSKTGKHGHAKVHLVGYEDI	1
EDAEKYSFMATVTKAPKKQIQFADDMQEFTKFPTK	XXXXXXXXXXXXTKAPKKQIQFADDLRKRAQGEKP	1
AAVERNLHPQSWTQSNIKHMRKQLDRLGLCFSWDR	LMGWDAFAPQSWTQSNIKHMRKQLDRLLFWDEITT	0
EELEKEAKKVEGFDLVQKPSYYVRLGSLSTKLHSR	LTEELEEAKVEGFDLVQKPSYYVAQSLVGPFYPQL	1
GQDDHNWKSEFYANEACKRLQAHGRRKPQIICYPE	VERATFLFSEFYANEACKRLQAHGRRKPQIIXXXX	1
IKSVLLDEILKDPEHPNKDYLINFEIRSLRDSRAL	CKSVLLDEILKDPEHPNKDYLINFXXXXXXXXXXX	0
SSYYARIGDNLDILTLLKTASENTNKGRELWKKGP	LDSSYYARDNLDILTLLKTASENTNKGRXXXXXXX	0
DFAMSKNNRFTSAGQASKNIIQPPSCVLHYYNVPL	YGNARKNNRFTSAGQASKNIIQPLHYYNTLSGLTL	0
MAASTASHRPIKGILKNKTSTTSSMVASAEQPRRS	XXXXXXSHRPIKGILKNKTSTTSSMVASAEQPRRS	1
GAANVAKGAVQGGLDTTKSVLTGTKDAVSTGLTGA	IVDTTKIVLTSGVLDTTKSVLTTLVDTTKTVLTDT	1
LYITIKLLDPFPDHVVFKDLRITQQKIKYSRGPFS	YLVIDKILDPFPDHVVFKDLRITQQKIKEDXXXXX	0
SASPLEEATLSELKTVLKSFLSQGQVLKLEAKTDP	EVPCTVEATLSELKTVLKSFLSQGQVLKLEAMIVR	1
VDPRCHPQTIAVVQTRAKYTGVLTELKLPCEMDFS	AELQYRKFLIAVVQTRAKYTGVLTEYALATRANGA	1
YQESDGKAQVTGPSQISKTDKSFQGTTRQETNYQD	ADTEMGFAQVTGPSQISKTDKSFQGTTRLKLEEIT	0
KGEATQKLKEELSEVETKYQHLKAEFKQLQQQREE	KGEATQKLKEELSEVETKYQHLKAEFKQLQQQREE	1
EAKEREKERILQEHEQIKKKTVRERLEQIKKTELG	EAKEREKERILQEHEQIKKKTVRERLEQIKKIELE	1
LGDRSLRVDIAEGRKQDKGGFGFRKGGPDDRGMGS	CYVEFDEVLIAEGRKQDKGGFGFRKGGXXXXXXXX	1
NLMDDIERAVDDGVNTFKVLTRDKRLVPGGGATEI	PGHFNVDNIVDDGVNTFKVLTRDKTLGXXXXXXXX	1
SIMSVRALKSCSPELQQKFRSETITEEELVGLMNK	XXXXSVALKSCSPELQQKFRSETITEEELVGLMKF	1
ISDTGRYTCVAVNAAGEKQRDIDLRVYVPPNIMGE	LGPGRRYTCVAVNAAGEKQRDIXXXXXXXXXXXXX	0
FYEVRRLANFASLSDLHKFCLGRALEGLERWLPII	WFLCCLRLNFASLSDLHKFCLGRALEKHVXXXXXX	0
GSTIKYLRIPDEIIDMVKEEVVAKGRGRGGLQQQK	LSCDNMLRIPDEIIDMVKEEVVAKGRGRGGXXXXX	0
CRSCLQWFHEACTQCLSKPLLYGDRFYEFECCVCR	GGALKKMLHEACTQCLSKPLLYDRFYVRRLENWDS	0
LLFVDEADAFLRKRATEKISEDLRATLNAFLYRTG	GREGVEADAFLRKRATEKISEDLRATLNAQPEQFD	1
HSHLHREDKHITIEDLWKRWKTSEVHNWTLEDTLQ	SLEALQHGLDITIEDLWKRWKTSEVHNTPVLFGXX	0
QAESNKAFLAELEQNSPKIQKVKEALAGLLVTYPN	VLQWLESKLAELEQNSPKIQKVKEALAGIQEELNR	0
KTDVTVVRFPVLILEPTKIYQPSYLSINNEVEEKT	XXXXQEKFKLVLILEPTKIYQPSHPDDHSFERCCF	0
DALVTKNLVPGESVYGEKRVSISEGDDKIEYRAWN	GEDALVTKNPGESVYGEKRVSIIEYRAWNPRTSHX	1
GRAVEVQGPSLESGDHGKIKFPTMKVPKFGVSTGR	XXXXXVQGPSLESGDHGKIKFPTMKVRVSAPEVSV	1
FVYPLDFARTRLAADVGKGAAQREFHGLGDCIIKI	EQGFLSFWRGRLAADVGKGAAQREFHGXXXXXXXX	1
TGTGAHPAFKYLAQTSGKEPTWNFWKYLVAPDGKV	VTGTAHPAFKYLAQTSGKEPTWNFWKYLVKVVGAW	0
YLEYLIKHNYGKDKAATKKPVVNIITPSHVEERGC	XXXXLIKHNYGKDKAATKKPVVNIITFSVPNDVET	1
KYPEKESEPSEKIQKFTKDVSHEIIQHEVKSSKNS	KYPEKESEPSEKIQKFTKDVSHEIIQHEVKQKSXX	1
ELTGRTLADLTLLDSPIKVPLLLSEPINIIDALEM	XXXXXXXXXLTLLDSPIKVPLLLSEPINIIDALEM	0
AEQLDNIAEKACCGVPCKCSGQRGDRGPIGSIGPK	AEQLDNIAEKACCGVPCKCSGQRGCXXXXXXXXXX	0
LYILKGHKNTVCSLSSGKFGTLLSGSWDTTAKVWL	XXXCIIPSSDYGLLSSGKFGTLLVWLNKILPEQGL	0
GERLIEEGCIHIISLGSKALMIQVWADPHNATLIF	XXXXXXSSWPWPHSLGSKALMIQVCMDSNDDMKAV	0
VTQVDGHSSKNDIHTLLKDLNSYLEDKVYLTGYNF	XXXYRQVHSKNDIHTLLKDLNSYLEDKLLLFILTQ	0
NAVPPVIHSPNDHVVYEKEPGEELLIPCTVYFSFL	XXXXXXXXXXXPHVVYEKEPGEELLIPIVILSIKK	0
LTEKEQIVPKPEEEVAQKKKISQKKLKKQKLMARE	WSVKEQIVPKPEEEVAQKKKISQKKLKKQKLMARE	1
RFRVRYDGIHYLDIVDCKSYDTGEVKVTAENPEGV	LEGETARLNKRFDIVDCKSYDTGEVKLEIQQREDE	0
LHKFVSRATAELIWLNEKEEEELAYDWSDNNSNIS	XXXXXXXXTAELIWLNEKEEEELAYKYFSELTMEL	0
KNVETHTGSLIEQLTTEKYECMVCCELVRVTAPVW	XXXVTHTGSLIEQLTTEKYECMVCCELVRVTAPVW	0
PREGERRVGTASVLQPVKKRKVDMPITVSYAISGQ	GQSLAGRVGTASVLQPVKKRKVDMPITVSXXXXXX	1
MPIEDSSPEKGREEAASKGHVIYEGKSGHILSYDN	XXXXSKTTVKGREEAASKGHVIYEGGSPHSDLKER	1
NLLFFASGGGKFNYQGTKRWLEDNLDHTDSSLLQD	ASVHFASGGGKFNYQGTKRWLEDNLDVLWEHERFA	0
IIFVVGGPGSGKGTQCEKIVQKYGYTHLSTGDLLR	XXXXXXXIVSGKGTQCEKIVQKYGYTHLSGFLIDL	1
SFHQSQHRKSVRPGASYKRQNEGNPERDKERPVQS	SFHQSQHRKSVRPGASYKRQNEGNPERDKERXXXX	1
VRGKDCAVIVTQKKVPDKLLDSSTVTHLFKITENI	XXXXXQGGLTTQKKVPDKLLDSSTVTHLTGMTALI	1
AEEAVRIAREIGYPVMIKASAGGGGKGMRIAWDDE	XXXXXXKIGFGVVAVMIKASAGGGGKGMRIATGFR	1
LPQQSSPSVDVLPGVTLKAPQNQVTLRGRVPHLGR	XXXXXXXXXXVRFGVTLKAPQNQVTFYQAAHPTFP	0
RELDDTRASREEILAQAKENEKKLKSMEAEMIQLQ	EESQDTRASREEILAQAKENEKKLKSMEAEMAXXX	1
PAILRHKALLEPTNTPFKSKHHLALSVKRLWQYLV	SWPQNYIASLEPTNTPFKSKHHLALSVKRLWQXXX	0
YDTLTITQAVIFCNTKRKVDWLTEKMREANFTVSS	XXXXEEKFLVIFCNTKRKVDWLTEKMRVSSMHGDM	1
IKELHAPLTVVADGLFSKFRKSLVSNKVSVSSHFV	VLQLLVQYTVVADGLFSKFRKSLVSNKVLVLLLGD	0
TYREDALRYTLDFLVPAKHLLAKVQQEACAQYSGF	LAALYPLVYTLDFLVPAKHLLAKVQQGLVQLQVVP	0
ALEARLGGSPFGPAGTGKTESVKALGHQLGRFVLV	LTDRCYMGSPFGPAGTGKTESVKALVCFDEFFITM	0
EGCVYLQTSLKYNILPEKEEFPFALGVQTLPQTCD	EGLEKPPNVPGHNILPEKEEFPFALGVVTGPAIVK	0
LHPNYSQVDIGLIKLKQKVSVNERVMPICLPSKDY	LLYVGQLVEIEKIKLKQKVSVNVMPINXXXXXXXX	1
AANSQPQPPRESKLESCKDSPRTAPQTPVLQKTSS	XANSQPQPPRESKLESCKDSPRTAPQTPVLQKVMD	1
FTVTRSSLQSQCLNEVLKAERPDVDEKRSDLLKLQ	XXXXXXPAQSQCLNEVLKAERPDVDEKRSDVEVSQ	0
DRWIQDEIEFGYIEAPHKGFPVVLDSPRDGNLKDF	KDMSQFVEGIAYIEAPHKGFPVPDFGPKWXXXXXX	0
LCKIGVLRVDDQIAIVFKVFNRYLEVMRKLQKTYR	IEKLVALLNLDQIAIVFKVFNRYLEVPWKDYMXXX	0
YNKLYTVEYLSNMVGGRKTLYNNQPIDFLKKMVAA	EICLYTVEYLSNMVGGRKTLYNLEQEPIILPAGXX	1
EPAVPFPCGRVSVSQTSKLTRAETVFPDVDYVNST	XXXXXXXXXRVSVSQTSKLTRAETVFPFDGEDAKP	0
RSGIIRNNSLWDRLIFHKVQSSLGGRVRLMVTGAA	AKLLASNNSLWDRLIFHKVQSSLGGRVLAALGCXX	1
NVKPEDVKRVASKMLRGKPAVAALGDLTDLPTYEH	GLESLLCTFIASKMLRGKPAVAYEHIQTALSSXXX	0
AQAVEHRKKAQAELASFKVLLDDTQSEAARVLADN	AQAVEHRKKAQAELASFKVLLDDTQSEAARVLADN	0
CIRSTPEYFAERLFKAMKGLGTRDNTLIRIMVSRS	XXXXXXXXXAERLFKAMKGLGTRDTLFKYEKSLSM	1
SACKMILEIMHKEAKDTKTADEVPLKILAHNNFVG	AEKKMILEIMHKEAKDTKTADEVPLKTVKGAICXX	1
TKGFYDKDSSGWSSSKDKDAYSSFGSRSDSRGKSS	NREFYDKDSSGWSSSKDKDAYSSFGSRSDSRGKSS	1
AAKLIQEQHPEEELIKTKQDEVNAAWQRLKGLALQ	VNQFAAKLIHEEELIKTKQDEVNAAWXXXXXXXXX	1
HQLSSRRLLNFDTELSTKEMRNNWEKEIAAVISPE	DRTQTGHDRNFDTELSTKEMRNNWEKXXXXXXXXX	0
KERIDTRNELESYAYSLKNQIGDKEKLGGKLSSED	XXXXXXXXELESYAYSLKNQIGDKEKLGGLDKETM	1
LPEKQDTFAEKLVTQIIKNLQVKISSIHIRYEDDI	PLYTQPVEAEKLVTQIIKNLQVMQTTDCLHDEEKL	0
YQTERYNEETFGYEVPIKEEGDYVLVLKFAEVYFA	XXXXXAESVIWAYEVPIKEEGDYVLLNMSIRKGKL	0
ELVKDISSHLDVTALCHKIFLHIHGLISADRYSLF	ELVKDISSHLDVTALCHKIFLHIHGLYSLRLVEGS	0
IVQRALELEQELRQGVKKPFTEVIRANIGDAQAMG	IVQRALELEQELRQGVKKPFTEVIRCLRLLEETGI	1
SDSVDRYKVEYYPVSGGKRQEFYVSRMETSTVLKD	MRDDIRSKVEYYPVSGGKRQEFYLKDLKPTEYVVN	0
YPVMKYNPNVLPVQCTGKRDEDKDKVGNVEYFGLG	XXXXXXXXXTETVQCTGKRDEDKDKVGNVFLTTEI	0
VPRGLYDGPVCEVSVTPKTVTPASSAKTSPAKQQA	TDCQIYEYPVCEVSVTPKTVTPASSAKQQAPPVRN	1
ILDVSVKTVANLELSNIKCVLEDNKCSYFLSILAK	XXEVFPTNKEFHFLSNIKCVLENKCSYFLLNNIET	0
SVGGYEANPIFWEEVSDKFAFGLFDLDWEVFTQHI	NCPVTAGVWAAVWEVSDKFAFGLFGPXXXXXXXXX	0
SPEIPVKVLNCDTITQVKEKILDAVYKNVPYSQRP	XXXLNCPVKVLDTITQVKEKILDAVYRPRAVDMDL	0
AIGDVLALSVSTPEHLHKIGLLDRVTNDTESDINY	FFSLMLALSVSTPEHLHKIGLLDRVTNQCDIYRSX	0
AKKQLLCGAAIGTHEDDKYRLDLLAQAGVDVVVLD	XXHTPEQAAAIGTHEDDKYRLDLLAQVVVLDFQIN	0
QSTAMAATGDVALLRHSKLLAEPAGGLVGERTCSA	MALQALGTGDVALLRHSKLLAEPAGGLQLXXXXXX	1
LKKQRTKKNKEEAAEYAKLLAKRMKEAKEKRQEQI	LKKQRTKKNKEEAAEYAKLLAKRMKEAKEKRQEQI	1
KETDTATLRASLAQFEQKWTMLITQLPDIQEKLHQ	SSLKTVILRASLAQFEQKWTMLITQLXXXXXXXXX	0
PVSYLRVSMSPVLHTQNKEALVAVPLGMTVTFTVH	HHEASIRLPSPVLHTQNKEALVAVPAISATVLTSL	0
YIYKDREVTKKLVRQAEKMGYKAIFVTVDTPYLGN	LRWLQLEVTKKLVRQAEKMGYKAINLTSLPIXXXX	1
AVATAQQQYDSDTSCHYKVELSYENFITSGPDPHP	AAVATAQQYDSDTSCHYKVELSYENXXXXXXXXXX	0
LQCKASVKVVSKFSNSNKRKTRHTGEKHFKECGKS	LQCKASVKVVSKFSNSNKRKTRHTGEKHFKESFQK	1
VRKLSRADLTEYLSTHYKAPRMVLAAAGGVEHQQL	IDVHTGVQNTEYLSTHYKAPRMVLLGGIPWTYAAV	1
LLKPSLAVNLADPYRSLKAPGARGPGPEGGGGGSY	XXXXXXAVNLADPYRSLKAPGARGPGPEGGGGGSY	1
VLKRKVIEKVQHIQLLQKNVRAQLVDMKRLEVDID	XXXXKVIEKVQHIQLLQKNVRAQLVDMKRLEDYED	1
TVKESATEEKLTPVLLAKQLAALKQQLVASHLEKL	TVKESATEEKLTPVLLAKQLAALKQQLVASHLEKL	1
AFGGLKLEDTYTNKDLDKALLKASQDMFDKKTKAS	KGLEAFGLDTYTNKDLDKALLKASQDMFXXXXXXX	1
DWPSLDSRPLPAWFDEAKFGVFIHWGVFSVPAWGS	XXXXXXXXXXXAWFDEAKFGVGAKYVKWEMCELVQ	0
TQQQLLPGVKDPNLWTVKCKIGEERATAISLMRKF	XXXXXXXXXXXXXLWTVKCKIGEERATAVVAPVKG	0
SILVKDTQAMKEMHFHPKALKDVKGQIGAPMPGKV	XXXXXXXXAGKMMHFHPKALKDVKGQIGAPMPGKV	1
CTGSSTRHIVTFDGQNFKLTGSCSYVLFQNKEQDL	XXXTGSSTRHIVTGQNFKLTGSYLNQGCELCFDWK	0
VDQRELYLGLLYPTEDYKVYGYVTNSKVKFVMVVD	KFMVTSVLGLLYPTEDYKVYGYFVMVVDSSNTALR	0
QWDMLVNIVEKYGVIPKKCFPESYTTEATRRMNDI	LRIEEFEFSQSYLVIPKKCFPESLGNPPTFTWEYR	1
SFKFVRLFPLNQQDVPDKFKYKADTLKVAQTGQDL	SVAVSSEGIVLQQDVPDKFKYKADTLKVAQLEHPW	0
PDVVVKEDEEYKRVDFSKVPKLKTVFQKENGTVTA	DAYAINSYTEYKRVDFSKVPKLKTVFGTVTAANAS	1
FVYPLDFARTRLAADVGKAGAEREFRGLGDCLVKI	EQGVLSFWRGRLAADVGKAGAEREFRGCXXXXXXX	1
YRDSMTDVIVQHLITEQKVRIKCKELVKKIAIYRN	YAYRDSDVIVQHLITEQKVRIKINLLYLSDMHYRS	0
AQAVEHRKKAQAELASFKVLLDDTQSEAARVLADN	LKAVEHRKKAQAELASFKVLLDDTQSEAARVLAXX	0
EMSAHERSLDFLIELLHKDQLDETVNVEPLTKAIK	LFALVERSLDFLIELLHKDQLDETVNVPLXXXXXX	0
HSEDASALQGGTSVAQIKAQLKEIEAEKVELELKV	HSEDASALQGGTSVAQIKAQLKEIEAEKVELELKV	0
TEQSVALLEQKWHVVSSKMEERKSKLEEALNLATE	ELYSQLKEEQKWHVVSSKMEERKSKLEXXXXXXXX	0
EAVAYGAAVQAAILSGDKSENVQDLLLLDVTPLSL	DDGIYGAAVQAAILSGDKSENVQDLLLXXXXXXXX	0
LVQFDSGKLEALAILLQKLKSEGRRVLILSQMILM	XXXXXHLKLEALAILLQKLKSEGRRVLILHYLTFC	0
EDEVWQVIIGARAEMTSKHQEYLKLETTWMTAVGL	TKAVYTLTIGARAEMTSKHQEYLKLETVHSRAEXX	1
DGHLSRYQNPREADPMTKVQAELDETKIILHNTME	KVLDEFSKYPREADPMTKVQAELDETKIXXXXXXX	1
VVGQTSWKPISNQSWDQKFTLELDRSRELEISVYW	SCAVLKVGQTSWQSWDQKFTLEIRHGMLFAEVTFF	0
PRVEKTRPEPTEVLHACKTQVAELELWLQQANVAV	XXXXXXXXEPTEVLHACKTQVAELELWMLTEIEHK	0
AMADAGILRLYTWVEWVKEMVANWDSLRSGPASTF	XXXXKFLIRLYTWVEWVKEMVANWDSLMREVFRFI	0
SSANLLVRSGSTESRGGKDPLSSPGGPGSRRSNYN	TEVELKSSPGSTESRGGKDPLSSPGGSRNRGRPIS	1
LKGTVRPANDFNPDADAKALRKAMKGLGTDEDTII	XXXXXXXXXXFNPDADAKALRKAMKGTDEDTIIDI	1
FPRPFLPNVDFVGGLHCKPAKPLPKEMEEFVQSSG	XXXXINKTIEEVGGLHCKPAKPLPQNDLLGHNGIY	1
GLLDQDLSNIGPAYDNQKQSSAVSTSGNLNGGIAA	XXXXGITEDVGPAYDNQKQSSAVSQLPPHGYPLEH	0
LREVQLEELEAARDLVSKEGFRRARHVVGEIRRTA	ARALLLEELEAARDLVSKEGFRRARHVVSLRDDYE	1
QYTKIFINNEWHDSVSGKKFPVFNPATEEELCQVE	XXXXXYTKIFWHDSVSGKKFPVECQVEEGDKEDVD	1
VAATYKLMDHVGTEPSIKEDQVIQLMNAIFSKKNF	ALEGVYLQVTYMTEPSIKEDQVIQLMLYHVPRYIA	0
RHLRDEGLRLRKVAHSDKPGSTSTASFRDNVTSPL	RHLRDEGLRLRKVAHSDKPGSTSTASFRDNVTSXX	1
EFYLRQTSPVSAMLVLVKSLSGPREHIVDLEMLTV	FIGNENGEFYLRMLVLVKSLSGPREHIVIIVGSXX	0
EKEVQIPELSQVFVEDVKDILKSRLKEGHMNPQEV	XXXXXXXELSQVFVEDVKDILKSRLKEGHRDDPFC	0
RFSQMLHPIFEEASDVIKEEFPNENQVVFARVDCD	EITADVALIFEEASDVIKEEFPNENQVVFAVKLAD	0
EFKIGELFSKFYGELALKKKIPDTVLEKVYELLGL	XXXYTRAKSKFYGELALKKKIPDTVLEKVYELLAF	1
IGKDVESCHDMAALNILKLLSELDQQSTEMPRTGN	ICSPLISHGDMAALNILKLLSELDQQXXXXXXXXX	0
IGTGKTATPQQAQEVHEKLRGWLKSNVSDAVAQST	VFEQTKLAYQQAQEVHEKLRGWLKSNDAQTRIIYQ	1
HWGSLDGQGSEHTVDKKKYAAELHLVHWNTKYGDF	HWGSLDGQGSEHTVDKKKYAAELGIFLKVVKEPID	1
DAIRRLRLRGGSPLNTGKALEFVARNLFVKSAGSR	SVQFSNDVFPGSPLNTGKALEFVARNLLKSQDDVS	0
HTRNLLRNHIIKDQLASKYLYHGQTLETLGGKKLR	XXXXXXXLTLLIDQLASKYLYHGQTLRVFVYRNSL	1
SGRAANDPFTIVHGNTGKCIKPVYGWIVADDCDET	XXXXXXXXFTIVHGNTGKCIKPIVADDCDETDKLW	0
RLGSIAEIDLGVPPPVMKTFKEFLLSLDDSVDETE	XXXXXXXXXXXVPPPVMKTFKEFLLSLDEEAVKRY	0
QAAQSSAATITQLAEVVKLGAASLGSDDPETQVVL	LNAEFHRNIITQLAEVVKLGAASLGTQVVLINAIK	0
WGITSCKAPGEAQFIPNKQLQPKETQIYIKLVKYA	ITWGITSCKAPEQFIPNKQLQPETVFTMMNPLTFT	0
EKFVRKKVITISDYSECKGVMEIKEASSVSDFNQN	DARRNVPQYFHVKYSECKGVMEIQASGTMVYFCLQ	1
WIGEINHSGSTNYNPSLKSRVTISVDTSKNQFSLK	REWIGEINGSTNYNPSLKSRVTISSLKLSSVTADY	0
FPKECVYIHDPTGLNVLKKGCASYCNQTIMEQGCC	FPKECVYIHDPTGLNVLKKGCASYKSSRXXXXXXX	0
IIALDGDTKNSTFSEIFKKEHPDRFIECYIAEQNM	IIALDGDTKNSTFSEIFKKEHPDRFIECYPFCSXX	1
AQQLSITSKVQELQNLLKGKEEQMNTMKAVLEEKE	AQQLSITSKVQELQNLLKGKEEQMNTMKAVLEEKE	0
TTGTDNCTFNTCQKALGKDDFTKIPNGVNGVEDRM	HHAAHHVMFNTCQKALGKDDFTKIPNXXXXXXXXX	1
QQGSDLIVPAGGQRTQTKSGPVILADEIKNPAMEK	QQGSDLIVPAGGQRTQTKSGPVILADEIKNPAMEK	1
HKVWSPLVTEEGKRHPYKMNLASEPQEVLHIGSAH	HKVWSPLVTEEGKRHPYKMNLASEPQEVPECYVCC	1
LVEEYVEKVPNPSLKTFKPIDLSDLKRRSTQDAKK	LVEEYVEKVPNPSLKTFKPIDLSDLKRRSTQDAKK	0
MKDESKESAKRLQLLDAKVAALRKQHGELLPARKI	XXXESKESAKRLQLLDAKVAALRKQHGELLPARKI	0
PTRKFAYLGRLAHEVGWKYQAVTATLEEKRKEKAK	FVFDGIYLGRLAHEVGWKYQAVTATLEXXXXXXXX	1
LCDFIETHYLNEQVKAIKELGDHVTNLRKMGAPES	LEKNVNQHYLNEQVKAIKELGDHVTNLRKTLXXXX	1
RGKKMAPLKIKLGLLGGKRKKGGSYVFQSDEGPEP	XXXXXXXXKIKLGLLGGKRKKGGSYVFQGSQQAWK	1
ARETFEKTPVEVPVGGFKGRTVTVWELISSEYFTA	XXXXXXXTPVEVPVGGFKGRTVTVWELISSEYFVI	0
DGGDVIYKGFEDGIVQLKLQGSCTSCPSSIITLKN	KLIRVGDVIYKGFIVQLKLQGSCTSIILKIVEQVM	0
RVPQATKAEMDAAIASCKRAFPAWADTSVLSRQQV	XXXXXXIGGMDAAIASCKRAFPAWADPLGVCAMGN	1
LEKPNYIVPDYMPVVYDKLPQPPSHREAIVNSCVF	TEALYQVGKEVMPVVYDKLPQPPSHREAIVNSCVF	0
IADRLNVDFALIHKERKKANEVDRMVLVGDVKDRV	KSRASPDAGGLIHKERKKANEVDRMVLVDTCGTIC	1
CVAHKVPGVTDCVAEIQKNKPYIRHEPIGYDRSRR	TCCHKVPGVTDCVAEIQKNKPYIRHEPIWFLNRRE	0
AAEVLNKHSLSGRPLKVKEDPDGEHARRAMQKVMA	ESMKKAAEVLNKHPLKVKEDPDGEHARRAXXXXXX	1
VNEVMEWMNNVMNAQAKKSLDQDPVVRAQEIKTKI	AEERPFWMNNVMNAQAKKSLDQDPVVRAIXXXXXX	1
VRQAPGKGLEWVGRIKSKTDGGTTDYAAPVKGRFT	ASFTFSNAWMSWGRIKSKTDGGTTDYTISRDDSKN	1
LPNIVPKLTEVLTDSHVKVQKAGQQALRQIGSVIR	SVELLGKLTEVLTDSHVKVQKAGQQALRTXXXXXX	0
PGPGPKQGPGPGGPKGGKMPGGPKPGGGPGLSTPG	XXXGPKQGPGPGGPKGGKMPGGPKPGGGPGLSTPP	1
THLFDVHSLEQQSEITPKQITCRTRGSPHPTSNHW	THLFDVHSLEQQSEITPKQITCRTRGSPHPTSNHW	0
YPGFLDVRAAPLLADDNKLRGLPLTYVITCQYDLL	DPKLQFDVRAPLLADDNKLRGLPLTYVTRLRNTGV	1
QLKNSAKVMVTNVTSLLKTVKAVEDEATKGTRALE	LINAVKDVMVTNVTSLLKTVKAVEDEATVVVXXXX	1
VLFETATLRSGYLLPDTKAYGDRIERMLRLSLNID	VLFETATLRSGYLLPDTKAYGDRIERMLRLPDAKV	1
TSARQLDGIRNIVLSNPKKRNALSLAMLKSLQSDI	XXXXXSEPRPTSVLSNPKKRNALSLAMLSSAEGPV	1
ARSMVSTIMKFLDSGPNKAVDSTLKTRILASEPDN	XXXXVSTIMKFLDSGPNKAVDSTLKTRILAFAPLG	0
LSYAKNGQDLGVAFKISKEVLAGRPLFPHVLCHNC	ANFESDEVELSVAFKISKEVLAGRPLFDXXXXXXX	1
INIHKLRENVFQEHQTLKEKELETGPKASHGYGGK	XXIHKLRENVFQEHQTLKEKELETGPKASHGYKEK	1
KHLNEIDLFHCIDPNDSKHKRTDRSILCCLRKGES	NFEKSKLTFSCIDPNDSKHKRTSILCCLRKGSNXX	1
KDLEEKLAAEEQFQALVKQMNQTLQDKTNQIDLLQ	KDLEEKLAAEEQFQALVKQMNQTLQDKTNQIDLLQ	0
LRIRSHPSLQSEQIGIVKVNGTITFIDEIHNDDGV	FVAKDSAGLRIRQIGIVKVNGTITTIKKYVPCLSL	0
IAATSLYSPESIQAIAKKMWEELPEVVRKDYGKKY	TYQVAPYSPESIQAIAKKMWEELPEVRKFDKIMXX	1
PFQVINDGDKPKVQVSYKGETKAFYPEEISSMVLT	DTERLANPQNTVVQVSYKGETKAFEAKYKAEDEVQ	1
GGGDDSFNTFFSETGAGKHVPRAVFVDLEPTVIDE	DKTIDSFNTFFSETGAGKHVPRAYRQLFHPQXXXX	1
FKGRVRLDPQSGALYISKVQKEDNSTYIMRVLKKT	NYISKFKGRVRLALYISKVQKEDNSYKLQVLDPVX	0
IFDSDKEVPIESTFVRIKETPSEQESKVFVLTENG	AALESTIMVDTPTFVRIKETPSEQESKVFVXXXXX	1
LLKANVEKPVKLEVFNMKTMRVREVEVVPSNMWGG	VAEHLGLEPYFDFVFNMKTMRVRFRASEVYVYNSD	1
DKVIPLAIPQCGKCRICKNPESNYCLKNDVSNPQG	XXXXTLAIPQCGKCRICKNPESNYCLKNDENAVAN	1
DSATYTCHVANVAGTAEKSFHVDVYVPPMIEGNLA	QYLHSATYTCHVAGTAEKSFHSVIGPKSENLISLT	0
GRFLGLTERDVELLYPVKEKVFYSLMRESGYMHIQ	LLGQRFGLRDVELLYPVKEKVFYSLMRESGTEFEL	1
AHLDIEAFTMDREVRKIKQGLGLKFAELVYTGFWH	SALGHLEATMDREVRKIKQGLGLKFACFVRHCIAK	1
FAKMKQELEAEYLAVFKKTVSSHEVFLQRLSSHPV	VFHPTKPDFAEYLAVFKKTVSSHEVFDLTELRYXX	1
SIEEVEVAPPKAKEVRIKVVATGLCGTEMKVLGSK	XXXXTTIRCKAVPPVRIKVVATGAGIVESIPGDKV	1
QLECKAAGNPVPVITWYKDNRLLSGSTSMTFLNRG	XXXGMLNEVQLECITWYKDNRLLSGSSMTFGQIID	0
HKYIPRRAVLYVPGNDEKKIKKIPSLNVDCAVLDC	XXXXXXXXXLYVPGNDEKKIKKIPSLAVLDCGVAK	1
AEVKVTGQNQEQFLLLAKSAKGAALATLIHQVLEA	XXXXXXGQNQEQFLLLAKSAKGAALATLIHQVLFG	0
MQLQEQFDNLNAAHETSKLEIEASHSEKLELLKKA	TMCQEQFDNLNAAHETSKLEIEASHSEKLELLXXX	0
SRLQPVLQPLPSPGVGGKRDVVFLIDGSQSAGPEF	XXXXXXXXXXPSPGVGGKRDVVLDVGFDTTRVLNS	0
KEVKPLGLTVMRDVTISKSEYAPSEKMITKVQDFQ	XXXXICRKTVMRDVTISKSEYAPSEKMITKVNKPP	1
FFLNAGNLCNLNYGEGPKAHIRKLAECIRWSYGAG	AYWAGGNLCNLNYGEGPKAHIRKLAECIRXXXXXX	0
LRAPPNATLEHFYLTSGKQPKQVEVELLSRQSGLS	XXXRANATLEHFYLTSGKQPKQVEVELLSGQVERW	0
ESTEGKTSYRLTLDIQNKKITEVALMGHLSCDTKE	PDFDVDLGTILRLDIQNKKITEVALSIPRLXXXXX	0
KKLAVNNIAGIEEVNMIKDDGTVIHFNNPKVQASL	XXXXXXXXXXXXEVNMIKDDGTVIHFNFIAEAKPI	0
HEMDAENPLHQPSPSLNKLVAENKFGKKTGEGFYK	GLDTTKFIVDQPSPSLNKLVAENKFGTGEGFYKXX	0
LLKANVKIFKSQGAALDKYAKKSVKVIVVGNPANT	FKDLDVAIFKSQGAALDKYAKKSVKVTASKSAPSI	1
KYFDSGDYNMAKAKMKNKQLPSAGPDKNLVTGDHI	KYFDSGDYNMAKAKMKNKQLPSAGPDKNLVTGDHI	1
HFVEEFKRKHKKDISQNKRAVRRLRTACERAKRTL	HWPFQVNVNFVKDISQNKRAVRRLRTAISLFEXXX	1
AVDGKDCKVNKEVERVLKEFHQAGKPIGLCCIAPV	AAHDAAIFVNKEVERVLKEFHQAGKPIGLAAKVLR	1
SVFKFNQELEYLDLSHNKLVKISCHPTVNLKHLDL	ELISHNRIQYLDDLSHNKLVKIDLSFNAFDAPLST	0
EKIEKMRAEDGENYDIKKQAEILQESRMMIPDCQR	EKIEKMRAEDGENYDIKKQAEILQESRMMIPDCXX	1
QVARVAAGLQIKNSLTSKDPDIKAQYQQRWLAIDA	XXXXXXXGLQIKNSLTSKDPDIKAQYQQRWQCVAG	1
MVGMGQKDSYVGDEAQSKRGILTLKYPIEHGIITN	MVGMGQKDSYVGDEAQSKRGILTLKYTTAEREXXX	1
VPSLILETKGIPYTLNGKKVEVAVKQIIAGKAVEQ	SEYNDSLCVGIPYTLNGKKVEVAVKQGGAFSNPTL	1
SAVKPTVAPPLAEPGAGKGLRSEHREKMNRMRQRI	APDGPTVAPPLAEPGAGKGLRSEHREKMNRQAXXX	1
VYQGHTALLQCEAQGDPKPLIQWKGKDRILDPTKL	VAVFITFKVECEAQGDPKPLIQWFQNGSCIAGNSC	0
TFRSEKRYSRSLTIAEFKCKLELLVGSPASCMELE	XXXXXXISSYSLTIAEFKCKLELLVGSPASCMELE	0
VFNPFQKEIFTYLVEGFKVSIGSSKASGSKQQWTK	XXXXXXXXXFTYLVEGFKVSIGSSKQWTKILWSCK	0
IIQKLEPQIAVANTYACKGLDRIEERLPILNQPST	LPLVLEPQIAVANTYACKGLDRIEERLPILNQXXX	1
ITTQVTIPKDLAGSIIGKGGQRIKQIRHESGASIK	XXXXXXIPKDLAGSIIGKGGQRIKQIRHEIKIDER	1
KTPVKFWFLKNYLSPTFKEFIPYMANEYNFQYELV	YERLRFWFLKNYLSPTFKEFIPYMANYELVQQFXX	0
VVRKVESTKTDSRDKPLKDVIIADCGKIEVEKPFA	VVRKVESTKTDSRDKPLKDVIIAXXXXXXXXXXXX	1
AKLGLLGLANSLAIEGRKSNIHCNTIAPNAGSRMT	KKQKYGRIANSLAIEGRKSNIHCNCHESCEENGGQ	1
VPHTGRYTCLASSPAGHKSRSFSLNVFVSPTIAGV	ITWHGRYTCLASSPAGHKSRSFXXXXXXXXXXXXX	0
EKPYLSPDILEEKHCEFKQLALDHFKKTKKMGGKD	DIYYNNMEVLEEKHCEFKQLALDHFKQQELEEEIK	1
EAKKLEDAATYLSLPSTKAELEEKGHSATGKSMQS	VKLRGEHDLIVYSLPSTKAELEEKGHSAMQLTISK	0
GYGFYLRAGSEQKGQIIKDIDSGSPAEEAGLKNND	XVGYGFYLRAGSQGQIIKDIDSGSPAEEAGLKNND	1
KLTCLQNLKWSTAVEFCKKKSCPNPGEIRNGQIDV	PGYRREPSLSPKAVEFCKKKSCGGILFGACLISSV	0
LKPGECLRVRGEVAPDAKSFVLNLGKDSNNLCLHF	XXXXXXXMAGGEVAPDAKSFVLFNPRFNAHGDANT	1
FSLIKKGKATTITSVLPKPALVASRVEVSKVLILG	EYLFDSFSLTTITSVLPKPALVASDADDNCRXXXX	1
PSVQQDIKFLPFKVVEKKTKPYIQVDIGGGQTKTF	XXLIGRTWNDVQKVVEKKTKPYIQKTFAPEEAALL	1
FYTELLNLCEAEDSALTKLPCYKSLPSLVPLRIAA	VFTELLNLCEAEDSALTKLPCYKSLPSLVPLRIAX	0
NRVVVSGLPPSGSWQDLKDHMREAGDVCYADVYRD	XXXXGGRVVVLGSWQDLKDHMREAGDVCYADVTGV	0
VKKLSEKIMHFPTWVDLKGEDSVPDTVHHVVVPVN	SGKEDVCSATLHSWVDLKGEDSVPDQVHGHLXXXX	0
SLRQMKKTRGTLLALERKDHSGQVFSVVSNGKAGT	XNIPPVPDDKFQLALERKDHSGQVFSTVGVFTRDL	1
NNAERVLLTTQGVDMISKMLKMQMLEDEDDLAYAE	ITFAMLFLRTQGVDMISKMLKMQMVKGIAGMTXXX	0
LVKQEDMKGHFSISIPVKSDIAPVARLLIYAVLPT	CGHTQTIMAKIVRSIPVKSDIAPVARLYDVENCLA	1
ELNLMKKAASITSEVFNKFFKERVMEIVDADEKVR	XXXXXXXXASITSEVFNKFFKERVMEILSVEKAIE	0
GSNFSLGFDEPTEQPVRKNKMASNIFGTPEENQAS	XXXFSLGFDEPTEQPVRKNKMASNIFGTPEENQAS	1
NLCEAANAAVQGHASQEKLISSAKQVAASTAQLLV	NLCEAANAAVQGHASQEKLISSAKQVSLVKAAQAT	0
LVLMSRAKHHAISAKLNKPFLFDTKPLIVQYEVNF	XXXPGEVYFADGSAKLNKPFLFDKPLIVLLSKTPL	1
YLGTPEEKKLKIILEEMKEKFSMRSGKRNQSKTDA	AKWHCYLHVLKIILEEMKEKFSMRXXXXXXXXXXX	1
IKEQEVCKLQEQLEATVKKLEESKQLLKNNEKLIT	IKEQEVCKLQEQLEATVKKLEESKQLLKNNEKLIT	1
ISTPPVSSQPKVSTPVVKQGPVSQSATQQPVTADK	QAQPSNSSQPKVSTPVVKQGPVSQSATQQPXXXXX	1
DQLTKWLESSQHTLNYWKEQSLNVSQDLDTIRSNI	XXXXXXXXSSQHTLNYWKEQSLNVSTISNINNFFE	0
EGYKEPCGGLEDAVNEAKHLGVKVFSVAITPDHLE	KENKYLIVGLEDAVNEAKHLGVKVFSSIIATDHTY	1
IGTAGASDVHVTSKPVDKISVPNCAPAASSLDGNK	XXXXXASDVHVTSKPVDKISVPNCAPAASSLEPYT	0
APSKPTAPIFLQGLSDLKVMDGSQVTMTVQVSGNP	XXXXXXXXXXXXGLSDLKVMDGSQVTMTHNLCIQE	0
IVGRAENACVPPFTIEVKANTYEKYWPFYQKQGGH	XXXXXXXXXVPPFTIEVKANTYEKYWPFYQGWYNQ	1
EVQKQVLDLLKYLVIDNKDNENLYITIKLLDPFPD	TKDLELVDLLKYLVIDNKDNENLYITIKLLDLRIT	0
VKEEEVHRLSALFSSSQKRIAELEEELVCVQKEAA	VKEEEVHRLSALFSSSQKRIAELEEELVCVQKEAA	0
VKQWLQEIDRYASENVNKLLVGNKCDLTTKKVVDY	GIIVVVWLQIDASENVNKLLVADLGIPFLSFTMAA	1
KRRSTSRQFVDGPPGPVKKTRSIGSAVDQGNESIV	PSSSNARQFVDGPPGPVKKTRSIGSAVDHQLXXXX	1
KKVLGAFSDGLAHLDNLKGTFATLSELHCDKLHVD	XMVHLAFSDGLAHLDNLKGTFATLSELHCPFKVVA	1
DDFEKKFNALKVPVPEDKYTAQVDAEEKEDVKSCA	KSWNETLTRLKVPVPEDKYTAQVDAEEKEDVXXXX	1
DLNHISCVIKERTVAQIKATVKRKVYEDSGIPLPA	SLNHISCVIKERTVAQIKATVKRKVYEDSGIPLPD	1
IQASSGESKYTGTLDCAKKLYQEFGIRGIYKGTVL	IKCLLQQSKYTGTLDCAKKLYQEFGIRGIYKQTPX	1
SFCRNQFPGQSEVEHLTKVTGLSTREVRKWFSDRR	SFCRNQFPGQSEVEHLTKVTGLSTREVRKWFXXXX	0
QEVAQKFVETHPEFIGIKIIYSDHRSKDVAVIAES	MEIRAVKTYQEVAQIGIKIIYRFPTVVAGFSTLLX	0
PSNYVERKNSARKASIVKNLKDTLGIGKVKRKPSV	XXXVNERKNSARKASIVKNLKDTLGIGKRYAERED	1
VEKQQLPEQPFEKAAFQKQNDTPKGPQPPTVSPIR	SGPPKVEGQPFEKAAFQKQNDTPKGPQPPXXXXXX	1
IKRDKSGAYLFLPDGNAKPYVYTTPPFVRVTHGRI	XXVQFSWYGTTLPDGNAKPYVYTHVYNREIAMKIS	0
KNMGLYGERVGAFTMVCKDADEAKRVESQLKILIR	FARFIEQGINVCLTMVCKDADEAKRVESXXXXXXX	1
GIRRVGRRPDQQLQGEGKIIDRRPERRPPRERRFE	GIRRVGRRPDQQLQGEGKIIDRRPERRPPRERRFE	1
YSLPPVIDKMNIELTQLKLSRTILQASLPQNDIEI	VIIIAVIADLGLILTQLKLSRTNDIEILKPVNMLK	0
LVRMYFDKYVLKPATEGKQRLKLAQFDYGRKCSEV	XXRMYFDKYVLKPATEGKQRLKLAQFYAAVSWQAT	1
RPELTGAKVVVSGGRGLKSGENFKLLYDLADQLHA	XXXXXXXXXXXSGGRGLKSGENFKLLYGASRAAVD	1
FENLCKLMKEILDKKVEKVTISNRLVSSPCCIVTS	FENLCKLMKEILDKKVEKVTISCCIVTSTGAKKHL	1
KYKEEEILKLQDSMSIFKYLRYFTRTILDARKLIS	LFKEEEILKLQDSMSIFKYLRYFTRTIXXXXXXXX	0
PDAKLKHQILSALSQVSKHSVDLAEMVVEAEIFPV	KHSPELAQVLSALSQVSKHSVDLAEMVVNSTLIRE	0
FLGLTERDVELLYPVKEKVFYSLMRESGYMHIQCT	LLLGQERDVELLYPVKEKVFYSLMRESTWNTERPF	1
KNTSEQDQPMGGWEMIRKIGDTSVSYKYTSRYVLK	XXXHSAIIDVGFIEMIRKIGDTSVSYQSWGTGEDV	1
VAAGAVGLAQRALDEATKYALERKTFGKLLVEHQA	XXXXXXXYAQRALDEATKYALERKTKLLVEHISML	1
KNNELLKNIQDVQSQISKIGLKDPTVPAVKHRKKS	XXXXXXXNIQDVQSQISKIGLKDAVKHRKKSLIRL	0
ILEKAIQLSGAEQLEALKAFVEAMVNENVSLVISR	VRQLILAILGAEQLEALKAFVEAMVNLFCLTAKEI	0
TWIVLKEPISVSSEQVLKFRKLNFNGEGEPEELMV	VVDVLDSIKTVSSEQVLKFRKLNLMVDXXXXXXXX	1
THVDSPLEAPAGPLGQVKLTLWYYSEERKLVSIVH	XXXXXXXXXXXXXXGQVKLTLSIVHGCRSLYVSLT	0
KLFCRNHNALLASLTTQKKVEFVLKQLRIMQSSQS	CHLVGNSCLKIASLTTQKKVEFVLKQLNSLLPRVC	0
HDINAQLVEDQGFLDTLKDLISDSNPMVVANAVAA	LKRKAAVVAVEGFLDTLKDLISDVVANAVAALSIA	0
NIKEVYTFASEPNDVFFKLVDKSTELNEEPLMRFG	NIKEVYTFASEPNDVFFKLVDKXXXXXXXXXXXXX	0
LVSQLEQLHRQGLLSLQKLWFYIQPAMRTMDILAS	LVSQLEQLHRQGLLSLQKLWFYIQPAMXXXXXXXX	0
HGKYMACCLLYRGDVVPKDVNAAIATIKTKRSIQF	SVAEITNCLLYRGDVVPKDVNAAIATIKTTFKVGI	1
LIENSTTFRDKTEFAQDKYIKKKKKKYEAIITVVK	EVQLISTFRDKTEFAQDKYIKKKKKKYEQVLPRKL	1
GGPCGLRTAIELAYLGAKVVVVEKRDSFSRNNVLH	CTNTKCLIAIELAYLGAKVVVALGVEIFEFDVIVN	0
YNEGTQAVTEENIASLQKRVVELENEKGALLLSSI	LQNGTQAVTEENIASLQKRVVELENEKGALLLSXX	0
LRGLEPGQEYNVLLTAEKGRHKSKPARVKASTEQA	AKFDRYRLQLPRNLTAEKGRHKSKPXXXXXXXXXX	1
TGESTDIDVKEALINAFKRLDNDISLEAQVGDPNS	LFYYISSLYKEALINAFKRLDNDISLTAANTRAFG	0
VLAYRNTAQRQEIRTAYKSTIGRDLIDDLKSELSG	AMKIVLTAQRQEIRTAYKSTIGRDLIDDLKSVMTX	1
TSESRDKLGAKGDFPTGKSSFSITREAQVNVRMDS	SQMGSTLPGAKGDFPTGKSSFSITREAQVNVRMXX	1
SDSEEEKTGLAVTVGQAKSVGKGLQVKAASVPVKG	XXXASSVSGLAVTVGQAKSVGKGLQVKRSPSKVKP	1
GYGFVEFLSEEDADYAIKIMNMIKLYGKPIRVNKA	VLFLQAGVFEEDADYAIKIMNMIKPIRVNKAAKLY	0
HAKNCDFSFTGLQHVTDKIIMKKEKEEGIEKGQIL	RLSHFDIKFTGLQHVTDKIIMKKEKEEIEKGLSAD	0
AVDWVSRNLFWTSYDTNKKQINVARLDGSFKNAVV	QSADLPNAHGWTSYDTNKKQINVKNAVVQGLEQPH	0
LDKMIRSAIFHFESAVEKKPTFEVAHLDLARMYIE	SVLLHHQGIFHFESAVEKKPTFEVAHLXXXXXXXX	0
PVDFDQYNELHLPAVILKTFLRELPEPLLTFDLYP	TVIFRRSAVQHLPAVILKTFLRELPLLLLAVFGPN	0
QGGYPSRASFHELYNMYKKYMPDKLARLDPRLFCK	XXXXXXXXSFHELYNMYKKYMPDKLARLDPRLFCA	0
HTQLQTQQRAVQEAIQVKLNEFEQWITHYQAAFNN	XXXXXXXQRAVQEAIQVKLNEFEQWITHYQHRIEQ	0
PKVNVEAPDVNLEGLGGKLKGPDVKLPDMSVKTPK	EIDPVSLKGVPKVEGTLKGPEVDLLFEGDAKLSGX	1
SALAQIPQKVLWRFDGKKPNTLGSNTRLYKWLPQN	NMIASALAKVLWRFDGKKPNTLGSNTRLYKWLSXX	1
LDHTSDKSLLDANFEPGKKNFLHLTDKDGEQPQIL	STWGNGISLLDANFEPGKKNFLQSYSYSSXXXXXX	1
GGVMTKLIPRNTVVPTKKSQIFSTASDNQPTVTIK	TLGITKLIPRNTVVPTKKSQIFVYEIEVTFEIDVG	1
SYNKQMRPAILDHCSGNKWTNTSHHPEYLVGEEAL	XXXXXXXXXALDHCSGNKWTNTSHLVGEEALYVNP	0
ILTASHCPGGPGGEFGVKFNVANGGPAPDVVSDKI	GSDTVSGGIILTASFGVKFNVGGPAPSIDEXXXXX	0
YVPPKDLSFSEVTSYGFKTNWSPAGENVFSYHITY	XXXXXDLSFSEVTSYGFKTNWSITYVVESTSVVLS	0
MYKKVVGQFPFQDIELEKQPFPKKFPFSEFVPKVY	MYKKVVGQFPFQDIELEKQPFPKKFPFSEPIHKST	0
ARPPPPAQPGEIGEAIAKYNFNADTNVELSLRKGD	XXXXXXXXXXXXGEAIAKYNFNAELSLRKGDRVIL	0
CTAPDKTLILDVPPGVEKFQLHDCTQVEKADTTIC	YNKETKLFTECVPPGVEKFQLHKWKNIETFTCDTI	0
DRGQQQVFKGLNDKVKKKALTSFERDSIFSNLTGQ	KKMLEDVFKGLNDKVKKKALTSFERDSIFDXXXXX	1
YTMMKFACFERTVEALYKFVVPKPRSECSKPEQLV	XXYLRTACFERTVEALYKFVVPKPRSECEQLVVTV	1
EELVLELQTAKKDANQAKLSERRRKRLQELEGQIA	EELVLELQTAKKDANQAKLSERRRKRLQELEGQIA	1
HRTLTIELRRPENEFWVKLKPGRVLFIDNWRVLHG	CLKHEGTGGRTLLEFWVKLKPGRVLFHGRECFTRQ	1
TQQNYHDRLSQILTDFPKLDDIHPFYADLMNILYD	XXXAHYNFISQILTDFPKLDDIHPFYADLMNYDKD	0
HNLWFRSTLMLEHQAFEKGLSLQIKPKQTTEFYEQ	IPIRPCLTLMLEHQAFEKGLSLQIKPKTPPQQEIL	0
CTMKKGPSGYGFNLHSDKSKPGQFIRSVDPDSPAE	XXXXXXXXTQQFNLHSDKSKPGQFIRSAQDRIVEC	1
KDQQDVFCFRYKIQAKGKTPSLDPHQTKEQKILQE	XDQQDVFCFRYKIQAKGKTPSLDPHQTKEQKILQE	1
GNVYENLFEWAKNSPLNKAEVHESYKHLKSLQSKL	CSVYENLFEWAKNSPLNKAEVHESYKHLKXXXXXX	1
VCLRWKELVDGAPLWLLKCQQEGLVPEGGVEEERD	LPAAELVLVDGAPLWLLKCQQEGLVPHWQQFYFLS	0
KIPYLPITNFNQNWQDGKALGALVDSCAPGLCPDW	XXXXXIYLPINQNWQDGKALGALVDSLCPDWESWD	0
NLDLTKRKMIHEGPLVWKVNRDKTIDLYTLLLEDI	XXXXXXXXXXXXXPLVWKVNRDKTIDLYTLLQCHS	0
PEVVKPKITHSPDSVKSKATYVNSQATGERRLANK	PHNVKPKITHSPDSVKSKATYVNSQATXXXXXXXX	1
YKENVMKLSRIQHDQPVKPLDRAVFWIEFVMRHKG	HCKPYEIYSRIQHDQPVKPLDRAVFWIXXXXXXXX	1
KNVVVFDKSSEQILATLKGHTKKVTSVVFHPSQDL	LHSTGGADKNVVVLATLKGHTKKVVVFSASDTIRI	1
MKVPKFGVSTGREGQTPKAGLRVSAPEVSVGHKGG	XEGPDAISAPKVVDLHLKAPKILKGPKVDVHMDSP	1
PGKVVTAAAQAKQRSPSKVKPPVRNPQNSTVLARG	EAEQAKSVGQAKQRSPSKVKPPVRNPSTVLARGAR	1
NPVDILTYVAWKLSGFPKNRVIGSGCNLDSARFRY	KLLIDLTYVAWKLSGFPKNRVIGVSTLSKDIFLSC	1
ASSKKGFNSVATARIFYKLMLRLGFQEFYIQGGDW	GLDIHFLIPVATARIFYKLMLRLGFQEFMLVHVXX	1
EAKKAAIKPLEQTECLNKTETGALVLHNIGYSAQH	AEKKAAIKPLEQTECLNKTETGALVLHNIGYSAQX	0
SSASAIMGNPKVKAHGKKVLTSLGDAIKHLDDLKG	GETLGLFFNPKVKAHGKKVLTSLGDAIFLLHFLGL	1
KDEFTIIPVLVGALSESKEQEFGKLFSKYLADPSN	RCATGMFEVLVGALSESKEQEFGKLFSPVSRHPIG	0
AVDWVSRNLFWTSYDTNKKQINVARLDGSFKNAVV	XQADLPNAHGWTSYDTNKKQINVKNAVVQGLEQPH	0
KGRTVIIEQSWGSPKVTKDGVTVAKSIDLKDKYKN	VAVTMGPKGRTVIIKVTKDGVTVASDGTTTSANVE	1
HQLHSKFLDQSLGEQVVKNLLFAAKVLYLLELYCE	ASPISSCQLQSLGEQVVKNLLFAAKVCIFKFLGAV	0
FRYRRVAEGTQVLELPFKGDDITMVLILPKPEKSL	SKLFKGLWKSKFFELPFKGDDITMVNEEGSEAAIR	0
SSPSPVTTAVPGPPGPDKNHLLADGGSFGDWASTI	SKRQGQTTAVPGPPGPDKNHLLADGGSFGXXXXXX	0
CARSLEAVPKKLCGYLSKFGGKGPIRGWKSRWFFY	XXXXXXXXXXXXXGYLSKFGGIRGWKSRWFFLYYS	0
KGNRGDSIDQCALIQSIKDKCPCCYGPLECPVFPT	XXXXXXSIDQCALIQSIKDKCPCCYGPLECPVFPC	0
QLLSLKAEYKEKTGQEYKPGNPPAEIGQNISSNSS	QLLSLKAEYKEKTGQEYKPGNPPAEGXXXXXXXXX	0
KTQETGDEGKPLHLLIGKLQKAVSEECSYFLQTLC	TMKTQEGDGKPLHLLIGKLQKAVSEECSYLNKVTE	0
SRSGSSVSSRSYSPERSKSYSFHQSQHRKSVRPGA	SHDRRSVSSRSYSPERSKSYSFHQSQHRKSVRPGA	1
KPEYDIMCKVKSWVIDQKKPVRFYHDWNDKEIEVL	DEEMIGMCKVKSWVIDQKKPVRFYHFLTSWKYDXX	0
KMAPVPLDDSNRPASLTKDRLLASTLVHSVKKEQE	IPMPVPLDDSNRPASLTKDRLLASTLVHSVQFRSI	1
INEVERLDGFGQEIFPVKDNHGNCVHLGIFFMGIF	XXXXXXXXXXXXXIFPVKDNHGNCVHLGIFVRNRI	0
GVCEETSGAYEKTDTDGKFLYHKSKWNITMESYVV	FNISIAEIAYEKTDTDGKFLYHTMESYVVHTAIFL	1
TAPYKYPRKIEFVLNLPKTVTGKIQRAKLRDKEWK	AVISKAFVVLEFVLNLPKTVTGKIQRAKLRDKEXX	1
PSVGPKIPQALEKILQLKESRQEEMNSQQEEEEME	XXXGPKIPQALEKILQLKESRQEEMNSQQEEEETV	1
GILVFQGFTKINAFNWAKVRKLSFKRKRFLIKLRP	XXXXVANTGILNAFNWAKVRKLSLIKLRPDANSYQ	0
GEEVDDESLKELFSQFGKTLSVKVMRDPNGKSKGF	TNVYIDESLKELFSQFGKTLSVKGFVSYEKHEDAN	0
LSSENKFQNSAILTIQPKQLPGGQNPVSYVYLEVV	RVGASIKSFSYSLTIQPKQLPGGQNPVSYVITYDN	0
SVLAVVAAVLKLGNIEFKPESRVNGLDESKIKDKN	XXXXXXXXXXNLGNIEFKPESRVGLDESKIKDKNE	0
GGPLLCNNVAHGIVSYGKSSGVPPEVFTRVSSFLP	GDRERKAAFKGDSVSYGKSSGVPPEVFXXXXXXXX	0
DLAPNSAEQASILSLVTKINNVIDNLIVAPGTFEV	XXXXXXXXXASILSLVTKINNVIDNLVQADLKVVE	0
AEMFEHLSGKLQQFMENKSRMLASGNQPDQDITHF	XXXXXXXXXKLQQFMENKSRMLASGNFQIQELNLE	0
IEEFAKDVGAQILLHSHKKDILMHRWRYPSLSLHG	IDFDIEEFAKQILLHSHKKDILMHRWRYDLTREGA	1
EKTGNAWHSKNFTKYPKKFYPLEIDYGQDEEAVKK	WKLYEEKTGNAFTKYPKKFYPLNRTLXXXXXXXXX	1
SHMDIDKVAFTGSTEVGKLIKEAAGKSNLKRVTLE	IGPGASSVAFTGSTEVGKLIKEAAGKSLKRVTLEL	1
SGSGGLGAKEQGIQDPIKGGDVRDKWDQYKGVGVA	HLWSGSGGLGQGIQDPIKGGDVRDDQYKGVGVALD	1
AGSKLREMESNWVSLVSKNYEIERTIVQLENEIYQ	AGSKLREMESNWVSLVSKNYEIERTIVQLENEIYQ	0
VPPTFSALCPANPTCIYKYGDESSNSLPGHSVALC	XXXXXXXXXXXXXTCIYKYGDESSNSLPGHSVALL	0
SMTTRFTDELMEQGLTYKVLTLVSQIDVNNEFEKL	FISLFKIALLMEQGLTYKVLTLVSQICRSLAESLE	0
LSSNCVCQIHRFIVNTLKDGRRVVILMELEVLKSA	GITRRLSSFMAFIVNTLKDGRRVVILNEGLYEKSA	1
YQESDGKAQVTGPSQISKTDKSFQGTTRQETNYQD	XXXXXXXAQVTGPSQISKTDKSFQGTTRQSLECVN	0
LENNGSKKDGVCGPPPSKKMKLFGFKEDPFVFIPE	GLQLRIATRTPCGPPPSKKMKLFGEKMKXXXXXXX	1
NPHFQSGETSIVISDVLKGGPAEGQLQENDRVAMV	APGFGFGIAISVISDVLKGGPAEGQLQENDRVLKN	0
LVQFDSGKLEALAILLQKLKSEGRRVLILSQMILM	XXXXXXXKLEALAILLQKLKSEGRRVLIFLHYLTI	0
CVRNTPAFLAERLHRALKGIGTDEFTLNRIMVSRS	XXXXXDAFLAERLHRALKGIGTDEFTLNIMRFKHY	1
EDVQALKELILHNPVTLKLQESQLPGPDQLQQFQV	ADFLMSATFNVQKPVTLKLQESQLXXXXXXXXXXX	0
RSMNSRVFIGNLNTLVVKKSDVEAIFSKYGKIVGC	XMASNVTFIGNLNTLVVKKSDVEAIFSIGCSVHKG	1
AFEQLMTDLTLSRVQFQKLQQLRLTQYHGGSLPNV	XXEQLMTDLTLSRVQFQKLQQLRLTQYHGGSLPSL	1
STSSDIQNSVDSKIIVDKYVKDDKVNRRKAKRTYE	TQGSKSDQSVDSKIIVDKYVKDDKVNTYKKKQNDL	1
KVTKRKHDNEGSGSKRPKVEYSEEELKTHISKGTL	XXXXXXXXGKTSGSKRPKVEYSEEELKTHITLGKF	1
KTAHSFEQVLTDITDAIKLDSGVVKRLYTLDGKQV	GVRKAVRIVLTDITDAIKLDSGVVKRLIACGPERG	0
YNEGTQAVTEENIASLQKRVVELENEKGALLLSSI	YNEGTQAVTEENIASLQKRVVELENEKGALLLSSI	0
SELRVDLVDFEGNHQFAKYKSFKVADEAEKYKLVL	XXTDGWSELRVDLHQFAKYKSFKLGAFVGGSAGNS	0
SKEDKIHNAENIQPGEQKYEYKSDQWKPLNLEEKK	XXXXXXHNAENIQPGEQKYEYKSDQWKPLNLEKRY	1
TGPLSSCHKLVDPQGPLKDCIFDLCLGGGNLSILC	KKYQKFCGLLSDPQGPLKDCIFDLCLLNIYXXXXX	0
DSPFTGEQLLKQMVSFEKVKLTNNELDQHGHIILN	LMDIRLYVHPDSMVSFEKVKLTHGHIIPVFXXXXX	1
YKLHERRCEPIAMTVPRKSDLFQEDLYPPTAGPDP	SLEVNKCEIARAMTVPRKSDLFQEDLYPLKDGXXX	1
SSDVEKAKKQLLHLAEEKQTKSFTVDIRAKPEYHK	IRSIFDVKKQLLHLAEEKQTKSFTIGKEXXXXXXX	1
SAASASPHQPIVIHSSGKNYGFTIRAIRVYVGDSD	XXXXXXXXLPNVIHSSGKNYGFTINVEEGSPACQA	0
MSKVIGANKNQEEEKSGKWEGLVYAPPGKEKQRKT	DFHKEEMDKNQEEEKSGKWEGLVYAPREQAKKYKD	1
ASKAVGWGATQLVEAADKVVLHTGKYEELIVCSHE	SKLVNEILCTQLVEAADKVVLHTGKYEELIVCSTG	0
SCSYRIESYWTYEVCHGKHIRQYHEEKETGQKINI	EPLFKQSSCSYYEVCHGKHIRQYLGNMLAKNLEVG	0
CKAAGAARIIAVDINKDKFAKAKELGATECINPQD	GLGGVGLSVIAVDINKDKFAKAKELGATECINALI	1
ERIAPVHIDTESISALIKQVNKSIDGTADDEDEGV	XXTTERMKYTESISALIKQVNKSIDGTADAIGLLF	0
EEKEKLLATEQEDAAVAKSKLRELNKEMAAEKAKA	EEKEKLLATEQEDAAVAKSKLRELNKEMAAEKAKA	1
AHFHGCGSVNRVTILCDKFSGHPKGFAYIEFSDKE	GNVDYGATALRVTILCDKFSGHPKGFAYIKRTNPS	1
KLDGIKTRYADITVTSSKALRTLEQARQLATKFQS	KALNEIVRYADITVTSSKALRTLEQARELVXXXXX	0
ADIKEMQNLSFQDCYSSKFLKHWDHLTQVKKPVIA	ADIKEMQNLSFQDCYSSKFLKHWDHLTQGELTIPG	1
LSPNGGGEPKGELLEAIKRDFGSFDKFKEKLTAAS	XXXXXXGEPKGELLEAIKRDFGSFDKFKEKLTWLG	1
RAELQEGARQKLHELQEKLSPLGEEMRDRARAHVD	RAELQEGARQKLHELQEKLSPLGEEMRDRARAHVD	1
ETTVTVTTEPENRSLTIKLRKRKPEKKVEWTSDTV	XXTVTVTTEPENRSLTIKLRKRKPEKKVEWTSDTV	1
ERRGAPAAATAPAPTAHKAKKAAPGAAGSRRADKK	ERRGAPAAATAPAPTAHKAKKAAPGAAGSRRADKK	1
EQLSPGKAVDQVCTFLFKKPGRKGAAGRRKRPACD	XXXXXXXAVDQVCTFLFKKPGRKGAAGRRPEKKRV	1
PPPRSSGNAATSGNAATKIPTPIVGVKRTSSPHKE	PISLALGNAATSGNAATKIPTPIVGVKRXXXXXXX	1
HSEDASALQGGTSVAQIKAQLKEIEAEKVELELKV	QMEAEHALQGGTSVAQIKAQLKEIEAEKVELEXXX	0
DGKIYQRAFGGQSLKFGKGGQAHRCCCVADRTGHS	HFYDTVKGAGGQSLKFGKGGQAHRAPVAKLASVAI	1
FQTKKVDLSQPLIATCRKGVTACHVALAAYLCGKP	FYRTYDSREPDALATCRKGVTACVYDGSWSEWFRX	1
SLANQLELNPDFSRPNRKYTWNDVGQLVEKLKKEW	TLANQLELNPDFSRPNRKYTWNDVGQLVIYXXXXX	1
TYEFAKRQSILVLWDINKRGVEETAAECRKLGVTA	ITGAGHGGRTLVLWDINKRGVEETAAECRAHAYVV	1
IGTFLGHKGAVWGATLNKDATKAATAAADFTAKVW	FSGITPYGYFLIGATLNKDATKAADAVDFTQDSNY	0
KTGIYEEKHAKRPDADLKTYFTDKKTHLYTLILNP	PDKCGEDYKLHRPDADLKTYFTDKKTHLYVDVXXX	1
NDVLLYTSRGLTASNQFKVHGQLPLYGMTIEESED	MFFLLYTSRGLTASNQFKVHGQDLSASVHWXXXXX	0
EARQALLKQGQDNLSSVKETQKKWAEQYLKIMGKI	CLPVYDALQGQDNLSSVKETQKKWAEQYLKIXXXX	1
ADFSDPAFISKTNNHIMKLTKGLIKDALENIDPAT	RSVNDAEFISKTNNHIMKLTKGLIKDALNCIYFXX	1
GFNSKSGQRGSSKSGKLKGDDLQAIKKELTQIKQK	VKRSKSGQRGSSKSGKLKGDDLQAIKKELTQIKQK	1
MALREEYFDPSIVGWTVKYYELEEKIVSLIKNLLV	XTHIMREFDPSIVGWTVKYYELEEKIVSQLSDYYE	0
MNIGLRVFLVIADSLQQKDGEPPMPTTGVILPSGN	IAQERLVFLVIADSLQQKDGEPPKIFLNKTLTEEA	0
VETNRPDSKNWQYQETIKKGDLLLNRVQKLSRVIN	CKTNRPDSKNWQYQETIKKGDLLLNRVQKLSRXXX	0
SGQLVSGGVAEEAKQALKNMGEILKAAGCDFTNVV	QIGMDPSLVAEEAKQALKNMGEILKADFIYKQYFE	1
SPPGTVKAEEHQRQNINKFERRQARPPDASAARGG	GLKSKPKAEEHQRQNINKFERRQARPPXXXXXXXX	1
TNWLAEILCLMHSKGDAKWIQSVPIWERSPWVESE	XXXXAEILCLMHSKGDAKWIQSVPIWERSEELNLI	1
LGAIVRQKNHPMTPEAVKANWKKICDFENASKPQS	LGAIVRQKNHPMTPEAVKANWKKICDFENASSIEV	1
NKGKSTAGNFLVNPLEPKNAEKLKVKIADLGNACW	IQQLSVNGNFLVNPLEPKNAEKLKVLALNSXXXXX	0
VDLDNVVKKVQAAQSEAKVVSQYHELVVQARDDFK	EALKRRVKKVQAAQSEAKVVSQYHELVVXXXXXXX	1
TTIQGLDGLSERCAQYKKDGVDFGKWRAVLRIADQ	KVVGIKLGLSERCAQYKKDGVDFGICQQNGLVXXX	1
EWNILYDKLEKIHHSGAKVVLSKLPIGDVATQYFA	YHNPKIALLEKIHHSGAKVVLTYFADRDMFCAALG	1
DGTGFARISFDSQISTTKRFEQELRLVSYSGVLFF	XDGSFARISFDSQISTTKRFEQELRLGVLFFLKQQ	0
SSFPVPQDNVDTHPGSGKEVRVPATALCVFDAHDG	XXXXXXXXXXXTHPGSGKEVRVPFSPGSRGNPEFS	0
QNLQTKTNRAVANSRPAKAAVHLEGKIEQAQRWID	AKDKVGELCARANSRPAKAAVHLGKIEQADRGVGQ	1
ERHLLASKPLGGLPETAKEQLNVHMEVCAAFEAKE	XXXXXXSKPLGGLPETAKEQLNVHMEVCRKTKLEE	0
WIEQEGPEYWDRNTQIYKAQAQTDRESLRNLRGYY	DAASPREEYWDRNTQIYKAQAQTDRESXXXXXXXX	1
ELGSSVALYSRKVLIQTKATDILPKWLRFIRGVVD	QFELGSSVALYSVLIQTKATDILPKLRFIRGVVDR	1
KAAREVKLLLLGAGESGKSTIVKQMKIIHEDGYSE	XXXXXXXLLLLGAGESGKSTIVKQMLRVKTVMFDV	1
HREKFQRSCLHQTVQQFKRFIENYRRHIGCVAVFY	XXEKFQRSCLHQTVQQFKRFIENYRRHIGVAYRTQ	0
TKQQLQKQQHPKKASFQKLNGISKGADSELSTVPS	GAAKTQKQQHPKKASFQKLNGISKGADSEXXXXXX	1
GWTKPITIGRHAHGDQYKATDFVADRAGTFKMVFT	NGTIRNIGGRHAHGDQYKATDFGMGMYNTDESIYK	1
LRKELSEPSSTRIYAIAKAIDDNMSLDEIEKLTYI	EWPLDLRKELTRIYAIAKAIDDNMSLEITLMRDIL	1
LTSLRAPLDIPIPDPPPKDDEMETDKQEKKEVHKC	XXXXXXXLDIPIPDPPPKDDEMETDKQEKKEVHKC	0
ILRMKVQDQDLPNTPHSKAVYKILQGNENGNFIIS	PPSFKVQDQDLPNTPHSKAVYKSTDPNTNEGGVIN	0
GGPAPTPLLPPSATASVKMEPENKYLPELMAEKDS	XXXXXXXXXPPSATASVKMEPENKYLPELMAEKLA	0
KAVGDKLPECEAVCGKPKNPANPVQRILGGHLDAK	XXXXXXXKNYYAVCGKPKNPANDAKGSFPWQGKSV	1
KPEVKTTEKKELCELKPKFQEHIIQAPKPVEAIKR	KPEVKTTEKKELCELKPKFQEHIIQAPKPGQXXXX	1
NDLQEKFAQLEAENSILKDEKKTLEDMLKIHTPVS	XDLQEKFAQLEAENSILKDEKKTLEDMLKIHTFLS	0
PNGDKTKVMVSISLKFYKELQAHGADELLKRVYGS	XXXXXXXXDGVISLKFYKELQAHGADELLPSGYNV	1
VSSGVSQLASKVQGVGSKGWRDVTTFFSGKAEGPL	AEGRESQLASKVQGVGSKGWRDVTTFFSGKAEGPL	1
TRFRVSWDPSPSPVLGYKIVYKPVGSNEPMEAFVG	XXXXXPPIVSWPSVLGYKIVYPMEAFVGEMTSYTL	0
LAVEVKVPTEPLSTPLGKTAELTCTYSTSVGDSFA	XXXXXXXXXXXLSTPLGKTAELTKKRVSLLTLKLT	0
KNLQIKENALSQLDVPFKVKVGHIGNLKLIIPWKN	XXXYIKENALSQLDVPFKVKVGYLLIVPSSRIKYD	0
QQARKHLLPVTTADLSSKERHRSPLEKPHNGLLFP	XXARKHLLPVTTADLSSKERHRSPLEKPHPQHGDY	0
GPAYQPVVEAFGTDILHKDGIINRKVLGSRVFGNK	GPAYQPVVEAFGTDILHKDGIINRKVLGSRVFQLM	0
RSRGFGFVTFMDQAGVDKVLAQSRHELDSKTIDPK	QFGEVKFVTFMDQAGVDKVLAQSRHELIDPKVAXX	1
EAAGTGKKVKVRPPPLKKTFDSVDNRVLSEVDFEE	WKCKERVTIKVRPPPLKKTFDSVDNRVLSEVDFXX	1
RLSLPPNVRIMFEVQDLKYATLATVSRCGMVWFSE	VGPSGDVDPEVFEVQDLKYATLATVSMWMDKYGTS	0
FSKARYTVRSFGIRRNEKIAVHCTVRGAKAEEILE	VFSKARYTVRFGIRRNEKIAVHCYXXXXXXXXXXX	1
TRLFRCSNEKGYFAVTEKCSDFCQDDLADDDIMLL	PQQNNGTRLFRCSAVTEKCSDFCQDDLADIMLLDC	0
VPEMAVPDVHLPEVQLPKVPEMKLPEMKLPEVKLP	RKAKVEADVHLPEVQLPKVPEMKLPEVLXXXXXXX	0
KGGETSEMYLIQPDSSVKPYRVYCDMNTENGGWTV	SGKECEIMYLIQPDSSVKPYRVYTKQGFVLGNDKI	1
RTSLFSSILRQEVAFFDKTRTGELINRLSSDTALL	XXAPGKSILRQEVAFFDKTRTGELINRRELREPKL	1
AASQKFRKNTAPSLSSRKNMDLAKSGIKILVPKSP	RKNKKGKTEPAPSLSSRKNMDLAKSGIKSENNGSV	1
QAGLRAWTQVLLGQAEDKAEVDMDTDAPQVSHKPG	YAGLRAWTQVLLGQAEDKAEVDMDTDAPQVSHKPG	0
RRGLKYELISETGGSHDKRFVMEVEVDGQKFQGAG	EQGPIYELISETGGSHDKRFVMEQGAGSNKKVAKA	1
KLEMSKFQPTLLTLPRIKVTTSQDMLSIMEKLEFF	MAFKYLSKVPMMLLPRIKVTTTVLELTETFLFLFM	1
EVKSKTAKLQDFKSFLLKDSETSQRLANLRQRVEQ	EVKSKTAKLQDFKSFLLKDSETSQRLANLRXXXXX	1
DPNIVGSEHYDVARGVQKILQDYKSLQDIIAILGM	LDPLDSTMHYDVARGVQKILQDYKSLQEDLTVSRA	1
HLNISKVLLVLGETYGEKEDPEGLQDFNTESLHIV	THLEKSSVLVLGETYGEKEDPEGLQFPKEFHFILD	0
EQEDLIKALHTQLEMQAKEHDERIKQLQVELCEMK	EQEDLIKALHTQLEMQAKEHDERIKQLQVELCEMK	0
GRNGAIHIFREIIKPAEKSLHEKLKQDKRFSTFLS	XXXXXXKQLRENIKPAEKSLHEKLKQDFKELLTQP	1
IRDIVQFVPFRQFQNAPKEALAQCVLAEIPQQVVG	ALWSVGLVVFRQFQNAPKEALAQCVLXXXXXXXXX	0
YTSRYYLKFNFLEQAFDKLSESGFHMVACSSTGTC	FGDTLYLKFNFLEQAFDKLSESGFHMYVFCRXXXX	0
YLEATLNWFRLYKVPDGKPENQFAFNGEFKNKAFA	EGETDLNWFRLYKVPDGKPENQFWHFLGKXXXXXX	1
ARLNGSFRYVVISQGLDKPRAITVHPEKGYLFWTE	IWTDQGFDVIEISQGLDKPRAIFWTEWGQYPRIES	0
QVQEIMSIFGDITRKFCKDVVSNKKFMKKVQESRF	WLASYPTSLGDITRKFCKDVVSNKFMFPCSELLLK	1
TKLSTPSTGGSVDIISVKEQSKTVVTTTVTDSLTT	TTVTKLSTPSTVDIISVKEQSKTVEYSTRDKTXXX	0
QYNVLWEEGKAALEQLLKFMVHPAISSINLTTALG	XILLLDRIVKAALEQLLKFMVHPAINLALSLEVQA	0
LPLGARCFGVRVSPTGEKVTHTGQVYDDKDYRRIR	XXXXXRCFGVRVSPTGEKVTHTGQVYDDKDYRRIR	1
GAVNLAKGTVQTGVETSKAVLTGTKDAVSTGLTGA	KAVVDTTKTVLTGVETSKAVLTGTLVDTSKTVLTG	1
LSFFEQFRKIYIGDQVQKSSKLYRRLSEVLGLNDE	EQDADGFRKIYIGDQVQKSSKLYRRLSEGLNDETM	1
RSKGEPRDSGTLQSQEAKAVKKTSLFEEDEEDDLF	SKLMEPRDSGTLQSQEAKAVKKTSLFEEDEEDDAA	1
TVLDMLRDAMVAKVNTSKGFLIDGYPREVQQGEEF	QKYGYTHLAMVAKVNTSKGFLIPTLLDLKXXXXXX	1
YLALLNAYAEKGDIDHVKQTLEKVEKSELHLMDRD	YLALLNAYAEKGDIDHVKQTLEKVEKSLDLLIISF	1
LCKLCMGSGLNLCEPNNKEGYYGYTGAFRCLVEKG	CAPGCMGSGLNLCEPNNKEGYYGTGATKDLXXXXX	0
NHHAHLVKLMEYCQHGVKEGATLVCGGNQVPRPGF	XXXXXXVKLMEYCQHGVKEGATLVCGGNQTVFTDV	1
AETKKLLDIVARSLYSEKEVFIRELISNASDALEK	XXXXXXXXIVARSLYSEKEVFIRELGFYSAFMVAL	1
IESAFRALSSEGKPYVTKEELYQNLTREQADYCVS	XXXXFRALSSEGKPYVTKEELYQNLTREQADYCVS	1
MMNLSHEKLVQLYGVCTKQRPIFIITEYMANGCLL	GMSEDEFIEEAKYGVCTKQRPIFIIXXXXXXXXXX	0
LELLQSTRIGMSVNAIRKQSTDEEVTSLAKSLIKS	VQKKNAAALGMSVNAIRKQSTDEEVTSLAKITYVS	1
DYFARTCEKWVDGIRQFKHLPDGNICRHLLPRVQC	EDSMIYEGKWVDGIRQFKHLPDGNICRHVHXXXXX	1
ISSGEMQKGLWEQCQLLKSTSVFARCHPLVDPEPF	XXXXXXXXGLWEQCQLLKSTSVFARCHPLVDPEPF	0
ATSGNAATKIPTPIVGVKRTSSPHKEESPKKTKTE	PRYHLGATKIPTPIVGVKRTSSPHKEESXXXXXXX	1
GLAEVSKVAEQVLNAVNKGLYREATELWGKAEMII	PVDSVLKVAEQVLNAVNKGLYREATELWGKAEEDF	0
NKKSVTDSIRDEYAFLQKKYPSLANRNGTKYLART	LIGVVNDSIRDEYAFLQKKYPSLANRNGTYXXXXX	0
CMDESNLRDLNRKSNQVKTCKAKIELLGSYDPQKQ	DYILCNLRDLNRKSNQVKTCKAKIEXXXXXXXXXX	1
LNGARIAAAILNTPDLRKQWLQEVKVMADRIIGMR	DGDNMIAAAILNTPDLRKQWLQEVKVMAXXXXXXX	1
KETDTATLRASLAQFEQKWTMLITQLPDIQEKLHQ	SSLKTVILRASLAQFEQKWTMLITQLXXXXXXXXX	0
QKNRKHPSSPECLVSAQKVLEGSELELAKMTMLLL	SERLDFVCSLECLVSAQKVLEGSELELAKMTLNXX	0
FQKGDYPQAMKHYTEAIKRNPKDAKLYSNRAACYT	DLALEEKGAMKHYTEAIKRNPKDAKLYSNRDECLX	1
LFKYIDENQDRYIKKLAKWVAIQSVSAWPEKRGEI	XXXXXXXXXDRYIKKLAKWVAIQSEIRMMEVAADL	1
RVCSEVLQMEPDNVNALKDRAEAYLIEEMYDEAIQ	XECHSKAICSLDNVNALKDRAEAYLEAIQDYETAQ	0
QLLFKHFSQRAEVLQAFKQVQLLVSNQDVDNYKQI	YMLSYAASQRAEVLQAFKQVQLLRLLKNMGAQXXX	0
PLGCTGARQVITLLNELKRRGKRAYGVVSMCIGTG	ILGVDIPLQVITLLNELKRRGKRAYGVFEYPGNXX	1
KDSLPKKRPIYEDKKRKKIPQQLESKEVSESMELC	QKKAEKKEPIYEDKKRKKIPQQLESKEXXXXXXXX	1
IGRVEPVGNAPLLALVHKMNNCLSQMEQFPVKVHD	VSSFEIQFVAPLLALVHKMNNCLSQMVILLLEFIN	0
KLSSSIQVKKTRAEGSSKIQARMEQQPTRPPQTSQ	FTPMTVFKKKTRAEGSSKIQARMEQQPTSPEPQLD	1
QDISELVYGAKLQPLDFKENAEQSRAAINKWVSNK	XXXLFGDKSLTFQPLDFKENAEQSRAAIISEAINE	1
LMYGATLILASPIFNGKKALEAISRERGTFLYGTP	VLHILPNILASPIFNGKKALEAISRERGLYGMFDI	1
KGWKENPVEFDSLFNESKYTWSWGSPDILPMFAKG	XXXXXARRLVDSLFNESKYTWSFAASGDHVYLSKI	0
MTMLADHAARQLLDFSQKLDINLLDNVVNCLYHGE	XXXXXXHAARQLLDFSQKLDINLLDNVVLLKHPDA	0
GDIREESSYKVIVMPTTKEKCPRCWKYTAESSDTL	KVTSSTMASESTVMPTTKEKCPRCWKYTAESSDTL	0
SEGLLGYIYCDFFQRADKPHQDCHFTIRGGRLKED	FREVWSEDVCDFFQRADKPHQDCHFVLMLNLPRXX	0
CVEWFNTKISAWHNNVEKTLPSTKATRVGVLLNCD	CVEWFNTKISAWHNNVEKTLPSTVIFFLMYKFRXX	0
KSSTKPAAGGTAPLPPWKSPSSSQPLPQVPAPAQS	XXXXXXXXGGTAPLPPWKSPSSSQPLPVCSEHMKC	0
VFNPFQKEIFTYLVEGFKVSIGSSKASGSKQQWTK	XXXXXXXXXFTYLVEGFKVSIGSSAKWTKILWSCK	0
KKEKEDEKELVKLPVIVKLEKPLPENEEKKIIKEE	NRSTEDEKELVKLPVIVKLEKPLPENEEKXXXXXX	1
SVRISAVRAIWGYCDQLKVSESTHVLQPFLPSILD	TVAMPILRAIWGYCDQLKVSESTHVLQFLTLCIVC	0
SQCSQRAVTNHSVYCSTKGALDMLTKVMALELGPH	VSSQCSQRAVHSVYCSTKGALDMLTAVNPTTXXXX	1
HPNLHGPEILDVPSTVQKTPFVTHPGYDTGNGIQL	SWQGHGPEILDVPSTVQKTPFVTHPQMIFEEGXXX	0
RKAELAKLQQTLNALNKKAAFYEEQINYYDTYIKT	DLVTVSKPQQTLNALNKKAAFYEEQINXXXXXXXX	1
GIKSKVYTRTPTLYLDFKLDPGAKHSQPIPKGWTS	XLKPSKDGVTVAVALDFKLDPGAKHQIYTISGDVY	0
HLAARGIPTYIYYFPRSKSAVLHSQSSSSSSRQLV	GGLFTAPRHAIYYFPRSKSAVLHSQSSSXXXXXXX	1
KDNIKHVPGGGNVQIQNKKVDISKVSSKCGSKANI	RAKVEKKPGGGNVQIQNKKVDISKVSSKCXXXXXX	1
GAEVYHNLKNVIKEKYGKDATNVGDEGGFAPNILE	NKLVYHNLKNVIKEKYGKDATNVGGGFAPNILEGL	1
TTKGGRHVDYVVDQVVGKLIEVVKKKNKAGVSVKP	XXXXXXXLDYVVDQVVGKLIEVVKKKNVKPFQVKH	0
DGAQFPPIAAQDLPFVLKAGYLEKRRKDHSFLGFE	XXXXXXXXXAQDLPFVLKAGYLRWCALSKTVFYYY	0
IHAEKPKYQINNISTVPKAIPVSPSAVEEDEDEDG	ESDDLYNGKLNNISTVPKAIPVSPXXXXXXXXXXX	0
ALPLVVLVPSPGGDAVEKEVEDGLMLQDLVSAKLI	LALLVVLVPSPGGDAVEKEVEDGLMLQDLVDYTVT	0
SQRRKKALEISHQWYQYKRQADDLLKCLDDIEKKL	XXXXKEEFNISHQWYQYKRQADDLLKELAVRRQAE	0
HFLRENIKASTEVGEMAKQYIEKSLLVPDHVITRL	HFLRENIKASTEVGEMAKQYIEKSLLVPDHVITRL	1
DDFLGECECTLGQIVSSKKLTRPLVMKTGRPAGKG	XXXVALNVCTLGQIVSSKKLTRTISAEEIFLDYIM	0
LTSGKYPQCRYSAAAQYKFFIVACDPPQKSDPPYK	HQSSKPVNMTDCAAAQYKFFIVHLDSILXXXXXXX	0
PVEKASLLLCGSDLPLHKMAIQGFHLIDADRIYQH	XXXXXXXXXXXXDLPLHKMAIQHLIDARIYHLSET	0
EVQLLESKTYHALSNLPKARAALTSARTTANAIYC	VVQLLESKTYHALSNLPKARAALTSARTQSIIHAA	0
LGKVTSVIPGLNNIIDIKVTDPQLLELGLVQSPDG	ILENLPLLDILKLIIDIKVTDPQGIKLQVNTSLLR	0
YQESDGKAQVTGPSQISKTDKSFQGTTRQETNYQD	RPEGLHKAQVTGPSQISKTDKSFQGTTRQEXXXXX	0
RYSGSEGSTQTLTKGELKVLMEKELPGFLQSGKDK	XXVFRYSGSETLTKGELKVLMEKELPGFLQGKDKD	1
LQEINRVYKEMYKTDLEKDIISDTSGDFRKLMVAL	ILQINRVYKEMYKTDLEKDIISDTSGFRKLMVALA	1
IIWGNHSSTQYPDVNHAKVKLQGKEVGVYEALKDD	LVTANDVKNVIPDVNHAKVKLQGKEVGVYEALKEG	1
EKLSLPQNETVADTTLTKAPVSSTESVIQSNTPTP	PKLSLPQNETVADTTLTKAPVSSTESVIQSNTXXX	0
AATTDKRTSFYLPLDAIKQLHISSTTTVSEVIQGL	XLGFIKVHLKLLPLDAIKQLHIVEVIQGLLKKFMV	0
LAKGFSEGTASTFDYSLKDRAPFTVKNAVGVPIKV	CGLGHRTVGEGTFDYSLKDRAPFTMGNLELEEGNX	0
FGMKKPPLLNNADSVQAKVEMLDNLLDIEVAYSLL	SFYIPHPLLNNADSVQAKVEMLDNLLAPVTGXXXX	0
LGTVVHGKVLQHYQESDKGEELGPGNVQKEVSSSF	XMDAVHGKVLQHYQESDKGEELGPGNVKESSSFDH	1
PKERKENTTKTRKRRKKKITDVLAKSEPKPGLPED	CLIQPKERKKTRKRRKKKITDVLAKSEPKNWRDQK	1
DDESDPFEVLKAAENKKKEAGGGGVGGPGAKSAAQ	DDESDPFEVLKAAENKKKEAGGGGVGGPGAKSAAQ	1
AGQKASAAFSSVGSVITKKLEDVKNSPTFKSFEEK	AGQKASAAFSSVGSVITKKLEDVKNSPTFKSFEEK	1
NYVNKIKNRFQGQPDIYKAFLEILHTYQKEQRNAK	IYVNKIKNRFQGQPDIYKAFLEILHTYQKVYQVAR	0
KLKKCKSSNLIILEEHLKNKKEFDHNSNIRYRCRG	XXXKCKSSNLIILEEHLKNKKEFDHNSNIRYRCRG	1
IAEEFEVELERGKTLHIKALAVSDLNRAGQRQVFF	NLGPKIAEEFEVETLHIKALAVVFFELNGQLRSIX	1
LGLRQVTGVTRVTIRKSKNILFVITKPDVYKSPAS	PSPTTSLILKRVTIRKSKNILFVITVEAKIEDLSQ	1
YGLTQKPTMEEITAAAVKSGAHSFISGLPQGYDTE	XXXXXXXXIEEITAAAVKSGAHSFIQAVALARALI	0
MAVIHFAGLKAVGESVQKPLDYYRVNLTGTIQLLE	XXXHNLAGLKAVGESVQKPLDYYRVNLTGTCTNPY	1
ARELLYGGTSPTAETILKNNISSGHVPHGPLTRPS	TAMIAELGTSPTAETILKNNISSGHVPHGPLQLDY	0
HSIEMHLPYTAKAMESHKDEFTIIPVLVGALSESK	DLRIDHLPYTAKAMESHKDEFTIISNLXXXXXXXX	0
RNDNSILHPLGTCSPQDKQKGLLLPNDGWAESEVP	RNDNSILHPLGTCSPQDKQKGLLLPNDGWAESKGS	0
PLVERFETFCLDPSLVTKQANLVHFPPGFQPIPCK	PLVERFETFCLDPSLVTKQANLVHFPPGFQPIXXX	0
GTKKRVLTLRKSLLVQTKRRALEKIDLKFIDTTSK	EINKKIYLKGKSLLVQTKRRALEKIDXXXXXXXXX	1
MGIKRPAPQPASGANIPKESEFCSSSNTRNGDYLD	QLIPLGPRKKASGANIPKESEFCSXXXXXXXXXXX	0
GLWKFSDHAEEGRASIYKSVFSNSSKEMMCFPDFP	XXXXGLWKFSDHAASIYKSVFSMHNSKIQSRDYKE	1
PSTLCSGDSSRPALLEHKVFGVEGSSAFLECEPRS	XXXXXXXXXXXXALLEHKVFGVSAFLECTFQRAGL	0
GANYCGKNCGKLQTIFLKYPMEKVPGARMPVQIRV	FVIWMLRVAYQRVTIFLKYPMEKVPGARMPVQIGX	0
IKQLGRRIFAREHGSNKKLAAQSCALSLVRQLYHL	YTQRSFIAEMREHGSNKKLAAQSCALGDXXXXXXX	1
EEMNTWIQAISSAISSDKHEVSASTQSTPASSRAQ	ELRLNWIQAISSAISSDKHEVSASTXXXXXXXXXX	0
NGLIKGQIAGGINTGSAKIKSGKGKGGTQVDTEIE	XXXXXXXIAGGINTGSAKIKSGKGKGGTNDDIPNP	1
LEQYTSAIEGTKSAKPTKPAASDLPVPAEGVRNIK	LEQYTSAIEGTKSAKPTKPAASDLPVPAEGNSEKK	1
CQTVLSPTASEPDTTLTKTSPKNSLKGDKDPGEES	LNSEPSPTASEPDTTLTKTSPKNSLKGDKDSGRKK	0
PLNSDEEVNKWLHFYEMKAPLVCLPVFVSRDPGFD	GCLIIQKGKVKSHFYEMKAPLVCHFFSRHGEGGHY	1
SLPQEWLWCETWCDDASKKRAKTIDLCNNPMTKEP	SRPQEWLWCETWCDDASKKRAKTIDLCAAVRIVPE	0
AYYKANVAKAGLVDDFEKKFNALKVPVPEDKYTAQ	AYYKANVAKAGLVDDFEKKFNALKVPVPEXXXXXX	1
IVQTEQIRSLSEAMSVEKIAAIKAKIMAKKRSTIK	IVQTEQIRSLSEAMSVEKIAAIKAKIMAKKRSTIK	1
SPKMFGRHFEATDILVSKISRQSIDALKDWFRDEM	PMCVPFVDIGIVIILVSKISRQSILIELKVFEIXX	0
RDLFFLNKDAALHMEPKKEKMEPGLEQGKKPRLDS	IKQSNDLKDAALHMEPKKEKMEPGLEEDSDGFYKE	1
RAVQALCAVYEHWVPREKILTTNTWSSELSKLAAN	IGVQALCAVYEHWVPREKILTTNSSKAXXXXXXXX	1
AVDWVSRNLFWTSYDTNKKQINVARLDGSFKNAVV	QADLPNAHGFWTSYDTNKKQINVKNAVVQGLEQPH	0
KEQGTYEDFVEGLRVFDKESNGTVMGAELRHVLAT	XXXXXXEDFVEGLRVFDKESNGTVMGAELRHVLAT	1
EEYKDILRKAVHKICHSKSGEINPVKVSNLVRAYV	HTQERAVEKAVHKICHSKSGEINPVKVNLXXXXXX	1
RDTLASVFRLLHSLDQAKEELERLAASLDGARTPL	XXXXXSVFRLLHSLDQAKEELERLAASLDGMQEQQ	0
KRKLGINSLQELKQNIAKGWQDVTATSAYKKTSET	IKRLGINSLQELKQNIAKGWQDVTATSAYKKTSET	1
ANQLQQLQSQLAHQTEQKECRAVAGVIDLGTVEIF	XXXXXXXXXXXXHQTEQKECRAVAMSPGENHATGG	0
PKVLTPEEQLADKLRLKKLQEESDLELAKETFGVN	PKVLTPEEQLADKLRLKKLQEESDLELAKETFGVN	1
GKLSSEDKETMEKAVEEKIEWLESHQDADIEDFKA	ESYAYSLKETMEKAVEEKIEWLESHQADFKAKKKE	1
AMDDGVKELLTVGQEHWKRCTGPLPKEYQKIGKAL	XXXXXXKELLTVGQEHWKRCTGPLPKEYQIASLVA	1
ERAITIAGVPQSVTECVKQICLVMLETLSQSPQGR	LLIRSTGAIPQSVTECVKQICLVMLEXXXXXXXXX	0
KQAIGIALETRRLDVFEKTILESNDVPGMLAYSLK	KYKQAIGIALRRLDVFEKTILESNDVMLSVVLKIY	0
QVEIRAVLYNYRQNQELKVRVELLHNPAFCSLATT	DEDIIAFFLYNYRNQELKVRVQQTVTIPPKSSLVA	1
VFTLYVGSQRMVVMHGYKAVKEALLDYKDEFSGRG	XXXXXXTAGPVFVMHGYKAVKEALLDYKFRVPTLD	1
SSAYKWKETLFSVMPGLKMTMDKTGLLLLSDPDKV	FNPLVWVVRLFSVMPGLKMTMDLLLSDPDKVTIGX	0
NLSSRLRMPPLIPAEVDKIRECISDNKSATVELEK	XXXXXXXXXPLIPAEVDKIRECISDNKREIKFLDV	0
KPLKSLLGDSAPTLHLNKGTPSQSPVVGRSQGQQQ	KPLKSLLGDSAPTLHLNKGTPSQSPVVGRGQQQEK	1
LCATWEAMEACKDAGLVKSLGVSNFNRRQLELILN	DYVDLYIMEACKDAGLVKSLGHKPVSXXXXXXXXX	1
SQGNSIFQINMIKYIKDKYPNLQVIGGNVVTAAQA	GVDVVVLQINMIKYIKDKYPNLQVIAGVDXXXXXX	0
RLDVYTQWHQQSQSTKPKKVRPSASRYAALSDQGL	YKDVYTQWHQQSQSTKPKKVRPSASRYAALSDQGA	0
MVLPRKPVAGALDVSFNKFIPLSEPAPVPPIPNEQ	LDATRRRAFALLDVSFNKFIPLSEPAPXXXXXXXX	0
TGIICTIGPASRSVETLKEMIKSGMNVARLNFSHG	XXXXXXXCIASRSVETLKEMIKSGMNVATIKNVRT	1
LITKFATEYCNTIEGTAKYIETSELCGGARICYIF	LITKFATEYCNTIEGTAKYIETSELCGGARIIQHC	0
VDHKKRKIREEIEHFGIKIYQFPDCDSDEDEDFKL	QRVNIVPIREEIEHFGIKIYQFPKIPLVTTHNXXX	0
TTGSAWFSFLESHNKLDKDNLSYIEHIFEISRRPD	LQDLSWFSFLESHNKLDKDNLSYIELMVVDYRTRV	0
VTAQEIFQDNHEDGPTAKKLKTEQGGAHFSVSSLA	VTAQEIFQDNHEDGPTAKKLKTEQGGAHFSVSXXX	1
LHKFVSRATAELIWLNEKEEEELAYDWSDNNSNIS	XXXXXXXXTAELIWLNEKEEEELAYKYFSELTMEL	0
GNCLSPAVIVGLLKEASKQADVNLVNAKLLVKEAG	IGTRAGSPIVGLLKEASKQADVNLVNAKLLVKEAG	1
ISKGSRPIDTSRLTKITKPGSIDSNNQLFAPGGRL	PRGGPGGEDTSRLTKITKPGSIDSNNXXXXXXXXX	1
TLSQAIQLGKVDFASTLKVLEAQANTGGIIDTATG	VDPENCRIPFVDFASTLKVLEAQANIMVIIHGXXX	0
IQFEAFHVFKVFVANPNKTQPILDILLKNQAKLIE	SKPENLKVFKVFVANPNKTQPILDILLKQLQIDLK	0
DVKPLGVIWGKFSEFYSKKNTIMFDDIGRNFLMNP	LLVPLGVIWGKFSEFYSKKNTIMFLMNPQNGLALD	0
ASAPPRVNTPSFSGQPDKGSSGGAYMLQKLIEETD	DGDPTFVNTPSFSGQPDKGSSGGAYMLQKLIEETD	0
ELEKHMAAASAECQNYAKEVAGLRQLLLESQSQLD	NQGKKGAAASAECQNYAKEVAGLRQLLLEALKERL	1
VDHGLARLVTVYCEHGHKAAKINPLFTGQALLENV	XXXXXXXXXXVYCEHGHKAAKINQALLENVPEIQL	0
GVKMILIQDGSQNTNVDKPLRIIGDPYKVQQACEM	GTIMILIQDGSQNTNVDKPLRIICVMILRXXXXXX	0
VRLQHEDTFNNLMKESSKFDDLIFDEEEGAVSTRG	XXXXXXXXXNNLMKESSKFDDLIFQPISKDDFRRY	1
YTNFDAERDALNIETAIKTKGVDEVTIVNILTNRS	XXXXXXERDALNIETAIKTKGVDEVTIVNILAYQR	1
SPVVRDAVITSNGTLPDKYKYIQTLRESRERAQSL	SPVVRDAVITSNGTLPDKYKYIQTLRXXXXXXXXX	1
PLKGLEERVAAAVDLIIKSHQGLDRQELSFAARSF	MEHRVALRVAAAVDLIIKSHQGLDRQELSAXXXXX	1
EIRTGLIKGSGTAEVELKKGATLKITLDNAYMEKC	XXXXXXXXXXXIAEVELKKGATLKICDENILKIYV	1
SYFNGFNSLLNNMELIRKIYSTLAGTRKDVEVTKE	XXXXXXXXLLNNMELIRKIYSTLAGTRKVVEFVLA	1
PLSGKKFGNPGEKLVKKKWNLDELPKFEKNFYQEH	XXXXXXXXXXGEKLVKKKWNLDELPKGILEGTNLR	1
NINIVRKRLNRPLTLSEKIVYGHLDDPASQEIERG	LEKNINIVRLRPLTLSEKIVYGHLPPGVLGGIVVP	0
KTLETQSALGPALQAAFKLMSPTGGRMSVFQTQLP	VFIPMPELLGPALQAAFKLMSPTGGMLADCSGQQV	0
SLRAQVPFEQILSLPELKANPFKERICRVFSTSPA	XXRFLVPFEQILSLPELKANPFKERICRVFDSLFL	0
KDDIQALDIFLANLPEAKCSEEVSPMQLIKQNIFG	VLRFQALDIFLANLPEAKCSEEVSXXXXXXXXXXX	0
HVFQHAVPQEGKPITNQKSSGRCWIFSCLNVMRLP	XXXXXXXXXXXXXITNQKSSGRCWIFSSQSFDGPE	0
EILGFKVPQAQPTKPALKSEEKTPIKKPGDGRKVT	LEIGFKVPQAQPTKPALKSEEKTPIKKPGDGRKVT	1
VTQSEIAQKQKLQTVLEKINETLKLPPRSIKWNVD	LESEKLNVKQKLQTVLEKINETLKLPIWNVLLALY	0
CSQICDPRTTGAFWQTWKDFEVRHGNEDTIKEMLR	RAIYSCSCPTGAFWQTWKDFEVRHGNEDTIKEMLR	0
PRIQNLLKITNLRIKFVKLHTLGDNLLDSRMEIRE	LYFAYDCASFSDIIKFVKLHTLGDNLYYYAXXXXX	1
EKENDAVTIQVLNQLIQKIREDLPNLESSEETEQI	LFIEILNYIQVLNQLIQKIREDLPNLINFHTLLIL	0
GRYRSPGFHVQSWYDEVKDYTYPYPSECNPWCPER	RGQVQPQFHVQSWYDEVKDYTYPYPERCSGPMCTH	0
YRVKIHFKVNRDIVSGLKYVQHTYRTGVKVDKATF	XDDLDPVVVKIHFVSGLKYVQKATFMVGSYFLTSF	1
ALQQVVARQGRPVVICDKEDTETIKNTKRTIKVPH	EVLSMEIIMRDYVVICDKEDTETIKNTKRTIKVPH	0
YIPPHLRNREASKGFHDKDSSGWSCSKDKDAYSSF	YIPPHLRNREASKGFHDKDSSGWSCSKDKDDGYGG	1
SSFDATPYIKDLFTCTIKRLKAADIDQEVKERAIS	GDPYTSALTKDLFTCTIKRLKAADIDVKERAISCM	1
QKSEDVVKPPLSYLFEDKTHSSFSSTVKDKAASES	ASRHWQIKPPLSYLFEDKTHSSFSSTASDTVESSL	0
MASGADSKGDDLSTAILKQKNRPNRLIVDEAINED	XXXXADSKGDDLSTAILKQKNRPNRLIVKELSDEK	1
FPGYDSESKEFNAEVHRKHIMGQNVADYMRYLMEE	TGDGGKFPGYFNAEVHRKHIMGQNVADYPDMMEEM	1
SSHSSQTQGGGSVTKKRKLESTESRSSFSQHARTS	ARERDTSRLGGSVTKKRKLESTESRSSVTVVEDDE	1
IGEEHFQLVREFLYDVVKSLAVGENDFHFALVQFN	XXXXXXIFVREFLYDVVKSLAVGDFHFAYRTKQEV	0
FEELNMDLFRSTMKPVQKVLEDSDLKKSDIDEIVL	LLVVATNGDRSTMKPVQKVLEDSDLKKIVFFPLRN	1
HPPPPEIPSELGACDFEKPESPRAASSSSPGSPVA	DARGGGPSSELGACDFEKPESPRAASSSSPXXXXX	0
NSCGTIGLIHAVANNQDKLGFEDGSVLKQFLSETE	RFAPACALIHAVANNQDKLGFELKLNNVDEDLALC	1
EAAKMLGEALSKNPGYIKLRKIRAAQNISKTIATS	XXXXXLGEALSKNPGYIKLRKIRAAQNISNVLNLQ	1
RATKSGSRGTERTVVMDKSKGVPVISVKTSGSKER	DRSTNLKRGTERTVVMDKSKGVPVISVKTSGSKEX	1
PSDQDTLVQRAEHIPAGKRTPMCAHCNQVIRGPFL	XYNKAPTVQRAEHIPAGKRTPMCAHCNQVIRGPFL	1
LKIEELALAKGITEECLKQPSLEQKEGRRASHTLL	DKKASLVALKGITEECLKQPSLEQKEMDTSENRPE	1
AGELKVVNGAAASQPPSKRKRRWDQTADQTPGATP	XXXXKVVNGAAASQPPSKRKRRWDQTADQTPHNYP	1
AAQAEKFQHPGSDMRQEKPSSPSPMPSSTPSPSLN	XXXXXKFQHPGSDMRQEKPSSPSPMPSSTPENKMQ	0
YLLLKLFKTALEEEIKSKVDQVQDIVTGNPTVIKM	IFQMPQFKTALEEEIKSKVDQVQDIVTGNPTVIKL	1
KKARESYVETELIFALAKTNRLAELEEFINGPNNA	TSGNWEELVTELIFALAKTNRLAELEVGDRCYDEK	0
KLIKDREDKSRSSLKPIKNKPSKSNKGSIDQSVLK	VDSESLEDKSRSSLKPIKNKPSKSNKGSIDXXXXX	1
LNRLPAAGVGDMVMATVKKGKPELRKKVHPAVVIR	DNTGAKNLYIISVMATVKKGKPELRKKVHPAVNAG	1
SRIEDGVPQHLVLVLGGKSQDDVSRFAQVIRSSGI	VFSNSPLNTGKALVLGGKSQDDVSGVGDRNIDRTE	0
PFSEHCARFTYGGCYGNKNNFEEEQQCLESCRGIS	PDTGRWYYNCFYGCYGNKNNFEEQCLSCXXXXXXX	0
TPPTLVQTQVEGGATLFKLDYFGEEAFLTQSSQLY	XXPTLVQTQVEGGATLFKLDYFGEEAFLTQSSQSY	0
ISPDSKLLAAGFDNSCIKLWSLRSKKLKSEPHQVD	LNTAEILLAAGFDNSCIKLWSLLTEMKILRGHVST	0
LYQGLLLQRVPFNVDFDKLPRHKKLERLCLTLGIP	XTFIGFHSHLPFNVDFDKLPRHKKLERLYELTTDN	0
ILSPNGGKPKAINQEMFKLSSMDVTHAHLVNKFWH	XXXXXXXXPKAINQEMFKLSSMDHTCCLLGPEGTP	1
YLIHWPQGFKSGDDLFPKDDKGNAIGGKATFLDAW	PTFFWPQGFKSGDDLFPKDDKGNAIGGKATWCNVL	1
LKQPVSERLDFVCSFLQKNRKHPSSPECLVSAQKV	IDIHTEGRLDFVCSFLQKNRKHPSSPECLVMLLYH	0
CVARLQDFKLDFGNSQGKTSQTWHGGIATIFQSPG	XXXXXXXXXXDFGNSQGKTSQTWHGGIATEGVKSG	0
EGTLLKPNMVTAGHACTKKYTPEQVAMATVTALHR	DLEHCQYVMVTAGHACTKKYTPEQVAMATGMSDLN	1
LLSALSIQNYHLECNETKSWIREKTKVIESTQDLG	XXXXXXXXXYHLECNETKSWIREKTKDLAIEAKLS	0
TAEKRVQKSREVIDSIIKEKTVVYGITTGFGKFAR	XXXXXXQKSREVIDSIIKEKTVVYGITTVIPINKL	1
RDEDPYCVACFGELFAPKCSSCKRPIVGLGGGKYV	XXXXXXXVACFGELFAPKCSSCKRPIVGLGGGKYV	0
FSSHDEINNYLQQIDQLKERIAGLEEEKQKNKEFS	FSSHDEINNYLQQIDQLKERIAGLEEEKQKNKEFS	0
MERIFDVQLPHYSPSDEKARMKLTLLHRELQALTE	XXXXXFHAILHYSPSDEKARMKLTLLKWLESYLLH	0
FLKYPESLRPAFPRLKEKLEDPDPGVQSAAVNVIC	PYIRKKAVLMAFPRLKEKLEDPDPGVQSAAVNVIL	0
NAREGTRSPRTAHEISLKRSYESVEGNIKQGMSMR	XXVRLPTTRPTAHEISLKRSYESVGTPRATTEESK	1
YPLALNRIAAQEVPIEIKPVNPSPLSQLQRMEPKQ	PPEELLDCETLIVPIEIKPVNPSQMFWVRARIYAD	0
PNLPDSTAKEIYHFTLEKIQPRVISFEEQVASIRQ	ENVSRLFCKEIYHFTLEKIQPRVISFEQVAIRXXX	0
APAGTPGAPPLAGMAIVKEEETEAAIGAPPTATEG	SAAAASAAPPLAGMAIVKEEETEAAIGASTFSLDQ	0
QKDYETATLSEIKALLKKHEAFESDLAAHQDRVEQ	XXXKMLDYLSEIKALLKKHEAFESDLTQRRLEEDY	1
DGKSCKKPEHELFLVYGKGRPGIIRGMDMGAKVPD	XXXXXXXXXXXXXDVYGKGRPGIIRGPIENLMNPR	0
FSPDDKLLASCSADGTLKLWDATSANERKSINVKQ	VNHCRFLLASCSADGTLKLWDANERKSINVVCCIV	0
DGKYEAKQLRTFYQMYDKGLVYRSYKPVFWSPSSR	XXXXXXXQLRTFYQMYDKGLVYRWFINITDIKAAY	1
DVLFTTIDLPTDATVIGKGCLIQARLCRLKKKAQA	XXXXXXXXXXXXLTVIGKGCLKGMNALTGVYLANK	0
IEEQVAVIYAGVRGYLDKLEPSKITKFENAFLSHV	RGVRLTELYAGVRGYLDKLEPSKITKFEVTNFLAG	1
EVFEGEPGNKVNLAELFKGKKGVLFGVPGAFTPGC	GDAIPAVEVKVNLAELFKGKKGVLFKGVQVVARLM	1
RHIITVDGKPPTWSEFPKGIIVHTMAAVEALGAKA	VPRLRHIITPPTWSEFPKGIIVHTXXXXXXXXXXX	0
QDEDGKKQLEKDFSSMKKYCQVIRVIAHTQMRLLP	RTFKTVKQLEKDFSSMKKYCQVIRVGTVAEKLDWA	1
VTSNSDEECNETVKEKQKLSVPVRKKDKRNSSDSA	SKMKTENLKKRTVKEKQKLSVPVRKKDEENQRSYK	1
GYLANDRLLPQRVLEQHKLTKEQWEERIQNWHEEH	PPETAVALLPQRVLEQHKLTKEQWEERIALSSELA	1
RPDLITYEPFYTSGYDDKQERQSLGESPRTLSPTP	EKLLITYEPFYTSGYDDKQERQSLGESPRYAQAPH	0
MFDVSRELGSSVALYSRKVLIQTKATDILPKWLRF	FTLQAIWMMIRSALYSRKVLIQVVDSERXXXXXXX	1
RDVTHSTMNVFWEPVPGKVRKYIVRYKTPEEDVKE	TDVPLPLPRPQWEPVPGKVRKYIEVDRSETVSAVH	0
TLRNSTHSSTAADLLQAKQQILTHQQQLEEQDHLL	ETLRNSHSSTAADLLQAKQQILTHQQQLEEQXXXX	0
IEVKEVVKPLLVSTLGEKSGKGLKTCKSPGRKSKE	IEVKEVVKPLLVSTLGEKSGKGLKTCKSPGRKXXX	1
ASCGFTPDVKVWEVCFGKKGEFQEVVRAFELKGHS	QVLSSPCGRFVWEVCFGKKGEFQEVVRAEYKXXXX	1
GTSPDDVQPGPSVGPPSKDKDKVLPSFWIPSLTPE	EKESAIVSRGPSVGPPSKDKDKVLPSFWISLTPXX	0
DADLDSSVPADIISSTDKLGFYGLDESDLDKVFHL	AYRGHVSVPADIISSTDKLGFYGLDESDLLRIIRL	0
LTEVLNGKILVDISNNLKINQYPESNAEYLAHLVP	XXXXXIHREHYDISNNLKINQYPESNAEYLKFNTI	0
RNHLISKGLGETATVLTKEADLPMTAASHSSAFTP	RNHLISKGLGETATVLTKEADLPMTAASHLDISLF	0
PRPKDVLLVTFNHLDTIKGFIRDSPTILQQVDETL	DKLNIISMFTFNHLDTIKGFIRDSPTILQQVDETL	0
ISNCHKTKLKSILEILSKSPDSYQKILLAICEQAA	LPVSHKTKLKSILEILSKSPDSYQKIDSGLGGAWQ	0
RKGSYNPVTHIYTAQDVKEVIEYARLRGIRVLAEF	LLFWLPYESFIYTAQDVKEVIEYARLRIRVLAEVS	0
DVRHYLQGRSSIAGLLLKATNEKLSVYAALQRQLL	XXXXXXXXXXXIAGLLLKATNEKLSVAARQLLPVD	0
SLVKSSLADSDHLQDWLKKLTLLIPETAVRHESCS	XXXXXMAYYDDHLQDWLKKLTLLIPRSCLAASTLL	0
LKDFEDLAGKLPWSNPLKVWKINASFKKKKAKRKK	VTISVELFVVVPWSNPLKVWKINASFVSTLIGDDL	0
RLRENPRLIASSLVAGEKLNQENTQSVIYTVFTSL	XXXXXXXXIASSLVAGEKLNQENTQVILEFELKES	0
RFRVRYDGIHYLDIVDCKSYDTGEVKVTAENPEGV	FYLNQISKRFRLDIVDCKSYDTGEVKLEIQQREDX	0
NFGLQHLSSGHFLRENIKASTEVGEMAKQYIEKSL	XXXXXXLSSGHFLRENIKASTEVGEMAKQYIEKSL	1
GASQFQEVIRQELELSVKKELEKILTTASSHEFEH	XXXXXXXXIRQELELSVKKELEKILTTKKDLDGFR	1
QRSAAQPSTSPAEVQSLKKAMSSLQNDRDRLLKEL	SMSSQNPSTSPAEVQSLKKAMSSLQNDRDRLLKXX	0
FELLEAQAATGYVIDPIKGLKLTVEEAVRMGIVGP	VFERLSVYQAQYVIDPIKGLKLTEAVRMGIVTDPQ	0
TGEPLIQREDDKPETVIKRLKAYEDQTKPVLEYYQ	FEIKQLTREDDKPETVIKRLKAYEDQTKXXXXXXX	1
LLVLFILFLTWCRVQKQKHLPLRVSTRRRGSLEEN	LLVLFILFLTWCRVQKQKHLPLRVSTRRRGSLEXX	0
GSAISRKLGDMRNSATFKSFEDRVGTIKSKVVGDR	GSAISRKLGDMRNSATFKSFEDRVGTIKSKVVGDR	1
WSQPGEKKLTGGSNWQPKVAPTTAWNAATMAPPVM	WSQPGEKKLTGGSNWQPKVAPTTAWNAAXXXXXXX	0
SADLEVQERASCILQLVKHIQKLQAKDVPVAEEVS	MVDRLPQVRASCILQLVKHIQKLQAKDVPVAEVXX	0
KLSKADVERKLSQMILDKKFHGILDQGEGVLIIFD	VIEFSRVERKLSQMILDKKFHGILDLIIFDEPPVX	0
QKKAEVEGKDLPEHAVLKMKGNFTLPEVAECFDEI	ENSGLPTNVSLPEHAVLKMKGNFTLEQYKEESKKA	1
RYLSHSEFKDLILPTIQKSLLRSPENVIETISSLL	NILMSKVFKDLILPTIQKSLLRSPENVIETISLYD	0
PALDLAKAQREHGVLGGKLRQRLGLQLLELPPEES	XXXXXHALIREHGVLGGKLRQRLGLQLLELLPFLL	1
PVPSPSQPPSGKPVSAVKPTVAPPLAEPGAGKGLR	PVPSPSQPPSGKPVSAVKPTVAPPLAEPGAGKGLR	1
SSGSDSDSEVDKKLKRKKQVAPEKPVKKQKTGETS	XXXXXXDSEVDKKLKRKKQVAPEKPVKKSSKMRYR	1
GKDGHPRDPSAVSGVPGKDSRDGSERAPKSPDALE	XXXGHPRDPSAVSGVPGKDSRDGSERAPKSPDALE	1
ITIVEDRSNIVPVLLGPKLNHVAVELGKNVRLNCS	XXXXXXXXXXVPVLLGPKLNHVLNCSALIYWMFSK	0
QEAACFPDIISGPQQTQKVFLFIRNRTLQLWLDNP	RMTEAFPDIISGPQQTQKVFLFIRNRTLEAPYNSD	0
ARGLKLTFDSSFSPNTGKKNAKIKTGYKREHINLG	NTLGTEIFDSSFSPNTGKKNAKIDMDFDIAGPSEA	1
HKKLTACLQGQQGAEADKRSKKLPLTTLAQCLMEG	XXXXTACLQGQQGAEADKRSKKLPLTTLAQCEDKL	0
CIPRRPNWNQNTTPEELKQAEKDNFLEWRRQLVRL	AGPRRPNWNQNTTPEELKQAEKDNFLENLDFWRQL	0
EEEQREIKKEIERRKTGKEMLDYKRKQEEELTKRM	EEEQREIKKEIERRKTGKEMLDYKRKQEEELTKRM	1
RLSLPPNVRIMFEVQDLKYATLATVSRCGMVWFSE	SKGDVDPEWVEFEVQDLKYATLATVSCMVWMDKYG	0
GERLIEEGCIHIISLGSKALMIQVWADPHNATLIF	XXXXXXSSWPWPHSLGSKALMIQVCMDSNDDMKAV	0
QRNLRTLEQTGHVSSENKYQDILNEIAKDIRNQRI	KIQRNLRLEQGHVSSENKYQDILNEIXXXXXXXXX	1
DFINRMHNQIPQVTSDGKRLQVIVCSATLHSFDVK	SDGGKQVRFIPQVTSDGKRLQVHXXXXXXXXXXXX	0
FYAPWCGHCKALAPEYAKAAGKLKAEGSEIRLAKV	EDHVLLVECKALAPEYAKAAGKLKAEGSIRLAKGR	1
QSSEEIKQLMGTVEELQKRNHKDSQFETDIVQRME	XXSEEIKQLMGTVEELQKRNHKDSQFETDIVQLEM	0
EPLQAYHRVISLEDFMEKLAPTHWPPEKRVAYCFE	LTLAVPSRVISLEDFMEKLAPTHWPPKRQFHVPVX	0
AFHGLAGGTDVPFSEVVKLAPNPRLAATPSPGASQ	YRAFHGLAGGVPFSEVVKLAPNPRXXXXXXXXXXX	0
LETDTFKLHCYQTLTGIKFVVLADPRQAGIDSLLR	FASGIEMLHCYQTLTGIKFVVLRIYYEXXXXXXXX	0
RSVSSNVASVSPIPAGSKKIDPNMKAGATSEGVLA	XVKEHDNASVSPIPAGSKKIDPNMKAGATEGVLAN	0
IQVGEHANDYAEIAAKDKLSELQLRVRQLVEQVEQ	TQVGEHANDYAEIAAKDKLSELQLRVRQLVEQVEQ	1
PNWVRNFVDSPIIVDITKDTFYKQPMFYHLGHFSK	AQNLLLALNPEIIVDITKDTFYKXXXXXXXXXXXX	0
QAPVDSHGLRPALHYQSKSRIEDKAQILLDCGEDN	VELEIALNFSLALHYQSKSRIEDFXXXXXXXXXXX	0
DEADGSKHLPGESKFQQKLAEMTSTRTRMQKQKMN	DEADGSKHLPGESKFQQKLAEMTSTRTRMQKQKMX	1
HLIDELDYILLPTEGWNKLVSWYTLMEGQEPIARK	LVFWKVGPILLPTEGWNKLVSWYTLPXXXXXXXXX	0
KDDINSYECWCPFGFEGKNCELDVTCNIKNGRCEQ	KDDINSYECWCPFGFEGKNCELDVTNIKGRXXXXX	0
QFTSSTSYNRGDSTFESKSYKMADEAGSEADHEGT	XXXXXNREDRSDSTFESKSYKMADESGIFNIFSVY	1
PAVDTSRIKVFGPGIEGKDVFREATTDFTVDSRPL	XXXXXXXXXVFGPGIEGKDVFREATTDFTEYTPKG	0
EDGSKDTSKEMENLWGIKSINDYNTWFLGVDTATE	LPGSKDTSKEMENLWGIKSINDYNTWFLGVDTAXX	0
KRKVYEDSGIPLPAESPKKGPKKVASGVLSPPPAA	KRKVYEDSGIPLPAESPKKGPKKVASGVLSPPPAA	1
LSPRSKESVPEFPLSPPKKKDLSLEEIQKKLEAAE	ISPRSKESVPEFPLSPPKKKDLSLEEIQKKLEAAE	1
GLSERCAQYKKDGADFAKWRCVLKISERTPSALAI	IFFVGIKVDKGGCADFAKWRCLYACIVPIVEPTLL	1
KHQLEIFDALGSQACSNKNLEKLRAQQEVLQALEP	XXXQLIFDALGSQACSNKNLEKLRAQQEVNGCVMM	0
IAILTCPFEPPKPKTKHKLDVTSVEDYKALQKYEK	XXXXXCPFEPPKPKTKHKLDVTSVEDYKALQKYEK	1
PNGPMRITSGPFEPDLYKSEMEVQDAELKALLQSS	AHLASFNCSFAFEPDLYKSEMEVXXXXXXXXXXXX	0
NALKSVINDPVYKENVMKLSRIHHDQPMKPLDRAV	MKAKGAAVDPVYKENVMKLSRIHHDQXXXXXXXXX	1
RYSDRNMQINRHQYCALKAMSAVLCCGPVADNVGL	IQFFSWAFSIRHQYCALKAMSAVLCIKVHQLGEAX	0
KNLSSAKRKFADSLNEFKFQCIGDAETDDEMCIAR	XXXXXXXRKFADSLNEFKFQCIGDAETDDEMCIAR	0
DLQDDIQNRATSFATVVKDIEGFMEENQTKLSPRE	HQQLEDLCRATSFATVVKDIEGFMEENQLLREKLH	0
GASGTREDPNLVPSISNKRIVGCICEEDNTSVVWF	XXXPYNPGPNLVPSISNKRIVGCVVWFWLHKGEAQ	1
LSSQIEKLEHEISHLKKKLENEVEQRHTLTRNLDV	XXXXIEKLEHEISHLKKKLENEVEQRHTLTRNYQA	1
SYFDGIKADWLDSIRPQKEGDFRKEINKWWNNLSD	SYFDGIKADWLDSIRPQKEGDFRKEINKWWNNLSD	0
LCYVIYFTKLLGSPESTKLQTLPVSRITDLLPNIT	VKLYIYFTKLLGSPESTKLQTLPVSRITDLXXXXX	0
PREPQESPKITSAFSSVKPSEAVPRKFDSGGERGA	PREPQESPKITSAFSSVKPSEAVPRKFDSGGETPG	0
GTFLFGAAASQSLTDIAKYSIGRLRPHFLDVCDPD	LTRHTPFQRSQSLTDIAKYSIGRLRKEGRLSFYSG	0
PGAPGAPGAPGPVGPAGKSGDRGETGPAGPTGPVG	PGPPGAPGAPGPVGPAGKSGDRGETGPAGPTGPXX	0
SKKAARAARFGISSVPTKGLSSDNKPMVNLDKLKE	SKKAARAARFGISSVPTKGLSSDNKPMVNLDKLKE	1
AQAVEHRKKAQAELASFKVLLDDTQSEAARVLADN	XXXVEHRKKAQAELASFKVLLDDTQSEAARVLAEQ	0
PVRFYHDWNDKEIEVLNKHLFLTSKPMVYLVNLSE	EYDIMVVWNDKEIEVLNKHLFLTSKXXXXXXXXXX	0
TSDTLNNVGYQGPTKMTKEELNALKSTGDGTLGRA	ATNGETSVGYQGPTKMTKEELNALKSTGDGTLGRE	1
VEQALSEVASSLQSSAPKQGPLHPWMTLAQIWLHA	FDPETGSVASSLQSSAPKQGPLHPWMTLAEAANLF	0
TAKPGKTPIQVLHEYGMKTKNIPVYECERSDVQIH	KMITAKKPIQVLHEYGMKTKNIPVTVGDIAAILKN	0
NIFRMTESHLLVTCDCLKLIDPQTQVTRLTFPLPC	QLFIVFESHLLVTCDCLKLIDPQVTRLTFPLCVFL	0
KLKGPDVKLPDMSVKTPKISMPDVDLHVKGTKVKG	LDLGLKGPLPDMSVKTPKISMPDVDLHVKGTKVKX	1
CINNEVVEPSAEQIAKYKELVAKTSNLENVKFAWH	QLNNEVVEPSAEQIAKYKELVAKTSNLEVKFAWHK	1
TKCDKVAQDLCKVAGIAKVLVAQHDVYKGLLPEEL	VSCLVVAQDLCKVAGIAKVLVATQFYGSASSEKAX	1
PPPIAFDVEAPTTLPPCKGSYFGTENLKSLVLHFL	XXXXXXXXXXXTTLPPCKGSYFGTELKVLVNSFVV	0
YADKIESVHFSDQFSGPKIMQEEGQPLKLPDTKRT	EMQDLSEFCSHSQFSGPKIMQEEGQPLKLPDTKTV	0
AEQSDEAVKYYTLEEIQKHNHSKSTWLILHHKVYD	XXXXXXXXXYYTLEEIQKHNHSKSTWLIKVYDLTL	1
DERSKEGSIWNHQPCFLKDWEMHVHFKVHGTGKKN	XXXXXXXXXXXXKPCFLKDWEMYVRYSRGRLVRLP	0
GNSLKPDSLRFQLETSLKRLQCPRVDLFYLHMPDH	RLGGIDTKARFQLETSLKRLQCPRVGKFXXXXXXX	1
LQLSKNVLCSACSGQGGKSGAVQKCSACRGRGVRI	XXXXXXVLCSACSGQGGKSGAVQKCSGCEGEVINE	1
VGEIMWGYKDPLVNLINKYFPGMFPFKDKFGLFAE	FTTLGEGYKDPLVNLINKYFPGMFPFKDKFGFSXX	0
LSKRTNQRGAEILADTFKDYAVSTVPVADGLHLKS	TGREFFVRGAEILADTFKDYAVSTXXXXXXXXXXX	0
LDPYVQRLAETVFNFQEKVDDLLIIEEKIDLEVRS	LVAGLKKEVETVFNFQEKVDDLLIIEDLNLHSYSL	0
PDFSSIERLFSFPAAKPKEPTMVAPRARKEPKEIT	RMKSSIERLFSFPAAKPKEPTMVAPRARKEPKEIA	1
VQNEIDRLNEQASEEILKVEQKYNKLRQPFFQKRS	SPLPPDRLNEQASEEILKVEQKYNKLRQPTEFEDI	1
REFPSNLGYSELAFYTPKLRSAPRAFAWMMGDGVL	XSSNHTKAERGPAFYTPKLRSAPRAFALDCVLTQF	0
MPGKLRSDAGLESDTAMKKGETLRKQTEEKEKKEK	XXXXXXSDAGLESDTAMKKGETLRKQTEEKVIGKK	1
GPNNSNLPKIISIIAEGKINETINYEDPCAKRLAN	XPLHEKAILIISIIAEGKINETINYEDCAKLAVEQ	0
TIVPPPRPASRPKLTSGKLSGINEIPRPFSPPVTS	XXXXPPRPASRPKLTSGKLSGINEIPRPFSPPVTS	1
VVHRTATADDKKLQFSLKKLGVNNISGIEEVNMFT	XXXXTATADDKKLQFSLKKLGVNNISGIEVFNPKV	1
SRIEDGVPQHLVLVLGGKSQDDVSRFAQVIRSSGI	VFSNSPLNTGKALVLGGKSQDDVSGVGDRNIDRTE	0
ELETGKKDQSKQKESQRKFEEETVKSKVTVDTGVI	ELETGKKDQSKQKESQRKFEEETVKSKVTVDTGVI	1
AALQKRRELRAAGIEIQKKRKRKRGVDYNAEIPFE	AALQKRRELRAAGIEIQKKRKRKRGVDYNAESDPS	1
SAMVLTKMKETAEAYLGKKVTHAVVTVPAYFNDAQ	IANDLTKMKETAEAYLGKKVTHAAGLNAGSAKXXX	1
LDKEQVRKAVDALLTHCKSRKNNYGLLLNENESLF	XXXXXXRKAVDALLTHCKSRKNNYGLLLNENESLG	1
SGSANTETTKVTGSLETKYRWTEYGLTFTEKWNTD	KTKSENGLEFTSSSLETKYRWTGLTFTEKWNLGTE	1
LTETGTQRASKLVTLETKSQFIMASNGSLISSGSQ	LTETGTQRASKLVTLETKSQFIMASNFSLSKSQXX	0
FSGQKGPVGLAIDFPESKLYWISSGNHTINRCNLD	VHRKLYMLGLAIDFPESKLYWIINRCNLDGSGLEV	0
EVISNRAIEMLGGELGSKIPVHPNDHVNKSQSSND	EVISNRAIEMLGGELGSKIPVHPNDHVNXXXXXXX	1
LSKVREEFKELKARNTKKEGDLIAAQARLKDLEAL	LSKVREEFKELKARNTKKEGDLIAAQARLKDLEAL	1
GGLDPVEVYESLPEELQKCFDVKDVQMLQDAISKM	XXXXPVEVYESLPEELQKCFDVKDVQMLQDAISKM	0
EKIKEKGSFSDTGLGDGKMKSDSFAPKTDSEKPFR	XXXXXXXSFSDTGLGDGKMKSDSFAPKTIGANKNQ	1
LLNSLCTAVKAISSAVRKAGIAHLYGIAGSTNVTG	XXXXXXXAVKAISSAVRKAGIAHLYGKKLDVLSLS	1
LIKGQHLSDAFAQVNPLKKVPALKDGDFTLTESVA	LIKGQHLSDAFAQVNPLKKVPALTLTESKLPWVAM	1
IRITDNMFCAGYKPDEGKRGDACEGDSGGPFVMKS	TANVGKLSTAGYKPDEGKRGDACEGEGCDRDGKYG	0
DLGQAVLDAGHSVSTLEKTLPQLLAKLSILENRGV	DEGQAVLDAGHSVSTLEKTLPQLLAKLSILENRXX	0
EGLHPRIITEGFEAAKEKALQFLEEVKVSREMDRE	XXXXXXXXXEGFEAAKEKALQFLEEVVEAMAEALI	1
KVSPNPELLSLLQNSEGKRGTGAGGDSGPEEDYLS	TRNMNPELLSLLQNSEGKRGTGAGGDSGPDGLPQK	0
LTDLYSPEYPGPSHRIKKTVQVEQSKVLIKEGGVQ	KSTLINLYSYPPSHRIKKTVQVEQSIVDTPGFGDA	1
GGDDYRSLCSEAVPLLVKVIKCANSKTKKNVIATE	RDNPRQAALSEAVPLLVKVIKCANSKNVATENCIS	0
QQVGTVAKLWIYPVKSCKGVPVSEAECTAMGLRSG	XXXXXXXXXWIYPVKSCKGVPDRWTAPRLVLISII	1
VTILAETTSDNEKTVTEKINKAIRSSSSNFLNYDL	FGVYTILTSDNEKTVTEKINKAIRSSFLNYDLXXX	1
AEMEEHREHIKVQQLMAKGSDKRRGGPPGPPISRG	AEMEEHREHIKVQQLMAKGSDKRRGGPPISKGSXX	1
DIKDSKAYFHLLNQIAPKGQKEGEPRIDINMSGFN	XXXFHLNSFHLLNQIAPKGQKEGEPRIDINMQADK	1
RPVARRSRKPRKAFLQTKGARANHLVPEVPTVPAH	XXXXXXXRKPRKAFLQTKGARANHLVPESPPEGPQ	1
KRLQPQTTYDITVLPIYKMGEGKLRQGSGTTASRF	VAKVPPTVTSTTVLPIYKMGEGKLRQXXXXXXXXX	0
PSKKLKDEGVELFAIGIKNADEVELKMIATDPDDT	SIGNFTVITDGKSAIGIKNADEELAYNVADFESLS	0
TIYVDSQKENERWNVISKSQLKNIKKMWHREQMKS	EPFPTIYVDSQKWNVISKSQLKNIKKMWHXXXXXX	1
AKNMAKDVHDALVQIISKEVGVEKLEAMKTLATLK	ARILLQDVHDALVQIISKEVGVEKLEAMKTLATLX	0
SVLRKHFEANNGKLPDNKVIASELGSMPELKKYMK	TLSVLRKHFANGKLPDNKVIASELGSMPLKYMKKV	1
VPHTGRYTCLASSPAGHKSRSFSLNVFVSPTIAGV	TWHGGRYTCLASSPAGHKSRSFXXXXXXXXXXXXX	0
LRYEDAYQYQNIFGPLVKLEADYDKKLKESQTQDN	XXXXXXEPQQNIFGPLVKLEADYDKKKSTSFDRMQ	0
SDKSSDNSGLKRKTPALKMSVSKRARKASSDLDQA	XXXXXXXDGLKRKTPALKMSVSKRARKKEKERRRE	1
AFRECTLETTVHASGWNKILVPLVLLRQMLLELTR	LPLRCTLETTVHASGWNKILVPLVLLGYLEYSAEY	0
PHLMSQELPEDWDKQPVKVLVGKNFEDVAFDEKKN	XXXXXXXLPEDWDKQPVKVLVGNFDVAKNVFVEFA	1
CDKPQIHPQEIIEFPILKLNGRTMEIESTFHMYVQ	XXXXXXYHYFLVLDPILKLNGRTMEIESTFHVWMA	0
DNATDSVPLRTGIGVQLKDIKVFNRDRQKGTNVCA	DMFSVWSDRGSIIGVQLKDIKXXXXXXXXXXXXXX	0
QEDPSDPASKIASLLLAKLADYVVPGCQTVLSPTA	LLDVLLWSYSIASLLLAKLADYVVPCQTVAMAAEV	0
GQACRRVVHFAEPGAGTKDLALGLVPGDRLVEING	ALQRTDFGFSAEPGAGTKDLALGLVPWLSGEKVMH	0
TTLRQVLSAKERHLVEIKQKLGMNLMNELKQNFSK	TTLRQVLSAKERHLVEIKQKLGMNLMNELKQNFSK	1
LTEAYKLRAARLVEIAAKNLQKEVIHRKSKEVAWN	DQVHLLPSAARLVEIAAKNLQKEVIHKKAWLTSVD	1
GVAVLKVGGTSDVEVNEKKDRVTDALNATRAAVEE	GLNDLKVGGTSDVEVNEKKDRVTDALXXXXXXXXX	1
YVGGIQEGAVTPAGVVNKYQINGLQAWLLTHLLWF	TPDVGGIQEGAVTGVVNKYQINTNPRIGKWFDFKL	0
SLVRPKVVRSVHYCPATKKTIERRYSDLTTLVAFP	XXXKQEVVRSVHYCPATKKTIERRYSSVYPTKDEE	1
RMKEKQDKIYFMAGSSRKEAESSPFVERLLKKGYE	FQSSHHPTDIFMAGSSRKEAESSPFVELEVIYLTE	1
VDLELEAQIDILRDNKKKYENILKLAQTLSTQLFQ	XXXXXXXQIDILRDNKKKYENILKLAQTFIASVNT	1
KEATIPGHLNSYTIKGLKPGVVYEGQLISIQQYGH	HPWRPKNSGRWKTIKGLKPGVVYEGDFTTTSTSTP	0
EAITGTGDPEHYLINVCKSLAPQAGTEPCPPEAAA	TECLSSLSRYDNWINVCKSLAPEAAAGRVRDGPLY	0
RGYPTIKFFRNGDTASPKEYTAGREADDIVNWLKK	YGVPTIKFFRNGDTASPKEYTAIWLKKRTAEAIDD	1
GPLRPPPPGAGGPATPSKATRFLPMDPATFRRKRP	XXXXXXXXXAGGPATPSKATRFLPMKEEQEGGGAR	1
LLLQMDSSATAYGSTVSKRVAWHYDEEKIEFEWNT	RSEILLQMDSSATSTVSKRVAWFEWNTGTNVFLKS	1
SRIEEGVPQFLVLISSGKSDDEVDDPAVELKQFGV	AFSDRQINVGNALISSGKSDDEVDTIARNADQEEL	0
REYSGTIASEANTYLNSKSTRSSVKLQGTSKIDDI	XXXXSLTSYFSNTYLNSKSTRSSAGEATLQRIYSL	0
VYYRWKLYSILQGDSPTKWRTEDFRMFKNGSFWRP	EYYRWKLYSILQGDSPTKWRTEDFWRPPPLNPYLH	0
PSSKTPRIPKIYTKTGDKGFSSTFTGERRPKDDQV	XXXXXXXXPKIYTKTGDKGFSSTFTGERRPKDDQV	1
DHSRTLFQLKQRRNVPMKPPDEAKVGDTLGDSSSS	MELLTLFQLKQRRNVPMKPPDEAKVGDTLGDSSSV	1
ARKEAFTEARGARRGVKKVMVIVTDGESHDNHRLK	VGLARKAFTEGARRGVKKVMVCEDENIQRFSIFLE	1
PAPKFSPVTPKFTPVASKFSPGAPGGSGSQPNQKL	QFHVQPPVTPKFTPVASKFSPGAPGGSQYRSSDKD	1
RAVKYSSAGTVEFLVDSKKNFYFLEMNTRLQVEHP	SIFLDAETRRAMFLVDSKKNFYFKGDISTXXXXXX	1
VVDVQLCYNVAKLIYLCKEKKKTEKSLTYYTNLQV	XXXXXXXXXVAKLIYLCKEKKKTEKSLYMKDRLLE	1
VTGGADKSVKFWDFELVKDENSTQKRLSVKQTRTL	ASGNLLETIRGWDFELVKDENSTQKRLSVKQTXXX	0
ARCGEDLRWLVGEMHCQKIACVLPVLMDGIQSHPQ	YTCNEGYSLIGPEMHCQKIACVLPKPFYTVGELCG	0
VVLYPLVAKSLRNIAVGKDPLEGQRHCCGVAQMRE	MEKYPLVAKSLRNIAVGKDPLEGQRHSLGHLDPWA	1
QDIKLLENVTQEQNELLKVVIKQTNEWDEEIENLK	LKHGEVLNVTQEQNELLKVVIKQTNEWDKLLVDLK	0
VYGIEGRYATALYSAASKQNKLEQVEKELLRVAQI	LVRPPVRYATALYSAASKQNKLEQVEKELSPLTTN	1
RMAAPRAEALFDFTGNSKLELNFKAGDVIFLLSRI	RPRTRKVKSVSDFTGNSKLELNFKILIWLEGTVRG	0
KEQLHQKDQKILLLLEEKEMIFRDMAECSTPLPED	XEQLHQKDQKILLLLEEKEMIFRDMAECSTPLCSP	0
LPIDKEEVSLRRVIGAKKDQYFLDKKMVTKNDVMN	LALLVISAFVRRVIGAKKDQYFKMVTKNVXXXXXX	1
ILLFDLIYREETLFNVIKSVTRNGRSILLTALLAL	XXTFDLIYREETLFNVIKSVTRNGRSILIFGVIID	0
MGSPVSSKTESVSDKEDKPPLAPSGGTEGPEQPPP	XXEAGSSKTESVSDKEDKPPLAPSGGTEGPAVYAI	0
HRYRPGTVALREIRRYQKSTELLIRKLPFQRLVRE	XXXYPGTVALREIRRYQKSTELLIRKMALQEASEA	1
QGGYVKILDLSNFEILAKVEPPKKEGTEEQDTFVS	ITTQGGYVKILDFEILAKVEPPTFVSVLAHFLQIG	0
KGKPLALVEEIRNRKDVKVFNVTKENRNHLLPDIV	TIILGTIVEEIRNRKDVKVFNVLLPDIVTCVQSSX	1
KTAPEKSLVSDKTSISEKVLASEKTSLSEKIAVSE	SREQRGPLVSDKTSISEKVLASEKTSLSEEETRXX	1
EARATVGKRLDYITAEIKRYESQLRDLERQSEQQR	LTENNVGKRLDYITAEIKRYESQLRDLERQXXXXX	0
KLEDTPKINSRFFGEGTKKMGLAFESTKSTSPPKQ	EKDEPTYILNKRFGEGTKKMGLAFESTXXXXXXXX	1
SKSQVKPDSVTASQPPSKGPQAPAGYANVATHSTL	PVDSKKPDSVTASQPPSKGPQAPAGYQTYNASPVI	0
SQIAAQTSASVLAEELHKVIAEKDKQIKQTEDSLA	SQIAAQTSASVLAEELHKVIAEKDKQIKQTEDSXX	0
ATMSSSNGKSVTWAQNEKSSRGQHLWQRLSIHINK	YCILAPNGKSVTWAQNEKSSRGQHLWQRLSIHTES	1
AGLSAAVRLKQLAVAHEKDIRVCLVEKAAQIGAHT	EADVAAVRLKQLAVAHEKDIRVCAALGVEAKVAES	1
PNCEHGAFSCPACYNQVKIQMDQFMQQLQRMEALI	XXXXXXXXXCPACYNQVKIQMDQFMQQLQRMEADI	0
VMIAGKVAVVAGYGDVGKGCAQALRGFGARVIITE	DNLYGCRELVAGYGDVGKGCAQALRGVIITENAQA	1
DRIQSSGKNVTLLVCGKKAYDYFQAKKIPIVSSLA	GSFILEDEDVIILVCGKKAYDYFQAKKIPILAXXX	1
AIPPDVLKSRFQTAPPGKYPNGFRDVLRELIRDEG	RGKGLVLKSRFQTAPPGKYPNGFRDVLRELIRDXX	1
FNIRNIGKTLVTRTQGTKIASDGLKGRVFEVSLAD	KKDWYDVKTLVTRTQGTKIASDGLKGRVITEDVQG	1
GKLGRSPPNVQFTFQQPKPLSVEPQQGPQAGGTTL	XXXXXXXTGPLGPFQQPKPLSVTIHGTHLDTGVRV	0
MKAVYLALNQCSVSTTHKCLIAEAWCSVRDLPALQ	VLNRRFYLNQCSVSTTHKCLIAELSSEGVSAVAXX	0
CMNQYYQILSSCRVPGPKQDTVSNFSKTKKPPTHI	TAYLQYRQPVSCRVPGPKQDTVSTSNHRNSWAKAY	1
SPSPSPTPSPHRPSIRTKGEPAPPPGKAGEKSVKK	SDEEDRTPSPHRPSIRTKGEPAPPPGKAGEKSVXX	1
GVAEEAKQALKNMGEILKAAGCDFTNVVKTTVLLA	AVLRTIYIALKNMGEILKAAGCDFTNVYAVAIQGP	1
KRIVLFDTLLEEYSVLNKDIQEDSGMEPRNEEEGN	SKRSSFDTLLEEYSVLNKDIQEDSGMEPRIKKVKN	0
EDGSKDTSKEMENLWGIKSINDYNTWFLGVDTATE	XXXXXXXXXXMENLWGIKSINDYNTLNGAALIMNH	0
LPPGLFQASATLDTLVLKENQLEVLEVSWLHGLKA	GLLDLTRNALTGLTLVLKENQLEHLDLSGNRLLDL	0
NEKAVEKVEKQVNDAVSKGATVVTGGKRHQLGKNF	XXXXQFKVEKQVNDAVSKGATVVTGGKTLLCNVTQ	1
SEKRFGLEGCEVLIPALKTIIDKSSENGVDYVIMG	XXXXETLARLSVLIPALKTIIDKSSEVNVLANVIR	0
IKAKGVEILDEGHILQLKNIHVSDTGRYVCVAVNV	EWKLIKAKGVEILILQLKNIHVSDTGYYLSVHAXX	0
ERGLVPTDYVEILPSDGKDQFSCGNSVADQAFLDS	GEIITITPIVEILPSDGKDQFSCGNSVADAFSREV	0
SGRIPISLETQAHIQECKHPSVFQHGDNSFRLLFD	LSLEIPDCYTFAHIQECKHPSVFQHGNIEAKNLAX	0
FLSHDPEQLTKELQQHVKSVTAPYKYPRKIEFVLN	ALMEHVKALTKELQQHVKSVTAPYKYPRKIXXXXX	1
VYSVVEDEYSEPLKGTEKTLPVPVVSLNIYDVGPT	DLKPETEYVVNVLKGTEKTLPVPVLXXXXXXXXXX	0
SSILKCVQSTKPSLMIQKAAIQALRKMEPKDKDQE	YLRGILCVQSTPSLMIQKAAIQALRLTFSPGDKRL	0
GLLETTVQKVARVKAPNKSLPSAVYCIEDKMAIDD	GLLETTVQKVARVKAPNKSLPSAVYCXXXXXXXXX	1
KDAKSHGLIDEQILCQLKELSKAKEIISAASPTTI	LFDLKDAKIDEQILCQLKELSKAKEIIITMKVFLN	0
LRGTEIGVLAKAFIDQGKLIPDDVMTRLALHELKN	XAPSGLRVLAKAFIDQGKLIPDVMGRTEDDKPETV	1
IVMREDRSVRLSIQSSPKCIVGKFRMYVAVWTPYG	XRRGQKGTISGKWQSSPKCIVGILFNPCEDDAVYL	0
NKNLPPEEQMISALPDIKVLTLTDDHEFMVIACDG	ASRCVVLDMSYDHLPDIKVLTLMIXXXXXXXXXXX	0
DDKPKDLVVLVSRRKPLKDGNTYTVAVKSVILPSV	PAHLAYRSEDDSRRKPLKDGNTYTVAFLIHAIDSN	1
DYELIDQDARDLYDAGVKRKGTDVPKWISIMTERS	XXXXXDQDARDLYDAGVKRKGTDVPKWIIVFDRYK	1
EWGKYGMRFNVIQPGPIKTKGAFSRLDPTGTFEKE	XXXXXPQTGLGKGPGPIKTKGAFSRLDPGTFEKEM	1
TVELDEERGAQVQVLQGKEPPCFLQCFQGGMVVHS	XXATEFFWQGRVQVLQGKEPPCFLMVRGEGNLLFV	0
LYFEDNAGVIVNNKGEMKGSAITGPVAKECADLWP	ELVHPAVGVIVNNKGEMKGSAITWPRIASNAXXXX	1
AGAYDGPRTADGIVSHLKKQAGPASVPLRTEEEFK	GIVPLIRYGADGIVSHLKKQAGPASVRDNYRFXXX	1
ASASQKGTLIRLFDTQSKEKLVELRRGTDPATLYC	SLNGTVVASIRLFDTQSKEKLVEXXXXXXXXXXXX	0
KEAGLKFATGDIIQIINKDDSNWWQGRVEGSSKES	SRLPALQMFMGLIQIINKDDSNWWQGRAGLIPSPE	0
GFPGGPAQMAGPPQPQKKLDPDSIPSPIQVIENDR	XXXXXXXXXXXPPQPQKKLDPDSIPSAASQLIPVR	0
SVKAQTAHIVLEDGTKMKGYSFGHPSSVAGEVVFN	XXXXXAQTAHIVLGTKMKGYSFSLLVLDPAIYGVD	1
HNLEKQIATLHAQVADMKKKMEDSVGCLETAEEVK	HNLEKQIATLHAQVADMKKKMEDSVGCLETAEEVK	1
ECVLDKSWCQEELSVAVKRAVMLLHTHTITSRVGK	XXLLVHVTRLEELSVAVKRAVMLLHTFLMVLEMPH	0
HVDIIRRGDFFYHSENPKYPEVGDLRVSFSYAGLS	HVDIIRRGDFFYHSENPKYPEVGDLRVSXXXXXXX	0
DKQKVVKLKQIEHTLNEKRILQAVNFPFLVKLEFS	XKWPAQNKILIEHTLNEKRILQAVKLEFSFKLYMV	1
LGELLQDNAKLVPVLSAKAAQASDLEKIHLDEKSF	KTIVALAGCDFVPVLSAKAAQASDLEKXXXXXXXX	1
PEETRRNSLGGDVLFVGKHHPLHDFILELYQTGST	RLNNDPGWKNLTVLFVGKHHPLHDFILELCILPDQ	0
IEGRWKKLSSQLVEHCQKLEEQMNKLRKIQNHIQT	RLGELQQLSSQLVEHCQKLEEQMNKLRKINEAXXX	0
VTALQEEGTLGLYHAQLKVKEEEVHRLSALFSSSQ	IQVTKEEGTLGLYHAQLKVKEEEVHRLSALFSSSX	0
VFVGSAMRSESTAAAEHKGKIIMHDPFAMRPFFGY	PNSGRRPRSESTAAAEHKGKIIMHDRPXXXXXXXX	1
EETFTKLCNDHEVLTFIKYKVFDAKPSAKTLSGLL	HYVTEETFTKLCVLTFIKYKVFSGLLEWECKDAAL	0
SELGRKRKAEEDAALQAKKTRVSDPISTSESSEEE	XXLGRKRKAEEDAALQAKKTRVSDPISTEDTSSDN	1
RISVNNVLPVFDNLMQQKLVDQNIFSFYLSRDPDA	VKVERQMLPVFDNLMQQKLVDQNIFMLGGDRDXXX	0
ADPFQMENTDCYLPDAFKIMTQRCNNRTQCIVVTG	SRIMIESANYGYLPDAFKIMTQRCNNCVVTVFPDP	0
FRYFCMEKFLDPAIWFEKRLAYTRSVATSSIVGYI	FRYFCMEKFLDPAIWFEKRLAYTRSVINEQSAELG	0
EESKQEQLILDHLPSVTKESSLRATQPSENDKLQK	ESKIMVELILDHLPSVTKESSLRATQPSENDKLQK	0
DMVSLLLGRNANVNLSNKSGLTPLHLAAQEDRVNV	VTRQGIASVHLNVNLSNKSGLTPLHLAQTKMGYTP	0
ILAELLIFSVPIVYEKYKTQIDHYVGIARDQTKSI	TLAELLIFSVPIVYEKYKTQIDHYVGIARDQTKXX	1
CLKMDDEKVAEAALQIFKNTGSKIEEDFPHIRSAL	FPIFHFLLLAEAALQIFKNTGSKIERLLLQAKYAI	0
VSGRVVMKSYLSGMPECKFGMNDKIVIEKQGKGTA	XXXXXXXXLLVMSMPECKFGMFHCVRLSKFERSIS	0
GIGPEISAAVMKIFDAAKAPIQWEERNVTAIQGPG	XXGGVQTVAVMKIFDAAKAPIQWLAVLLFDHAARI	1
RAGSSRQSIQKYIKSHYKVGENADSQIKLSIKRLV	AAIQARQSIQKYIKSHYKVGENADSQIKLSIXXXX	1
HPSDIEVDLLKNGERIEKVEHSDLSFSKDWSFYLL	FLNCYEVDLLKNGERIEKVEHSDLLYYTEFTPDEY	1
KIYKKFLKKAQDLTSLLKELKSQGNYLLECTKNPS	SKEDLRMLKAQDLTSLLKELKSQGNYLLFSEEPWL	0
DAVKYFGKGTYTDCAIKKGLEQLLVGGSHLKENKY	SDEVEIIQGLYTDCAIKKGLEQLLVGLIVCGLAVE	1
EAFVQFASKEIAENALGKHKERIGHRYIEIFRSSR	QGLEIAFVFEIAENALGKHKERIGRYIEIFRXXXX	1
AERRKDFVSEAYLLTLGKFINMFAVLDELKNMKCS	NEMLEGHAFEAYLLTLGKFINMFAVLLIVCSEKHM	0
NDLGVGYLLIGDNDNAKKVYEEVLSVTPNDGFAKV	LKNDLGVGYLGDNDNAKKVYEEVLSVTPFAKVHYG	1
CQTVLSPTASEPDTTLTKTSPKNSLKGDKDPGEES	DPSVLSPTASEPDTTLTKTSPKNSLKGDKDPGEES	0
IEVSHWGNIAVEENVDLKHTGAVLKGPFSRYDYQR	XXXXHHPFLTITSMVDLKHTGAVLSSIRSFPFPLF	0
VKKHLAPFLPNHPVISLKRNEDACPVGTVSAAPWG	AVKHLAPFLPNHPVISLKRNEDACPVGTVAPWXXX	1
GLKKPKARPEDVVNLDLKSTLRVLYNLFTKYKNVE	ETFAPKARPEDVVNLDLKSTLRVLYNXXXXXXXXX	0
GKDRSSFYVNGLTLGGQKCSVIRDSLLQDGEFSMD	AEVVLSFYVNGLTLGGQKCSVIDLRTKSTGGAPTF	1
PHDKGPAAIEECCNWFHKRMEELNSEKHRLINYHQ	VMALTFIPIEECCNWFHKRMEELNSEKHXXXXXXX	1
GPKGYGYGQGAGTLSTDKGESLGIKHEEAPGHRPT	YGPKGYGYGGAGTLSTDKGESLGIKHEEAGHPXXX	1
EFKTLPETSLPNYATNLKDKSSLVSSLYKVIQEPQ	XXXXVVWEFLPNYATNLKDKSSLVSSLYLFYEEQL	0
DYKYSGRDSLIFLVDASKAMFESQSEDELTPFDMS	XXXXXXXXXXXXXVDASKAMFESQTPFDSFYGTEN	0
TSIMKELLVDLIDASAAKNPKLMLRRTESVVEKML	XXXXEQLLVDLIDASAAKNPKLMLRRTESVELQAE	0
ASLKELDQRLFENYIELKADPIVGSLEPGIYAGYF	XXXTSEQLLLFENYIELKADPIVGSALVNIIAVHA	0
SSITRQKKRLQELALALKKCKPSLPAEAEGAAQEL	XXITRQKKRLQELALALKKCKPSLPAEAEGAAQEL	0
LMIIHHLDECPHSQALKKVFAENKEIQKLAEQFVL	DQLIHHLDECPHSQALKKVFAENKEIQNVPRIYEP	1
QQYSTIVKDYELQLMTYKAFVESQQKSPGKRRRML	EVRRVQLRDYELQLMTYKAFVESQQKSPGKRRRMX	0
DQASQLLAGTEATLGHAKTLLAAIRAVDRTLSELM	XXXXXXLAGTEATLGHAKTLLAAIRAVDRLGAPQA	0
YYSLIKMVFAAAKASNRKPSPQDIAQAVLRNFSGK	YFFLIKMVFAAAKASNRKPSPQDIAQAVLPEAKCX	0
QEQGPNLDRTSAHVSGIKELARRFALTFGLDQIKT	SLQQLFLDRTSAHVSGIKELARRFALGAFLEVLSE	0
HYLPGSHRKVIKNVAEVKEYVSERVKEHHQSLDPN	RRGRLMLFNVIKNVAEVKEYVSERVKMDGITVTVA	1
DSQEMVRLLLQAIQSFEKKVRVIYTQLSKTVVCKQ	MQGGTLDLLLQAIQSFEKKVRVIYTQLXXXXXXXX	0
ALSIEESCRPGDKVPPIKPNAGEESVMNLDKLRFA	ECRGVIHRIRAKAVPPIKPNAGEESVXXXXXXXXX	1
DSATYTCHVANVAGTAEKSFHVDVYVPPMIEGNLA	KDGGQYLTYTCHVATAEKSFHVXXXXXXXXXXXXX	0
PKISMPDVDLHVKGTKVKGEYDVTVPKLEGELKGP	DVLGVDLPSVNLKGPSLKGDLDAPGLNLSGVGGKM	1
ALVKDMELPTEKEVALVKDVRWPTETDVSSAKNVV	SSATADTSPTEKEVALVKDVRWPTETXXXXXXXXX	1
EAAVARFFSASCVPGADKGQFPNLCRLCAGTGENK	PIEAAVARSASCVPGADKGQFPNLCRLCAGTGENK	0
LSWKLEETLAQFPLQPGKVATFTINIKVKLDFSCQ	EPLEKLETLAQFPLQPGKVATFTFYSGGXXXXXXX	0
PHLRTPKLQHLQGSALQKPFHASRLVVPELSSRGE	PHLRTPKLQHLQGSALQKPFHASRLPQVPQPVGRV	0
GRIEREHQISPGDFPNLKRMQDQLQAQDFSKFQPL	LVNNLAEIYGPGDFPNLKRMQDQLQAQXXXXXXXX	0
LKELEKHKIQLEQVQEWKSKMQEQQADLQRRLKEA	XXXXXXHKIQLEQVQEWKSKMQEQQADLQALGAEE	0
RATNKYGTDHTSATLIVKDEKSLVEESQLPEGRKG	YGVAYSRDSGIIATLIVKDEKSLVERRTEEGYYEX	0
KNPANPVQRILGGHLDAKGSFPWQAKMVSHHNLTT	GKPKNPANPVQRGHLDAKGSFPWQAVGKKNERVMY	1
LEKHELIEFRRIAAYLFKGNNRWKQSVELCKKDSL	DDNILAQLERRIAAYLFKGNNRWKQSVELCKDAMQ	1
PNCSCAAGDSCTCAGSCKCKECKCTSCKKSCCSCC	PNCSCAAGDSCTCAGSCKCKECKCTSCKKSCCSCC	1
MASCITQRKCKVTATALKTARETDEDEDDVDSVEE	MASCITQRKCKVTATALKTARETDEDEDDVDSVEX	1
YLDGTCVEWLRRYLENGKETLQRTDPPKTHMTHHP	EQEVSDGEWLRRYLENGKETLQRTDYPGXXXXXXX	1
NPTKRQSQLIDTLQHQVKSLEQQLADADRQHQEVI	LPTKRQSQLIDTLQHQVKSLEQQLADADRQHQEVI	0
QGQFLFIVGEGDKTINSKAHAEQAIGQLKRHGKNN	YRFELFIVGEGDKTINSKAHAEQAIGTLLSYPGAG	1
NSFLANMGGTVAHKIMQKYGFREGQGLGKHEQGLS	NSFLANMGGTVAHKIMQKYGFREGQGLGKHEQGLS	1
TLLQGSGCLAGIYLEDTKEKVSIYEAMRRGLLRAT	XXXXXXXXLAGIYLEDTKEKVSIEARLLDPVRNNR	0
YSQICAKAVRDALKTEFKANAEKTSGSNVKIVKVK	YSQICAKAVRDALKTEFKANAEKTSGSNVKIVXXX	1
TDVYLKSLNPQWNSEWFKFEVDDEDLQDEPLQITV	KIEVKFGNTTFKTSEWFKFEVDDLLQIITVVVVKV	0
QDVAQRCKELGITALHIKLRATGGNRTKTPGPGAQ	FATFVHVTDLSGAALHIKLRATGPAQALRLIGRIE	1
QMVSGAKDLVCSKMSRAKDAVSSGVASVVDVAKGV	QMVSGAKDLVCSKMSRAKDAVSSGVASVVDVAKGV	1
HFQAHSMGLGSKFKEVKKAYVEANQMLGDLIKVTP	ENEIYLHALGSKFKEVKKAYVEANQMVGDLAQFMV	1
GSGSLVGQRLSDHPDVRKIGFTGSTEVGKHIMKSC	GIIKCNTVVLSDHPDVRKIGFIMSCASNVKKVSLG	1
AHAIRLLLEYTDSSYEEKKYTMGDAPDYDRSQWLN	MILGYWDIRAHIRSYEEKKYTMRSQWLNEKKLNLP	1
FYAHNARLTPLQFGNLQKLDGPTEQCPDPLPLPAG	RRVVCGLCGPLQFGNLQKLDGPTEQCPDPLXXXXX	0
KSPRITPPAAKPGSPQAKSLQPAVAEKQGHQWKDS	XXXXXXPPAAKPGSPQAKSLQPAVAEKSSRPVAPS	1
KRGDIVFVDRAACFAIQKGLQASRSDIKLFKHNDM	SAIPASKVVRAACFAIQKGLQASRSDIVEGQGYLK	0
LAPGLIKTSFSRMLWMDKEKEESMKETLRIRRLGE	GFPGLIKTSFSRMLWMDKEKEESMKETLRIRRLGE	1
IAEKIGEDYVKDLSQLTKLHSFLGDDVFLRELAKV	IAEKIGEDYVKDLSQLTKLHSFLGDFLLEATVLKN	1
PPLTGFLPKWAIIEEFTKNNSLIIPTIMATITLLN	PNMTLNLPKWAIIEEFTKNNSLIIPTIMAPLXXXX	0
QFTDMEHNRVLEALLPLKGLEERVAAAVDLIIKSH	EAICFFVNRVLEALLPLKGLEERVAAAVDLSARYY	1
QEAERARFVVEKAEQQKKAAIISAEGDSKAAELIA	QEAERARFVVEKAEQQKKAAIISAEGDSKAAELIA	1
AASEKQLTKSNAPRVKAKIIAEGANGPTTPEADKI	FVLEADCDILIAPRVKAKIIAIFLERNIMVILXXX	1
IQIGADKTQIGVVQFSDKTKEEFQLNRYFTQQEIS	XXXLVDSSWSIVVQFSDKTKEEMSLINEGTLTGKA	0
IIPRHLQLAIRNDEELNKLLGKVTIAQGGVLPNIQ	AAPRHLQLAIRNDEELNKLLGKVTIAQGGVLPNXX	1
FLRQRLQALDTGWNELHKMWENRQNLLSQSHAYQQ	KNEIDYEALDTGWNELHKMWENRQNLLSXXXXXXX	0
FGKATSIDPNTYITWIDKYQAQLVVLSAQIAWSEN	LAESVTEVPNTYITWIDKYQAQLVVLSPLRRRKLV	0
SHSVERFVIEENLHCIIKSHWKERKTCAAQLVSYP	RLLPEKNEYEENLHCIIKSHWKERKTCAQLIVIAE	0
YSDLVPTGVPHAVTTDTKFRNYLIPKGTTIMALLT	EALIDNGEEFSAVTTDTKFRNYLIPKGTTIXXXXX	1
TGNRNPGSSGTGGTATWKPGSSGPGSTGSWNSGSS	QGITRGGSSGTGGTATWKPGSSGPGSTXXXXXXXX	0
SVLYSSNNKNYLAWYQQKPGQPPKLLIYWASTRES	XXXDSLAVLATIAWYQQKPGQPPKLLIEGVPRFLT	1
QFHSRILDIDNVDLAMGKMMEQGPVLIITFQAQLV	FSKTEMSEVLTEILAMGKMMEQGPVLIIWALCRLD	0
PTGTTPPVKKKPKLLNLKDSSMADASKHGGGTESL	PTHGIQPQPKKPKLLNLKDSSMADASKSLFDKVRK	1
TCNFNATAPPDLRAELGKDLQEPEFSAKKEGKVLF	DGWLTFNAPPDLRAELGKDLQEPEFSAKKVLFNXX	1
VGKYGTRYGASLRKMVKKIEISQHAKYTCSFCGKT	IVGKYGRYGASLRKMVKKIEISQHAKYKRVGGGAW	1
ATLTAAGKEVMLVGIGDKIRGILYRTHSDQFLVAF	LCGAIHSSIAKMVGIGDKIRGILYRVAFKEVGRFS	1
STPGAKGEGPDVHMTLPKGDISISGPKVNVEAPDV	PEKPKKGEGPDVHMTLPKGDISISGPKVNVGPKVD	1
RELQSMADQEQVSPAAIKKTILDKVKLDSPAGTAL	IAELQMADQEQVSPAAIKKTILDKVKLDSXXXXXX	1
VNLAVQNAKAAFKIWSQKSGMERCRILLEAARIIR	XXXXXXXXXAAFKIWSQKSGMERCRILAGLAASMA	1
VGLKYTEAEYQAAILHLKREHKEEIENLQAQFELR	XXXTYTEAEYQAAILHLKREHKEEIENLQAQFLAQ	0
PSGNLPFLKPDDIQYFDKLLVDVDESTLSPEEQKE	DQPSGLPLKPDDIQYFDKLLVDVDETLSEEQKERK	0
EHRKEERCSRVWGTTCTKHPHIKMVMESGDWLVGG	XXXXXKERCSVWGTTCTKHPHIKMVMESTKDDDML	0
VRGKVWKQRISSPLFNTKQYTMELERLYLQMWEHY	FIGDHANMRISSPLFNTKQYTMELERLXXXXXXXX	0
GKKAAATSAKKVVVSPTKKVAVATPAKKAAVTPGK	XXXAAATSAKKVVVSPTKKVAVATPAKKAAVTPGK	1
QGSPGRPRSVCGREGEEKPPLSAETQWKDRAETVI	XXXXXRPRSVCGREGEEKPPLSAETQWKDRDVAAA	1
SREIQTAVRLLLPGELAKHAVSEGTKAVTKYTSSK	SREIQTAVRLLLPGELAKHAVSEGTKAVTKXXXXX	1
GKQMVAKVPPTVTSTVLKRLQPQTTYDITVLPIYK	VVYRPGKQMVAKVSTVLKRLQPQTTYDISGTTAXX	0
IRRRSKNRIAAQRCRKRKLDCIQNLESEIEKLQSE	EDDRSKNRIAAQRCRKRKLDCIQNLESEIEKLFCQ	1
LGAEEAKTFDQLTPEESKERLGKIVSKIDGDKDGF	XHFLEAKTFDQLTPEESKERLGKIVSKISLTKEEI	1
LKAADMLSGPRRAEILAKTMVGQGKTVIQAEIDAA	DLKRMEQSVARRAEILAKTMVGQGKTVAEATTAML	1
KQGDKSKENTRKIFSGPKRSPTKAVYNARHWNHPD	XXXNYKKENTRKIFSGPKRSPTKAVYNKTVTIPTQ	1
TSEPVWILGRKYSIFTEKDEILSDVASRLWFTYRK	ETSEPVWILRKYSIFTEKDEILSDVASRWTGYVIC	0
DKVADNLAIQLAAVTEDKYEILQSVDDAAIVIKNT	RALADNLAIQLAAVTEDKYEILIVIKNTKEPPLSL	0
GKLHSLVKPSVDYVCQLKFPSGNYPPCIGDNRDLL	XXXXXXXVGAVDYVCQLKFPSGNYPPCIGDNRDLL	0
FLAKCIQDNRLVDLPISKPFFKLMCMGDIKSNMSK	XXSVSERSCGLFTLPISKPFFKLMCMGDILTEDFE	0
KKEVPIHRVADISGDTQKAKQFLPFLQRAGRSEAV	XXXXXXXRVADISGDTQKAKQFLPFLQRAKLYLET	1
DPLPKPLRDPLPDPLLDKLVLPVLPGALQARPGPH	QNQGICMHLPLPDPLLDKLVLPVLPGXXXXXXXXX	0
KTGKPISKAVIVLNEGIKVQTKEGGYFHVLLAPGV	GHCPVHSKAVIVLNEGIKVQTKYFHVLLHNIIAIA	0
LWDLRNLKLKLHTFESHKDEIFQVHWSPHNETILA	XEVIAGSADKTVTFESHKDEIFQSSGTDRRLNVED	0
KGNVLPPGTEGDIGIRVKPIRPIGIFSGYVDNPDK	QETCYDVQIKGNVGIRVKPIRPIGIFSGTAANIRG	1
GDQSRSLPYKLISLLNEKGQDTGATIDLVIGYDPP	QNKLIGTATVLISLLNEKGQDTGATIXXXXXXXXX	0
GSGLDMHTKPWVRARARKEYWENLRIASGRPYNPS	HGSWGSGLDMWVRARARKEYWENLRIXXXXXXXXX	1
AQPKPATALCGVVSADGKIAYPPGVKEITDKITTD	XXXXXXXXXXGVVSADGKIAYPPGVKEITDKIMRL	0
PEACPVSLPSPPEASTLKGPPPEADLPRSPGNLTE	RGPCPVSLPSPPEASTLKGPPPEADLPRSPGNLER	0
DRVDGVKSWLSKNKGPSKAASDDGSLKSSSPTSYW	RQVDGVKSWLSKNKGPSKAASDDGSLKTSYWKSLA	1
SGDFKKPALPVSPAARSKAPASSSSNPEEVQKEGP	XXXXXKPALPVSPAARSKAPASSSSNPEEQFDREG	1
KYVAEFLEWAKPFTQLVKEMQLHREDFEIIKVIGR	LVCLYTESLAKPFTQLVKEMQLHREDAFQDELIGF	0
LELDILPLQEANAELSEKSGMLQAEKKLLEEDVKR	LELDILPLQEANAELSEKSGMLQAEKKLLEEDVKR	0
VVLSPGTLQEDQATLLSKRLVDWLRYASLQQGLPH	XXXXLLERLEDQATLLSKRLVDWLRYALNAFLWLS	0
SDDADEDYGRDSGPPTKKIRSSPREAKNKRRSGKN	SDDADEDYGRDSGPPTKKIRSSPREAKNKRRSQQR	1
LPEDAIHTMIENLQPETKYRISVFATYSSGEGEPL	WKSLYDDVDTINLQPETKYRIGDATTELPGKYKMG	0
NREFGTQKYEQWIVTVQKACMVFQMPDKDEESRIC	XXLENLSQIEQWIVTVQKACMVFQICKLFLTSCRK	0
FNLFVGNLNFNKSAPELKTGISDVFAKNDLAVVDV	XXLFVGNLNFNKSAPELKTGISDVFAVVDVRIGMT	1
IRIENPNSLQDQSHALLKYWLERDGKHATDTNLVE	LALFQIIENQDQSHALLKYWLERDGKHATLXXXXX	0
VPETKGKSFEEIAAEFQKKSGSAHRPKAAVEMKFL	FKVPETKSFEEIAAEFQKKSGSAHRPKAXXXXXXX	1
NYATVISHNPETKKTRVKLPSGSKKVISSANRAVV	EELARNYATVISHKTRVKLPSGSKKVISAGVVQEK	1
SDFDTKKGKSAKSSIISKKKRQTQSESSNYDSELE	XPSIVTKYVEAKSSIISKKKRQTQSEASDSDETSM	1
IKAAGVNVEPFWPGLFAKALANVNIGSLICNVGAG	EDKINALVEPFWPGLFAKALANVNIGLXXXXXXXX	0
AAQKFISDIANDALQHCKMKGTASGSSRSKSKDRK	XXXXXISDIANDALQHCKMKGTASGSSRSKSKDRK	0
HNLVKLSILDLSENYLEKDGNEALHELIDRMNVLE	LSANAVKILALSENYLEKDGNEALHELLPWGCDVQ	0
EEKKKKDRFYRSILPGDKTNKKKEKERPEISLPSD	EEKKKKDRFYRSILPGDKTNKKKEKERPEISLPSX	1
FKDLTLQPRGPLEPGPPKPGVPQEPGRGQPDAVPE	QRERQLQPRGPLEPGPPKPGVPQEPGRGQCMXXXX	0
LLIIGKGAAYAHAEESIKKLVEQYKLPFLPTPMGK	XXXXXXLIIAAHAEESIKKLVEQYKLPFLPGKGVV	1
CKDETEFRNFIVWLEDQKIRHYKIEDRGNLRNIHS	KLTALDYHNFIVWLEDQKIRHYKIRLYVIDWLLGL	0
QEFSGYVQQVKYAMTRIKAAMPRIYELAAGGTAVG	HEVLLPGLQVKYAMTRIKAAMPRIYLPALVELSGA	1
GEKPCALEKKDISKSEAKLSRKQVDSEHMHQNVPT	XXXXXXXEKKDISKSEAKLSRKQVDSEHMSEDDKK	1
TESSKPGPSAHDLAAQLKSSLLAEIGLTESEGPPL	YQALDPGPSAHDLAAQLKSSLLAEIGLTESEGPPL	0
SSRGQVRRSLGFCDTTNKGLFQVVSGGMVLQLQQG	VLSQWEICLSGFCDTTNKGLFQVVSGKDPKKGHIY	0
FVTWADKFQMYVTYCKNKPDSTQLILEHAGSYFDE	ELIIFGNMIMYVTYCKNKPDSTQLILISSYLIKPV	0
YQESDGKAQVTGPSQISKTDKSFQGTTRQETNYQD	XXXXXXKAQVTGPSQISKTDKSFQGTTRQEAGLEA	0
AKETLEPLIQAAQLLQVKKKTDDDAEAICSMCNAL	XXXCSWSGMQAAQLLQVKKKTDDDAEAICSMCIVL	0
TAFGGKGYFVQTPEELQKSLRQSLADTTKPSLINI	IILLEKGYFVQTPEELQKSLRQSLADPSLINIMXX	1
TAQNLTSDIQRLQLDLQKMELLESKMTEEQHSLKS	YNMNLTSDIQRLQLDLQKMELLESKMTEEQHSLXX	0
QAEIVPVTTTVHDDKGTKRSITVTQDEGIRPSTTM	ASMSLPVTTTVHDDKGTKRSITVTQEDGXXXXXXX	1
VKTIHDLHLFIENIDFNKSGSSTASWIQNVDTKYQ	LSLGSFNFLFIENIDFNKSGSSTASWIQNDYLRDL	0
PNKPKPCGLCNQFGHEVKDCEGLPREKKGKHDELA	FLPPKPCGLCNQFGHEVKDCEGLEXXXXXXXXXXX	0
IAEGQEKIPVHKFITALKSTGLRTSDPRLKECMDM	XXXXXXXXIVHKFITALKSTGLRTSDLMLLTQAFR	1
ASDENYKDPTNLQGKLQKHQAFEAEVQANSGAIVK	ASDENYKDPTNLQGKLQKHQAFEAEVQALKMREKG	1
ELCSYYQSCCTDYTAECKPQVTRGDVFTMPEDEYT	QCDELCSYCCTDYTAECKPQVTRGMEEYTVKDPQY	0
WYIHKYVQSQYGASVSAKPELPLFYTPIDLVDISV	QASWYIHKYVQSASVSAKPELPLXXXXXXXXXXXX	0
LGTFIGEKEISFQIENIKQIFGNTHIGAALREVEH	QFSTYHPEFISFQIENIKQIFGXXXXXXXXXXXXX	0
RKQLWDVAHSVKEKFGKKLYDALLRGEIPDLNDIL	XXQLWDVAHSVKEKFGKKLYDALLRGEIPDLNDIL	1
TIGHVDHGKTTLTAAITKILAEGGGAKFKKYEEID	XXXXXXXXXTTLTAAITKILAEGGGAKFKKYEEIV	1
SPERPFLAILGGAKVADKIQLINNMLDKVNEMIIG	XXXXXXXAILGGAKVADKIQLINNMLIGGGMATFD	1
IPYSPFRIHALPTGDASKCLVTVSIGGHGLGACLG	XXXXXXXXXXSPTGDASKCLVTAITVDAKAAGEGK	0
IALLKLKPVDGHCALESKYVKTVCLPDGSFPSGSE	WQLPLGDQEFHEQALESKYVKTVXXXXXXXXXXXX	0
RSKDYRLTHEVLQLIQQKQSQVVFVLTGDCDDRTH	EISLPGSFIEVLQLIQQKQSQVTSSRAGVSRSSVS	0
FYTELLNLCEAEDSALTKLPCYKSLPSLVPLRIAA	VFTELLNLCEAEDSALTKLPCYKSLPSLVPLRIAX	0
VANFDEKDPRTFEGIDPKKTTMRDVYKKFDLGQDV	VANFDEKDPRTFEGIDPKKTTMRDVYKKADYLDQP	1
FKDDDDVVIGKVFMQEFKEGRRASHTAPQVLFSHR	XXTVVFVVIGKVFMQEFKEGRRASHTAPQVLFSHP	0
QTALSETQDPEEVSVTVKAFMTADLPNELIELLEK	SVLLIVVLDPEEVSVTVKAFMTADLPNELIELLIL	0
RRLTFCHQGLSNVLDDPKSAGVATFVIQEEFDRFT	SDLTFCHQGLSNVLDDPKSAGVATFGYEEVDESEV	0
TTPIFANRRSQQSVSLSKSVSIQNITGVGNDENMS	SKKSKEKEKEQQSVSLSKSVSIQNIKFLSHSTDSL	0
ALCPEEPPVHSSAQIVSKHLVGVDSLIGPETQIGE	XXXXXXPPVHSSAQIVSKHLVGVDSLIGPETQIGE	0
VYITLKKYDGRTKPIPKKGTVEGFEPADNKCLLRA	LLITLKKYDGRTKPIPKKGTVEGFEPADNKCLLRA	1
FPGTYTITIKYGGHPVPKFPTRVHVQPAVDTSGVK	TIEIYTITIKYGGHPVPKFPTRVXXXXXXXXXXXX	0
QEDPSDPASKIASLLLAKLADYVVPGCQTVLSPTA	LLLDQVLLSVIASLLLAKLADYVVPGANMAAEVIL	0
LAIRLHVAALPPVIHQEKLENISLPPGLSIHIHCT	XXXXXXXYPSPPVIHQEKLENIIHCTAKVRWVLGG	0
PLPLYDQPPSSPYPSPDKRSSLYFPRSPSANEKSL	IFSLYDQPPSSPYPSPDKRSSLYFPRXXXXXXXXX	0
NRRDEDADMMKYIETELKKRKGIVEHEEQKVKPKN	NRRDEDADMMKYIETELKKRKGIVEHEEQKVKPKE	1
ILAAAQSLHREATKWSSKGNDIIAAAKRMALLMAE	XXPPEEKDEEEATKWSSKGNDIIAAAKREVLVESF	1
VIGSFVDKSMQPGTSLAKAKRLNLATECLPLDKYL	TADSYVIGSFQPGTSLAKAKRLNLATEXXXXXXXX	1
KAEQINQAAGEASAVLAKAKAKAEAIRILAAALTQ	XXEQINQAAGEASAVLAKAKAKAEAIRILAAALAT	1
ELPEVVRKDYGKKYFDEKIAKMETYCSSGSTDTSP	AKKMWLVRDYGKKYFDEKIAKMETYCXXXXXXXXX	1
CEGNSFHKSCFLCMVCKKNLDSTTVAVHGEEIYCK	EVQCSFHKSCFLCMVCKKNLDSTTVAVHEEIYCKS	1
IKLGLKSLVSKGTLVQTKGTGASGSFKLNKKAASG	SLAALKLKLVSGTLVQTKGTGASGSFKLNKKAKPK	1
IYHPNVDKLGRICLDILKDKWSPALQIRTVLLSIQ	AAPKVRNVDGRICLDILKDKWSPALQITVLSILDP	1
TTIPEQSFQGSPSADTLKAGLIRTHISRCQVCMKN	TPANKYSFWLTTSADTLKAGLIRTHISXXXXXXXX	0
FLWFLQKTVQEHYQDFDKNSVRDITGALFKHSKKG	FPMCFGQHVQEHYQDFDKNSVRDITGALFKHSKKG	1
LIPGINEAVAAVTEEEHKLYDDIDFDIEEFAKDVG	XXXLCITYGAAVTEEEHKLYDDIDFHKKDILMHRW	0
NTGTEAPDYLATVDVDPKSPQYCQVIHRLPMPNLK	XXXMGPREEIVTVDVDPKSPQYCQVIHPRSLDKRL	1
HIQLVKLQVEEVHQLSRKAETKLAEAQIEELRQKT	YRMKHYLQVEEVHQLSRKAETKLAEAQIEXXXXXX	1
EALAKVEDSNPQKTSATKNCLKNLSSHWLMKSEPE	XXXXXXEDSNPQKTSATKNCLKNLSSHWAMKLGEE	1
SEFDDEPKFMSKVIGANKNQEEEKSGKWEGLVYAP	SEFDDEPKFMSKVIGANKNQEEEKSGKWEXXXXXX	1
SDLVHRISGDKKLEEIPKYKDLLKLFTTMELMRWS	QLKSVVLIISKKLEEIPKYKDLLKLFTTLVEDYGM	1
LSSKAAGTPKKKAVVQAKLTTTGQVTSPVKGASFV	LPGLHVGTPKKKAVVQAKLTTTGQVTSPKEKDFKG	1
RPVGMLGKATSTSDMLLKLARTTPYYKRNRPHICS	YGLPVRDAGLSTSDMLLKLARTTAKLLKRASTMPR	1
KESMTDAILQTDQTLTEKEKEIEVERVKAESAQAS	QESMTDAILQTDQTLTEKEKEIEVERVKAESAXXX	1
NALKTVINDPLYKENIMKLSRIQHDQPVKPLDRAV	MKAKGAAVDPLYKENIMKLSRIQHDQXXXXXXXXX	1
DVRHYLQGRSSIAGLLLKATNEKLSVYAALQRQLL	XXXXXXXXXSSIAGLLLKATNEKLSVYAALQRQLL	0
VSVDSQFTHLAWINTPRKEGGLGPLNIPLLADVTR	AFSNRGFTHLAWINTPRKEGGLGPLNILGXXXXXX	1
FELLEAQAATGYVIDPIKGLKLTVEEAVRMGIVGP	VFERLSVYQAQYVIDPIKGLKLTEAVRMGIVTDPQ	0
GLGQGQSLEQLEALVQTKDQEIQTLKSQTGGPREA	GLGQGQSLEQLEALVQTKDQEIQTLKSQTGGPREA	0
KPKLYKGDRGLPLEGSAKGKVQAELSQPLTAGGAI	AFAPENPYRGLPLEGSAKGKVQAELSQXXXXXXXX	1
QVMFDALKEGVKKGFRGKEGAIIVDPARELKVLIS	TVATSALKEGVKKGFRGKEGAIIVDPAXXXXXXXX	1
RESLSGVTSHGLSCEVCKFKAHKRCAVRATNNCKW	NWYACHTFCNGLSCEVCKFKAAANCKWLEGNLKCL	0
VTALQEEGTLGLYHAQLKVKEEEVHRLSALFSSSQ	VTALQEEGTLGLYHAQLKVKEEEVHRLSALFSSSQ	0
HCIRLANRTIVEGYANVKKCSNEGRALMQLDFQQF	LMANVKWDVIVEGYANVKKCSNEGRMYIYKQLTNL	0
RAIGSTSKPQESPKGKRKLDLNQEEKKTPSKPPAQ	XSRSSTSKPQESPKGKRKLDLNQEEKKTPAEDSGD	1
LDPYVQRLAETVFNFQEKVDDLLIIEEKIDLEVRS	LVAGLKKEVETVFNFQEKVDDLLIIEDLNLHSYSX	0
PPFRITFPVRSGKGKKRKDADVEDEDTEEAKTLIV	YSKMPNQPVRSGKGKKRKDADVEDEDTEEAKXXXX	1
EPFYEHLQAEKSRMYVAKGSARESHFRGLLQNVHL	TLLALERFEIVSRMYVAKGSARESHFRGLXXXXXX	1
NRDAQIRDSWLDNIDWVKIRERPPGQRQASDSEEE	NRDAQIRDSWLDNIDWVKIRERPPGQRQASDSEEE	0
APNHAVVTRKDKEACVHKILRQQQHLFGSNVTDCS	APVLAEVVTKDKEACVHKILRQQQHLCLAKLHXXX	1
SGRFFTVKLPVALDPGAKISVIVETVYTHVLHPYP	ATSFQVKGLPVALDPGAKISVIYTKXXXXXXXXXX	0
EEIERMVNDAEKFAEEDKKLKERIDTRNELESYAY	EAGKKAGNDAEKFAEEDKKLKERIDTRNDDIEXXX	1
QREKSVSHQTVQQLVLEKEQALADLNSVEKSLADL	TREKSVSHQTVQQLVLEKEQALADLNSVEKSLADX	0
GQRLSVQSAISTQPEAVKQQLEETSEIRSDLEQLD	XXXXXLQSAISTQPEAVKQQLEETSEIRSAADRIN	0
FVVIAPAAHSDAVLSESKCNLLLSSVSIALGNTGC	ADFKFIAPASDAVLSESKCNLLLSSVSIFVQIHHM	0
VGEKILKKYVSVCEGPLKEQEWNTTNAKQILNFFH	HLLMMLKKYVSVCEGPLKEQEWNTTNAKXXXXXXX	0
ERFLQMCNDDPDVLPDLKEANFDINQLYDCNWVVV	XXXXXMSCDDPDVLPDLKEANFDINQLYDCRVPFP	0
RVHKINNVNKALDFIASKGVKLVSIGAEEIVDGNA	ISGERLPVNKALDFIASKGVKLVIMIWTIILRFAI	1
ETDKSRERSQCGVKAVNKASSTTPKGNSSNGNSGS	ENEHPRARSQCGVKAVNKASSTTPKGNSSNNSNKA	1
EGIKMSKPKWPPEDEISKPEVPEDVDLDLKKLRRS	LANARSKPKWPPEDEISKPEVPEDVDLDLKKLRRS	0
KPGVGAGHGGDPKLSPHKVQGRSEAGAGPGPKQGH	XXXVGAGHGGDPKLSPHKVQGRSEAGAGPGPKQGH	1
QTTDSKILQEYITQQSNKLETGKSRVPPTVTNAVS	LLDESKILQEYITQQSNKLETGKSRVPPVSXXXXX	0
IDLPAENSNSETIIITGKRANCEAARSRILSIQKD	KKIREESNTKIDIIITGKRANCEAARSRIXXXXXX	1
LAGLLVTYPNSQEAENWKKIQEELNSRWERATEVT	LAGLLVTYPNSQEAENWKKIQEELNSXXXXXXXXX	0
SKPEIVSKALFLETEQLKKLGDCISEDSYPDGNIT	XXXXIVSKALFLETEQLKKLGDCPLEGAVVIISTL	1
GQCECRPGYQGLHCETCKEGFYLNYTSGLCQPCDC	LQCECRPGYQGLHCETCKEGFYLNGLCQPCDCSIP	0
SPFVGRILDWHVANTDKKSYEPLEDPGVKSVTKIY	XFFVGRILDWHVANTDKKSYEPLEDPGVKSVSFRN	1
PQVQQPPPSNRFLQPVQKIDMNLTDLLGELQRDPW	LGCESPPPSNRFLQPVQKIDMNLTDLXXXXXXXXX	0
KTLSAAFKSSAVQQLLEKNYRIHCSVHNIIIPEDF	XXXEGLFKSSAVQQLLEKNYRIHCSVHNIIIPEFS	0
DSPATPDLSHNQFFWLGKDYSNLITKDWVQLDRPF	VYGINLAYGRWDFFWLGKDYSNLKDWVQLDRPFED	0
PGPAEELAKLEYLSLVSKVCTELDNHLGINDKDLA	XXXXXXXXKLEYLSLVSKVCTELDNHLGINDKDLA	0
DSHLISTGGKDMSIIQWKLVEKLSLPQNETVADTT	AVSFTHNDSHLISIIQWKLVEKXXXXXXXXXXXXX	0
IRQLTSQDAKPTCLAEFKQIRSIRCLPLEEGQAVL	XXYPEIGPKGIRCLAEFKQIRSILGIEGALLIDGY	0
ILDSRGNPTVEVDLHTAKGRFRAAVPSGASTGIYE	XXXXMAMQKIFVDLHTAKGRFRALKLSVVDQVSLA	1
QPLALPGRVLLGEGVLTKECRKKAKPRIFFLFNDI	XXXXXXXXXXXXXGVLTKECRKKAKPRIFVYGSIS	0
IRNISFNDKKFVIKPIDKKAPDFVFYAPRLRINKR	FPWSEIRNISFVIKPIDKKAPDFVSADLRADAKRQ	1
TQQVSQIQQHKDQYNLLKIQLGKDNQHQGSYSEGA	TQQVSQIQQHKDQYNLLKIQLGKDNQHQGSYSEGT	0
VTEGMDIIKKINETFVDKDFVPYQDIRINHTVILD	DTGTGRLTGKINETFVDKDFVPYQDIRSGRIGXXX	0
NGSLKRKSSRKETPSATKQATSISSETKNTLRAFS	XXXXXXXXXRKETPSATKQATSISSETKERRPDHP	1
GQPTFCSVCKDFVWGLNKQGYKCRQCNAAIHKKCI	ATFFGQPTFCDFVWGLNKQGYKAIHKKKDVVLIDD	0
DYFTQAMEVKAFAETHIKGFTLNDAANSRLIITQV	ETYSNIMEVKAFAETHIKGFTLNNTVDQQQXXXXX	1
FNTHPTKREVITAVRKMKPLDGSALYTGSALDFVR	AQYATVRPEFITAVRKMKPLDGXXXXXXXXXXXXX	0
QAVDVLLYTPGHLDPAEKVEDAHPKLWCALSEGKV	SSAVLNVTPPGHLDPAEKVEDAHPKNHQNNVHSMX	0
ASHRDRALSVTATVGETKGKDPAPAQPPPARKQNV	ASHRDRALSVTATVGETKGKDPAPAQPPPARKQNV	0
AIRAVAQAGTVGTLLIVKNYTGDRLNFGLAREQAR	XXXXXXLSGGGAHSLIVKNYTGDRLNFGMVVIGDD	1
MELRQKFEKAKLGPAGNKVISPSEDRKQPSNNLDR	XXXXQKFEKAKLGPAGNKVISPSEDRKQLLDKPFF	1
IFLTKKFSRHHGPTITAKLYGRAPQLRETLLQDFR	LSYVVHTYAIFLTKITAKLYGLLDFRVAISIFTMX	1
KDTKQKAGKLSFISVGNKFKTQLNLLLDKLRSTGA	LDLDKNNDASSFISVGNKFKTQLNLLXXXXXXXXX	0
EKEKEKHKVKAEEEKKAKVAPPAKQAQQKKAPAKK	EKEKEKHKVKAEEEKKAKVAPPAKQAQQKXXXXXX	1
KGRILDDDTIITTLENLKREAAEVTRKVEETDIVM	LEKSLLQALIITTLENLKREAAEVTRKXXXXXXXX	0
QASHLPTLEKLAQNIDVKLGCDWVATIFSRDIRFA	LYGLFVKSHVLAQNIDVKLGCDWLXXXXXXXXXXX	0
QVTIDSALATQKYSVAVKCATITPDEARVEEFKLK	DGDTRWYFDLGSATVAVKCATPNISVLIEAEAAAS	1
PPVRRSSDTSGSPATPLKAKGTGGGGLPAPPDDFL	EKMNANSDTSGSPATPLKAKGTGGGGLPAPXXXXX	1
MMLKEMQKLPEAVQLIEKASMMYLENGTPDTAAMA	AAKAYEQAGPEAVQLIEKASMMYLENPTAAMALAL	0
SREIQTAVRLLLPGELAKHAVSEGTKAVTKYTSAK	SREIQTAVRLLLPGELAKHAVSEGTKAVTKYXXXX	1
AEMFEHLSGKLQQFMENKSRMLASGNQPDQDITHF	XXXXXXXXGKLQQFMENKSRMLASGNQIQELNLEM	0
EDTKKEKKRKLEEEEDGKLKKPKNKDKDKKVPEPD	EDTKKEKKRKLEEEEDGKLKKPKNKDKDKKVPEPD	1
SQVIIYGKQVIINLINQKGSEKPLEQTFATMVSSL	XIWQYKPLPQIINLINQKGSEKPLEQTFATIAFDF	0
SGSLPYTQTLQDHLNSLKEFNLQNMGLPDFHIPEN	MSSWLQTQTLQDHLNSLKEFNLQNMGLXXXXXXXX	0
QKALNAPPGTSLISFSDKAKKKMYSRKTKPFSFYL	YKCLLLMDGIDILSFSDKAKKKMYSRIXXXXXXXX	1
LFALLSSETHQEDPITYKGFVHKVELDRVKLSFSM	GERLLGDHLFALLPITYKGFVHKLSFSMSLLFKVN	0
ENDFSKRILNVPQELYEKGYVKDVDDGLQAAEEVG	QPWSGSGLRVVPQELYEKGYVKDDGQAEVASSPIF	0
EAEHWLDYFPPLAIQDLKRMGLKVDWRRSFITTDV	RVFLTEFPFPPLAIQDLKRMGLKVDWRSLTIADPH	0
VADYKSKGKFDGAKGPAKVARKKVEEEDEEEEEEE	VADYKSKGKFDGAKGPAKVARKKVEEEDEEXXXXX	1
KEIFLRELISNSSDALDKIRYESLTDPSKLDSGKE	XXXXXXXXXSNSSDALDKIRYESLTDKLLDTGIGM	1
SSILRMLEDWIKPENFQKGCQMYLEKYQFKNAKTS	AMWFFLLEDWIKPENFQKGCQMYLEKYDFWAALEE	0
KLCQNEGCKLKAVVEAKKLILGGLEKAEKKEDTRM	MITGLVRCKLKAVVEAKKLILGGLEKAYLALALLP	1
DNAQRQDIVFSYQRRTKKELASALKSALSGHLETV	AIKIRQDIVFSYQRRTKKELASALKSALILLKXXX	1
PRSHMMDVQGSTQDSAIKDFVLKYALPLVGHRKVS	KFQLVVHMMDVTQDSAIKDFVLKYALXXXXXXXXX	1
QTTTIGGRQNSVVLQKLKPDTPYTITVSSLYPDGE	TYQPSTGEGNEQVLQKLKPDTPYTIRGKTKPLNGY	0
KEAIQQQQNQLVWVSEGKADGATSDDLDLHDDRLS	VVLRRLNYAQWYWVSEGKADGATSDDLDLLXXXXX	0
VYTRHGVPISVTGIAQVKIQGQNKEMLAAACQMFL	XXXNEAISLNTLTLAQVKIQGQNMLAACFEAIAHI	0
PSRVRVHGPGIQSGTTNKPNKFTVETRGAGTGGLG	XXXXXXXGPGIQSGTTNKPNKFVGSEAKMSVEYIP	1
TEHVLRIHVLEAQDLIAKDRFLGGLVKGKSDPYVK	XXXXXXXXXXXXXDLIAKDRFLGGLVKGKSDPYVR	0
QQGARVGRIDAFVQSLDKNFMVPVGGAIIAGFNDS	TGSCNNAYGVQSVQSLDKNFMVPVGGAIPDVTYLL	0
RSTMKPVQKVLEDSDLKKSDIDEIVLVGGSTRIPK	LTAMKPVQKVLEDSDLKKSDIDEIVLVKEFFNGKE	1
HCPLPMRFLQCPPDLTGKSHYLDEADVFYLNPLNW	TFYGSSHCLQCPPDLTGKSHYLDEADVFYLXXXXX	0
KSLGQVSLTHPYSECDFKLKEVARNNMGNDTNEEQ	SFTGPETKTHPYSECDFKLKEVARNNMGXXXXXXX	0
TSEENTFYSWLEGLCVEKRAFYRLISGLHASINVH	ENCFKPFYSWLEGLCVEKRAFYRLISNFFAEAKLK	0
STQQPPKKFAPVVAPKPKYNPYKQPGGEGDFLPPP	XXXXXXXXFAPVVAPKPKYNPYKQPGGIVAIGTLK	1
VKEEEVHRLSALFSSSQKRIAELEEELVCVQKEAA	AKEEEVHRLSALFSSSQKRIAELEEELVCVQKEAX	0
SGLRPGTQVDPEIELFVKAGSDGESIGNCPFCQRL	XXXXXXXXXXXXXXLFVKAGSDGESIGNCPFCQRL	0
AEGSSDEEGKLVIDEPAKEKNEKGALKRRAGDLLE	GLWENDEEGKLVIDEPAKEKNEKGALKRRAGDLXX	1
QKKNPQAVLDVLEFYNSKKTSNSQKYMSFTDKSAE	XRNTSQWLLDVLEFYNSKKTSNSQKYMAQPKFSTM	0
SEIDRKIAEKDEEIEQLKRNYQRTVETMQSALDAE	EKSKRKIAEKDEEIEQLKRNYQRTVETMQSASYQA	1
AENTATLTLLEQQGLIRKLPKYNNCWLARTDPKDV	XXNTATLTLLEQQGLIRKLPKYNNCWLARYAQSNT	1
EESSNNLTQFQTVEAQLKQWLVEKELMVSVLGPLS	XXXXXXXXQFQTVEAQLKQWLVEKELMFRKQYEQL	0
HGEKDPLVPRFHADFIHKHVKGSRLHLMPEGKHNL	QCPALIVHPRFHADFIHKHVKGSRLHLXXXXXXXX	1
SNFNHRLLEMILNKPGLKYKPVCNQVECHPYFNQR	GAKSIGVLEMILNKPGLKYKPVCKDIXXXXXXXXX	1
LKAIIKPQYVDQIPKAAKGTVGSILDRKDETKTQA	XXXXXXKPYVDQIPKAAKGTVGSILDRKDLLKERN	1
FEPATGRVIATFTCSGEKEVNLAVQNAKAAFKIWS	NYRGVEPADASGTCSGEKEVNLAVQNAVNVVQGAT	1
VIDAKKLLSELSNPEISKYVGEVFNIVSQQSTARP	XXXXYKLLSELSNPEISKYVGEVFNIVIVSLDEKV	0
KAGVKLEVANMQAELVAKPSVSVEFVTNMGIIIPD	IKNDFFPGAKAGVELVAKPSVSFHESGLEAIPPRP	0
TEGLRQEMSKDLEEVKAKVQPYLDDFQKKWQEEME	TEGLRQEMSKDLEEVKAKVQPYLDDFQKKWQEEXX	1
PLFDRVLVERSAAETVTKGGIMLPEKSQGKVLQAT	XXXXXXXVERSAAETVTKGGIMLPEKSQGKVLQAT	1
QFERVLGYIQLGQKEGAKLLCGGERFGERGFFIKP	TYNLETVYIQLGQKEGAKLLCGGEPTVFGGVQDDM	1
KFQSFQDHKLKISKEDSKILKKARKDGFLHETLLD	NVKQCEINYVKISKEDSKILKKARKDGFLHETLLD	1
ANQLQQLQSQLAHQTEQKECRAVAGVIDLGTVEIF	XXXXXXXXXXXAHQTEQKECRAVAGMSIPGEATGG	0
VEAPKTNKSPEAKPLPGKLPKGISAGAVQTAGKKG	XXXXXXNKSPEAKPLPGKLPKGISAGAVREAAAGI	1
KLVGVVPGPVGEPADSDKRHASDFALWKAAKPQEV	YFDLKSRGPVGEPADSDKRHASDFALWKAWPGNXX	1
LRLFCVGFTKKRNNQIRKTSYAQHQQVRQIRKKMM	WQTMIVGFTKKRNNQIRKTSYAQHQQVIECQSIYP	1
LGSPTKQLLPCEMACNEKLGKSVVAKVKIPEGTIL	XXXXXKQLLPCEMACNEKLGKSVVAKLTVKVGEPK	1
IIPRHLQLAIRNDEELNKLLGRVTIAQGGVLPNIQ	AAPRHLQLAIRNDEELNKLLGRVTIAQGGVLPNXX	1
VTMAKVDGFLDSLINFNKENIHENCLKAIRPYLQD	QLVVLMAPRGDSLINFNKENIHECLWVINIVRFYE	0
FCAVYGFMPAKATIFNLKCDPVFDFGTGPRNAAYY	QLPWNSSTEFCATIFNLKCDPVFMKPXXXXXXXXX	0
EEAKKQINDYVEKGTQGKIVDLVKELDRDTVFALV	XQLTTGINDYVEKGTQGKIVDLVVNYIFFKGLSIT	1
AAARDGKLKPLPGETMEKCTQDLGNSTKAVSSAIA	XXXXXXXXXPLPGETMEKCTQDLGNSTSLAQAARG	0
KPKVNVKPSVVKVVSSPKLAPKRKAVEMHAAVIAA	DDKVNVKPSVVKVVSSPKLAPKRKAVEMHAAVIAX	1
TTITVLVPPRNLMIDIQKDTAVEGEEIEVNCTAMA	XXXXXXXXXXXXMIDIQKDTAVEGEEIEVNCQLML	0
RRVGELERALSAVSTQQKKADRYNKELTKERDALR	XRVGELERALSAVSTQQKKADRYNKELTKERDAAE	0
TIEKRLVNCEPIGTQASKLEEQIAQHKALEDDIIN	XXXXXXXXCEPIGTQASKLEEQIAQHKRSLLQQAL	0
KKKMMLTHLVVRPGLGSKTGSMSKQELDDILKFGT	HDGRRADHLVVRPGLGSKTGSMSKQELELQGMNEP	1
EAGDGTTTATVLARSIAKEGFEKISKGANPVEIRR	LQGVDLAGVTVLARSIAKEGFEKIGEIIRTIAAVA	1
NVAEVLVNQGAHVDAQTKMGYTPLHVGCHYGNIKI	LSNKSGLTPLHLHDAQTKMGYTPLHVAKTKNGYTM	0
DSSNNADVSEEERSRKRKLDEKENLSAKRSRIEQK	DLGKNADVSEEERSRKRKLDEKENLSAKRSRIXXX	1
PLANQLTSDYGRLASEAKPAAVAAENEEIGSHIKH	GEPEGFYQTMGRLASEAKPAAVAAEIGSHIKHRVQ	1
DLKDYEDQQKQLEQVIAKDLLPSRDRQHLPLIKMK	VRALYEDQQKQLEQVIAKDLLPSRDRQXXXXXXXX	1
EHGIVPVTSDCQYLFPAKVVSRLVKWVTVAHEDYM	XXXXXXIVPVCQYLFPAKVVSRLRLQRLCVLLDVL	0
HQEILRDCLSPSLQHGAKLVLYLSELIHNHQGELT	RLLVHILSPLSPLQHGAKLVLYLSELMLKHKCIIK	0
RAVALDEAISQSTQFHDKIDQILESLERIVERLRQ	XXXXXXXXISQSTQFHDKIDQILESLEKLQPLYET	0
PVMEQYGLIPEEDICFIKEQIVGPLESPVEDSLWP	QGSVMMFEIPEEDICFIKEQIVGPLEYKGRYVSXX	0
CIPHGGGGPGMGPIGVKKHLAPFLPNHPVISLKRN	IAYQVPGDGSDVSIGVKKHLAPFLPKRNDACPXXX	1
LPEFDGKRFQNVAKEGVKFDESEKTKESREAVEKE	RLLKGYVRFQNVAKEGVKFDESETKRVSQRLVQEX	1
NLKPSYLVVPQTGFHHEKSDLLILDFGTFQLNSKD	IVPSIYDVVPQTGFHHEKSDLLILFARAEETWKKM	0
MGCKAAGAARIIAVDINKDKFAKAKELGATECINP	XXAVFGLGGGLIAVDINKDKFAKAKELGATECINP	1
AVKSRVQEHPASAEFVLKGETEELQANACTNPAVH	LPGSRVQEHPASAEFVLKGETEELQANACTNPAXX	0
IKGCTDNLTLTVARSEHKVWSPLVTEEGKRHPYKM	RVANLCIGDVIVARSEHKVWSPLVTEEGKRHYKMX	1
GKVLQATVVAVGSGSKGKGGEIQPVSVKVGDKVLL	LPLFDRVLVAVGSGSKGKGGEIQPVSVKVLPGGTL	1
RVLNKLGGVKYDIDLPNKKVCIESEHSMDTLLATL	GGCAEAVSVLYDIDLPNKKVCILLTLKTGKTVSYL	1
SHEAEVLKQLAEKREHEKEVLQKAIEENNNFSKMA	SHEAEVLKQLAEKREHEKEVLQKAIEENNNFSKMA	1
HPGYKPTTDEPTTVICQKNLRWTPYQGCEALCCPE	DVYVVGTVLRPTTVICQKNLRWTPYXXXXXXXXXX	0
KSPAPKPSDLRPGDVSSKRNLWEKQSVDKVTSPTK	RAEEEKPSDLRPGDVSSKRNLWEKQSVDKXXXXXX	1
GLMLPLREPVVTLEGHTKRVGIVAWHTTAQNVLLS	VLDSGSEDCTVMLEGHTKRVGIVSAGCDNVIMGPH	1
DFPRGHVEELSISHQSLKTAFSSLSNVSSERTKQI	RKDMKLAEELSISHQSLKTAFSSLSNVXXXXXXXX	0
QQEIKATVTVNTSDLGNKKKDDEVDRDAPSRKKAK	XXXXXXXXXVNTSDLGNKKKDDEVDTTQITEEVRD	0
HYYMKYHVSEKPYGIVEKKSRIFPGDTILETGEVI	HYYMKYHVSEKPYGIVEKKSRIFPGDTILETGEVI	0
QCIRHYEGSTVPEKKTPKSPVGVQPILNEHTFCAG	QCIRHYEGSTVPEKKTPKSPVGVQPILNCGFDKSC	1
EAEPKQGRIVVFQYSDGKLQTVAEKEVKGAVYSMV	LHAHQNTYFIVFQYSDGKLQTVAXXXXXXXXXXXX	0
YMSHRELPAWVSFPDVEKAEWLNKIVAQVWPFLGQ	XXXHRELPAWVSFPDVEKAEWLNKIVALRIIGVKV	0
VAPEEHPTLLTEAPLNPKANREKMTQIMFETFNVP	XXIGIITNWLTEAPLNPKANREKMTQIMYVAIQPI	1
PTAAGKKTEKEESTEVLKAQSAGTVRSAAPPQEKK	PTAAGKKTEKEESTEVLKAQSAGTVRMSEDFLLDA	1
KLHDRNTYEKYLGEEYVKAVGNLRKCSTSSLLEAC	YNARAPTYEKYLGEEYVKAVGNLRKCSPXXXXXXX	1
ALAIMGDKLWWADQVSEKMGTCSKADGSGSVVLRN	QLGKATALLWWADQVSEKMGTCSVVLRNSTTLVMH	0
ENLKVNTENLLQVENTGKVKGLILTLKGEPGGQTQ	PDTQKLLVNLLQVENTGKVKGLIFAPWVXXXXXXX	1
YSLPPVIDKMNIELTQLKLSRTILQASLPQNDIEI	VIIIAVIADLGLILTQLKLSRTDIEILKPVNMLKP	0
LLGQTDDTRYHVLVNLGKKITDYGGDKEIQNMDDN	LKNELDRRRYHVLVNLGKKITDYGXXXXXXXXXXX	0
KKLVRKTLDMIKKIADDKYNDTFWKEFGTNIKLGV	IFVPTSALDMIKKIADDKYNDTFWKEFGIKLLRFT	1
GSSKGFGFVDFNSEEDAKAAKEAMEDGEIDGNKVT	SFDGSVRFVDFNSEEDAKAAKEAMEDGVTLDWAKP	1
LPKQRYLKLVCDEIYNIKVEKKVSVLFLYSYRDDY	WDADEFNVLVCDEIYNIKVEKKVSVLFLRILFXXX	0
EGQEKGKEQERPPEAVSKFAKRNNEETVMSARDRY	KQMQNGKEQERPPEAVSKFAKRNNEETVMSARDRY	1
VHLRGSFQVTRAAWEHMKKQKYGRIIMTSSASGIY	ALGRIDVVVTRAAWEHMKKQKYGRISLAIEGRKSN	1
DAVMPDVVQTRQQAYRDKLAQQQAAAAAAAAAAAS	IESLDDVVQTRQQAYRDKLAQQQAAAAAAAXXXXX	1
LTQYEGKLRLVEIAQVPKAHVDEFKSVSKFKIFNT	DWGKIVKGGTVEIAQVPKAHVDEFKSKFIVNXXXX	1
FFSVGLKFPGLHSFAPDKPGGILMMDLKEEKPRAR	AGSESVGLKFLHSFAPDKPGGILELDLASFNPHNH	0
RKVSQPIEGHAASFAQFKMEGNAEESTLFCFAVRG	XXXXXXXXXXXXXFAQFKMEGNAEESTLFIIEVPP	0
LIEEAASRIVDAVIEQVKAAGALLTEGEACHMSLS	CVEEAASRIVDAVIEQVKAAGALLTEGEAAINXXX	0
LDFFEILRLFFPVIYDVKYLMKSCKNLKGGLQEVA	XXXXXXXLSFHSGIYDVKYLMKSCKNLKGGLQEVA	0
NNKLRRGDIIGVQGNPGKTKKGELSIIPYEITLLS	TLFYDKLQVMANNGNPGKTKKGELSIIPXXXXXXX	0
AIRDKLDILGAAETGSGKTLAFAIPMIHAVLQWQK	PIQALTLILGAAETGSGKTLAFAIPQVHIVVDELV	0
QWKEVHKQVVESAYEVIKLKGYTSWAIGLSVADLA	HGDEVHKQVVESAYEVIKLKGYTSWAIGXXXXXXX	1
IDQHEMKCKDCVHLLKIKNTFCLWKRLIKLKDNHC	IDQHEMKCKDCVHLLKIKNTFCLWKRLIKLKXXXX	1
VTLRLVVPATQCGSLIGKGGCKIKEIRESTGAQVQ	XXXXXXVPATQCGSLIGKGGCKIKEIRESVQVAGD	1
DLRTHYSELTTLTSQYIKFISETLRRMEEEERLAE	DLRTHYSELTTLTSQYIKFISETLRRMEEEERLAE	0
HQDWANREYIEIITSSIKKIADFLNSFDMSCRSRL	HQDWANREYIEIITSSIKKIADFLNSFDMSCRSRL	0
DKSKYDEIFYNLAPADGKLSGSKAKTWMVGTKLPN	XXXXYDEIFYNLAPADGKLSGSKAKTWWSDVDRDG	0
LEIWDRSSPEVKEAYGEKFVADYKKSAEQMEQKCT	FLEIWDSSPEVKEAYGEKFVADYKKSAEQYWVSPS	1
IFTVFAKTEVVDSDGSVKDKITAFIVERDFGGVTN	YILNFAKTEVVDSDGSVKDKITAIGEVGDGFKVXX	1
IGKTGTIALSEVENIHQKGGEGISEKAEVIPVTLA	XXXXXTIALSEVENIHQKGGEGISEKATYQKDAEG	0
THAEINQKLPVATDFEFKLEALMCTNPEIKQEDPT	QGVITLDKQVISTDFEFKLEALMCTTSDTEILKVA	0
TTTYAVTSILRVAAEDWKKGETFSCMVGHEALPLA	ELVTLTLQGLRVAAEDWKKGETFSTIDRMAGKPXX	1
TVNRYKQSRDISTLNSGKKSLETEHKALTSEIALL	HFDETVNRYDISTLNSGKKSLETEHKAVKELVLKS	1
LQLTTVRAFFDLIDADTKQITQNSKKKLSVLYHHF	APKSVANAFFDLIDADTKQITQNKKXXXXXXXXXX	0
GKYGMRFNVIQPGPIKTKGAFSRLDPTGTFEKEMI	GLGKGMVTAGNPGPIKTKGAFSRLDPTGTFEKMRL	1
VSIAVKQADEIEKILCHKFMRFMMMRAENFFILRR	XXIAVKQADEIEKILCHKFMRFMMMRARRKPGYDI	1
PDRPPLSGFLPPITPPEKFFLSQLMLAPPRELFKK	YSFAHLLNPLPPITPPEKFFLSQLMLIALMDVGNM	0
EEGLILFDQIPVSSGFSKNGVLVSVLGTTTMRVDI	DIVLILFDQIPVSSGFSKNGVLVSVRVDIPALVSS	0
LTRKRGLKLATALSLSNKFVEGSHNSTVSLTTKNM	SSVIDALQYKLELSLSNKFVEGSHTTKAQIPILRM	0
KHYASEEIKEKLLQLTEKRKEMIDKWEDRWEWLRL	DRNSFTCIKEKLLQLTEKRKEMIDKWEXXXXXXXX	1
LSKHNNHMAKVLTLELYKKLRDKETPSGFTVDDVI	PEEEYPDLMAVLTLELYKKLRDKEFTVDDVIQVFK	0
DDLGLKFKTLAEVCLGQKIDINKEIEQRQKPATET	LDLGLKFKTLAEVCLGQKIDINKEIEQXXXXXXXX	0
RSKNPSKESFLINIVPEKDNLTSLSVYSEDGWDLP	IRFEEIIKNDGALIVPEKDNLTSLSGWDLPYIMHL	0
SPSGALEECYVTEIDQDKYAVRFIPRENGVYLIDV	NGAKGAIDAYVTEIDQDKYAVRVKFNIXXXXXXXX	1
KSKENPRNFSDNQLQEGKNVIGLQMGTNRGASQAG	KSKENPRNFSDNQLQEGKNVIGLQMGTNRGASQAG	1
VDLSGNDFKGGYFPENVKAMTSLRWLKLNRTGLCY	XGVLPFVRGVLYFPENVKAMTSLRWLLPEELAALQ	0
DKLRAANEKYAQEVAGLKDKVQQATSENMGLMDNW	DKLRAANEKYAQEVAGLKDKVQQATSENMGLMDNW	0
GIIWGEDTLMEYLENPKKYIPGTKMIFVGIKKKEE	GIIWGEDTLMEYLENPKKYIPGTKMIFVGIKKKRX	1
SWYTPHRGRLWIAATAKKPSPQEVSELQATYRLLR	XSVHQPWASLLIAATAKKPSPQEVSELQPNDYPSG	0
VPASLLEELLRPPPAVSKEPLKNLNSCLQQLKQEM	XQASLLEELLRPPPAVSKEPLKNLNSCLQQLKQEM	0
QQSEKHLEKILNVDEFVKRIFSVIHSNDPVARAIT	LKLADVFRVILNVDEFVKRIFSVIHSRTLMLGLAI	0
TNRGPIKFNVWDTAGQEKFGGLRDGYYIQAQCAII	KTYVATLGVEWDTAGQEKFGGLRDGYYMFVTNVNW	1
ASKDTEAMKRALASIDSKLNQAKGWLRDPSASPGD	XXXXXXXXKRALASIDSKLNQAKGWLRDAGEQAIR	1
QDGRISFDEFIKIFHGLKSTDVAKTFRKAINKKEG	MATGDLIDEFIKIFHGLKSTDVAKTFRKAIXXXXX	1
KSSDKKVQTKGKRGAKGKQAEVANQETKEDLPAEN	KPPAKKVQTKGKRGAKGKQAEVANQETKEDLXXXX	1
GNGKSSASKAKEPPFVRKSALEQPETGKAGADGGT	GNGKSSASKAKEPPFVRKSALEQPETGKAGADTPK	1
LQENVTIQKQKRRSVNSKIPAPKESLRSRSTRMST	XXXXXXXXXQKRRSVNSKIPAPKESLLEDGKQQVQ	1
KQKIHPTSVISGYRLACKEAVRYINENLIVNTDEL	XXXXXXXXVISGYRLACKEAVRYINELSYLEYAME	1
DFNKILENGRIHGSPLQKLVIENFDDEQIWQQLEL	YDFNKILENGIHGSPLQKLVIENFDDQIWQQLELQ	0
AWESLFSRVSLRLVGLKKSFYGSTLFLCRRPTPQD	LACLHTLLRHLGSQGLKKSFYGSTLFLXXXXXXXX	1
TKTYFPHFDLSHGSAQVKGHGKKVADALTNAVAHV	MFLKFPHFDLSHGSAQVKGHGKKVADALLCLTXXX	1
LSVDIRTMSSRDLLNALKSVINDPVYKENVMKLSR	PMVGAALSVSRDLLNALKSVINDPVYKXXXXXXXX	1
PTHVGSGAYGSVCSAIDKRSGEKVAIKKLSRPFQS	QWELPKTYVSPTCSAIDKRSGEKVAILLDVFYLVM	0
WDGKDLEDLQILIKVKGKCTTDHISAAGPWLKFRG	XXTVKGFTPDNFTKVKGKCTTDHILGAINIGKAIG	1
ILVGGATRVPRVQEVLLKAVGKEELGKNINADEAA	IEQVILTRVPRVQEVLLKAVGKEELGXXXXXXXXX	1
ALQSLRDREFSTFYESLKYARVKEVEEMCKRSLES	GSGTYSLNAFSTFYESLKYARVKEVERLQAIGELE	0
VPTISINKTDGCHAYLSKNSLDCEIVSAKSSEMNV	VVVQVMGKVPTIHAYLSKNSLDCEINVLIPTEGGD	1
IQSLPRNAALRKLNDLIKRARLAKVHAYIISSLKK	LAERNHEDKLRKLNDLIKRARLAKVHISPGDFPVD	1
EITYSCKPGYVSRGGMRKFICPLTGLWPINTLKCT	EPGEEITYSCKSRGGMRKFICPLWPINTLKCXXXX	1
SALRTRVPQFSFLDIFPKVTCRPPKEVIDMELSAL	YVYIVEILEFSFLDIFPKVTCRSDTEPXXXXXXXX	0
FDVVFNYKTVESLEETLKKASPDGYDCYFDNVGGE	VGADVVFNYVESLEETLKKASPDGYDCYFSNTVIG	1
YEESIKMPINEPAPGKKKSQIQEYVDYNGGAGVQH	XPDHTEYSSLEPAPGKKKSQIQEYVDYFKFEEEQN	1
TESVNYDVKTFGSSLPVKVMEALTLAEVDDQLTIN	XXXXXXXXXXXXSSLPVKVMEALTLALTIWACLVC	0
RGATVLPANTPGNVGSGKDQCCSGKGDMSDEDDEN	RGATVLPANTPGNVGSGKDQCCSGKGDMSDEDDGP	1
FKEKDYKKAVISYTEGLKKKCADPDLNAVLYTNRA	AKTYKDEGAVISYTEGLKKKCADPDLNAVLYTNRD	0
KAFNTRVEELNLDVLLQKVDHLRMSESGKSESFEL	XXXXXHVEELNLDVLLQKVDHLRMSESGKSESFEL	0
FLELKKEEIKQRQIEQEKLASMKKQDEDKDKRDKE	XXXLKKEEIKQRQIEQEKLASMKKQDEDKDKSSPS	1
CEVNKCSRCLEGACVVNKQSGDVTCNCTDGRVAPS	EGCEVNKCSRCGACVVNKQSGDVTCNCVAPSCKXX	0
TNDEETIQQQILALSADKRNFLRDPPAGVQFNFDF	XXXXXXXXXXILALSADKRNFLRDDELLSKMRFAL	0
VEVNPVRRAEIKFSSYRKVPILVAQEGESSQQLND	CEVNPVRRAEIKFSSYRKVPILQLNDSVTEXXXXX	0
PIFHVNSDDPEAVMYVCKVAAEWRSTFHKDVVVDL	KSSENVVFVPEAVMYVCKVAAEWRSTVVVXXXXXX	0
DAGRYSCKAINIAGTSQKYFNIDVLVPPTIIGTNF	KDNGKILRYSCKAITSQKYFNIXXXXXXXXXXXXX	0
AQGLLEKIATPKVKNQLKETTEAACRYGAFGLPIT	RFLTANLIATPKVKNQLKETTEAACRXXXXXXXXX	1
CLEFSESCGLHAPGTWWKAPCYETVKVWLQENLLA	VPDSCCLEFCGAPGTWWKAPCYETVXXXXXXXXXX	0
NQDAEALYTAMKGFGSDKEAILDIITSRSNRQRQE	XXXXXALYTAMKGFGSDKEAILDIITSDLKYELTG	1
ARSMVSTIMKFLDSGPNKAVDSTLKTRILASEPDN	XXXMVSTIMKFLDSGPNKAVDSTLKTRILAFAPLG	0
ALLKSQHINTLGQFWTTKAFLPRMLELQNGHIVCL	AKDITILVNTLGQFWTTKAFLPRMLEGHIVFMLGL	0
LPVSVADGRISVAQGASKALLVADFGLQVSYDWNW	VIHKDEIGKVLVAQGASKALLVSYDWNWRVDASAP	0
LRLRQLEKSLLQALNEVKGRILDDDTIITTLENLK	QVKSLLLKSLLQALNEVKGRILDDDTIITTLEXXX	0
RLTVLPPELGNLDLTGQKQVFKAENNPWVTPIADQ	QLKELHIQLGNLDLTGQKQVFKAFGVSHVFEXXXX	0
TATEGICIERPENQYVYKIGIYGWRKRCLYLFVLL	XATEGICIERPENQYVYKIGIYGWRKRCLYLFVLL	0
KTHILLFLPKSVSDYDGKLSNFKTAAESFKGKILF	VIEILLFLPKSVSDYDGKLSNFKTAAFIFIDSCPA	1
QDELRSLFSSIGEVESAKLIRDKVAGHSLGYGFVN	PQMTQDELRSLFSVESAKLIRDKGHSLGYGFVNYV	0
YFLGLEKVLTLDHPDAVKLFTRQLLELHQGQGLDI	YFLGLEKVLTLDHPDAVKLFTRQLLELHGLFGLAV	0
RPPEEPSAPSPTLPAQFKQRAPMYNSGLSPATPTP	ALTTLAGPLTPTLPAQFKQRAPMYNXXXXXXXXXX	1
VRAWTIRKGTKAPQAAGKIHTDFEKGFIMAEVMKY	TRAWTIRKGTKAPQAAGKIHTDFEKGFAVIFFKFX	1
NKLLDPIREKFNTPALKKLASAAYPDPSKQKPMAK	VADLLDIREKFNTPALKKLASAAYPDPSKQXXXXX	1
FTGKAKWDAWNELKGTSKEDAMKAYINKVEELKKK	QATVGDINAWNELKGTSKEDAMKAYINKXXXXXXX	1
LYLDPGLREKLSLNLDHKSRIFQNLNGALDEVVLK	SAESVGTGKRFLNNLDHKSRIFQNLAEVRNVAYDT	0
EQEDLIKALHTQLEMQAKEHDERIKQLQVELCEMK	MQEDLIKALHTQLEMQAKEHDERIKQLQVELCEMX	0
SEVPNGKEVSSRSQNYPKNATKTKLKQKFSMKAQN	SEVPNGKEVSSRSQNYPKNATKTKLKQKFVEDSEY	1
NVTITAGQRIDLAVLLGKTPSTMENDSSNLDPSQA	NVTITAGQRIDLAVLLGKTPSTMENDSXXXXXXXX	0
SDVSLYRITWAPFGSSDKMETILNGDENTLVFENL	XEGFGYRITWAPFGSSDKMETILLVFENLNTIYEV	0
KQRDRTCTPTPVERAPYKGEVATLKSRVTKEDATA	NQRDRTCTPTPVERAPYKGEVATLKSRVTKEDATA	1
SPKRATKKEPAVLELEGKKWRVENQENVSNLVIED	XXXXXXXAMFYVLELEGKKWRVEVIEDTELKQVAY	1
QEKTPKTPKGPSSVEDIKAKMQASIEKGGSLPKVE	XXXXXXXXXKPSSVEDIKAKMQASIEKGSLPFIYV	1
KIHFVPGWDCHGLPIEIKVLSELGREAQNLSAMEI	XXXXYANGDCHGLPIEIKVLSELGREAQIRKKARS	0
EAPERSPPCSPSYDLTGKVMLLGDTGVGKTCFLIQ	XXXXXXXXXXXXXXLTGKVMLLDFRNKVVVKLQIW	0
VECGEGFVQGAALRRHKKIHAVGAPSVCSSCGQSY	VECGEGFVQGAALRRHKKIHAVGAPSVQSYYRAGG	1
LRPSASTQALSSSVSSSKLFSSSTAPHETSFGEEV	XXXXXXXXXXXXSVSSSKLFSSSTAHQFLQNEYVG	0
FTEVQKRSQKEINDMKAKVASLEESEGNKQDLKAL	FTEVQKRSQKEINDMKAKVASLEESEGNKQDLKAL	1
KGTKQLKLDPSIFESLQKERVEAGDVIYIEANSGA	TPIHVIILDPSIFESLQKERVEAGDVIYIESGAVK	0
SATCPVVHKDGIDLAGFKMMEMFGLVEKDFSSVEG	GIPLDGCPVVHKDLAGFKMMEMFGLVQYLHYTISF	0
SGNKAGQVWAPEGSTAFKCLLSARLCAALLSNISD	XXXXXXXXXAPEGSTAFKCLLSARLCAACLAFVSC	0
HQGEVQRLQAQVVDLQAKMRAALDDQDKVQSQLSM	EQCQQARLQAQVVDLQAKMRAALDDQDKVXXXXXX	0
LHRAVASCSEEAVQVLLKHSADVNARDKNWQTPLH	ARVNPLAVSEEAVQVLLKHSADVCEALVPLLXXXX	0
DQEGLVEHCKLFHSTDTKSVVCPICASMPWGDPNY	CPEKLVEHCKLFHSTDTKSVVCPICADPNYRSANF	0
SIMRAALSGANVLTLIEKDIRTPNGLAIDHRAEKL	TNWNEQHPSIMRLTLIEKDIRTPNFSDATLDKIER	0
FAGSFGGAGGHAPGVARKACQIFVRNLPFDFTWKM	XXXXXXXXXXXAPGVARKACQIFVFCGHVLYAVVK	1
EREEKEKLFNEHIEALTKKKREHFRQLLDETSAIT	SVRSSDVLFNEHIEALTKKKREHFRQLLRCIKFSS	0
WKLLCEHQFTIIVAELQKELQEQLKITTFKDLVIR	ERITAIESFTIIVAELQKELQEQLKITDKELTGAL	0
LLKTPAQYDASELKASMKGLGTDEDSLIEIICSRT	XXXXXXQYDASELKASMKGLGTDEDSLIEIIYKMY	1
MSFHAYIRKLTGGADKGKFVALENISCKIKSGCEG	GAPSHYIRKLTGGADKGKFVALECRLSPDGXXXXX	1
ELSPREVKEMEQFVKKYKSEALGVGDVKLPCEMDA	DTKYTLDQDMEQFVKKYKSEALGVERIYFWKYCGR	1
FLKSVPTFQSLPEEILSKLADVLEETHYENGEYII	XXXXHTYMLFLPEEILSKLADVLEISFKHLIFGKK	0
YPWGTVQVENEAHCDFVKLREMLIRVNMEDLREQT	LPFAVIGVENEAHCDFVKLREMLIRVNMXXXXXXX	0
RQLRQTMAKFLQEHLAPKAQEIDRSNEFKNLREFW	XXXXXXXAKFLQEHLAPKAQEIDRSNEFKNLREFI	1
RSLRIYESHVGISSHEGKVASYKHFTCNVLPRIKG	XXXXXXGDHVGISSHEGKVASYKHFYYAFSSRYGL	1
ERGEDMLITGGRHPYLGKYKAGFMNDGRILALDME	XXXXIEILEGEIHMYLGKYKALDMEHYSLMLRCRG	1
CDVRDPDMVQNTVSELIKVAGHPNIVINNAAGNFI	KVHAIQCMVQNTVSELIKVAGHPNIVEIKQLKAKX	0
KLYPAAVDTIVAIMAEGKQHALCVGVMKMSAEDIE	FVLGLPGAKLVAIMAEGKQHALCVYLNXXXXXXXX	0
QTKAISGLTIDGHAVGAKLTWEAVPGSEFSYAEVE	QTKAISGLTIDGHAVGAKLTWEAFSYAEVELGTAE	0
VTMAKVDGFLDSLINFNKENIHENCLKAIRPYLQD	AQLVVLMAPRGSLINFNKENIHECLWVINIVRFYE	0
SEVPGIFCAGADLKERAKMSSSEVGPFVSKIRAVI	SLSKNLIKAGADLKERAKMSSSEVGPFVSKIGGEK	1
KTRYMGKGVSKAVEHINKTIAPALVSKKLNVTEQE	REVEVDLLVSKAVEHINKTIAPALVSKLMMDKFGN	1
IDEAKKWERKFSDAIQSKEEEIRLKEDNCSVLKDQ	IDEAKKWERKFSDAIQSKEEEIRLKEDNCSVLKDQ	0
VRGRDIVVLGVEKKSVAKLQDERTVRKICALDDNV	XXXXXXKGSTVEKKSVAKLQDERTVRKIAGLTAVV	1
VQQCIEAAGHEHQPDMQKSLLRAASFGKCFLDRFP	EVQCIEAAGHEHQPDMQKSLLRAASFGFVHMCQDL	0
EKPKLEDEHLVFFCQMGKRGLQATQLARSLGYTGA	DVRSEIPVSLVFFCQMGKRGLQATQLAARNYAGAY	1
ATTVRSVTHANALTVMGKASTPGAAAQIQEVKEQR	XKKNSSPGKRRRKTVMGKASTPGAAAQIQEVKATF	1
LASKYLYHGQTLETLGGKKLRVFVYRNSLCIENSC	LRNHIIKDGQTLETLGGKKLRVIENLTPPMGTMAT	1
FNHLQVEMILNKPGLKYKPAVNQIECHPYLTQEKL	AIGIQVEMILNKPGLKYKPAVNCQSKGIVXXXXXX	1
PEGKLKGPKFKMPEMNIKAPKISMPDVDLHMKGPK	IKGEYPGPKFKMPEMNIKAPKISMPDVDLHMKGKA	1
VIGDGGFVFALEKRGYVKAGPWTPEAAVEHPEAVR	XXXXXGFVFALEKRGYVKAGPWTPEAAVEHAVFFY	1
YSRDDYRRDDRGPPQRPKLNLKPRSTPKEDDSSAS	GNRRIYRRDDRGPPQRPKLNLKPRSTPKEDDSGXX	1
IVHLKAGDAVNVVVTGGKLAHTDFDEMYSTFSGVF	ALHTAGYCGGPGVVTGGKLAHTYSXXXXXXXXXXX	0
DRENKAGVNFSEFTGVWKYITDWQNVFRTYDRDNS	LVIIMFDVNFSEFTGVWKYITDWQNVFIXXXXXXX	0
SAFTALSEERDQLLSQVKELSMVTELRAQVKQLEM	IAFTALSEERDQLLSQVKELSMVTELRAQVKQLEM	0
KRILQFPRPVKLEDLRSKAKIAFGQSMDLHYTNNE	HEKRILQFPVKLEDLRSKAKIAFGQSMDLHLLLKI	1
APDVFDWGSSGPLCVSPKYGCNFNNGGCHQDCFEG	ACGEGDKDETQPLCVSPKYGCNFNNGGCCFEGGDG	0
PEEAIRHDVIVSIVTAAKKDILLVNDHLLNFVRER	XXXXSHLMNIVSIVTAAKKDILLVNLLVEAMGLAQ	0
TPIEPKPRERPQIGGTIKQPPSNPPPRPPAEARKK	MEIEPKPRERPQIGGTIKQPPSNPPPRPPAARQVN	0
LEPSANMPWFKGWKVTRKDGNASGTTLLEALDCIL	SIKGYNPDTVAFWKVTRKDGNASGEALDCILPPTR	1
VQDYADNIKAQLFETSSKTGQSVDELFQKVAEDYV	DLTCGTKSDLLEEETSSKTGQSVDLXXXXXXXXXX	0
GRFAVRDMRQTVAVGVIKAVDKKAAGAGKVTKSAQ	VESFSDYPPLGRFVGVIKAVDKXXXXXXXXXXXXX	1
VPYLMEAIRLYERGDASKEDIDTAMKLGAGYPMGP	XXYLMEAIRLYERGDASKEDIDTAMKLMGPFELLD	1
LVEEAQTSKAPIQQFADKLSGYFVPFIVFVSIATL	NERKTANMKAPIQQFADKLSGYFVPFICPCSLGLA	0
RPTLAWLEDSSSCSDIPKLEGDSDDLLEDSDSEEH	SVTDVLKFDSSSCSDIPKLEGDSDDLEEKGKSXXX	0
QLLFKHFSQRAEVLQAFKQVQLLVSNQDVDNYKQI	ARLDRISMLRAEVLQAFKQVQLRLKNMGIEKLQDV	0
MPVLGSVSSVTKTALNKKTLEAEFNSPSPPTPEPG	TQVLKAEMRVTKTALNKKTLEAEFNSXXXXXXXXX	1
ETVRVRKVDVSSVPDHLKEQEDWTDSKLSMNQIVS	XXXAAWYVDVSSVPDHLKEQEDWTDSKLSMNQIVS	0
NFAFKDKYKQIFLGGVDKRTQFWLYFAGNLASGGA	XXXXKDKYKQIFLGGVDKRTQFWLYFAGNLASGRA	1
ELGRFGQKTGKGWYQYDKPLGRIHKPDPWLSKFLS	ELGRFGQKTGKGWYQYDKPLGRIHKPDPWLXXXXX	1
PPAKAPAPKPELIAAEKKYFSLKPEEKDEKSTLEQ	PPAKAPAPKPELIAAEKKYFSLKPEEKDEKAAPQV	1
SWGEDNWEGLETDSRQVKAELARKKREERRREMEA	WQEPDNWEGLETDSRQVKAELARKKREERRREMEA	1
KKRLQAFQGYQVTMKTAKVAASDWTFLHCLPRKPE	AHGGNVLIGYQVTMKTAKVAASDWTFVDEVFSPRS	1
PSLLEDPKIKEIAAKHKKTAAQVLIRFHIQRNVIV	XLLLEDPKIKEIAAKHKKTAAQVLIRFIARIVENI	1
PAPVEIPVTPPTLVSGLKNVTVIEGESVTLECHIS	XXXXXXXXXXXXLVSGLKNVTVSVTLECHIWYREI	0
LATCTRDGKPSARMLLLKGFGKDGFRFFTNFESRK	XXXAFVEANAMCLMLLLKGFGKDGFRFFTLVFKLE	1
GVSHYRLFPKALGQLISKYSLRELHLSFTQGFWRT	ELQREGVSPKALGQLISKYSLRELVWFQDTVTDVK	0
LDNLKGTFATLSELHCDKLHVDPENFRLLGNVLVC	FHKVAKTFATLSELHCDKLHVDPENFLVANALAHK	1
LPNIHPELLAKKRGSKGKLEAIITPPPAKKAKSPS	LPNIHPELLAKKRGSKGKLEAIITPPASADSTTEG	1
PTARKMFPGLAAPSLPKKLKPEQIRVEIKREMLPG	PTARKMFPGLAAPSLPKKLKPEQIRVEIKREMXXX	1
PAHSPRENGIDKNRLLKKDASSSPASTASSASSTS	SNSLPRENGIDKNRLLKKDASSSPASTASSASXXX	1
QYESIAAKNLQEAEEWYKSKYADLSDAANRNHEAL	QYESIAAKNLQEAEEWYKSKYADLSDAANRNHEAL	1
MILVGNKCDLEDERVVGKEQGQNLARQWNNCAFLE	NILVGNKCDLEDERVVGKEQGQNLARQCAFLESSI	1
MGCKAAGAARIIAVDINKDKFAKAKELGATECINP	XXAVFGLGGGLIAVDINKDKFAKAKELGATECINP	1
YTGVCVKQHKRLTQAIQKARDHGLLIYHIPQVEPR	FVGIIFKQHKRLTQAIQKARDHGLLIYHIXXXXXX	0
NTLLAMAERLQTNIEALKSGIQGKIPANQLAELWL	XXXXXXXXRLQTNIEALKSGIQGKIPANQLAELWL	0
ALGVRQYHVASVLCQRAKVAMSHFEPNEYIHYDLL	XXXXXXXXXXXVLCQRAKVAMSHFEPNEYIHYDLL	1
VRKLLVDAIHNQLTDMEKCILKYMKGTSIVVPEPL	KHVLSSLVIHNQLTDMEKCILKYMKIVVPEPTISY	0
GLLKWRMKPQLLQENLEKLKIVDGEEVVKFLQDTL	LLGLLKWKPQLLQENLEKLKIVDGEVTALYILVFD	0
AEHSNQLWNISAVPSWSKVNQGLIRMYKAECLEKF	PRHFFQLWNISAVPSWSKVNQGLIRMYXXXXXXXX	0
TSRIFLLTNNNLLLADQKSGQIKSEVPLVDVTKVS	VNKINSTSRIFLLLADQKSGQIKSEXXXXXXXXXX	0
GTNNSEHITYLEHNPYEKFSKEELKKAQDVLVQEM	ITMLHYDLHHLEHNPYEKFSKEELKKAQXXXXXXX	0
FSAPKPQTSPSPKRATKKEPAVLELEGKKWRVENQ	XXXXXXXXXPSPKRATKKEPAVLERVENQENVSLY	1
LQAKILQCYRENTHQTLKCSALATQYMHCVNHAKQ	LQAKILQCYRENTHQTLKCSALATQYMHCVNHAKQ	1
VSAFAPICNPVLCPWGKKAFSGYLGTDQSKWKAYD	FYVAEWMINPVLCPWGKKAFSGYLGTDQKWYDGQX	1
RSLRGAARLVGEPVLGAKMETAATLLRRDIVFAAS	MCRSLRGAARGEPVLGAKMETAATLLXXXXXXXXX	0
ESLPKIGDLHPQIVNLLKSVHNGAPAPVSGEKDVV	QFLVVPFFLHPQIVNLLKSVHNGXXXXXXXXXXXX	0
CLGKLTLIDPETLLPRLKGYLISGSSYARSSVVTA	XXXXLALGTPETLLPRLKGYLISGARSSVVTAVKT	1
SYTVAIAGYALAQMGRLKGPLLNKFLTTAKDKNRW	YMNVAIAGYALAQMGRLKGPLLNKFLTTALLALLQ	1
FRSVLAKKGTSKTPVPEKVPPPKPATPDFRSVLGG	LAENALGQVTSKTPVPEKVPPPKPAPAETLKPMGN	1
GQRLSVQSAISTQPEAVKQQLEETSEIRSDLEQLD	XXXXXLQSAISTQPEAVKQQLEETSEIRSAADRIN	0
GIVESVGEGVTTVKPGDKVIPLFTPQCGKCRVCKN	MVAAAGIVESVTVKPGDKVIPLVAKIDAASPLEKV	1
GEAKKAARDYETAKNYFKKGLKDMGYGNWISKPQE	VLRVFEGLVYETAKNYFKKGLKDMGYGNWISXXXX	1
NLRETNLDSLPLVDTHSKRTLLIKTVETRDGQVIN	DIEIATYRKLELVDTHSKRTLLIKSQHHDDLEXXX	1
QWDNTLHLASTYLSHQEKLLLEGEKYLQSKEDLRL	EERIQIKLASTYLSHQEKLLLEGEKYLQQGYLLEC	0
LKNSTNLIQTPQIRLNTKDLKQQHPLILKVHESKV	IRSSTNLIQTPQIRLNTKDLKQQHPLILKVMQEEA	1
EGLADEEKKLRRSQHARKETEFLRLKRTRLGLDDF	TRQKKLEKKLRRSQHARKETEFLRLKRTTFKRFEG	1
SRVKKLKETFAFIQQLDKNMSNLRTWLARIESELS	XXXXXXKETFAFIQQLDKNMSNLRTWLAHSAGVES	0
GTVVMKDGKVIFPAPTPKNIPQGAPVKQKTVAELE	TMGHVIRGTVIFPAPTPKNIPQGAPXXXXXXXXXX	1
KRCEFVMEVTNKTRADVKGGTLTQYEGKLRLVEIA	XXXXXXXXVTNKTRADVKGGTLTLVEIAQVPKHVD	1
VFKSSQEEVRSYSDPPLKFMSVQRPGPYDRPGTAR	EGKITQEEVRSYSDPPLKFMSVQRPGDRPLFRYGD	1
LSKKLADSDQASKVQQQKLKAVQAQGGESQQEAQR	LSKKLADSDQASKVQQQKLKAVQAQGGESQQEARL	1
LTEAQRRGLQVALEEFHKHPPVQWAFQETSVESAV	XXXXXXXGLQVALEEFHKHPPVQWAFQELQTCRKR	0
QGTRVDDAKALIADSGLKILACDDLDEAARMVVKL	LEIKIPVVVKLIADSGLKILACMVLSVVKFQLPIX	0
ELTGYCKSLSAEWLGVLKALCCSSNNGTCGFNDLL	XXXXEPSESSAEWLGVLKALCCSSNGTCGFNLVDL	0
TRRMNRVGNESLNRAVAKAAETIIDTKGVTALVSD	XXRMNRVGNESLNRAVAKAAETIIDTKGVTALVSD	1
IPIGTPVSGYALYQRHIKAMHESALLEEQRQRQEQ	RRRPSDVSGYALYQRHIKAMHESALLEEQRXXXXX	1
LTDGDPTEGVTDRSQILKNVRNAIRGRFPLYNLGF	GGLLRIEPGVTDRSQILKNVRNAIRGRPLFLEVMS	1
CLNRYKKMQDTVVLAQGKDGEYEELLNSSSISSLL	CLNRYKKMQDTVVLAQGKDGEYEELLNSDLEKSPS	0
SKVSLKGNRESDGFREEKNYKLKETGYVVERPSTT	XXXRRPYGYESDGFREEKNYKLKETGKEYSGFAGV	1
DETENQEEKAKENLNLSKKQKPLDFSTNQKLSAFA	KETENQEEKAKENLNLSKKQKPLDFSTNQKLXXXX	1
PIVGSLEPGIYAGYFDWKDCLPPTGVRNYLKEALV	XXXXXXXEGIYAGYFDWKDCLPPTRLMQCVSSFSK	0
EKVVAEVGDIPTVLVQNKIDLLDDSCIKNEEAEAL	RFTKVFSTTDRSFLVQNKIDLLDDSCIYRTSVKED	0
ECNVCREGSFHLDPANLKGCTSCFCFGVNNQCHSS	ECNVCREGSFHLDPANLKGCTSCVEGSRAXXXXXX	0
QTKLRLSNRPAFMPSEGKMVSDINNGWQHLEQAEK	EKCQLEINFNAFMPSEGKMVSDINNGWQXXXXXXX	0
AADHNYLQQLPPEIGSWKNITVLFLHSNKLETLPE	EIGQLTNLRTFPEIGSWKNITVLEMGDMQKLKVKL	0
MAAVRDEIDRLLQSTGQKKGSGFPIHLTREQLDSL	FELLRDEIDRLLQSTGQKKGSGFPIHLTQLQLVIL	0
KLCNHPALVLTPQHPEFKTTAEKLAVQNSSLHDIQ	YDFSLPALVLTPQHPEFKTTAEKLAVQNSSLHDHE	0
TAEAGGVTGKGQDGIGSKAEKTLGDFAAEYAKSNR	KTEAGGVTGKGQDGIGSKAEKTLGEYSASQLKGFS	1
DLRTHYSELTTLTSQYIKFISETLRRMEEEERLAE	QEQALLEILTTLTSQYIKFISETLRRMRLEQQHDX	0
GQDEMIDVIGVTKGKGYKGVTSRWHTKKLPRKTHR	XHGSFLPRKRSTKGKGYKGVTSRWHTKKLGLRKVA	1
LELNSMQEQLIQAQNTLKQNEKEEQQLQGNINELK	LELNSMQEQLIQAQNTLKQNEKEEQQLQGNINELK	0
LKELSTTTIHGSKKAPAKSVKERIADSQEHISTSI	SYLLKELSTTTSKKAPAKSVKERIADSQEHISXXX	1
EKIKARGLPDNISSVLNKLVVVKLNGGLGTSMGCK	XXXXXXXXXPNISSVLNKLVVVNYNTDVPLLTFIG	1
HLVHHCPTWQWATGEELKVKAYLPTGKQFLVTKNV	XXGKLEVEYPWATGEELKVKAYLPTGKQFLVYITY	0
SEDLSDDVFKFLQTKSLKVSNIPVTAIRISYTGEL	LRVLQKLTSEDLFTKSLKVSNIPVTAIRWELYHRD	1
HMVDGNVSGEFTDLVPEKHIVMKWRFKSWPEGHFA	EELYRVFTARFTDLVPEKHIVMITLTFIDKNETEL	0
WHAAGLTTYFHPGINLKKIHYDSIKLYEKLEEETG	XXXXXXTTYFHPGINLKKIHYDSIKLRTGWHATEI	1
AAATAVTQALNELLQHVKAHATGAGPAGRYDQATD	EQLVEAGRALNELLQHVKAHATGAGPAXXXXXXXX	1
ECQAESFPNWTLAQVGQKVHCDVHFGLVCRNWEQE	GGDVECQAFWTLAQVGQKVHCDGLVCRNWEQEGVF	0
FAFNAEFKDKDFAIDIIKSTHDHWKALVTKKTNGK	PIDVGIWKVKDFAIDIIKSTHDHWKALXXXXXXXX	1
IFPVSTPSSEDPVAGDIKGCDCNLEGVLPEICDAH	XXXXXXXXXXDPVAGDIKGCDCNLEGVLPEICDAH	0
TTLNQKINKGPVDVITCKALYTLNEDWLLWQVPEF	XXXXXXNINGPVDVITCKALYTLNEDWLLWQVPDC	0
SQNCDIYPGKDFVQPPTKICVGCPRDIPTNSPELE	TFYSFTATVGATVQPPTKICVGCPRDIRVQVXXXX	1
VIGARRASWRIISSIEQKEENKGGEDKLKMIREYR	XXXXRRASWRIISSIEQKEENKGGEDKLKMIREYR	1
CVLRDFQEYLAAVESSMKALLTDKESLKVGPLDSV	XXXXXXXXYLAAVESSMKALLTDKESLFSIKEKSL	0
AEGKLHNMIVDLDNVVKKVQAAQSEAKVVSQYHEL	AVDAAALMIVDLDNVVKKVQAAQSEAKXXXXXXXX	1
GRALIPLALEGTDVGQTKAAQALAKLTITSNPEMT	ALVELILALEGTDVGQTKAAQALAKPLSLCSQAXX	0
NMSNTWKFLSHSTDSLNKISKVNESTESLTDEGVG	PRSAVLKFLSHSTDSLNKISKVNESTESLTDEXXX	0
AKGRQNISPDKIPWSALKTLMAQSIYGGRVDNEFD	LFHSACDTVWLIPWSALKTLMAQSIYGGQRLLNTF	0
YYSLIKMVFAAAKASNRKPSPQDIAQAVLRNFSGK	FSFLIKMVFAAAKASNRKPSPQDIAQALPEAKCXX	0
LDDFQKKWQEEMELYRQKVEPLRAELQEGARQKLH	LDDFQKKWQEEMELYRQKVEPLRAELQEGARQKLH	1
ILNNWLEAQEERLKTLQKPESVISVQKLLLDCQDI	XXXXXXXXXEERLKTLQKPESVISVQKLLLDCQVQ	0
GHSKNIRTVVTGIEMFHKSLERAEAGDNLGALVRG	EYSHYAVTKKTGIEMFHKSLERAEDNLGALXXXXX	1
LEMVQMAVEAKFVQDTLKGDGVTEIRMRFIRRIED	DNHSSLIYSNKFVQDTLKGDGVTEIRXXXXXXXXX	0
TRTLFPVVLEQLDDYNAKLSDLQEALDQALNYVRD	SCDCIAEMLEQLDDYNAKLSDLQEALDXXXXXXXX	0
RFDLGLEDVLIPHVDAGKGAKNPGVFLIHGPDEHR	RFDLGLEDVLIPHVDAGKGAKNPGVFLIHGPDEHH	0
WVVDVKNGKGSVLPNSDKKADCTITMADSDFLALM	WVVDVKNGKGSVLPNSDKKADCTITTGNLXXXXXX	1
INYRDGMGRVLAQDVYAKDNLPPFPASVKDGYAVR	XXXXXXXXXNYLQDVYAKDNLPPFPPIGHDIKRGE	0
DLLSLSAACDALDQHNLKQNDQPMDILQIINCLTT	XXLSLSAACDALDQHNLKQNDQPMDILQIINCLTT	0
EDKENYKKFYEQFSKNIKLGIHEDSQNRKKLSELL	XXXXPEYLNYEQFSKNIKLGIHEDSNRKKLSELLR	1
PVKAGVETTTPSKQSNNKYAASSYLSLTPEQWKSH	FYPGAVTVTTPSKQSNNKYAASSVTHEGSVXXXXX	1
YNHIKSYEKEKASLPGVKKALGKYGPADVEDTTGS	FEAVSIYEKEKASLPGVKKALGKYGTXXXXXXXXX	1
VQMDRVDQSAVGFEYQGKTEKHASQKDYSSGFGGK	VQMDRVDQSAVGFEYQGKTEKHASQKDYSSGFGRK	1
KSPKAKINEAVECLLSLKAQYKEKTGKEYIPGQPP	AQGEVVRNEAVECLLSLKAQYKEKTGKEYIPGQPP	0
GPTPSGTNVGSSGRSPSKAVAARAAGSTVRQRKNA	XXTPSGTNVGSSGRSPSKAVAARAAGSTVRQRKNG	1
EGRDSSKGEDSAEETEAKPAVVAPAPVVEAVSTPS	SGKDSSKGEDSAEETEAKPAVVAPAPVVXXXXXXX	0
KDFISRFEGLEKISAYMKSSRFLPRPVFSKMAVWG	DDIISRFEGLEKISAYMKSSRFLPRPVXXXXXXXX	1
QIDLLQAEISENQAIIQKLITSNTDASDGDSVALV	QIDLLQAEISENQAIIQKLITSNTDASDGDSVALV	0
LRLCPTHADSLNNLANIKREQGNIEEAVRLYRKAL	AEAEDCYNDSLNNLANIKREQGNIEEAVRLYRKAA	0
MASPEVPIEAGQYRSKRKPPHGGERKEKEHQVVSY	XXXXXXPIEAGQYRSKRKPPHGGERKEKERIVNDK	1
KDKDAYSSFGSRSDSRGKSSFFSDRGSGSRGRFDD	KDKDAYSSFGSRSDSRGKSSFFSDRGSGSRGRFNX	1
GNSEYRDTTRRCRDLKAKGILFVGSGVSGGEEGAR	TGDIIIDTTRRCRDLKAKGILFVGNKEAEXXXXXX	1
DLFKTKTTLSLPAPAIRKEILSPVDIIDRNNHHNM	SPALTKTTLSLPAPAIRKEILSPVDIIDRNNHHNM	0
FSGQKGPVGLAIDFPESKLYWISSGNHTINRCNLD	VHRKLYMLGLAIDFPESKLYWINRCNLDGSGLEVI	0
YAKGFGGQYGIQKDRVDKSAVGFNEMEAPTTAYKK	YAKGFGGQYGIQKDRVDKSAVGFNEMEAPTTAYKK	1
QDIKLLENVTQEQNELLKVVIKQTNEWDEEIENLK	LKHGEVLNVTQEQNELLKVVIKQTNEWDKLLVDLK	0
VLDFEHFLPMLQTVAKNKDQGTYEDYVEGLRVFDK	NAEVLKVLPMLQTVAKNKDQGTYEDYVRILSGXXX	1
VVKVFAIQDPTLPLTSYKQELEELKIRLNSAQNCL	XXXVKVFAIPTLPLTSYKQELEELKIRPFQKASEK	0
EVQKQVLDLLKYLVIDNKDNENLYITIKLLDPFPD	TKDLELVDLLKYLVIDNKDNENLYITIKLLDLRIT	0
GYLAGDKLLPQRVLEQHKLNKDQWEERIQVWHEEH	PPETAVALLPQRVLEQHKLNKDQWEERIALTSELA	1
DAFGNSEGKELVASGENKIKQGLLPSLEDLLFYTI	GVSANSEGKELVASGENKIKQGLLPSLEDLLFYGE	1
RDYLHYIRKYNRFEKRHKNMSVHLSPCFRDVQIGD	VTKIVIRRDYLHYEKRHKNMSVGIVTVGETVRFKQ	1
PEDKYTAQVDAEEKEDVKSCAEWVSLSKARIVEYE	KIAKYTAQVDAEEKEDVKSCAEWVSLSKARIVEYX	1
RRNTILRQARNHKLRVDKAAAAAAALQAKSDEKAA	RRNTILRQARNHKLRVDKAAAAAAALQAKSDEKAA	1
STQDLGNDLAGVMALQRKLTGMERDLVAIEAKLSD	STQDLGNDLAGVMALQRKLTGMERDLVMKTLKNRE	1
VLKQGKTLAFTSVDLTNKATGKLIAQGRHTKHLGN	PAKLGEDIVITAVDLTNKATGKLIAQXXXXXXXXX	1
YWNLVLNGRFKFLDLWNKFLLEHHKRSIPKDTWNL	AIAYWNLLNFKFLDLWNKFLLEHHKRSILLIDDFV	0
LDRMQFGVPLARNQLIQKKLADMLTEITLGLHACL	HTARQYALPLARNQLIQKKLADMLTEITKDIARQA	1
NKTGQLVSRLTTDVQEFKSSFKLVISQGLRSCTQV	ERMAVDMRRLTTDVQEFKSSFKLVISQVVRGLSAG	1
AISWSPDSTHLLSASGDKTSKIWDVSVNSVVSTFP	XRGGAHDGGIYASASGDKTSKTFPMGSTVLDQQLG	0
LERLAGPPGPELPVAGEKNEALVPVNSSLQEAWGK	LERLAGPPGPELPVAGEKNEALVPVNSXXXXXXXX	0
ENPIFLPSDAKYDWLLAKIWVRSSDFHVHQTITHL	PIAIQLIFLPKYDWLLAKIWVRSSDPNAPPPIXXX	0
RGLTSPCKDINTFIHGNKRSIKAICENKNGNPHRE	THFLTQHYDAKPFIHGNKRSIKAICEKNGSSSFQV	0
DRIMEHIKAAMEMVPVLKKADIINVVNGPITYSPD	GLIMEHIKAAMEMVPVLKKADIINXXXXXXXXXXX	1
EFDSDTLREFVTAFKKGKLKPVIKSQPVPKNNKGP	AMEPDTLREFVTAFKKGKLKPVIPSDXXXXXXXXX	1
DALSNFHFIPKPPVPEIKVVSNLPAITMEEVAPVS	YKTAEEVQDPKPPVPEIKVVSNLPAITMEEAALLA	0
EEIKKRKKAVLFCLSDDKRQIIVEEAKQILVGDIG	MASGVTVNDVLFCLSDDKRQIIVEDCRYAAPLKSK	1
HQVKHLAESESLLTSPPKACTNGSGSMGSTTSVSS	XXXSQHLESESLLTSPPKACTNGSQHGVKQMEQPT	0
PQGRVVNVSSIMSVRALKSCSPELQQKFRSETITE	XXXXXXXXXSIMSVRALKSCSPELQQKFRSFHQKE	1
DNHRIPRENMLMKYAQVKPDGTYVKPLSNKLTYGT	CYHFIPRENMLMKYAQVKPDGTYVKPXXXXXXXXX	1
IDEAKKWERKFSDAIQSKEEEIRLKEDNCSVLKDQ	IDEAKKWERKFSDAIQSKEEEIRLKEDNCSVLKDQ	0
HGPVGLLHVDAHTDTTDKALGEKLYHGAPFRRCVD	GTSNLQDHTIYHTDTTDKALGEKLYHGAPFRRCVD	1
DAIFKDLSIRSVRLVRDKDTDKFKGFCYVEFDEVD	PFNTVQGDIDSVRLVRDKDTDKFKGFCYVELRVDA	1
VAEDNERYRLVSDTITQKVEEIDAAILRSQQFDQA	PKELKKEARLVSDTITQKVEEIDAAXXXXXXXXXX	0
RQGIVPPGLTENELWRAKYIYDSAFHPDTGEKMIL	RKIVHDYRLTENELWRAKYIYDSAFHPGXXXXXXX	1
ALEARLGGSPFGPAGTGKTESVKALGHQLGRFVLV	DRCYTMGGSPFGPAGTGKTESVKALGHVLVFNGCF	0
SLKGSRLHPEELGGPPLKKLKQEVGEQSHPEIQQP	SLKGSRLHPEELGGPPLKKLKQEVGEQPADLPLAL	1
QGKEAAQRVLSQIDVAQKKLQDVSMKFRLFQKPAN	ISLEEMKRVLSQIDVAQKKLQDVSMKFRXXXXXXX	0
LTDEDEADQGGWLAAFWKDFRRRFLALLSYQFSTF	QFVPVYLMLGGWLAAFWKDFRRRFLAIIQNRNMGK	0
RLSLGLSRAQPVQSKPQKASAPAADPPRYTFAPSV	ISRAVGDRAQPVQSKPQKASAPAADPPRYPDEHLK	1
KCSGQRGDRGPIGSIGPKGIPGEDGYRGYPGDEGG	XXXXXLGDRGPIGSIGPKGIPGEDGYRGPGEKGEV	0
KRKGGRNFQTAHRRNMLKGQHEKEAADRKRKQEEQ	KRKGGRNFQTAHRRNMLKGQHEKEAADRKRKQEEQ	1
LDLCPSDTNKILTGGADKNVVVFDKSSEQILATLK	LHSASIPGILALTGGADKNVVVTLKGHTKKVTSVF	1
FSSHDEINNYLQQIDQLKERIAGLEEEKQKNKEFS	AVSHDEINNYLQQIDQLKERIAGLEEEKQKNKEXX	0
LASLIRSVVALHNLINNKIANRDAEKKEGQEKEES	LASLIRSVVALHNLINNKIANRDAEKKEGQEKEES	1
PNPEGDNPESITSVFITKVLDPEKQADMLDSLRIY	DFNKGDNPESITSVFITKVLDPEKQMRLLYAISKL	0
FLKKSGKLKVPEWVDTVKLAKHKELAPYDENWFYT	XXXXXXXXXVPEWVDTVKLAKHKELAPYDENWFYT	1
TEYSFLKEVRNCLTNTAKCKILIFQTDFEDGIRSA	TGRAPKPTVRNCLTNTAKCKILIIRENEDRIFVXX	0
EALGVGEVALPGQGGLPKEEGKQQEKPEGAETTAA	QKLGVGEVALPGQGGLPKEEGKQQPVVYSDGYXXX	0
LGADSLTSLRRLAEALPKQSVDGKAPLATGEDDDD	ILADSLTSLRRLAEALPKQSVDGKAPDDEVPXXXX	1
GIILKAAKRFQINIYVKKLDDFVETGDIRTMVFPV	IVLTVIESQKLFPIYVKKLDDFVETGDIRTMVFXX	1
FPSDKGHCVDLPDTGLCKESIPRWYYNPFSEHCAR	ENTDPNQVREEPDTGLCKESIPRRFTYGGCYGNNX	0
GAPIQGKKADSVANQGTKVEGITNQGKKAEGSPSE	XXXXXQQGKKAEANQGTKVEGITKAAFEKQVLQLQ	1
LYTGSTGVGKIIMTAAAKHLTPVTLELGGKSPCYV	RFDHILYVGKIIMTAAAKHLTPVTLXXXXXXXXXX	1
VTVYRRHGRAYVPIAQVKDVYVVTDQIPVFVTMFQ	TLGYFPQLMEVTVIAQVKDVYVXXXXXXXXXXXXX	0
LRVNQNLVYESGSLNFSKLEIQSQVDSQHVGHSVL	TSFGLNLVYESGSLNFSKLEIQTAKGMALFGEGKA	0
LRIINEPTAAAIAYGLDKKVGAERNVLIFDLGGGT	XXXXXXXXKAAIAYGLDKKVGAERNVLTIEDGIFH	1
QEIEQRLLQQGTAPAQAKAEPTAAPHPVLKQVIKP	RQAAQRLLQQGTAPAQAKAEPTAAPHPVLKXXXXX	1
PGNFFHVLRRQILLPFRKPLIIFTPKSLLRHPEAR	QLYDCNWVVRQILLPFRKPLISPXXXXXXXXXXXX	1
AKRVKTEDEKEKDPEEKKEVTEEEKTKEEKPEAKG	AKRVKTEDEKEKDPEEKKEVTEEEKTKEEKPEAXX	1
TPKASKALEVSEDVKVSKASGVSKATEVSKTPEAR	TPKASKALEVSEDVKVSKASGVSKATEVSAGLGGA	1
RSGKLADKKVIDCLYTCKEGLDLQVLEDSGRGVQI	GKGCDRDTYLSDCLYTCKEGLDPSQLYLNSRQFPT	0
RSLAEGNLLYQPQLDTLKARLTQKYQELQVLFEAY	XXLAEGNLLYQPQLDTLKARLTQKYQELQVLFIVP	0
AECTARLPEASQSPLVLKQAVRKPLEAVLRYLETH	WHAACRLPEASQSPLVLKQAVRKPLAVYXXXXXXX	0
QQQYLQINQEITELHPLKAQLQEYQDKTKAFQIMQ	QQQYLQINQEITELHPLKAQLQEYQDKTKAFQIMQ	0
INYEDIEALIGPPPHGPKKMIAPQRWIDAQREKQD	QERMNYEIEIGPPPHGPKKMIAPXXXXXXXXXXXX	0
PAMQAVIRTDMDQIITSKEHLASKIRAFILPKAEV	XXXXVFNRIDMDQIITSKEHLASKIRFQELIFEDF	1
QQLKIDIEKGKLSDNILKLEKQINKEKKLIRRGRT	XXXXXXXXKGKLSDNILKLEKQINKEKKEHEACFS	0
GASVDSHFCHLAWVNTPKKQGGLGPMNIPLVSDPK	IAFSDRAGCHLAWVNTPKKQGGLGPMNIPLXXXXX	1
EEERIPATPVVIPMKKRKIFHGVGTRGPGAPGLAH	XXXXHLETPVVIPMKKRKIFHGVGTRGPGAPGLAH	1
RAKTNADTDGMVKILGQKSTDRVLGAHILGPGAGE	QLKEGIEYKVGKKILGQKSTDRVLGAGASCEDANL	1
VLPSFWIPSLTPEAKATKLEKPSRTVTCPMSGKPL	REEQKELQFLTPEAKATKLEKPSRTVXXXXXXXXX	1
MLAEKLPNLTHLNLSGNKLKDISTLEPLKKLECLK	ELSENRIFGGLLNLSGNKLKDISTLLDLFNCEVTN	1
KNESVRNQVEDLLATLEKSGAGVPAVILRRPNQSQ	XXXXXXLMVEDLLATLEKSGAGVPAVILRRDVTVL	0
TVAHKMKEHIPFFEDMCKGIKAGDTCEKLVGYSAV	XXAHKMKEHIPFFEDMCKGIKAGDTCEKLVGYSAP	0
IGEDLDKSDVSSLIFLMKDYMGRGKISKEKSFLDL	XXXXXXXSDVSSLIFLMKDYMGRGKISKEKSFDLV	1
IFKVLNEKKLQEVDSLWKEFETPEKANKIVKLKHF	XXXVLNEKKLQEVDSLWKEFETPEKANKIVKPVVN	0
VAAVTAGPGLTNTVTAVKNAQMAQSPILLLGGAAS	XXXXVVFADLTNTVTAVKNAQMAQSPILLLFRPLC	0
PGEASRVSVADHSLHLSKAKISKPAPYWEGTAVID	XXXXXXXXXXXXXLHLSKAKISKPAPYWELFFFHQ	1
ATTLTKIALRYVALVQEKKKQNSFVAEAMLLMATI	IQMLTKIALRYVALVQEKKKQNSFVAEAMLLKVLS	1
AEKFRQKASIHEAWTDGKEAMLKHRDYETATLSDI	XXXXXXXXXIHEAWTDGKEAMLKHRDLKHEAFESD	1
IMKELNKRGRVLVNDAQKVTEGQQERLERQHWTMT	XXXXXNKRGRVLVNDAQKVTEGQQERLERQHGEMK	1
GYSMNFNMSSSRGPLPVKRGPPPRSGGPSPKRSAP	HPSMNFNMSSSRGPLPVKRGPPPRSGGPSSVERGY	1
GECYKVSCLEIPGPSGPKGYRGQKGAKGNMGEPGE	XXKEEGSCLEIPGPSGPKGYRGQKGAKPGCKGDPG	0
DKGAQRLSLQPSSGEAAKPLGKHEEGRFSGLLGRG	XXXXQRLSLQPSSGEAAKPLGKHEEGRFSGLLGRG	0
GTGKTTFVKRHLTGEFEKKYVATLGVEVHPLVFHT	GTGKTTFVKRHLTGEFEKKYVATDGFDVTNKVDIK	1
KLLEDDFWADVSTLHVQKIISAISELLERLKSYGE	AIRAILCAINVSTLHVQKIISAISELLYSVGADXX	0
KVEVNDRQGFVPAAYVKKLDPAQSASRENLLEEQG	TNKDWWKVEFVPAAYVKKLDPAQSAXXXXXXXXXX	0
MALREEYFDPSIVGWTVKYYELEEKIVSLIKNLLV	MALREEYFDPSIVGWTVKYXXXXXXXXXXXXXXXX	0
GEPLGRVSFELFADKVPKTAENFRALSTGEKGFGY	XXXXXXXMNPLFADKVPKTAENFRALSKSIYGEKF	1
ITTSTTKITMLGIQGDLKWSTDPDKGLFISLPQLP	LPTTSTTKITMLIQGDLKWSTDGLFISLPQLTIKL	0
LEEEAEEEQRILQQSVVKTYEDMTLEELEDHEDEF	XXXXAEEEQRILQQSVVKTYEDMTLEELEDHEDEF	0
QDEGAEPLKQRVEASISKASSFLGEKASAGLLGAH	VTAFVTILHQRVEASISKASSFLGEKTALTKAPLX	1
AANRAASASESALQTVIKEDLPRKAKTLSSNSDKL	EANRAASASESALQTVIKEDLPRKAKTLSSNSSGV	0
DLRLVGAHSPCYGRLEVKYQGEWGTVCHDRWSTRN	XXXDKADLDLRLVRLEVKYQGEWGTVCVQLASGPI	0
EVEPSDTIENVKAKIQDKEGIPPDQQRLIFAGKQL	ITLEVDTIENVKAKIQDKEGIPPDQQRLTLHLVLX	1
RYESLTDPSKLDSGKELKIDIIPNPQERTLTLVDT	XISNASDALDIRLGKELKIDILVDTGIGRGTKIGY	1
AAVRQDLAQLMNSSGSHKDLAGKYRQILEKAIQLS	XXXXXDLAQLMNSSGSHKDLAGKYRQILEKFAMVN	1
ESYDKIRAAGGHLCQQPKDIECQAESFPNWTLAQV	WTEWFESYDIGHLCQQPKDIECHCDVHFGLIRVLC	0
TYIKLDKLGEGTYATVYKGKSKLTDNLVALKEIRL	XXLTYIKLDKLGEATVYKGKSKDNLVALKELHTLV	0
EVEERSRERPSQPEGLRKAASLTEDRDRGRDAVKR	SVEETVEIHPSQPEGLRKAASLTEDRXXXXXXXXX	1
YDPVYRLDPHGGGLLSSKAKRAKCSTHKQRVIVML	KDPQYDPVYRDGGLLSSKAKRAKCSTQXXXXXXXX	1
SNEECPGECLVTGQSHFKSFDNRYFTFSGICQYLL	XXXXXXGECLVTGQSHFKSFDNRYFTFLARLLVKG	0
IETLMKADIKIWILTGDKQETAINIGHSCKLLKKN	XXXDKTTSAKRDILTGDKQETAINIGVNIIDGKIC	0
KSPAKSPNPSTPRGKKRKALPASETPKAAESETPG	SEDEKSPNPSTPRGKKRKALPASETPKAAEXXXXX	1
DLRSWTAVDTAAQISEQKSNDASEAEHQRAYLEDT	NLRSWTAVDTAAQISEQKSNDASEAEHQXXXXXXX	0
KHIIGLVPASISEPPPFKCLLINKVDGSCKTFNDS	TSEIGLVPASISEPPPFKCLLICKTFNDSEQEDLQ	0
DGGRAEKVLEACSIACNKNTCPGDRSALRPSGLRL	LRTDGGRAEKVLEIACNKNTCDSALRPSGLRLGIX	1
KKEAKKREKLEKFQQKQKIQQQQPPPGEKKPKPEK	XXEAKKREKLEKFQQKQKIQQQQPPPGEAHLQEKA	1
VHKNTTYDLIANIVHDGKPSEGSYRIHVLHHGTGK	TKNFFVEKNPTIIVHDGKPSEGSYRSEAYXXXXXX	0
WSGNMERIMKAQAYQTGKDISTNYYASQKKTFEIN	WSGNMERIMKAQAYQTGKDISTNYYASQKKYLLPD	1
GSTTTGKILLHHAANSVKRVSMELGGLAPFIVFDS	SKISFGKILLHHAANSVKRVSMLGEYLEXXXXXXX	1
LFTAIGYSESTHNLTLPKQYVAHIMTLKLVSTSVT	XXXXXXXXXSTHNLTLPKQYVAHIMQVSQRPGAQA	0
WADLFQAAGAKYVVLTTKHHEGFTNWPSPVSWNWN	XXXXXXIHWGVFEVLTTKHHEGFTNWPSSWNSLVL	0
QGVNNAEKFDYVMQFLNKMAGNEYVGFSNATFQSE	XXXXPLKAIDYVMQFLNKMAGNEYVGVSASVMAAT	0
ITDEKSFENIQNWMKSIKENASAGVERLLLGNKCD	RGAMGIILNIQNWMKSIKENASAGVERLLAEHGIX	1
VHLMKFSPDGEFFATAGKDDCLLKVWYNVENWRTA	GSSYLTASQVHLMATAGKDDCLLKAHPRAVNGFTC	0
MHHEDQQVRYNALLAVQKLMVHNWEYLGKQLQSEQ	VIEGKQVMMYNALLAVQKLMVHNWEYLGKXXXXXX	0
KEQHGLQLQSEINQLHSKLLETERQLGEAHGRLKE	XXQHGLQLQSEINQLHSKLLETERQLGEAHGRLLI	0
NFEKLGKCIIINNKNFDKVTGMGVRNGTDKDAEAL	XXXXVDAKPDRNNKNFDKVTGMGVRNTNDCSCAKL	1
DLDLFRRAQARASEDLEKLRLQGQITEGSNMIKTI	SISGCARAQARASEDLEKLRLQGQITEGSNRLGXX	1
DMSLNRRLYAWLLGSDIKGNTVVPESEISNSYEDQ	DMSLNRRLYAWLLGSDIKGNTVVPSYEQSFKXXXX	0
IKAKGVEILDEGHILQLKNIHVSDTGRYVCVAVNV	WKLIKAKGVEILDILQLKNIHVSDTGYYLSVHAXX	0
ISAGEEKWNSVSPASAGKRKTEPSAWSQDTGDANT	ISAGEEKWNSVSPASAGKRKTEPSAWSQDTGQIKK	1
ERSPNQGKKGEGAPIQGKKADSVANQGTKVEGITN	XXKKNQGKKTEGAPIQGKKADSVAELESSDQVREH	1
RSMSLYLSNKDTEFILFKPVRNNIQQVFQKFHALL	TFLTLMSLNKDTEFILFKPVRNNIQQVLSLLLLVS	0
LLTDECRTLQSCKTGKAKITGGYRLPAKYVIHTVG	SSLLECRTLQSCKTGKAKITGYVIHTVCYLSSLDL	1
QIRVSQGKEPVHLLSLFKDKPLIIYKNGTSKKGGQ	NSYGEIYYEPVHLLSLFKDKPLIASITRIEKGYXX	0
ERTVVMDKSKGVPVISVKTSGSKERASKSQDRKSA	ERTVVMDKSKGVPVISVKTSGSKERASKRVRREMX	1
DLIMKMKIQLSEALCGFKKTIKTLDNRILVITSKA	XXXMKMKIQLSEALCGFKKTIKTRILVITSKAGEV	0
SEQVKNVKLNEDKPKETKSEETLDEGPPKYTKSVL	XXXSAEHKLNEDKPKETKSEETLDEGPKKGDVFKV	1
TKPQDGDVIAPLITPQKKEWNDSTSVQNPTRLREA	TKPQDGDVIAPLITPQKKEWNDSTSVQXXXXXXXX	1
VPLDLVKCRMQVDPQKYKGIFNGFSVTLKEDGVRG	XPLDLVKCRMQVDPQKYKGIFNGFSVTLKEDLQTS	1
RIFATSTEPVLQQELQLKLARKCLHACGISLFDLE	XIAASRDDGFVVRELQLKLARKCGDEALINSLIIL	0
RSAARPNRRAAATTGQGKSSECFECGKIFRTYHQM	XXXXXXXXXXAATTGQGKSSECFECGKIFRTYHQM	1
AGATSIARRANRILLVAKREVENSEDPKFREAVKA	XXETGDETLANRILLVAKREVENSEDPFREAVKAA	1
PETLHIDEDDRPELVWWKCKKWALHIVARLFERYG	KYFIIRTVTDRPELVWWKCKKWALHIVAPRVLQQX	0
KLSSRVFLDHNALPDTLKVTYDSFCSNGVTHRNQP	LRPGQAAADHNALPDTLKVTYNQPRVKVTATECIQ	0
KQEKKEVHKCGFLPGNEKVLSLLALVKPEVWTLKE	LNVADLTSLRAPLPGNEKVLSLLALVYFRVHERDE	0
VDDLNLHSYSNLPIWVNKLDMEIERILGVRLQAGL	EVRLVQAVLSNLPIWVNKLDMEIERILRIQSQEYN	0
KNEDADKLIQVVGVETDKVSREKAMADEEEQKVAV	XXXXXXKLIQVVGVETDKVSREKAMADEEEKLAAI	0
AKKHNKKGLKKMQANNAKAMSARAEAIKALVKPKE	AKKHNKKGLKKMQANNAKAMSARAEAIKALVKPKE	1
YYSLIKMVFAAAKASNRKPSPQDIAQAVLRNFSGK	ASFLIKMVFAAAKASNRKPSPQDIAQAVLXXXXXX	0
TINARAEEDVEPECIMEKVAKASGANYSFHKESGR	AHVTINAEDVEPECIMEKVAKASGANXXXXXXXXX	1
HAVDLIQKGYMRIQQFRKADGSYAAWLSRGSSTWL	XXXXXXCGEYMRIQQFRKADGSYAAWLSRGSSTLT	1
GAKEKNLKVKGPVRMPTKTLRITTRKTPCGEGSKT	TSRNVKSLEVCPVRMPTKTLRITTDRFQMRIHKRL	1
KHQLEIFDALGSQACSNKNLEKLRAQQEVLQALEP	XXAQLIFDALGSQACSNKNLEKLRAQQEVGCVMME	0
LHFPHEQKIKLYQDQLQKWIRGNVSACANSVFIFD	XXFHLFHFIKLYQDQLQKWIRGNVSACASVFIIDA	0
EARRWYEEALAISPTHVKSMQRLALILHQLGRYSL	LYMRGQRWYEALSPTHVKSMQRLALIILDAVVNST	0
PPADIVKVAIEWPGAYPKLMEIDQKKPLSAIIKEV	XXXXIVKVAIEWPGAYPKLMEIDIIKEVCDGWSLA	0
GSIASPDVKLNLGGDFIKESTATTFLRQRGYGWLL	GSIASPDVKLNLGGDFIKESTATTFLRQRGYGWLL	0
VLAQRRDPSIHYSPQFHKVTVAGISIYCYAWLVPL	VLAVTGNLTLVYSPQFHKVTVAGISIYVLGCKLYF	0
GRFFGNTWAEMYRNRYWKEHHFEGIALVEKALQAA	YKYEDKNFAEMYRNRYWKEHHFEGIAAWHLVTHEC	1
QGPSGLSIQGMPGMPGEKGEKGDTGLPGPQGIPGG	XXXXXXRIQGMPGMPGEKGEKGDTGLPARTAILNQ	0
LEPSANMPWFKGWKVTRKDGNASGTTLLEALDCIL	SIKGYNPDTVAFWKVTRKDGNASGEALDCILPPTR	1
AKPEHENRISHICTDNVKTGIANTLGNKGAVGVSF	XXXXXXSHTLWNIRDNVKTGIANTLGNKGAVGVNS	0
ELKTVTNNLKSLEAQAEKYSQKEDRYEEEIKVLSD	ELKTVTNNLKSLEAQAEKYSQKEDRYEEEIKVLSD	1
GAQNGRCPLLVDSEGWVKAQYEGRLSLLEEPGNGT	WCLWERCPLLVDSEGWVKAQYEGRLSLVILNQRDY	0
RFSQMLQDKPLRTSWQRKMKERQERKLAKDFARHL	PEESMLQDKPLRTSWQRKMKERQERKLAKDFARHL	1
IMLAAKKGLDPYNVLAPKGASGTREDPNLVPSISN	XXXXXAKGLDPYNVLAPKGASGTREDPNLVPSRIV	1
KTVISFHSKDQLNITLSKCGLVMLNNLVKAFTEAA	NEMFGVWEPLLENITLSKCGLVMLNNLVKKVGDTV	0
DLLSLSAACDALDQHNLKQNDQPMDILQIINCLTT	XXXXXXSACDALDQHNLKQNDQPMDQINCIRVLSF	0
KISGTGKALAKTEKYEHKSEVKTYDPSGDSTLPTC	RKSGTGKALAKTEKYEHKSEVKTYDPSGDSTLPTC	1
KASPDPQDVRPSVFHNIKLFVLCHSLLQLAQLMIS	XXXXXXXXXXPSVFHNIKLFVLCHSLGIYIDDFAH	0
HRKTCTTVAFTQVNSEDKGALAKLVEAIRTNYNDR	KAQLVVPYAFTQVNSEDKGALAKLVEAIRXXXXXX	1
VKSDGGYTYDTSDLAAIKQRLFEEKADMIIYVVDN	YRMNDIVEFDTSDLAAIKQRLFEEKADMIIFAAAQ	1
GMSGKAIKGKVGKPKVKKLQLEETMPSPYGRRIIP	GMSGKAIKGKVGKPKVKKLQLEETMPSPYXXXXXX	1
CKDSESNKHLCYVFDSEKCAEEITLTIGQAFDLAY	CADDKTDKRIFTVFDSEKCAEEITLTIXXXXXXXX	0
PNQLRWKPFEIPKASQKKVDFVSGLHTLCGAGDIK	XXXXDEGQFEIPKASQKKVDFVSGLHIFLCNTSME	1
AVSTHPDAMNQQLETAQKMKQEIQQEKKQIKVAQA	SLAVSPDAMNQQLETAQKMKQEIQQEKKQIXXXXX	0
HPTKSFISGGSTITGVGKNLNSVSVPRMVINVHEA	PMASREDPIVYEITGVGKNLNSVSPCQHRSNSEII	0
QFSTDELVAEVEKRNRLKLLLPWLEARIHEGCEEP	DIKITDLVAEVEKRNRLKLLLPWLEARTHNALAKI	1
SKIADGSVKREDIFYTSKLWSTFHRPELVRPALEN	XXXXXXDSAHLYNEYTSKLWSTFHVRALENSLVDL	1
HQEILRDCLSPSLQHGAKLVLYLSELIHNHQGELT	RLLVHILSPLSPLQHGAKLVLYLSELMLHKCIMIK	0
SDDLENVCNWVVDTCLHKGSRDNMSIVLVCFSNAP	IWDVMSELYWVVDTCLHKGSRDMAMRSPGGGLAGK	0
ALGVSNFSHFQIEKLLNKPGLKYKPVTNQVECHPY	MEELGVFSHFQIEKLLNKPGLKYKPVCKIDXXXXX	1
SVDDLCKKAVEHNIQIGKFSQLVMNRATVLASSYD	ISALGVKKAVEHNIQIGKFSQLVMNRAXXXXXXXX	0
EASHSGGSGDEAPKLPQKQPQTKTKPTQAAGPSSP	EASHSGGSGDEAPKLPQKQPQTKTKPTQAAGPSSP	1
FNRRQLEMILNKPGLKYKPVCNQVECHPYFNQRKL	SIGVQLEMILNKPGLKYKPVCNCSKDIVXXXXXXX	1
LSAENIPNLPPGGGLAGKRNVIEAVYSRLNPHRES	LEVMLSINLPPGGGLAGKRNVIEAVXXXXXXXXXX	0
LSRLGIPDAVSYIKKRYKTTQLLFLKAACVGQGLV	GYLEFLIDAVSYIKKRYKTTQLLFLACVGQGLVXX	1
SRLLVYDTSDGTLLQPLKGHKDTVYCVAYAKDGKR	XHILAAGSRLLVLLQPLKGHKDTVYVFASGSADSV	0
LTRKRGLKLATALSLSNKFVEGSHNSTVSLTTKNM	SSSVIDALQYKLESLSNKFVEGSTTKAQIPILRMN	0
HPGIAEFPSRGKSSSYSKQFTSSTSYNRGDSTFES	PQNPGSPRPRGKSSSYSKQFTSSTSYXXXXXXXXX	1
DLREKVVQDAALTYQQFKNCKDNLSSWLEHLPRSQ	XXXXXXPGLAALTYQQFKNCKDNLSSDRATASHLS	0
DARISLSTLQQQLGQPEKALEALEPMYDPDTLAQD	DARISLSTLQQQLGQPEKALEALEPLHRSLLQKGX	0
LQLAVARIKKGINYVLLKILCKTQNVPKDTMDHVN	LQLAVARIKKGINYVLLKILCKTQNVPKDTMYVXX	0
PHSLSFRPIVVPAGVELKIMLSPEARNTAWVSFDG	LDGHLITTVVIVIIVELKIMLSVIGDSISITTXXX	0
TRKVNTGFLMSSYKVEAKGDTDRLTPEALKGLVNK	SATRKVNTGMSSYKVEAKGDTDRLTAXXXXXXXXX	1
YGATAETLSTSTTTHVTKTVKGGFSETRIEKRIII	YEPGPQTVATEITTHVTKTVKGGFSETRIEKHDML	0
ENKKEVEKKLTVKPIETKNKFSQAKLLAGAVKHKS	ENKKEVEKKLTVKPIETKNKFSQAKLLAGAVKHKX	1
KELAALPKATILDLSCNKLTTLPSDFCGLTHLVKL	SDLSLSDLNEVPDLSCNKLTTLPDLSKNKLQQLDL	0
KYSKDLLVEGLAEILHQKFIDADVEERHHAYLKPF	XXXVRSAQEGLAEILHQKFIDADVEERHHAYLKPE	0
CQTVLSPTASEPDTTLTKTSPKNSLKGDKDPGEES	XXXXXSPTASEPDTTLTKTSPKNSLKDPGSSSGRK	0
ELNRKLIQDQQEQIQHLKSTTNELKSEKLQISTNL	RELSKAEKDQQEQIQHLKSTTNELKSERQGYEXXX	0
EDERPRAVFHEEEQRRPKHRPSEADEEELARRREA	XXXXXXXXFHEEEQRRPKHRPSEADEEELYRALDI	1
EVELGLGIHGEAGVRRIKMATADEIVKLMLDHMTN	ELSADEVELGLAGVRRIKMATADEIVKLMLDHIPG	1
VFQEFIKMTNYDVEHTIKKEMSGDVRDAFVAIVQS	AGQAAILEIFYDVEHTIKKEMSGDVRDAFVAIVQX	1
VHDLERKYAVLYQPLFDKRFEIINAIYEPTEEECE	XXXXXXXYAVLYQPLFDKRFEIINAIYEPTEEECE	1
GSYAVQAKFGDYNKEVHKSGYLSSERLIPQRVMDQ	GSYAVQAKFGDYNKEVHKSGYLSSERLTRDQWEDR	1
GAGIAQVSVDKGLKTILKDATLTALDRGQQQVFKG	XXXLAILGAGGAIATILKDATLTALDRGQLTGQLD	1
FTIKKGEITGEVRMPSGKVAQPTITDNKDGTVTVR	AAGALRPFTGEVRMPSGKVAQPTRYAPSEAGLHEM	1
ITSMAMVDYQRVVRDTIKHIGYDDSAKGFDFKTCN	PKICQIAGVQRVVRDTIKHIGYDDSKGFDFKTCVA	1
VTPIYTDGEGVSVSAPGKTLPSSGPQNLRVSEEWY	LKPLLPDTEYKVTSAPGKTLPSSSXXXXXXXXXXX	0
VAQHVAPPPGIVEIDSEKFACQWLNAHFEVNPDCS	XXXXXXXXXXXVEIDSEKFACQWLNAHYLTCRGGI	0
FLLKVVSAAVQAQHSATKVKDPTEEATPTPFGKDQ	XXXXXFSAAVQAQHSATKVKDPTEEATPTELYNYG	0
KSFRYYLHDLQVDFLTEKNCSQLQDLHKKIITQFQ	KDYTDLSILLQVDFLTEKNCSQLQDLXXXXXXXXX	0
TGAELTPHQTFVRLHNQKTGQEVVFVAEPDNKNVY	XXXXXXXXTFIARLHNQKTGQEVVKEFDSASGTYT	1
QRIHQEVFSSCHRKPDAKPENFITQIETTPTETAS	QRIHQEVFSSCHRKPDAKPENFITQIETTPTEXXX	0
DEEGKLVIDEPAKEKNEKGALKRRAGDLLEDSPKR	RKGSELVIDEPAKEKNEKGALKRRAGDLLEDTPSE	1
PCGGNKTASSVIELTCTKTVGRPAFKRFDIDSCTY	XXTYDLRLLDKVELTCTKTVGRPASWDSRAACAVK	0
KSDKARYDREMKNYVPPKGDKKGKKKDPNAPKRPP	NKPRGKYDREMKNYVPPKGDKKGKKKDPNAPKRPP	1
GKLQDRGPDVLTATVSGKLPTQNITFQTESSVAEQ	LTAVTFNFRLLFKTVSGKLPTQNITFXXXXXXXXX	0
RLETYYKATEPVIAFYEKRGIVRKVNAEGSVDSVF	TLLLYVDATEPVIAFYEKRGIVRKVHXXXXXXXXX	0
PKPFSPQLSAPITTKTDKTSTTGSILNLNLDRSKA	NGQKSIFNSAQETTKTDKTSTTGLIKLQWLHQQEL	1
LATPAGLKKSSKKAEPVKVLQKEKKRGKRVALSDD	DEAPAGLKKSSKKAEPVKVLQKEKKRGKRVALEER	1
GQARALQYAFFAERKANKWSTPSGASWKTASARPV	XXXXXXXXXXFAERKANKWSTPGASWKTASAVPIA	1
MIPVPYVEKLVRSSPHGKHGNRNSNSYGIPEPAHA	RTLGEIVEKLVRSSPHGKHGNRNSNSYGIPEPAHA	1
ETEKSLHLIQESLTFIDKQLAAYIADKVDAAQMPQ	XXXXXXXXXQESLTFIDKQLAAYIADKVDAMQEAQ	0
EIAGLKPANPPVLPAPQKADTDPENLPEISSQKTQ	GENYDKPANPPVLPAPQKADTDPENLPEISSQKTQ	0
PGITRVAVGNQPADIGYKIKTLIKKYIQRQETISL	LPGITRVAVNQPADIGYKIKTLIKKYIEAMXXXXX	1
PAGGAGYKVLALLDVPDKSQEKADLYIHVTYIKKW	RVIAGGYKVLALLDVPDKSQEKADXXXXXXXXXXX	0
EQQRSVLRPAVLQAPQPKALSQTVPSSGTNGVSLP	XXXXSVLRPAVLQAPQPKALSQTVPSSGTNGVSGQ	0
LEFLTELVISLEKLENDKSFRGVILTSDRPGVFSA	DAGAGVAVISLEKLENDKSFRGVISNLVLMAIPDH	1
VFEDAAEIRLVSKDGKSKGIAYIEFKTEADAEKTF	YKVTQELIRLVSKDGKSKGIAYIIDRSISLYVPQN	1
LRVINEPTAAALAYGLDKSEDKVIAVYDLGGGTFD	XXXXXKQTAAALAYGLDKSEDKVILEIQKGVFEGE	1
DFSAFMKHLKKLWKALDKDQYLPRKLCDSARNLEW	VQGYASLHLKKLWKALDKDQYLPRKLCXXXXXXXX	0
GRPKTFKSLENAIEWSVKSGQIRNLESARVSMVGQ	DFSFGRPFLENAIEWSVKSGQIRNLESARMCGHAE	0
VRVELLHNPAFCSLATTKRRHQQTVTIPPKSSLSV	ERVELLHNPAFCSLATTKRRHQQYVIVEVKNRCAE	1
LIEEAASRIVDAVIEQVKAAGALLTEGEACHMSLS	PEPYTLSRIVDAVIEQVKAAGALLTEGXXXXXXXX	0
NIVWGHRRGFAQVAIDAKVPIIPMFTQNIREGFRS	ILRSGHLLGFAQVAIDAKVPIIPIPYDPQITALAX	0
SIQEVLGDYRACHGTLIKWIEETTAQQEMMKPGQA	XXXXXXXDYRACHGTLIKWIEETTAQQELEIRNQT	0
EVVQILGDKFPCTLVAQKIDLPEYQGEPDEISIQK	FVTGNAKKLEEVVLVAQKIDLPEKCQEAVRQVQGP	0
CYGLHAFIVPIREIGTHKPLPGITVGDIGPKFGYD	LGKTSNHAVPIREIGTHKPLPGITVGDDGYLKMDH	1
MFEVWRNHPQMIAVLVDKMIRTQIVDCAAVANWIF	KFHFKKVLMQMIAVLVDKMIRTQIVDCVILSTRKM	0
YISLIYTNYEAGKDDYVKALPGQLKPFETLLSQNQ	CKYISLINYEAGKDDYVKALPGQLKPLLIHEVLAP	0
MMAVLSKLDIEDQLVFLKSRKRLAEAADLLNREGR	EAALMMLLDIEDQLVFLKSRKRLAEAADLLNREAA	0
DNATDSVPLRTGIGVQLKDIKVFNRDRQKGTNVCA	DMFSVWSDRGSIIGVQLKDIKXXXXXXXXXXXXXX	0
KSRGVVMLNRVMEKGSLKCAQYWPQKEEKEMIFED	PLPNTCMLNRVMEKGSLKCAQYTWPDFHCSAGIGR	1
NEVPIQKMFEKLGITTIKVNIRNANSLGGGFHCWT	VDANEVPIQKMFEITTIKVNIRGFXXXXXXXXXXX	1
ECQLLRRACARQENVFKKFDGPCDPCQGALPDPSR	SDGADYPGECLLANVFKKFDGPCDPPRGAYRPTYD	0
NMDGLKKRDKKNKTKKTKAAAAAAAAAPAAAATAP	NMDGLKKRDKKNKTKKTKAAAAAAAAAPAAAATAX	1
VVPEVNLLLKESKYYTRKIYPVPYDQEELKNRYQS	IVVVVPEVNLKESYYTRKIYPVNSLLDRDTLNFFK	1
PTAISDWLYVKQMNARFKHENYGLMPLNGVLRKEP	GSWVMSWLYVKQMNARFKHENYGLMPLNGVPVFND	1
KSVSQKVAAAMPVRAADKLAPAQYIRYTPSQQGVA	KSVSQKVAAAMPVRAADKLAPAQYIIRMVEMQKDP	1
MGGWEMIRKIGDTSVSYKYTSRYVLKAGQTVTIWA	XXILPMGGWEMIRSVSYKYTSRYVLVTIWALIWKN	1
CLMEVTVDRNCLEVLPTKMSYAANLKNVMNMQNRQ	LMRSHNDEHSPCLVLPTKMSYAANLKNVRWXXXXX	0
MDVLKATAEQISSQTGNKVHAIQCDVRDPDMVQNT	CVILKATAEQISSQTGNKVHAILVAGXXXXXXXXX	1
RGPHVRHTGKIKALKIHKNSSTYWEGKADMETLQR	DMGVSSNDFSSLELKIHKNSSTLQRIYGISEQEKX	1
EKPVEVSPAVTKGLYIAKQATGGAAKVSQFLVDGV	XXXXXXXPAVTKGLYIAKQATGGAAKVSNSAVNAG	1
IKSGGELDIVVTSNKEVKVAAVRDAFQEVFGLAVV	XXXXXXXXXVVTSNKEVKVAAVRDAFVVGEAGVSV	1
LVTKNDPYKPHPHDLVGKDCRDGYYEAEFGQERRP	GSIPYPSKVRITLDLVGKDCRDGYYEAEFLFFQNL	0
LLNWNNLYIAGRLQKPVKIISVNEDVTLRSALDRN	GSGVYRLDFVFRLQKPVKIISVLNHFELXXXXXXX	1
FFPKKKCFVFDRPVHRRKLAQLEKLQDEELDPEFV	LGSTVIRDFFDRPVHRRKLAQLEKLQDEELDPEFV	1
AGVGKTVLIMELINNVAKAHGGYSVFAGVGERTRE	XXLVTGILIMELINNVAKAHGGYSMSGVINTSKVQ	0
CVLALGFEKMSKGSLGIKFSDRTIPTDKHVDLLIN	SCNNNCTEKMSKGSLGIKFSDRTIPTDVHPVATPL	1
FPLLKALKTRISNLPTVKKFLQPGSPRKPPMDEKS	ELLYKALKTRISNLPTVKKFLQPGSPRKXXXXXXX	1
IAAISARFVQLQHGEIDKRVEVKPYVLDDQLCDEC	IKGAGARFVQLQHGEIDKRVEVXXXXXXXXXXXXX	1
THLHNDLWEVFSNPEDWKEKYIHQNYTKALAGKLV	LATHLDLWEVFSNPEDWKEKYIHQNYTPIFTEVAC	0
ENRPVTDHLDEQAVQGLKQIHQQLYDRQLYRGLGG	XXLTICAALDEQAVQGLKQIHQQLYVCLIEKLSSK	0
SQNGGEPDFHAVEPYTKKELSAVTFPDIIRNYKVM	LFSSSREGAITVEPYTKKELSAVTFPDIIELISVX	1
IIDPSTGERFPVTDAVNKGLVDKIMVDRINLAQKA	IIDPSTGERFPVTDAVNKGLVDKIMVDINXXXXXX	0
IEKLSKRHQYHIRAYDPKGGLDNARRLTGFHETSN	ETLFDPKGQYHIRAYDPKGGLDNARRLIRPSANCD	1
VSLATRLLAQCSEVQLGKTTTAQDLVQHFKKLSTQ	NVSLATRLLAQSEVQLGKTTTAQDLVQHFAXXXXX	0
GVTTLDIVRANTFVAELKGLDPARVNVPVIGGHAG	XXXXXXIVRANTFVAELKGLDPARVNVPPLISQCT	1
ELEFKFNRKALERPYTSKHSWGKTYGEHKRHLEFS	XXXGQNHQGDLERPYTSKHSWGKTYGEHKRHLAYP	1
EQRRPQLEELITAAQNLKNKTSNQEARTIITDRIE	DFNRAWLEELITAAQNLKNKTSNQEARTIITDRIE	0
RAVRIQPKVVHCQPLDLKGPAVPPELDKHFLLCEA	ISFSGRPKVVHCQPLDLKGPAVPPELDKHECLPSC	0
PEVKHFCPNVPIILVGNKKDLRNDEHTRRELAKMK	TCLVFCFSIDSPSLVGNKKDLRNDTPVKPGMECSA	1
HFETPIWIERVVIIGAGKPAAVVLQTKGSPESRLS	ALGTFSGNTLVVIIGAGKPAAVVRLSFQHDPETSV	1
RTAVDSGIPLLTNFQVTKLFAEAVQKSRKVDSKSL	EQLHEVINLLLTNFQVTKLFAEAVQKXXXXXXXXX	1
HSNQLRMAGLQALEDIIKKFASVPEPEFPGHVILE	CEHFVLLIALQALEDIIKKFASVPVILEVQVCSTW	0
VYSVVEDEYSEPLKGTEKTLPVPVVSLNIYDVGPT	LKDLKPETEYVVNKGTEKTLPVPXXXXXXXXXXXX	0
HDLQKHLAGLGLTEAIDKNKADLSRMSGKKDLYLA	VERTDGALQKALTEAIDKNKADLSMSGKKDLYLAS	1
GPRLPGAEVGVPQVSAPKAAPSAEAAGGFALHLPT	VGRLPGAEVGVPQVSAPKAAPSAEAAGGFALPTLG	0
FFTTVMQNFRLKSSQSPKDIDVSPKHVGFATIPRN	EAIFQDFNPRLKSSQSPKDIDVSPKPRNYTMSXXX	1
SGIEERYKEVAELTRLRKQALQDTLALYKMFSEAD	HKDVAEEIAVAELTRLRKQALQDTLAXXXXXXXXX	1
PKRAEMKTSMESLIHHFKLYTEGYQVPPGATYTAI	PPKREMKTSMESLIHHFKLYTEGYQVPGSSRXXXX	0
AERREKAERAARLAKEAKSETSGPQIKELTDEEAE	XXXREKAERAARLAKEAKSETSGPQIKELLDSETR	1
QAESNKAFLAELEQNSPKIQKVKEALAGLLVTYPN	SVLQWLEKLAELEQNSPKIQKVKEALAGIQELNRW	0
KFICTVTGTPVIETIWQKDGAALSPSPNWRISDAE	XXXXXXXXPSAKFTIWQKDGAALSPSNWRIILELL	0
LIQDRVAEVQQVLRPAEKLVTSMTKQLGDFWTRME	XXQDRVAEVQQVLRPAEKLVTSMTKQLGDFWTRVI	0
FKIEESSSQVVPQGISVKHLDALTLFSSKQANEGK	XXXXXSSSQVVPQGISVKHLDALTLFSSKQAGDWN	0
QPIFSTRAHVFQIDPATKRNWIPAGKHALTVSYFY	XXXXXXXXHVFQIDPATKRNWIPAGIINSNMTFTK	0
QGGYVKILDLSNFEILAKVEPPKKEGTEEQDTFVS	ITTQGGYVKILDFEILAKVEPPTFVSVLCAHFLQI	0
TEEELCQVEEGDKEDVDKAVKAARQAFQIGSPWRT	INNEWHDSVSGDKEDVDKAVKAARQAVVVVPGVVN	1
ATKRKHQEIRAMRSQLKKIEDLGAAMEEALILDNK	HANAFHWIIRAMRSQLKKIEDLGAAMEEHSTVGLA	0
CLNPKTNLCQKIRVTQGKGLMPDGTSRFTCKGKTI	GCFPVILYIQKIRVTQGKGLMPDGTSRFTILHYMG	1
VVKLNGGLGTSMGCKGPKSLIGVRNENTFLDLTVQ	XXKLNGGLGTSMGCKGPKSLIGVTFLDLNSNTDDT	1
LAMFYEGLKIARESLLRKSQVSIRYNSMPVPGPNG	XXXXXXGLKIARESLLRKSQVSIRYNVQMLSFPHL	1
AFYDPTHAWSGGLDHQLKMHDLNTDQENLVGTHDA	LDCAFYHAWSGGLDHQLKMHDQENLVGTHIVMTWP	0
DKPEAVAARLRQYKDVAKPVIELYKSRGVLHQFSG	EVISLNIFRLRQYKDVAKPVIELYKSRLHQXXXXX	1
FQDVSFAYPNRPDRPVLKGLTFTLRPGEVTALVGP	XXFQDVSFAYRPDRPVLKGLTFGGSGKSTVLQPTG	0
DEEAIKEITEKTRVALEKSVSQKVAAAMPVRAADK	XXEAIKEITEKTRVALEKSVSQKVAAAMPVRAADK	1
FSTLALVEKYSSPGLTSKESLFVRINAAHGFSLIQ	XSACPPLDKYSSPGLTSKESLFVRLIQVDNTKVIK	0
NGDSISKIYAGTGALEGKAKLKDGARSVTRTIQNN	ARSMWSVNGDSTGALEGKAKLKDGARSVXXXXXXX	0
CLDNSARFRPHQDANPEKPRVAALIDRLIAFKNND	PELTPLRFRPHQDANPEKPRVAAGGDISDEGSSRQ	0
SLGGLDVRRRIPIKLISKQANKAKPAPRTQRTINR	XXXXXXXXXRIPIKLISKQANKAKPAQNLGEKDDT	1
LLSVKAQTAHIVLEDGTKMKGYSFGHPSSVAGEVV	XXXXXXXTAHIVLEDGTKMKGYAVTLIYGVDTRML	1
SELMDITKLYGEFADPFKLAECKLAIIHCAGYSDP	QRQYHSVALYGEFADPFKLAECKLAIILVTLWQDI	0
QRVIPEDGPAAQNPENVKRLLFCTGKVYYDLTRER	XXXXXXXEPAAQNPENVKRLLFRDMVGQVAIVQKY	1
QFKKILGYINTGKQEGAKLLCGGGIAADRGYFIQP	TYDVESVYINTGKQEGAKLLCGGGPTVFGDVQDGM	1
AHQHTDQVIQLRKAQLQKEGELEKIKRKRHLDFLD	SHQGTDQVIQLRKAQLQKEGELEKIKRKRHLDFLD	1
VDSSLDHIICTEPDLIGKPAEESHLSLIASVTDKD	XXXXXXXXICTEPDLIGKPAEESHLSLSVSESRAM	0
DTETCDYGWHKFQGQCYKYFAHRRTWDAAERECRL	DTETCDYGWHKFQGQCYKYFAHRRTWDAAERECRX	0
LRKVYGTVLSRHHHLVRKTDAVYDPAEYDKHPERY	XXXXXXXXXSRHHHLVRKTDAVYDPAEYDKHPERY	1
TVPISKGSRPIDTSRLTKITKPGSIDSNNQLFAPG	GELPSKGSRPIDTSRLTKITKPGSIDSXXXXXXXX	1
RNAASFKEVSDSLLTSSKGQLQKMKESLDDVMDYL	MAGDIYVFVSDSLLTSSKGQLQKMKEXXXXXXXXX	1
QGKAKLVILANNCPALRKSEIEYYAMLAKTGVHHY	KQTLILVILANNCPALRKSEIEYYAMLTGVHHYSG	1
HLQQLQDALNELTEEHSKATQEWLEKQAQLEKELS	XXXXXXXALNELTEEHSKATQEWLEKQAQRLRAAL	0
SKYTMALQQKKALSKTSKVRPSTGNSASTPQSQCL	QKYQMALQQKKALSKTSKVRPSTGNSASTPQSQCL	1
TEYSFLKEVRNCLTNTAKCKILIFQTDFEDGIRSA	VTGRAPKPTRNCLTNTAKCKILIIRENEDRIFVXX	0
GQGAGTLSTDKGESLGIKHEEAPGHRPTTNPNASK	KYGPKGLSTDKGESLGIKHEEAPGHRPTXXXXXXX	1
LAPDSSSVVVSGLMVATKYEVSVYALKDTLTSRPA	PKEKTGPMKVSGLMVATKYEVSQGVVTTLEXXXXX	0
EEASDYLELDTIKNLVKKYSQFINFPIYVWSSKTE	XEIFLREISDTIKNLVKKYSQFIIMNDISFSKDYI	1
KKDLDGFRKLFHRFLQEKGPSVDWGKIQRPPEDSI	SQASQQEIRLFHRFLQEKGPSVDWAQVPMEIIVXX	1
FSGQKGPVGLAIDFPESKLYWISSGNHTINRCNLD	VHRKLYMLGLAIDFPESKLYWIINRCNLDGSGLEV	0
SPGNVSKEYNEFAEVFLKAFAVGVQQVLLKVLYQY	LFEYGSPGYNEFAEVFLKAFAVGVQQQGVSHALTW	0
EKVELQELNDRFANYIEKVRFLEQQNAALAAEVNR	EKVELQELNDRFANYIEKVRFLEQQNAALAAEVNR	1
DLRTHYSELTTLTSQYIKFISETLRRMEEEERLAE	EQALLEIELTTLTSQYIKFISETLRRMEEXXXXXX	0
ARAQADFKCLLELDQQIKALGVPSSPYTWLTVEVL	VEFAKAFKCLLELDQQIKALGVPSSPYTWLTVEVL	0
EAMNLGIRLGLDPKLLAKILNMSSGRCWSSDTYNP	AEAMNLGILGLDPKLLAKILNMSSGRCWSSDTYNP	1
AENISRVLYPNDNFFEGKELRLKQEYFVVAATLQD	XFLNISVLYPNDNFFEGKELRLKQEYFHALERWPV	1
NWVVPVADKMRFDEIFLKTDLDLDGYVSGQEVKEI	XXXXXXXDKMRFDEIFLKTDLDLDGYVSGQEVKEI	0
ISANGDKEIGNIISDAMKKVGRKGVITVKDGKTLN	TPEEIAQAIGNIISDAMKKVGRKGVITLEIIESDG	1
KEVFIRELISNASDALEKLRHKLVSDGQALPEMEI	XXXXXXXXXSNASDALEKLRHKLVSDLMDTGIGMG	1
MLKYLELCVDLRKSHLAKEGLYQYKNICQQVNIKS	YMKMLYLELCVRKSHLAKEGLYQYKNLVVYLAFLW	1
EEQVWRAKVGAAEEELQKSRVTVKHLEEIVEKLKG	EKQVWRAKVGAAEEELQKSRVTVKHLEEIVEKXXX	1
GDTSQNSCVDCSVTQSNKVSVTPPEESQNSDTPPR	XXHVYGPCVDCSVTQSNKVSVTPPEESQNAAATST	0
YEKIVGNTKVLEIPLEPKNNMRATIDCAGILKLRN	ENKPLGLTTTSEIPLEPKNNMRATIVHIXXXXXXX	0
KRTIQTAESLGVPYEQWKILNEIDAGVCEEMTYAE	XGDVWTSQLKRTIYEQWKILNEIDDLVQRLEPVVI	0
EIGKHINMDGTINVDDFKIIYIAPMRSLVQEMVGS	XXXMLREIGKHINVDDFKIIYITVAEISATQIIVE	0
QGDLSELPELHALTAGLKAFTSWTANTGIEACRMA	LVGEAAFVGMHALTAGLKAFTSWTASCTFEGENTM	0
RILALCMGNHELYMRRRKPDTIEVQQMKAQAREEK	EELALWSGNHELYMRRRKPDTIEVQQMKLRADAMA	1
RLHFRNISRIMDCVGCFKCRLWGKLQTQGLGTALK	NPERYTGYILMDCVGCFKCRLWGKLQXXXXXXXXX	0
EMDGDEMTRIIWQFIKEKLILPHVDIQLKYFDLGL	XXXRHYARRIIWQFIKEKLILPHVDIPSIWTFLTT	1
RMEELRKRRVSQDLEVEKPDASPTSLQLRSQIEES	SMEELRKRRVSQDLEVEKPDASPTSLQVGKGDWKK	0
TKTFAPEEISAMVLTKMKETAEAYLGKKVTHAVVT	DLSCVGVINTAMVLTKMKETAEAYLGKKVTHAVVG	1
RCNEPAVWSQLAKAQLQKGMVKEAIDSYIKADDPS	GNLDRAYWSQLAKAQLQKGMVKEAIDSYEVVQAAN	1
QLCSKRYREFAILHQNLKREFANFTFPRLPGKWPF	XQSFYDYREFAILHQNLKREFANFTFPRLPYLKVC	0
FGYWQTEEYQPPVAVDGKVPRNEFGNVYLFLPSMM	XXXXXXXXXXPPVAVDGKVPRNEGNVMPIGCVQLH	0
QQGTFVAHKEIKLTLLNKAADKGSRKRYEPSDKDR	DMGVKEEKKEIKLTLLNKAADKGSRKRXXXXXXXX	1
FKLECRKTTCNPCPLGYKEENNTGECCGRCLPTAC	XXXXXXXXTCNPCPLGYKEENNTGECCGRCLPTAC	0
GWGTDQGIGGFGEEPGIKSQLMNLIRSVRTVMRVP	GWGTDQGIGGFGEEPGIKSQLMNLIRSVRTVMRVP	0
QSTADIFGDEEGDLFKEKAVASPEATVSQTDENKA	XKPEQPTPDEEGDLFKEKAVASPEATAAPWEGGPV	1
YSLIKGNFHAVYRDDLKKLLETECPQYIRKKGADV	YHKYSLIKGAVYRDDLKKLLETECPQIRKKGADVW	1
YFRDNGKHALIIYDDLSKQAVAYRQMSLLLRRPPG	ASDAAPLQYLAPYDDLSKQAVAYRQMYVLHPVIET	1
RTLIKAYGIRFDIIVFGKAGKFDIIPTMINIGSGL	NWDCNLDALCLPRIVFGKAGKFXXXXXXXXXXXXX	0
SVPAGMETPELIELRKKKIEEAMDGSETPQLFTVL	XXRPKMGDYELIELRKKKIEEAMDGSETPQLFVRK	0
KPGQVCQPSGGILSCVNKDPCHGVTCRPQETCKEQ	KPGQVCQPSGGILSCVNKDPCHGVTCTCKEQGGQG	0
RLIQNMDATTEPCTDFFKYACGGWLKRNVIPETSS	XLIQNMDATTEPCTDFFKYACGGWLKRFLFAQVWC	0
TPEQLHSMRQAELAQWQKVLPRRRTRNIVTGLGIG	TPEQLHSMRQAELAQWQKVLPRRRTRNIVTGLGIG	0
KSPYTFKIPEIHFPLESKCVQAYHAHFVSMLSEAM	AKLSLIPIPEIHFPLESKCVQAYHAHFVSMRLVYL	0
VFWVGSKKTCTEWAGFFKRNRKRDPISESRRVLQE	VRRVGSKKTCTEWAGFFKRNRKRDPISESRRVQEX	0
FNHRLLEMILNKPGLKYKPVCNQVECHPYFNQRKL	SIGVLLEMILNKPGLKYKPVCNCSKDIVXXXXXXX	1
SYLTVCLKLHEAICSSTKLLKFYELPALSAEIVCR	QVLNTQDVVHEAICSSTKLLKFYELPAATKRWLRE	0
CMQLTDFILKFPHSAHQKYVRQAWQKADINTKWAA	CTQVRRQILKFPHSAHQKYVRQAWQKADINXXXXX	1
RQGIDKKIVIYVQQTTNKELAIERCFGLLLSPGKD	QTPDSDIFTFSVQQTTNKELAIGKSITEVFLKLKQ	0
VEFKMEESMKKAAEVLNKHSLSGRPLKVKEDPDGE	KVGCAVVSMKKAAEVLNKHSLSGRPLKVKEXXXXX	1
LDVDANGKPLGRVVLELKADVVPKTAENFRALCTG	XXXXXXSSGNPLVVLELKADVVPKTAENFRAENFT	1
IEGRWKKLSSQLVEHCQKLEEQMNKLRKIQNHIQT	RLGELQQLSSQLVEHCQKLEEQMNKLRKINEAXXX	0
HDITKYSKAKVFEHIGKKTPIAVRFSTVAGESGSA	GYFEVTHDAKVFEHIGKKTPIAVKFYTEDGNWSWT	1
RRRHSDENDGGQPHKRRKTSDANETEDHLESLICK	XXXXXXXXDGGQPHKRRKTSDANETEDHLESLICL	1
SWRDADSRNDQAVGVSFKASAGEGDQAHREQGKEQ	ETIRTDSRNDQAVGVSFKASAGEGDQAHREQGKXX	0
QIKKVLHFDQVTENTTGKAATYHVDRSGNVHHQFQ	NAQIKKHFDQVTENTTGKAATYHVDRSGNVHHQFA	1
QPVHGDLDLVMNLMDAHKVFQKELGKRTGTVQVLK	EQLAQVLDLVMNLMDAHKVFQKELGKRTVCKLSVS	0
YKCSVCPDYDLCSVCEGKGLHRGHTKLAFPSPFGH	TRYKCSVCYDLCSVCEGKGLHRGHTKLAFPXXXXX	1
VADGAGAVIIASEDAVKKHNFTPLARIVGYFVSGC	CKEAEVVLIIASEDAVKKHNFTPLARXXXXXXXXX	1
TTPIFANRRSQQSVSLSKSVSIQNITGVGNDENMS	SESSAAQERSQQSVSLSKSVSIQNITGVWKFLSHS	0
SSFQMALSKGWPLYLSTKNTILKKYDGRFKDIFQE	XXXXXXXXHDQMNYLSTKNTILKKYDGRFKDIFEH	1
RRRRGETESEEFEKLKQKQQEAALELEELKKKREE	RRRRGETESEEFEKLKQKQQEAALELEELKKKREX	1
ENSMQVSAKVFQGCGQPKPAPALRSARSAPENFNT	VSSMQVSAKVFQGCGQPKPAPALRXXXXXXXXXXX	0
CFKPRNTAELQPESGKRKLEEVLSTEGAEENGNSD	ELKPRNTAELQPESGKRKLEEVLSTEGAEENGNXX	1
VELFENLSEKLQTFLETKTQALTEVDVPGKDVTEL	XXXXXXXXEKLQTFLETKTQALTEVDYMQESTSEF	0
LEVTKKFMRDPIRILVKKEELTLEGIKQFYINVER	AQAQSSATMPTLRILVKKEELTLERENYIHDIETF	1
EPMLNGTDKTPALISDYKEYHTDTTVKFVVKMTEE	ITETQYKEVLEMLISDYKEYHTTVKFVVKMQEETM	0
TLLQGSGCLAGIYLEDTKEKVSIYEAMRRGLLRAT	XXXXXXXXLAGIYLEDTKEKVSIEARGLLDPVRNN	0
EECLKVNLLKIKTELCKKEVLNMLKESKADIFVDP	HCEELKNLLKIKTELCKKEVLNMLKEMWYAAKVAP	1
LQTVRSFGAEEHEVCRYKEALEQCRQLYWRRDLER	AVGGLVRGAEEHEVCRYKEALEQCRQLYWRXXXXX	1
AGLLQRALEHFTDLYDIKRAVVHTHLLNPEWLVNY	XAQELQALEHFTDLYDIKRAVVHTLLYFLSEDSLE	1
LKELHISSDSFLCDCQLKWLPPWLIGRMLQAFVTA	XXXRSVQFDAFLCDCQLKWLPPWLIGQATCAHPLQ	0
LKDNVPKATGVLYDYVNKYHWEHTGLTLREVSSKL	FSPAFTKATGVLYDYVNKYHWEHTGLTLREVSXXX	0
APELLGGPSVFLFPPKPKDTLMISRTPEVTCVVVD	XXXXXXXXXXXXXPPKPKDTLMISRTPEVVLHQWL	1
VEQDRMDKSAVGHEYQSKLSKHCSQVDSVRGFGGK	VEQDRMDKSAVGHEYQSKLSKHCSQVDSVRGFGGK	1
TRDAGYGGISLAVEGPSKVDIQTEDLEDGTCKVSY	RCSQVTFEMSLAVEGPSKVDIQSYFPTVPGVYIVI	0
TTCSKESNEELTESCETKKLGQSLDCNAEVYVVPW	RETTCSKEEELTESCETKKLGQSLDPLGMXXXXXX	1
LNAILFKLQFSEQVENIKPEIVSVTAACEELRKSE	XXXXAPGDSFSEQVENIKPEIVSVTAKAVSANLQN	0
SLAALKKALAAAGYDVEKNNSRIKLGLKSLVSKGT	SLAALKKALAAAGYDVEKNNSRIKLGLKSASGXXX	1
GSSEPITVKFAANPNQNKNVALLSQLYHSPARRFG	GHSLGYDNYFAANPNQNKNVALLSQLYNASSCKTN	1
SDSTFSLANSPGSESVTKDDALSFVPSQKEKGTAT	VISDSTSANSPGSESVTKDDALSFVPSDESIAXXX	0
PVKEEEPPEKTVDVAAEKKVVKITSEIPQTERMQK	LAEKQEPPEKTVDVAAEKKVVKITSEIPQTERMQK	1
NKADVILKYNADEARSLKAYGELPEHAKINETDTF	DSDIILLKYNADEARSLKAYGELPEHAKINEXXXX	1
YGQGINPISRLAQIQQAKKEKEPEYTLLTERGLPR	EYGQINPISRLAQIQQAKKEKEPEYVKVGNHTAAE	0
GVESAFHKTSTGAPAAIKKLYQVKGKKNIRATERA	XGNESDLFMSFPGPAAIKKLYERALNFILDLGQNI	1
FTKLKDLFYRSSNLQYFKRLIQIPQLPENPPNFLR	LIQVILLFYRSSNLQYFKRLIQIPQVVVIPAEXXX	0
AVRAALGPEGHGIKIISKIENHEGVKRFDEILEVS	TKGGVFASFVRKDVIISKIENGVFILSDGIMVARG	1
FHVFYQLLSGASEELLNKLKLERDFSRYNYLSLDS	XXXXXXLLSGASEELLNKLKLERDHEAESVLAVVA	0
EKQQRKTFTAWCNSHLRKAGTQIENIEEDFRDGLK	XXXXXXXFTAWCNSHLRKAGTQIELKLMLLLEVIS	1
LMNMQSSSLKLFSSFEQKAMLLKRQAFAVFSGELD	LMNMQSSSLKLFSSFEQKAMLLKRQARLDNLVGQT	0
AMGKKKIAKRSKIKSFVKVYNYNHLMPTRYSVDIP	AVIVKNHALVAGIDSFVKVYNYHLVNKDVFRLKRA	1
VIVTGLQDTTVSSDSVAKFAVKATGEPRPTAIWTK	TDDDAVTLHTVSSDSVAKFAVXXXXXXXXXXXXXX	0
ADDKTVRLWDHATMTEVKSLNFNMSVSSMEYIPEG	SADKTVRLWDHATMTEVKSLNFLHSAVSLDPXXXX	0
TEYSFLKEVRNCLTNTAKCKILIFQTDFEDGIRSA	TGRAPKPTVRNCLTNTAKCKILIIRENEDRIFVXX	0
ERIPDIVLWPTCHDDVVKIVNLACKYNLCIIPIGG	KETNISYLWPTCHDDVVKIVNLACKYLIILMVTPR	0
GLITLEELHQQVLKGRGKFAQDVSQDDLIRAIKKL	GVQIEVELHQQVLKGRGKFAQDVSQDLXXXXXXXX	1
PVHVDNCILNAETLVCVKEPPAYTFRDYSAILYLN	SVHVDNCILNAETLVCVKEPPAYTFRDYSLDSSGT	0
DIFDLFFSNCRSLFKDKKLVEYLKESSFDAVFLDP	TVKTYSTSNCRSLFKDKKLVEYLKESSFCIVAYFI	1
PIAAQVDKEHLFPAAQVKKMGGLGLLAMDVPEELG	XXXXXCFAELLFPAAQVKKMGGLGLLAGISTGIMS	1
FSQLTEKDVNCLEPWLIKEMDACLSDIWLHKDIDA	XXXXXXXXQNCLEPWLIKEMDACLSDIWLAFQVFH	0
YDIHFHDKKILLLEAGPKKVLEKLSETYSNRVSSI	XSGGGLGAAALLLEAGPKKVLEKNDVIMHALTKQL	0
LHVPKAPGFAQMLKEGAKHFSGLEEAVYRNIQACK	XXXPKAPGFAQMLKEGAKHFSGLEEAVYRNAVQHP	1
KEGENNKPREKSESNKRKSNFSNSADDIKSKKKRE	KEGENNKPREKSESNKRKSNFSNSADDIKSKKKRE	1
RDANLTALAAIGPRKKRKVDCPGPGSGAEGSGPGS	SSTEEKALAAIGPRKKRKVDCPGPGSGAEGSGPGS	0
TIEVKANTYEKYWPFYQKQGGHYFPKDHLKKAVAE	TIEVKANTYEKYWPFYQKQGGHYFPKWSKSTGLSP	1
EALSVTELDRVYGGLTTKVQESLKKQEGLLKNIQV	EGLENDLKDRVYGGLTTKVQESLKKQEXXXXXXXX	1
KLYEEKTGNAWHSKNFTKYPKKFYPLEIDYGQDEE	LVDYEEKTGNAWSKNFTKYPKKFYPLEDLNRFYTL	1
NSYFKEEKYKDAIHFYNKSLAEHRTPDVLKKCQQA	YARIGNSYYKDAIHFYNKSLAEHRTPDVLKCQAXX	1
KEEPKRRSARLSAKPPAKVEAKPKKAAAKDKSSDK	XEEPKRRSARLSAKPPAKVEAKPKKAAAKDKSSDK	1
LEDLRKQRLEDLATLIQKIYRGWKCRTHFLLMKKS	PHDLRKQRLEDLATLIQKIYRGWKCRTHFLLMKKX	0
LIEEAASRIVDAVIEQVKAAGALLTEGEACHMSLS	XXEEAASRIVDAVIEQVKAAGALLTEGEACHSEEE	0
ETKALQGQISSQQVAVEKLKKTAEVLLDARGSLLP	SCGLLAGLISSQQVAVEKLKKTAEVLLIQTLDDIV	0
DKVTLVVGASQDIIPQLKKKYDVDTLDMVFLDHWK	LERLITITVSQDIIPQLKKKYDVDTLDMVDTLLLE	1
ANDKNESLTALDALICNKSFLVTVIHTLEKQKNFS	XXXXXXXXXXLDALICNKSFLVTVIHTLLKLVYLT	0
CKGLVQALQTKVTQQGLKMVVPGLDGAQIPRDPSQ	XXXLVQALQTKVTQQGLKMVVPGLACLLQLGPGDI	1
RTIVCYHPSVDIPYEHTKPIPRPDPVHNNEETHDQ	DYNCNVHPSVDIPYEHTKPIPRPDPVHNNEETHQV	0
RKKEMAKQKAAPEAKKQKVEGTEPTTAFNLFVGNL	XDDEDDDDEDAPEAKKQKVEGTEPTFSAPLKDVRI	1
DSFRVTWHPLSADEGLHKLMWIPVYGGKTEEVVLK	XXXXXXXQLVTWPEGLHKLMWTEEVVLKEEQDSHV	0
RLVTPHGESEQIGVIPSKKRVEKKERARLKTVKFH	LHVNASDDEWWQAVIPSKKRVEKKERAAILSYEPK	0
QKLLEPLEAEIQQGVNLKEEDFNKDMNEDNEGTVK	XXXXXXXXXXIQQGVNLKEEDFNKDMLRSQRRKKA	0
EMTSEDLENALKAVINDKSYKENIMRLSSLHKDRP	METKGAGVNALKAVINDKSYKENIMRLSXXXXXXX	1
EAKKAAIKPLEQTECLNKTETGALVLHNIGYSAQH	EAKKAAIKPLEQTECLNKTETGALVLHNIGYSAQH	0
DDDWDEDWDGPKSSSYFKDSESADAGGAQRGNSRA	DDDWDEDWDGPKSSSYFKDSESADAGGKFPGFAKT	1
VLRGVEVTVGHEQEEGGKWPYAGTAEAIKALGAKH	AAVRVCITVGHEQEEGGKWPYAGTAVKEVVETPAF	1
KVDSLLENLEKIEKEQSKQAVEMKNDKSEEEQSSS	KVDSLLENLEKIEKEQSKQAVEMKNDKSEEEQETN	1
LAELVQYYMEHHGQLKEKNGDVIELKYPLNCADPT	YDLYGGEKLYHHGQLKEKNGDVIELXXXXXXXXXX	1
LNTFYGCPKESCNLFVLKDTLKKMQKFFGLPQTGD	QYLNFYGCPKSCNLFVLKDTLKKMQKFLPQTGDLD	0
NRSLIANLAAANCYKKEKHLDLEKNWMLVEKARVC	IAHYYEQNEAANCYKKEKHLDLEKNWMLVVSPESV	1
LKERFDHILYTGSTGVGKIIMTAAAKHLTPVTLEL	XIVTTLKILYTGSTGVGKIIMTAAAKHLTPVTLEL	1
DSQVLCGAVKWLILEKQKPDGVFQEDAPVIHQEMI	XXXXXTWAVKWLILEKQKPDGVFQEDKDMALTAFV	0
SKPFAEVRILSCGELIPKSKVKKEEKKRHKSSSSS	FSRCCTVISGSCGELIPKSKVKKEEKKRXXXXXXX	1
ENEHQLSLRTVSLGAGAKDELHIVEAEAMNYEGSP	XXCELKADKDVSLGAGAKDELHIVEATLKMSVQPT	0
GEIRVLYSTKVTTSITSKKWGTRDLQVKPGESLEV	XXXXXXXNSKVTTSITSKKWGTRDLQVKPGESLTK	0
FIHKHVKGSRLHLMPEGKHNLHLRFADEFNKLAED	EKDPLVPRFHAHLMPEGKHNLHLRFAEFXXXXXXX	1
VSPGQTARITCSGDVLAKKYARWFQQKPGQAPVLV	XXASYELTQTCSGDVLAKKYARWIYKDSEGSSSGT	0
RILLAVNGKVFDVTKGSKFYGPAGPYGIFAGRDAS	PATSDGSPRILDVTKGSKFYGPAGPYGIFAYXXXX	1
LLGPPLAGKLVDLTGEYKYMYMSCGAIVVAASVWL	LAQDLYAGKLVDLTGEYKYMYMSCGAXXXXXXXXX	0
LEIEVVLFHPNYNINGKKEAGIPEFYDYDVALIKL	XXXXXAHTVPNYNINGKKEAGIPEFYDYDAQYAPG	0
QWASPENPCLINECVRVKEEVFIQQRNVSCPQLEV	SACEWKSVGSQNECVRVKEEVFIQQRXXXXXXXXX	0
PASAPDTRALVADFVGYKLRQKGYVCGAGPGEGPA	XXXXXXXXXLVADFVGYKLRQKGYVCGPGEGAHQM	0
RNDSDPTYGQQGHPNTWKREPGYTPPGAGNQNPPG	RNDSDPTYGQQGHPNTWKREPGYTPPGAGXXXXXX	1
IQEKTKNRYFPAFEKVLKSHGQDYLVGNKLSRADI	XXLIYKNRYFPAFEKVLKSHGQDYLVGNKLADLVI	1
ESFTDGPEKELDLFTYLKHCAKNIKAKDVAKPNED	SSGVFLNEKELDLFTYLKHCAKNIKAKDVAKPGYS	0
HAVAEGAKNVLRLLSAAKAPDRKAVSEAQEKLTES	XXXAEGAKNVLRLLSAAKAPDRKAVSEAQEKLFSI	1
VQEATRLKAEAELLQQQKELAQEQARRLQEDKEQM	XXXXXXLKAEAELLQQQKELAQEQARRLQELREQQ	0
VDCSGRRVASLDVDGVIKVWSFNPIMQTKASSISK	SIMHCRVRVASLDDGVIKVWSMQTKASSISLLLYD	0
LGKPTHFTVNAKAAGKGKLDVQFSGLTKGDAVRDV	SHDASKVKVNAKAAGKGKLDVQIIDHHDNTYTVVT	1
RNAQKIDREISAILKYLKQQCHAQKIGIVGFCWGG	AVIYTTIPEISAILKYLKQQCHAQKIGIYEFRMXX	1
NKTLTEDEIATILQSTLKGLEYLHFMRKIHRDIKA	XXCDSPHVVATILQSTLKGLEYLHFMKHIHAKLDI	0
KIMLLDEFTTKLLASCCKMTDLLEEGITVVENIYK	VWQIKFMLTTKLLASCCKMTDLLEEGITVVEIPHI	0
YLKQSKVPLSEFDFSWSKISDIQSQLEKLIEKNYF	KKNRLVYLLIEFDFSWSKISDIQSQLSXXXXXXXX	0
PSSPPHYQRVPLSHGYSKLRSSAEQMHPAPYEARQ	QLPAETLHRVPLSHGYSKLRSSAEQMHPKSTINEA	1
FALTRELAIIQGPPGTGKTYVGLKIVQALLTNESV	LDSQMALAIIQGPPGTGKTYVGLKIAFVEEAILIG	0
NCDRGLRPSCPNSQSPVKVEETCGCRWTCPCVCTG	MRVNCDRGLRPSCQSPVKVEETCGCRWTCPCVLSP	0
TPTHYKLTPRPATRVRPKALQTTGTAKSHLFDGLD	NPTHYKLTPRPATRVRPKALQTTGTAKSHLEXXXX	1
GRAELGMGDSTSQSPPIKRSCPDVQISWNQGIDLW	LGRAELGMGSTSQSPPIKRSCPDVGYPDXXXXXXX	1
VRLPPGFSASSTVEKPSKVHRALYSKGILLMAASE	PIVQVTHAGVRPPEKPSKVHRALMAASENEDNDIL	0
FVTWADKFQMYVTYCKNKPDSTQLILEHAGSYFDE	ELIIFGNMIMYVTYCKNKPDSTQLILISSYLIKPV	0
VGKVAGRVCQASQLQGQKEESCVPVHQKTVLGPDT	VGKVAGRVCQASQLQGQKEESCVPVHQKTVLGGSD	0
IQSQVDSQHVGHSVLTAKGMALFGEGKAEFTGRHD	VYESFSKLEIQSQVLTAKGMALKAEFTGRHDNSLF	0
HTQRMNKLIEYYQQLAQKEKVERDRKKLARRRNYM	XXXXMNKLIEYYQQLAQKEKVERDRKKLARRPGLS	0
EKMEVDEAEKKEEKEKKKEPEPNFQLLDNPARVMP	AYPAPLEKEKKEEKEKKKEPEPNFQLLXXXXXXXX	0
TIDSVTSAQMLQGCTIFKGNLLINIRRGNNIASEL	CEEEKKTKTMLQGCTIFKGNLLMIEVVTGYVLLIL	0
FIRILGADLIFACGETEKPEVRKSIDEMNNAWENL	MIRILGADLIFACGETEKPEVRKSIDEMXXXXXXX	0
MMAVLSKLDIEDQLVFLKSRKRLAEAADLLNREGR	LAALMMLLDIEDQLVFLKSRKRLAEAADLLNREAA	0
EGIREEEEQLKEKKKRKKLEYTICETEPEQPVRHY	LKRKVVLEQLKEKKKRKKLEYTICETXXXXXXXXX	1
ELQVLDGANIQSIMASEKQVNILMKLLDEALKEVD	ELQVLDGANIQSIMASEKQVNILMKLLDEALKEVD	0
AAYVCLCPGGFSGPHCEKGLVEKSAGDVDTLAFDG	PAYVCLCPGGFSGPHCEKGLVEKSAELRPXXXXXX	0
SYNISEVMSKEEILSVAKKNKKENEDENSSSTNLC	FTKQSEVMSKEEILSVAKKNKKENEDENSTNLCVE	1
CSNDNKTFDSSCHFFATKCTLEGTKKGHKLHLDYI	VCSNDKTFDSSCHFFATKCTLEGTKKGHKLHLDHT	0
DYELIDQDAQDLYDAGVKRKGTDVPKWISIMTERS	XXXXXDQDAQDLYDAGVKRKGTDVPKWIIVFDRYK	1
HPDLGTDKDKEQWKEVHKQVVESAYEVIKLKGYTS	SVPVWLGTDDEQWKEVHKQVVESAYEVXXXXXXXX	1
VKSPELQAEAKSYFEKSKEQLTPLIKKAGTELVNF	VKSPELQAEAKSYFEKSKEQLTPLIKKAGTELVNF	1
EAYKPSTGAMGDRLTAMKAAFQSQYKSHFVAASLS	ILIDPSTGAMGDRLTAMKAAFQSQYKSHFVAAGTS	1
GGKLQSTFVFEEIGRRLKDIGPEVVKKVNAVFEWH	XXXXXXXFVFEEIGRRLKDIGPEVVKKVNAVWTID	1
DCRLEDPDGKVLYKEMKKQYDSFTFTASKNGTYKF	ITGGHYDVDCRLYKEMKKQYDSFFCFSNEFSHKTV	1
PTSSYPTRLIVSNFSQAKQKSHLVDPEILRDQSRL	LLKPYHVTHCDLNFSQAKQKSHLVDPILIQYKKCD	0
IKVNWEEEAASGLLTSLKDNVPKATGVLYDYVNKY	SPAVGPQEAASGLLTSLKDNVPKATGVWFIAESKR	0
AQRVFREKAPDFLPLLNKGPVIALEFNGDGAVEVC	MKAEDAQFAPDFLPLLNKGPVIAGTKMFXXXXXXX	0
KGFSIAKEGVVGAVEKTKQGVTEAAEKTKEGVMYV	KGFSIAKEGVVGAVEKTKQGVTEAAEKTKEGVMYV	1
FVVAATLQDIIRRFKASKFGSTRGAGTVFDAFPDQ	KCPKRVAQDIIRRFKASKFGSTRGAGTVFDAFPDQ	1
LTIDPTEFKFKLALINRKYDEVLHMVRNAKLVGQS	VVTDPTEFKFKLALINRKYDEVLHMVRNALKGYEV	1
EKLPRYYKNIGLGFKTPKEAIEGTYIDKKCPFTGN	XXKLPRYYKNIGGFKTPKEAIEGTYIDCPFTGLSP	1
LDPAMGKVFFTDYGQIPKVERCDMDGQNRTKLVDS	ELYNPKGIFFTDYGQIPKVERCRTKLVDSKIVFPH	0
TQIDNDLKSRASAYNNLKGNLQNLERKNAGSLLTR	MADVLEDKSRASAYNNLKGNLQNLERKEMNRLSTD	1
RILHSTGLEFQHQVEEAKDLDQLIKIHYRYLSTIH	NLMQTLKLVFQHQVEEAKDLDQLIKIHXXXXXXXX	0
VSKKVESTGAVPEFKEEKLQLQPKPRSGAVEETFR	VRDQAKRDLMNVEFKEEKLQLQPGTWFVGYGEPSD	1
GSQHTKEAEDKIPLVPSKVSVIKGSRSQKEAFPLA	GGLTQPRGTDKIPLVPSKVSVIKGSRSQXXXXXXX	1
PTPSPKLPEPSVLSEVTKPPPCLENSSPPSRIPEP	PPERRTAPEPSVLSEVTKPPPCLENSSPPDSRDRR	0
YLPSFFTYAKYIVQVDGKIGLFRGLSPRLMSNALS	YVKLFFTYAKYIVQVDGKIGLFRGLSSCMVQFVRE	0
PYCRLSEPKVENFSVAGKIHTVKIEHVSYTEKRKY	FMLRQWGPKVENFSVAGKIHTVLGSTSYHFIWQKS	0
QQEIKATVTVNTSDLGNKKKDDEVDRDAPSRKKAK	XXXXXXXXXVNTSDLGNKKKDDEVTTQITEERTGG	0
KKEQVSEAIKTSQIFLAKHGHKLSEKEKKQISEQL	KVVEEEKHIKTSQIFLAKHGHKLSEKISDGNVHPL	0
EQNFHPEFDGYEPGEVVKQADVVLLGYPVPFSLSP	YEMSPDEYHSYEYGEVVKQADVVLIYEAVTSPQGP	0
CSSEEVEKVVEIVRSSLKDPEKGMWGLVNNAGIST	LVFSDRLRVVEIVRSSLKDPEKGMWGFPLIRRAKG	1
KSNLIRIEGDPQGVQQAKRELLELASRMENERTKD	VRILIRIEGDPQGVQQAKRELLELASXXXXXXXXX	1
AATEATAATEKGEKKKEKNVSSFQLKLAAKAPKSE	XXTEATAATEKGEKKKEKNVSSFQLKLAAKAPKSE	1
LKTANEGGSLLYEQLGYKAFGLVGKLAASGSITMQ	LKTANEGGSLLYEQLGYKAFGLVGKLAASLHLLPS	0
KVLKNVALTRSYIREKVKEHQASLDVNNPRDFIDC	XXXVFQKLTRSYIREKVKEHQASLDVPRDFIDCFL	1
DMEDHRDEDFVKPKGAFKAFTGEGQKLGSTAPQVL	SLDNGELLAFVKPKGAFKAFTGEGQKXXXXXXXXX	1
FSHFQIEKLLNKPGLKYKPVTNQVECHPYLTQEKL	ALGVQIEKLLNKPGLKYKPVTNCHSKGITXXXXXX	1
QQGRKELEGLQQLLQNVKSELEMAQEDLSMTQKDK	QQGRKELEGLQQLLQNVKSELEMAQEDLSMTQKDK	0
IMLSGETAKGNFPVEAVKMQHAIAREAEAAVYHRQ	MPRPTVIMLETFPVEAVKMQHAIAREXXXXXXXXX	1
QAWRGGKDMAQSIYRPSKNLDKDMYGDDLEARIKT	XXXXXXGDMAQSIYRPSKNLDKDMYGDDLEARIKT	1
GTGRGRGRPKGSGTTRPKAATSEGVQVKRVLEKSP	XXXXGRGRPKGSGTTRPKAATSEGVQVKRVLEKAE	1
VDASNALVLPGKKKKKTKAPPLSKKEKKPLTKKEK	NIKGRQQVLPGKKKKKTKAPPLSKKEKKPLQINLD	1
ICRDLSHIGDAVVISCAKDGVKFSASGELGNGNIK	XXXXXYSCVVKMVISCAKDGVKFSNIKLSQTSAVT	0
CQYEALKFVSFPTQVLAKASKVIPVMLMGKLVSRR	XXXXXASSQAFPTQVLAKASKVIPVISIVSLLLLA	1
LIYKCGGIDKRTIEKFEKEAAEMGKGSFKYAWVLD	XSTGHIYIDKRTIEKFEKEAAEMGKGSFKYAWVLD	1
GTEDRLSCFAQTVSPAEKWSVHIAMHPQVNIYSVT	QRYFGGTLSCATVSPAEKWSVQTXXXXXXXXXXXX	0
KITESPRASMGVLSGKRKLITSEEERSPAKRGRKS	FIVPSSPTGMGVLSGKRKLITSEEERXXXXXXXXX	1
LINRLEKHYLDINTVLEKWQKSIVEELCAWVEKFI	VAQILQTHYLDINTVLEKWQKSIVEELCAWVXXXX	0
TEEGVEVVWNELHFGDRKAFAAHEEKIQTVFEQLV	XXXXXXXXXGELHFGDRKAFAAHEEKIQTVWLDTS	1
TVSSPLTSPTSPSTLSLKSESESVSATEDLAPDAA	PVRSPLTSPTSPSTLSLKSESESVSATEDLANPQL	0
VTMAKVDGFLDSLINFNKENIHENCLKAIRPYLQD	QALVVLMAPRGSLINFNKENIHECLWVINIVRFYE	0
QTKAISGLTIDGHAVGAKLTWEAVPGSEFSYAEVE	QTKAISGLTIDGHAVGAKLTWEASYAEVELGTAEA	0
YKYLYGRHMQANPEPPKKNNDKSKKISRKPLAAKN	IQGNRLTENNPWPEPPKKNNDKSKKXXXXXXXXXX	0
TLPALRTSHGEVISVPHKIITHLRKEKYNADYDLS	LYASLPALRTEVISVPHKIITHLRKEYNSXXXXXX	0
DLADSDARALYEAGERRKGTDVNVFNTILTTRSYP	MVSGDDARALYEAGERRKGTDVNVFNTYYSKHKVL	1
TVKAILILDNDGDRLFAKYYDDTYPSVKEQKAFEK	XXXXXXVKAILILRLFAKYYDDTYPSVQKFEFYVI	1
RINEILSNALKRGEIIAKQGGGGGGGSVPGIERMG	XXXXILSNALKRGEIIAKQGGGGGGGSVPASSIER	1
SSTQFNKGPSYGLSAEVKNRLLSKYDPQKEAELRT	XXXXQNKGPSYGLSAEVKNRLLSKYDPQVDLFEAN	1
KGGKHKTGPNLHGLFGRKTGQAPGYSYTAANKNKG	XXXXXXXXPNLHGLFGRKTGQAPGYSYTAANKNKG	1
THLGGEDFDQRVMEHFIKLYKKKTGKDVRKDNRAV	XXXXXXFFDQRVMEHFIKLYKKKTGKDVRKDAVQK	1
RIHKSIERYHILQESLIKLVEACNDQTHNMDRWLS	XXXXXXXKFHILQESLIKLVEACNDQRWLSKLEAS	0
EDVKRWKARNQHLVSQQKDPDTEEYRKLLSEKEVH	EDVKRWKARNQHLVSQQKDPDTEEYRKLLSEKEVH	0
SSVIVRRIPIGGVKSTSKTYVISRTEPAMATTKAI	EYTIVRRIPIGGVKSTSKTYVISRTEPTANLAEAK	1
TGNSILGRKVFHSGTAAKSITKKCEKRSSSWKETE	GKTGAGKSATFHSGTAAKSITKKCEDTPGIFDTEN	1
MHETHDGVQDMACDTFIKIAQKCRRHFVQVQVGEV	YPRLRLVVLDMACDTFIKIAQKCRRFQTFYEAVGY	0
LPQQSSPSVDVLPGVTLKAPQNQVTLRGRVPHLGR	XXXXXXXXXVFPLGVTLKAPQNQVTFYQAAHPTFP	0
LENIRKEMKLLEQAGSLKGSLSVEEQLSLISGCPN	FASGGFEMKLLEQAGSLKGSLSVEQLPYYIPKKIG	0
VSRGKILELLRPDPNTGKVHTLLTVEVFGVIRSLM	XXXXXQEILLRPDPNTGKVHTLLTGFLFVHYLYQV	0
VQDSLNPAVKSCVLPQTKTPVSCFNIQMCVGATGH	XXXXLNPAVKSCVLPQTKTPVSCFNIRRVLLLGSQ	0
GEAKVSGLIQPAEVFAPKSLVLVSRLYYPEIFRAC	RKQPTFCLTFYEAEFAPKSLVYPFPXXXXXXXXXX	0
WSKVNKPPYPKLGANMKKLENCNYAVELGKHPAKF	LWKVNKPPYPKLGANMKKLENCNYAVGGQDLNDGX	1
SMPHPATGKTVANLLSGKSPRKSAEPSANTTLVSE	XXXXXXXXKTVANLLSGKSPRKSAEPVAPAQEKSL	1
EADCDILIPAASEKQLTKSNAPRVKAKIIAEGANG	DREDDPNFMSLEEKQLTKSNAPRVKGPTTPEADKI	1
KVLLRRKSELPQDVYTIKALEAHKRAEEFLTASQE	VYPQRRKSELPQDVYTIKALEAHKRAEEXXXXXXX	1
VCQSYKSLYGKDLIADLKYELTGKFERLIVGLMRP	GSDKILICYKKDLIADLKYELTGKFERLIVGLMRC	1
VIQEVDTVASECPSLRIKLLVSEKSCDGWLNFKKL	VAGDVIQVDVASCSLRIKLLVSSCDGWLNFXXXXX	1
VPVKGSLGQGTAPVLPGKTGPTVTQVKAEKQEDSE	TKAGKPEEDGTAPVLPGKTGPTVTQVSPEKTSTTS	1
KFVLKHKVAQKREDAVSKEVTRKLSEADNRKMSRK	XXXXXXKVAQKREDAVSKEVTRKLSEADNRKMSRK	1
RRTGYLKGYTLVEYETYKEAQAAMEGLNGQDLMGQ	FKFAEYGEIKNVEYETYKEAQAAMEGLNVDWCFVX	0
RIYKNVMSKVQEMNYIQKTLFKIGYDYKLEQIKKG	VHYKNVMSKVQEMNYIQKTLFKIGYDYKCLLFKKV	1
VTGAKDSVASTITGVMDKTKGAVTGSVEKTKSVVS	VTGAKDSVASTITGVMDKTKGAVTGSVEKTKSENT	1
LNEKFLYCCEKWIQLLEKIEEALKVDVANSLPELL	XXXXXDNLCEKWIQLLEKIEEALKVTYKMLEAEVS	0
WKPTLVILRINRAATFVKWSPLENKFAVGSGARLI	TGIDWARIVTCAVATFVKWSPLENKFAVGISVCSL	1
YFAGKLSYVKTCQEKFKKLENSPLGEALRSGQARR	FAECNESYVKTCQEKFKKLENSPLGEALRSGQASX	0
MIYEGIRDVSKWSERTRKPLEALYGYDYFARTCEK	FGYGHIRDVSKWSERTRKPLEALYGYDYFARTCNL	1
VVDVPFGGAKAGVKINPKNYTENELEKITRRFTME	RDDEIRYSTDVGVKINPKNYTENELEKITDMNTGR	1
KPLEALYGYDYFARTCEKWVDGIRQFKHLPDGNIC	YEGIRDVYYDYFARTCEKWVDGIRQFXXXXXXXXX	1
FQVLVKSLKSWIKETTKKVPIVQPSFGAEDLGKSL	XXXXXXXXXSWIKETTKKVPIVQKSLEDTKKLQEK	0
THVPPELGQIMDSETFEKSRLYQLDKSTFSFWSGL	XXXXYKTTHVMDSETFEKSRLYQLDKSIEEKHGFA	0
TAIKKKQQDVLGFLEANKIGFEEKDIAANEENRKW	XMVIRVQQDVLGFLEANKIGFEEIFNFRNAVYAFL	0
WILARNPNLPPETVDSLKNILTSNNIDVKKMTVTD	VYDFAWILLPPETVDSLKNILTSNNIDVKKMTVXX	0
NGKLRLEPLKLHVAGNLKGAYQNNEIKHIYAISSA	XXNALDLTNNGKVAGNLKGAYQNNEIKHIYAKADT	0
IPSGMETLKDTPAPRLLKTHLPLALLPQTLLDQKV	IFMRVPFLEFGMTLRLLKTHLLLKVVYVXXXXXXX	1
AGHFHQVWYDNPQSISLKATYIQNYRLRGIGMWNA	YVMGVPQRADNPQSISLKATYIQNYRLGIGVLKPX	0
AFDEISDDAKDFISNLLKKDMKNRLDCTQCLQHPW	FNVTSATWDKDFISNLLKKDMKNRLDCXXXXXXXX	0
LATRKQSVEDILKDHWQKYGRNFFTRYDYEEVEAE	RVASATKREDILKDHWQKYGRNFYEKDVAKINXXX	1
FKLQPPPLGRRQRAAGEKAVAGADKSGGSAGGLAE	XXXQPPPLGRRQRAAGEKAVAGADKSGGSAGGLPP	1
EHSIVYLKPSYAFGSVGKEKFQIPPNAELKYELHL	DLPYGLLKPSYAFGSVGKEKFQIPPNAELKYXXXX	0
IVKHVNTNPLCDLTPIFKDYEKYLANIEQQHGNSG	IVKHVNTNPLCDLTPIFKDYEKYLANIEQQHXXXX	0
VKTIHDLHLFIENIDFNKSGSSTASWIQNVDTKYQ	LLKSDTNGNMFINIDFNKSGSSTASWIQXXXXXXX	0
PKMIAKNVLGLVPQALPKADGRAGLGTGGQKVNGA	PGHQSKNVLGLVPQALPKADGRAGLGTGKXXXXXX	1
QKAHGILARRPSYRKILKDLSSEDTRGRKGDGENS	XKAHGILARRPSYRKILKDLSSEDTRGRKGDGENS	1
FPGTYTITIKYGGHPVPKFPTRVHVQPAVDTSGVK	IEILYTITIKYGGHPVPKFPTRVXXXXXXXXXXXX	0
DTPAKNAQKSNQNGKDSKPSSTPRSKGQESFKKQE	GSGPKNAQKSNQNGKDSKPSSTPRSKGQESFKKXX	1
TENSGEALAKVEDSNPQKTSATKNCLKNLSSHWLM	XXXXXXALAKVEDSNPQKTSATKNCLKNLSSHKET	1
EKRTLEGELHDLRGQVAKLEAALGEAKKQLQDEML	XXXTLEGELHDLRGQVAKLEAALGEAKKQLQDTVT	1
FSGWYDADLSPAGHEEAKRGGQALRDAGYEFDICF	XXXIRHGELSPAGHEEAKRGGQALRDRAIRTLWTV	1
LKGEFVTTVQQRGAAVIKARKLSSAMSAAKAICDH	HSSEFVTTVQQRGAAVIKARKLSSAMSAAXXXXXX	1
VTEFLQQKLKQSQLLALKKELMVQKQQEALEEQAA	FGVGIDWILKQSQLLALKKELMVQKQQXXXXXXXX	0
HLQQGGAPTPFDRNYGTKLGVKAMLWLSEKLREVY	VRSARTLILPFDRNYGTKLGVKAMLIGLVXXXXXX	1
VALYEEPEKPNSALDFLKHHLGAATPENPEIELLR	VALYEEPEKPNSALDFLKHHLGAATPENPEIEXXX	0
PTIAIVTKVNQIQDHLLKKHDIELYMHLNRLEIAP	XXXXXXXKVNQIQDHLLKKHDIELYMHLNRLEIAP	0
ESTANMDNNQSQKTFKNKETLIIEPEKNASRIESL	AGYDVNLKKQSQKTFKNKETLIIEPATIPVXXXXX	1
VLVFKLTADFREDPDPRKVNLGVGAYRTDDCHPWV	XXXXXLTADFREDPDPRKVNLGVDCVEYLVNEKHI	1
TKKVPIVQPSFGAEDLGKSLEDTKKLQEKWSLKTP	XXKVPIVQPSFGAEDLGKSLEDTKKLQELKDKIAE	0
KPTFIKGIGAGGSITGLKFNPLNTNQFYASSMEGT	XSLAWHPVAVGILITGLKFNPLNTNQFYASTRLQD	0
RKFKDNTEPGHFQTLLQKALEKQNPASKQIELDLL	XXXXXXTEPGHFQTLLQKALEKQNPASKIQKLRNV	0
YPVMIKASEGGGGKGIRKVNNADDFPNLFRQVQAE	GLAVGYPVMIKAGKGIRKVNNADDFPNLFRQVIFV	1
MPGKVIDIKVVAGAKVAKGQPLCVLSAMKMETVVT	KGQIGAPIKVVAGAKVAKGQPLCVTVVTSPMEGTV	1
MEVPKKLTEWFKKAFSLKTSTSAVRHAYLQCMLAS	EGTLVHAVEWFKKAFSLKTSTSAVRHAYLLQTKPT	1
GASAEDKELAKRSKELEKKLQEDADKEAKTVKLLL	XASAEDKELAKRSKELEKKLQEDADKEAKTVKKFS	1
VDFQKTMKVTGVTTQGVKSLLTSMYVKEFLISSSQ	ARLHLQGRSNAWRTQGVKSLLTSMYVNQDSFTPWV	0
TTEEEFVEGIYKVEIDTKSYWKALGISPFHEHAEV	DAVAINVAVHKTVEIDTKSYWKALGISPFHEHAEA	1
LFTAIGYSESTHNLTLPKQYVAHIMTLKLVSTSVT	XAESELKTPKTHNLTLPKQYVAHIVSQRPGAQALK	0
ETEDYRQFRKSVLADQGKSFATASHRNTEEEGLKY	ETEDYRQFRKSVLADQGKSFATASHRNYWARGSPK	1
LRLDERSFLALDWDPDLKKRYFDENAAEDFEKHES	VKISKRLFTFLDWDPDLKKRYFDENAAXXXXXXXX	0
SYPPARPASTLNVAGPFKGPQAAVASQNYTPKPTV	PYSAVRPASTLNVAGPFKGPQAAVASQNYTKSGVT	0
DFPRGHVEELSISHQSLKTAFSSLSNVSSERTKQI	RKDMKLAEELSISHQSLKTAFSSLSNVXXXXXXXX	0
VAPEEHPTLLTEAPLNPKANREKMTQIMFETFNVP	XXIGIITNWLTEAPLNPKANREKMTQIMYVAIQAP	1
IIPRHLQLAIRNDEELNKLLGRVTIAQGGVLPNIQ	AAPRHLQLAIRNDEELNKLLGRVTIAQGGVLPNXX	1
NEKEESFSILCIAHPLEKRESSEEPLAPSDPFSLK	LGAGFACLLSVIAHPLEKRESSEPXXXXXXXXXXX	0
LALEKERNKFSELWIVEKGIKDVETEDLEDKMETS	WPKTLKLLEFSELWIVEKGIKDVETXXXXXXXXXX	0
FSSGLAIAMYHLDNHPEKQFSTDVLKQAIELSPDN	XNEKLAIAMYHLDNHPEKQFSTDVLKQAVKVLLGL	0
EVDGNSFEASGPSKKTAKLHVAVKVLQDMGLPTGA	MSVEVSFEASGPSKKTAKLHVAVKVLXXXXXXXXX	1
DQSGDFQTVTFEGPEIRKIFYGSFHKLHIVVSETL	LPLDNGGKTLFEGPEIRKIFYGSFHKLHVVIDCKQ	1
FTVGEECELETMTGEKVKTVVQLEGDNKLVTTFKN	FTVGEECELETMTGEKVKTVVQLLVTTFKNIKSVM	1
WLAEHKPLVLCGPPGSGKTMTLFSALRALPDMEVV	XVDTHELLVLCGPPGSGKTMTLFSALFCDEVGACN	0
TEYSFLKEVRNCLTNTAKCKILIFQTDFEDGIRSA	TGRAPKPTVRNCLTNTAKCKILIIRENEDRIFVXX	0
LINRLEKHYLDINTVLEKWQKSIVEELCAWVEKFI	XXXEEVSPMLDINTVLEKWQKSIVEELCDCASVVL	0
NKLEQVEKELLRVAQILKEPKVAASVLNPYVKRSI	XXXXXXEKELLRVAQILKEPKVAASVLNKSLNDIT	1
ELLSARDEILLLHQAAAKVASERDTDIASLQEELK	ELLSARDEILLLHQAAAKVASERDTDIASLQEELK	0
AVATAQQQYDSDTSCHYKVELSYENFITSGPDPHP	XXXXXXXXXXXDTSCHYKVELSVSCKESQGFYPRT	0
LKYPIEHGIITNWDDMEKIWHHTFYNELRVAPEEH	VGEALKYPIITNWDDMEKIWHHTFYNEMIMTFXXX	1
MNIGLRVFLVIADSLQQKDGEPPMPTTGVILPSGN	IAQERLVFLVIADSLQQKDGEPPVKIFLNKTLEEA	0
LGLPPDVQRVDAAFNWSKNKKTYIFAGDKFWRYNE	XXXXXXQYEAPQAFNWSKNKKTYIRYNEVAWVVDL	0
PETLTHAVGMSESPIGPKSTMLRADASSTPSFQQA	HDLHSVAVGMSESPIGPKSTMLRADASSTXXXXXX	0
QKLQELENRLSLQDGTLKKILALAKSVKQNTSSVG	CVTDLNTLRLSLQDGTLKKILALAKSVKIKDIKSL	0
GNMGKILPEYLSNWTMEKVRREGVKVMPNAIVQSV	ACAGRQGNMYLSNWTMEKVRREGVKVDLGPDVGYD	0
FIKLLLSIPHSDLLDYPKLSQSYYSLLEVLTQDHM	ISICFSMKLISDLLDYPKLSQSYYSLLGALDTMVC	0
DGLALPNNYCDFCLGDSKINKKTGQPEELVSCSDC	XXXXLPNNYCDFCLGDSKINKKTGQPEELVSCGRS	0
EGYRLVYEPCSPVDGVSKIVTVDVKGNSPLWLKVK	SVVRLVYEPCSPVDGVSKIVTVDKVKDLAEGVTYR	0
AELWKVLDVSDLESVTSKEIRQALELRLGLPLQQY	IELWKVLDVSDLESVTSKEIRQALELRLLPLQQYR	0
CRVKIYTFNQSRYPRINKESLLPVAKDVSYSGENT	MFVLRLESVFFLYPRINKESLLPVAEAWYIVNAKT	1
ERLEALDANSRKQEAEWKEKAIKELEEWYARQDEQ	ERLEALDANSRKQEAEWKEKAIKELEEWYARQDEQ	1
ASLGLDRLKSALLALGLKCGGTLEERAQRLFSTKG	AGAHLDRLKSALLALGLKCGGTLEERAQRLFSTLL	0
VAVSDGVIKVFNDMKVRKSSTPEEVKKRKKAVLFC	XXXXXXXIKVFNDMKVRKSSTPEEVKKRKKAVILV	1
SSRLHIMAGRRLWWLDLKSGAQATWTELPWPHEKV	AFICPGSSRLHIWWLDLKSGAQATWTXXXXXXXXX	0
EVVEEPQSRRTRMSLGTKGLKVNLFPGLSPSALKA	GPQRNDRVSGTRMSLGTKGLKVNLFPGLSPSALKA	1
ALTEDQVPALKTEAPLAKDGVLTLANNVTPAKDVP	XLTEDQVPALKTEAPLAKDGVLTLANNVTPAKDVP	1
YLIRLAAGHLVQLPAGVKSPPYIFSPIPFLGHAIA	XXXXXXXXHLVQLPAGVKSPPYIYGPVFSFTFTYL	0
PEKVNAVKEAIVNFVNQKLDRLGLSVQNLDTQFAD	XXXXXXXXEAIVNFVNQKLDRLGLSVQLVILLLLI	0
SAQLIASAKYSVINEINKIRENEDRIFVYFITKLS	VRNCLTNKKYSVINEINKIRENEDRIVXXXXXXXX	0
TQPGGGKRKGKAQYVLAKRARRCDAGGPRQLEPGL	XXXXXGKRKGKAQYVLAKRARRCDAGGPRQDQLKE	1
ALLRRLVRIGVLDEGKMKLDYILGLKIEDFLERRL	NALLRRLVRGVLDEGKMKLDYILGLXXXXXXXXXX	1
LAKMSSVKLRLLCSQVLKELLGQGIDYEKILKLTA	XXXXXXXXLRLLCSQVLKELLGQGIDYEKIVALSF	0
HSGELWKGRWQGNDIVVKVLKVRDWSTRKSRDFNE	FTKLNENSGELWKGIVVKVLKVVLGACQSHPTLIT	0
STGAAKAVGKVIPELNGKLTGMAFRVPTANVSVVD	MTGAAKAVGKVIPELNGKLTGMLTCRLEFXXXXXX	1
MIYASSKDAIKKKLTGIKHELQANCYEEVKDRCTL	EDLVFIFKDIKKKLTGIKHELQTLAEKLGGVXXXX	1
KEAEFGQGTGPIWLNEVKCKGNESSLWDCPARRWG	DLDDAQVVCAFKWLNEVKCKGNESSLWDCPARRWS	0
IIICLSIIIAFLFINQKKQWIPLLCWYRTPTKPSS	IIICLSIIIAFLFINQKKQWIPLLCWXXXXXXXXX	0
KPECLEAYNKICQEVLPKIHEDKHYPCTLVGTWNT	XXXXXXXXNKICQEVLPKIHEDKHYPCTLVGTHLW	0
YERQYEQQTYQVIPEVIKNFIQYFHKTVSDLIDQK	XXXXXXXXXYQVIPEVIKNFIQYFHKTVISWKLTR	0
PVTAQETTRPVPAPTNLKITEVTSEGFRGTWDHGA	XXXXXXXXXXXXAPTNLKITEVTGFRGTWDHGYIT	0
LLHVTDTGVGMTREELVKNLGTIAKSGTSEFLNKM	XXXXXXXXVGMTREELVKNLGTIAKSGTSEFFGVG	1
SYLTVCLKLHEAICSSTKLLKFYELPALSAEIVCR	QVLNTQDVVHEAICSSTKLLKFYELPAATKRWLRE	0
TVEEVHSRFQSLNADINKRGASYILKLANRLYGEK	XXXXXFSRFQSLNADINKRGASYILKLAKTYGIYF	1
KMSDIYVKGWMIGFEEHKQKTDVHYRSLGGEGNFN	LRCIIYVKGWMIGFEEHKQKTDWRFIFPFARVVFQ	0
QRHMKIIDETMAQLQDLKNQHLAKKSEVNDKNHEM	DSELNIIDETMAQLQDLKNQHLAKKSEVNXXXXXX	0
NHLQLEGLFFTNGEHTSKATLELSPWQMSALVQVH	ENFAGYSLWEHSTEHTSKATLESALVQVHALGQEV	0
NEMTLADCNLLPKLHIVKVVAKKYRNFDIPKEMTG	FKFSYILLLLLPKLHIVKVVAKKYRNFDIPKMIWY	1
VEKNVATWKSNTFYSAGKNYLLRMCNDLLRRLSKS	LGVNVATWKSNTFYSAGKNYLLRMCNFLARLFPLS	0
KQDLKETFIDSGVMSAIKEWLSPLPDRSLPALKIR	XXIMNEAAEKIGVMSAIKEWLSPLLPIRLLILTLK	0
YRAYLAQRKFGVVLDEIKPSSAPELQAVRMFADYL	DVFLYRYLKFGVVLDEIKPSSAPELQAVRMFADYL	0
KYFSTCKNWYKKSICGQKTTVLYECCPGYMRMEGM	KYFSTCKNWYKKSICGQKTTVLYEIMGGGCDGDSI	1
QLLFKHFSQRAEVLQAFKQVQLLVSNQDVDNYKQI	XXXIIAASQRAEVLQAFKQVQLLRLLKNMGIIEKL	0
LYQGEKKLEEILPLGPNKALFYKGMASYLLPGQKS	MFFGEKKLEEILPLGPNKALFYKGMASWFFQKGPE	0
SCARGVCHIPMAEPFCPKTREVLIETAKKLGLRCH	XXXXVTHVIIIDEPFCPKTREVLIETSKICYASTI	0
RYYTPTISRERAVELLRKCLEELQKRFILNLPTFS	TLSILDRYYERAVELLRKCLEELQKRFPTFVISFX	1
LGFSEPTVVTAALNCVGKGMDKKKAADHLKPFLDD	LDELKITVVTAALNCVGKGMDKKKAADHLVLFEAV	0
FLVQKSAEKSQKLKEANKQQNFNTGIKDFDFWLSE	PTNIQSKHQSQKLKEANKQQNFNTGIDLNSQADSL	1
GAARLRAVDFAERHGYIKGIVKDIIHDPGRGAPLA	XXXXXXLRDFAERHGYIKGIVKKVVFRDPKRTEFG	1
AILKDSISSYEAQITALKQERQQQQQDCEEKEREL	XXXKDSISSYEAQITALKQERQQQQQDCEEKGQLR	0
TDLNSMIPTHGGDINDIKKARLLLKSVRETNPHHP	XXXQTGEPTHGGDINDIKKARLLLKSVREAWIASA	0
KLTGIKHELQANCYEEVKDRCTLAEKLGGSAVISL	YAVIFWAPLQANCYEEVKDRCTLAEKLEKPLXXXX	1
RATNKYGTDHTSATLIVKDEKSLVEESQLPEGRKG	PAYGVAYSRDSGITLIVKDEKSLVEXXXXXXXXXX	0
VIPVLQRTLHYECIVLVKQFRPPMGGYCIEFPAGL	XXXXXXXXXXXXAIVLVKQFRPMGGYCIEFPAGLE	0
LPAYLATSPIPTEDQFFKDIDTPLVKSGGDETPSQ	KVEETETSPIPTEDQFFKDIDTPLVKSFSHGSTTS	0
NGILRVTAEDKGTGNKNKITITNDQNRLTPEEIER	TFEILRVTAEDKTGNKNKITITNDXXXXXXXXXXX	1
SRWQEYQSRVDSLIPWIKQHTILMSDKTFPQNPVE	XXXXXXXXRVDSLIPWIKQHTILMSDFKEIKEEKG	0
SKSYTDYRVGTALPGKFKIVLDSDAAEYGGHQRLD	XXXLYGLLFIVTLPGKFKIVLDLDHSTDFFSSLLV	1
ANTNTCNKYGVSGYPTLKIFRDGEEAGAYDGPRTA	PLAKVTCKYGVSGYPTLKIFRDGEEAGAYDGRIHL	1
EPQNRSKMNIPFRIGNAKGDDALEKRFLDKALELN	QGFYVCPVEIPFRIGNAKGDDALEKFKGHRSVGGI	1
PAPRPPQDLIGLRLAQEKALKRQLEEEQKLKPGGV	ITEDKPQDLIGLRLAQEKALKRQLEEEQKLPGIFI	1
ADNFNDILKHLLTLADVKHVFRLCGTDEKILANVT	SILQGLVISHLLTLADVKHVFRLCGTIADLHKNQF	0
YHGAPFRRCVDEGLLDCKRVVQIGIRGSSTTLDPY	GPVGLLHFRCVDGLLDCKRVVQIYNRSQGFRVVEV	1
VLSKTKEAGKILSNNPSKGLALGIAKAWELYGSPN	XXXLSFGGLASRSNNPSKGLALGIAKDQRAIENEL	1
GDLGNSRFLDPRNKISFKFDHLRKEASDPQPEEAD	TEGDLGNSRFLDPKISFKFDHLRKEASDPQPEXXX	1
ARSNASLTNNQNLIQSLKEDLNKVRTEKETIQKDL	XXXXASLTNNQNLIQSLKEDLNKVRTEKETIQSTP	0
LIFVVPHQFIGKICDQLKGHLKANATGISLIKGVD	AAEDADLFFIGKICDQLKGHLKANATGSEVIGERL	1
ENESLKAHVQEVAQHNLKEASSASQFEELEIVLKE	ENESLKAHVQEVAQHNLKEASSASQFEELEIVLKE	0
RQEELRRMEELHNQEMQKRKEMQLRQEEERRRREE	RQEELRRMEELHNQEMQKRKEMQLRQEEERRRREE	1
PGCPSPCGKYISCAECLKFEKGPFGKNCSAACPGL	XXXXXXXXXYISCAECLKFEKGPFGKNCSCLQLSN	0
SLQLPMEKAIETALDCLKSANTEPYYRRQAWEVIK	XXXXXXXXSIETALDCLKSANTEPYRRQAWIQALT	0
KTDLEKDIISDTSGDFRKLMVALAKGRRAEDGSVI	IICLEKDIISDTSGDFRKLMVALAKGDVPKWISIM	1
GKMFVGGLSWDTSKKDLKDYFTKFGEVVDCTIKMD	XXXEGIKMFVLTSKKDLKDYFTKFGEVVDCTIFGF	1
GFCFKLFHPLEQSIWAVKGPKGEAVGSITQPLPSS	LIYGQWVGTVLLSIWAVKGPKGEAVGSITSFXXXX	0
TKKVPIVQPSFGAEDLGKSLEDTKKLQEKWSLKTP	XXKVPIVQPSFGAEDLGKSLEDTKKLQELKDKIAE	0
ISFAKDFLAGGIAAAISKTAVAPIERVKLLLQVQH	XXXXXXXXXGGIAAAISKTAVAPIERFWRGNLANV	1
PLPPGAFSGLWKNQEAFKHLYFEKFPGYYDTMDAG	VVLPLAFSGLWKNQEAFKHLYFEKFPGYYDTMXXX	1
ERELRKREKAEEKERRRKEYDALKAAKREQEKKPK	ERELRKREKAEEKERRRKEYDALKAAKREQEKKPP	1
RSAMRAVAALLTIPEAEKSPLMSEFQSQISSNPEL	GHRLQRLDVLLTIPEAEKSPLMSEFQSXXXXXXXX	0
GDSGVGKTSLMNQYVNKKFSNQYKATIGADFLTKE	XXXXVGKTSLMNQYVNKKFSNQYKATDFLTKIDNK	1
AVSTHPDAMNQQLETAQKMKQEIQQEKKQIKVAQA	NKLSSSLAMNQQLETAQKMKQEIQQEKVEQKAENH	0
PGRPGGGGEMENTLQLIKFHLANRTVVDSSVFPAE	WGQLVYGGFLYFARQLIKFHLANRTVVDSSVFLLL	0
VPFREYQCHVDSCLQLAKADQGDGPEGSGRACSTV	LVPFEYQCHVDSCLQLAKADQGDGPEGSGRACSTH	0
QQKKEEESAGGTKGSSKKASAAQLRIQKDINELNL	QQKKEEESAGGTKGSSKKASAAQLRIQKDINPDDL	1
CTYFSDKDPGGLLLLPEKNDLAKMNISEVLAVMDT	XXSEEEKDPGGLLLLPEKNDLAKMNISLLSWCYLQ	0
TSQSHQTASAVSKVSTNKAGLQTADKYAALANLDN	TSQSHQTASAVSKVSTNKAGLQTADKYAALANLDN	1
LTTMGFRLSPQAVNSIAKRYSTNGKITFDDYIACC	LQKALTFLSPQAVNSIAKRYSTNGKITFDDYIACC	1
EVHMPSGKTATPEIVDNKDGTVTVRYAPTEVGLHE	PFAVRKGEITGPEIVDNKDGTVTVRYIKYMSHIPE	1
DAIRRLRLRGGSPLNTGKALEFVARNLFVKSAGSR	SVQFSNDVFPGSPLNTGKALEFVARNLLKSQDDVS	0
DNCSLMYLNEATLLHNIKVRYSKDRIYTYVANILI	DGFQSKKDVEATLLHNIKVRYSKDRIYTIAVNPIP	0
HEERVSNALHSVEVELQKLTEIPWLYYILHPNEDE	ATIAIVKYLHSVEVELQKLTEIPWLYYILHXXXXX	0
SNGKPADAVYGQKEIHRKVMSQNFTNCHTKIRHVD	HGGLDADAVYGQKEIHRKVMSQNFTNDIFXXXXXX	1
DGRGALQNIIPASTGAAKAVGKVIPELNGKLTGMA	TNCLAAEGLMTTSTGAAKAVGKVIPELNGKLTGMA	1
QYSDRTRPEFYLNSYMNKQDVVNAVRQLTLLGGPT	GQDRVRVAVFYLNSYMNKQDVVNAVRQSXXXXXXX	0
PAGWQVGGAQGCGECVSKPCPSPCTPEQQESFGGP	TCHSQAVSAQGCGECVSKPCPSPEPNSHYELCADL	0
AGEATLQRIYSLWEHSTKNHLQLEGLFFTNGEHTS	GTSKIIWNLEVKEEHSTKNHLQFTNGEHTSVHASQ	0
PGLSVSGPQGHLESGSGKVTFPKMKIPKFTFSGRE	PEINNLKGPSHLESGSGKVTFPKMKXXXXXXXXXX	0
IIKTDFSKVFHGNESLWKNFKEHHQLQRIGESEDC	GIIKTFSKVFHGNESLWKNFKEHHQLQRIGEAGYS	1
LEGLEAENKVDVYGYVVKLRRQRCLMVQVEAQYIL	EPRVGTIGAMDVYGYVVKLRRQRCLMVXXXXXXXX	0
KHADGLCHRLTTVCPTSKPQTQGLAKDAWEIPRES	IPSNYVAAEWYFLCPTSKPQTQGLTREEYMGENVX	0
DRSLLKTYEQVLENLESKRFQLVDSRSQGRFLGTE	XXXXXKTYEQVLENLESKRFQLVDHIRGAVNKVDL	1
AIAVVKKSASDLTWDNLKGKKSCHTAVGRTAGWNI	XXXXXXXAVADLTWDNLKGKKSCPMLLYNKINHCR	1
RLSASASSKELLMKLRRKTGYSFVNCKKALETCGG	XXXXXXSSKELLMKLRRKTGYSFVNCKKALECGDL	1
APAKESPRKGAAPAPPGKTGPAVAKAQAGKREEDS	XXXKESPRKGAAPAPPGKTGPAVAKAQAGKRGEAP	1
KRTKYDNLHLEDLFIGNKVNVFSRQLVLIDYGDQY	IAEWYLNLHLEDLFIGNKVNVSRQLVLIDITKPSF	0
YPVQTRTCRSTGSWSTLKTQDQKTVRKAECRAIHC	YYPYPVQTRTCRSWSTLKTQDQKTVRKAECRGLDS	1
IQEPSNGTAASEPRPLSKASQGSQALKSSQGSRSS	KSESSASTAASEPRPLSKASQGSQALKSSXXXXXX	1
CTGSSTRHIVTFDGQNFKLTGSCSYVLFQNKEQDL	XXXTGSSTRHIVTGQNFKLTGSCYLNQGLCFTDWK	0
DPFGSRGEFEGFVAVVNKAMSAKFERLVASAEQLL	REAFRLLKGPIVEAVVNKAMSAKFERLVDFTSLDV	0
EDKVEGYKKTKEAVLLLKKLKAWNDIKKVYASQRM	IEEVPELVVTKEAVLLLKKLKAWNDIKKVGPIAFI	1
LKAVDPSSVALVTLGSSKEMLFEGGPRPWILEPSK	XXXXXXDPVALVTLGSSKEMLIGLALWILVTCQIV	0
VRGYPTLKLFKPGQEAVKYQGPRDFQTLENWMLQT	QGVRGYPTLKLFKQEAVKYQGPRLWMLQTLAPWCT	1
PPLPPRLECAAAGPQSLKLKWGDSNSKTHAAEDIV	XXXXXRLECAAAGPQSLKLKWGLQLIYSHTYKVQR	0
SGLSFSQPSCKTRVPHSKLDKGPTGANGHNTTQTI	AVPSLPVSECKTRVPHSKLDKGPTGANGHNTTRPY	1
EAQESVTKTTNYSTVPQKQTLPVAPRTRTSQEELL	TVWHGVTKTTNYSTVPQKQTLPVAPRTPSPPGYMX	1
KEKELETGPKASHGYGGKFGVEQDRMDKSAVGHEY	KEKELETGPKASHGYGGKFGVEQDRMDKSAVGHEY	1
SLKQDLLSTLKNKSVTQKTEAWLDNFARCWDNLVQ	SLKQDLLSTLKNKSVTQKTEAWLDNFARCWDNLVQ	0
SDPTTSTMKLSWSGAPGKVKQYLVTYTPVAGGETQ	DTTEEVRGNPRWSGAPGKVKQYLVRGDTTVTALYA	0
KWQNVHFHRSGSPTVPIKPPCIPNGKENFSGGTSL	DGSGMKTMQSGSPTVPIKPPCIPNLQNIXXXXXXX	0
KGRILDDDTIITTLENLKREAAEVTRKVEETDIVM	EKSLLQALTIITTLENLKREAAEVTRKXXXXXXXX	0
FGKDKSKEFQLFSSPHGKDLLFKDSAHGFLKVPPR	GAFKSTIENQLFSSPHGKDLLFKDSAXXXXXXXXX	1
DKQPYEKKAAKLKEKYEKDIAAYRAKGKPDAAKKG	FFLPYEKKAAKLKEKYEKDIAAYRAKGKPDAXXXX	1
FLRIQDTIEITGTFKHRKMTLVEEGFNPAVIKDAL	RGMASIRQTIEITFKHRKMTLVEEGFXXXXXXXXX	1
KEEPKEEKVVKTESVLIKRRLSAQGQAISVVGSLS	DMSAGDVEVVKTESVLIKRRLSAQGQAISSPVHPN	1
KSEEPAGQILSHLSSELKEMSTSNFESSPEVEERP	XELMEVVEILSHLSSELKEMSTSNFELTLDQSQSA	0
MEKCDENILWLDYKNICKVVEVGSKIYVDDGLISL	XXXXIITLDWLDYKNICKVVEVGSKIQVKQKGADF	1
EEERRAELRANGKVITNKAVKGKYKFLQKYYHRGA	XXXXXRELRANGKVITNKAVKGKYKQKYYHRGAFF	1
KEPHFQSLLEAHDIVASKCYDSPPSSPEMNNSSIN	VNPHFQSLLEAHDIVASKCYDSPPSSPFKMXXXXX	0
RVCTPTTGRAVLLTQDTKCFTKALSGMRHVWRKVD	KKRNWNLYPCLLLTQDTKCFTKALSGMRKTVWLRA	0
RNLPYKITAEEMYDIFGKYGPIRQIRVGNTPETRG	XXXRILITAEEMYDIFGKYGPIRQIVVYEDIFDAK	0
KANKRLRYVDQVLQLVYKDGSPCPSKSGLSYKSVI	GACISVGKANKRLQLVYKDGSPCGLSYKSVITCTL	0
TQKRKLRIYISNTFSPSKAEGDSAGTAGTPGGTPA	XXXXXXXXXXXNTFSPSKAEGDSAGTAGTPAGDKV	0
YPGPSHRIKKTVQVEQSKVLIKEGGVQLLLTIVDT	MVSINLFLTDLYSVEQSKVLIKQLLLTIVDTKPDN	1
MQETKIKGEKVEQKIEGKWVNEKKAQEDKLQTAVL	MQETKIKGEKVEQKIEGKWVNEKKAQEDKLQTAVL	1
EKLPPVLVLHLKRFVYEKTGGCQKLIKNIEYPVDL	PQADDIQSDQGKRFVYEKTGGCQKLINSATGXXXX	1
LYITIKLLDPFPDHVVFKDLRITQQKIKYSRGPFS	YLVIDKILDPFPDHVVFKDLRITQQKIKEDXXXXX	0
HYDDSVLLGSWLQETDHKSIEDQLQPNSASGSGAL	YRCSFIRAGSWLQETDHKSIEDQLQSGSGGEASHL	0
KTGTITTFEHAHNMRVMKFSVSPVVRVAVEAKNPA	VRQAIAELLSPKTMRVMKFSVSPPMDIDKGESTGX	1
TAAASLGSAQPTDLGAHKRPASVSSSAAVEHEQRE	XXXXXXGSAQPTDLGAHKRPASVSSSAASMNQTLS	1
PLEDSCFHYGFNSNYLKKVISYWRNEFDWKKQVEI	IDFRFTPPCFFNSNYLKKVISYWRNEFPVGAALEE	1
FFPSPEEPPSPSAPSIAKSGSLDSELSVSPKRNSI	LQQKKGTYPSPSAPSIAKSGSLDSELSVSPKXXXX	0
YVAEQAESIDNPLHEAAKRGNLSWLRECLDNRVGV	XXXXXXXXXDNPLHEAAKRGNLSWLRCVGLDASTA	0
AELTNRTHRFLEKAKALKISGVIGPYRETVDSVER	XELTNRTHRFLEKAKALKISGVIGPYRETVDRGLD	1
LKEKIDRRSGKKLEDNPKSLKSGDAAIVEMVPGKP	SKFAELKEKIDKLEDNPKSLKSGDAAIVEMAXXXX	1
AAQQELRSKREQEVNILKKTLEEEAKTHEAQIQEM	LAQQELRSKREQEVNILKKTLEEEAKTHEAQIQEX	1
KNQVLTLEEWQDKWVNGKTAFHQEQGHQLLKKHLD	XXXXLTLEEWQDKWVNGKTAFHQELCGKAEISELG	1
VGLMNKFVEDTKKGVHQKEGWPSSAYGVTKIGVTV	FGLMNKFVEDTKKGVHQKEGWPSSAGVXXXXXXXX	1
LSRIHTIPTVPIVDCFQKIRQQVKCYLQLAGVMGK	LDILSRIHIVPIVDCFQKIRQQVKCYVITMFXXXX	0
EDENRSVSGFLHFDTATKVRRKILNILDSIDFSQE	HLLLDDMPVKLHFDTATKVRRKILNILDSDRQLII	0
SVGEVMAIGRTFEESFQKALRMCHPSIEGFTPRLP	XVTKIVMAIGTFEESFQKALRMCHPIEGFKEIGFS	1
HSRQLVSKPLSSSVSNNKRIVSTKGKSATEYKNEE	XXSQLVSKPLSSSVSNNKRIVSTKGKSATEAGMSA	1
GSLLAKTGQAAELGGLLKYVRPFLNSISKAKAARL	XXHVKILLGAAELGGLLKYVRPFLNALVRSLLFQE	0
AVDKSTGKENKITITNDKGRLSKEDIERMVQEAEK	AQVYNLLGKFEITITNDKGRLSKEDIXXXXXXXXX	1
NNQSVGIEGGARKGVSQKNNDLTSCCFSDAKTMYE	LLDNQSVGIEARKGVSQKNNDLTSCCAAFLKCVEH	1
HPDIIRSVINASAAIAPKDKFFYSFLEPWLGDGLL	XXXXXXXXVIASAAIAPKDKFFYSFLEDGLLLSAG	1
SAHLYNNEEQVGLAIRSKIADGSVKREDIFYTSKL	EAGFRHIEEQVGLAIRSKIADGSVKREDIFYLQLX	1
VSSDPEINTKKINPENSKLSDLDSETRSMVEKMMY	EQLGNQTLSKMINPENSKLSDLDSETRSMVEKMMY	1
SKRFKSHTDQLVLIFAGKILKDQDTLSQHGIHDGL	TVKTSVQFKQLVLIFAGKILKDQDTLSQHGIHLTV	0
KLLEDDFWADVSTLHVQKIISAISELLERLKSYGE	AIRAILCAINVSTLHVQKIISAISELLLYSVXXXX	0
GPGNVQKEVSSSFDHVIKETTREMIARSAATLITH	SDKGEEKEVSSSFDHVIKETTREMIARSILWLCNS	1
SGPKPFSAPKPQTSPSPKRATKKEPAVLELEGKKW	XXQSGPVRSGPQTSPSPKRATKKEPAENQENVSYK	1
CCPQYTIRCRPLQFQPSKSHKKVLKKMLKFLAKGE	XXXXXXXXXXXXQFQPSKSHKKVLKKMLKDEPMDQ	0
REACETVGATLETLHFGKLDFGETTVLDRFYNADI	XXXAYVINEASETLHFGKLDFGETTVLDRFYVERS	0
LERGLRGTHMENVYDFYKPNLASEYPIVDGKLSIQ	NACYDIAVYPANVYDFYKPNLASEYPIVDGSYGSG	1
AAPITVRAYLNQTVTEFKQLISKAIHLPAETMRIV	XXXXXVVVRAYQTVTEFKQLISKAIHLPAETMRIV	0
RSLYNVNGLKAQPWWTPKETGYTELVKSLERNWKL	XXXXXXXXLKAQPWWTPKETGYTELVKSLEFETRL	1
HEHWGLDDPADVMTFSKKMMTGGFFHKEEFRPNAP	LCGEVQTGGGCFWTFSKKMMTGGKNLLAVIIRPTL	1
VMKDLSQNFPTKARAITKTAVSSELRTEVEENQKY	AARILASLFPTKARAITKTAVSSRVSLMXXXXXXX	1
MKPWFEVGDENSGWSAQKVTNLHLMLQLVRVLVSP	EDCLWFEVGENSGWSAQKVTNLHLMLGVPADILXX	0
ESINTVKDLPLPRFVASKNEQESRHAASYSSDSEN	LFRAAQLPNQLPRFVASKNEQESRHAASYSSDXXX	1
HQLSSRRLLNFDTELSTKEMRNNWEKEIAAVISPE	DRTQTGHDRNFDTELSTKEMRNNWEKXXXXXXXXX	0
DAFRSEKSRQELNTIASKPPRDHVFQVNNFEALKT	RGVIRYVIRQELNTIASKPPRDHVFKIAITGSSSR	0
AITELSFSREYTAAVEAKQVAQQEAQRAQFLVEKA	ITQRLSFSREYTAAVEAKQVAQQEAQRAQFLVXXX	1
SNMADGDSFNEMNSRRRKAQFFLGTTNKRAKTVVL	RAIVQDQGCNEMNSRRRKAQFFLGTTNGSHPEGGA	1
SQPPTPVSQRSEEQKSKKGPDGLALPNNYCDFCLG	XXXXXXXQTRSEEQKSKKGPDGLALPNNYCDLVSC	0
TGPLSSCHKLVDPQGPLKDCIFDLCLGGGNLSILC	KKYQKFCGLLSDPQGPLKDCIFDLCLLNIAYXXXX	0
EEELHKQRDRALAVLTEKDLELEQLRSVALASGLP	EEELHKQRDRALAVLTEKDLELEQLRSVALASGLG	0
KEDEEYKRVDFSKVPKLKTVFQKENGTVTAANAST	RNEQDAAIVDFSKVPKLKTVFQKENGTVTAANAST	1
KDETPLCTLLDWQDSLAKRCVCVSNTIRSLSFVPG	LEIQTHFELLDWQDSLAKRCVCVSNTWWWDCLEML	0
PEANFPSFPLPHHKHPLKPDNQPFPQSVSESCPGK	GEANFPSFPLPHHKHPLKPDNQPFPQXXXXXXXXX	0
EHASGDSVVSPLPVTTVKSVNLRQSENTSANEKEV	XXXXXXSVVSPLPVTTVKSVNLRQSENTSANEKEV	0
VRVEFMDDTSRSIIRNVKGPVREGDVLTLLESERE	TGSQGQCTQVRVIIRNVKGPVREGDVLTLLEREAR	1
LKDNVPKATGVLYDYVNKYHWEHTGLTLREVSSKL	DFSPAFKATGVLYDYVNKYHWEHTGLTLREVSYXX	0
WHLLSELEAAPYLPQEEKSPLFSVQREGLPEDGTL	XXXXXXXXXXXXLPQEEKSPLFLYRINRFSSISFF	0
ATGRPPSTEHAAPWIPDKATDICMRCTQTRFSALT	XXXXECRKKAQAPWIPDKATDICMRFSATRRHHGF	0
ATQWRPSLVPASAENVNKARSFAAGIQALGGTNIN	IVQWRPSLVPASAENVNKARSFAAGIXXXXXXXXX	0
LGPALLHRPLFAFPDAVKQILRKRQIRPHWMFVLD	LAVLELALNLFAFPDAVKQILRKRQIRPHWMFVLD	0
CTRDNANRIIKTTLQQEKPDFCFLEEDPGICRGYI	XXXXMANRIIKTTLQQEKPDFCFLFYNNQKQCMNN	0
TLYSNNITKLLKAISPDKDNFYFDVKDDFDFGTMG	VKQGFNITKLLKAISPDKDNFYFDTEXXXXXXXXX	1
LSIYMERAEDLPLRKGTKHLSPYATLTVGDSSHKT	XXXXXXRAEDLPLRKGTKHLSPYAKTISQTSAPVW	1
EYDNAIITMMNHPTDAWKEGQFKDIITKVANVELY	YDYNAIITMMNHPTDAWKEGQFKDIITAFYFKPLL	0
FIVPLTDLRIPSVQINFKDLKNIKIPSRFSTPEFT	SLQALQKATFQTVQINFKDLKNIKIXXXXXXXXXX	0
PRKGERRSSRVRQARAAKLSEGSQPAEEEEDQETP	XXXXXXXXSRVRQARAAKLSEGSQPAPSRNLSSSS	1
SVEGICSKIYHISLEYVKRIREKHLAILKENNISE	DPLLPSNCIYHISLEYVKRIREKHLAIEXXXXXXX	0
IAQGYDALSSMANIAGYKAVVLAANHFGRFFTGQI	XXXXXXXXXSMANIAGYKAVVLAANHAGLASAGAA	0
KADFQAERQAREKLAEKKELLQEQLEQLQREYSKL	KADFQAERQAREKLAEKKELLQEQLEQLQREYSKL	0
DCYSSKFLKHWDHLTQVKKPVIAAVNGYAFGGGCE	KTFEEDPVGAIDHLTQVKKPVIMCDIASKIVVAMA	1
INLDLPPYKRWHELMLDKAPVLKVIVNSLKNMINT	XXXXXVPWYRWHELMLDKAPVLKVIVGIAAVTDII	0
SEENHEPLRTQCALAASKLLKKPDQGRAVSTCAHL	SKAQLAAITTQCALAASKLLKKPDQGRAVSTCCKA	0
KMKGDYYRYLAEVATGEKRATVVESSEKAYSEAHE	QLKGDYYRYLAEVATGEKRATVVESSEKAFEIQXX	1
VGIKAANGVVLATEKKQKSILYDERSVHKVEPITK	XXXXXXXGGAPSTEKKQKSILYDERSVHKVYSGMG	1
VRPSLVAVALQMTPGFRKEDVYSCFRFLRDVFADE	XXPVLVAVALQMTPGFRKEDVYSCFRLFEEGCYLC	0
RNEQLEEIEKLYTQLEAKKAAIKPLEQTECLNKTE	MKNTEDEVEKLYTQLEAKKAAIKPLEIGYSAQHLD	0
EENEPVIYNRARFYVYNKKKRLVNTPYVDNSYKWA	GKKKNDFEQGLYFYVYNKKKRLVNTPYVGAVGANM	1
TQKLISSTESELQQSYAKQRRSKSAALLHKELNCK	VKTWLLRDESELQQSYAKQRRSKSAALISQDPGXX	0
LIAAQARLKDLEALLNSKEAALSTALSEKRTLEGE	LIAAQARLKDLEALLNSKEAALSTALSEKRTLEGE	1
KEKEKEKVSTAVLSITAKAKKKEKEKEKKEEEKME	KEKEKEKVSTAVLSITAKAKKKEKEKEKKEEEKME	1
PRVTVPLVRRVKTNVPVKLFARSTAVTTSSAKIKL	DYDRDPLVRRVKTNVPVKLFARSTAVTTSSXXXXX	1
IQSQVDSQHVGHSVLTAKGMALFGEGKAEFTGRHD	VYESFSKLEIQSQVLTAKGMALKAEFTGRHDNSLF	0
SGLLVYQGKGKFAIRPDKKSNPIIRTVKSVGMIAG	PRGPSGLLVYQFAIRPDKKSNPIIRECFVFXXXXX	1
LLDIYSFWLKSAKVPERKLQANGPVAKKAKKKASS	RRVIYSFWLKSAKVPERKLQANGPVAKRKRGSVQV	1
APRGLFDEYGSKKSDYIKLYVRRVFITDDFHDMMP	KYSQFFSKSILFKSDYIKLYVRVFITDDFHDMMNV	1
IVSASTTNQKLWAVELQKTISRDNKYVLLASEQLV	LTDWLLFIQKLWAVELQKTISRDNKYVLFVFIRPE	0
QDIKLLENVTQEQNELLKVVIKQTNEWDEEIENLK	LKHGEVLNVTQEQNELLKVVIKQTNEWDKLLVDLK	0
NSKKMNLGVGAYRDDNGKPYVLPSVRKAEAQIAAK	KSKKMNLGVGAYRDDNGKPYVLPKGLYGVMRIMMS	1
QLILDPIFKVFDAIMNFKKEETAKLIEKLDIKLDS	XLLQDPIFKVFDAIMNFKKEETAKLIEKLDILDKD	1
KIETQDIQALRFHRNLKKMTSPLEKYIYIMGIQER	XXXXXDIQALRFHRNLKKMTSPLEKYIYIMGIQLF	1
ENDLNLMDIKIGLLVKNKITLQDVVSHSKKLTKKN	XXXXXXXDIKIGLLVKNKITLQDVVYIKTCLDNLA	1
CGRAVGFSSGTENPHGVKAVTRGQRCAIALWFTLD	GNFYFTAKVAEVQPHGVKAVTRQRXXXXXXXXXXX	0
VPSSSLGTKTYTCNVDHKPSNTKVDKRVESKYGPP	VSWSGTPALYSLCNVDHKPSNTKVDKXXXXXXXXX	1
MANAKFNYGFEYLGVQDKLVQTPLTDRCYLTMTQA	RKLEHLITELVHLGVQDKLVQTTGESVKALGHQLG	0
DGIDDESYGQIFKPIISKVMEMYQPSAVVLQCGAD	IMTVYYAVFQIFKPIISKVMEMYQPVVTFKQRLFE	0
DVDECSLKPSICGTAVCKNIPGDFECECPEGYRYN	DVDECSLKPSICGTAVCKNIPGDFECECPEGYRYN	0
EGGAKLKKERAQLLVNPKKIIKKPEYDLEEDDQEV	XXXXXXXKERAQLLVNPKKIIKKPEYDLEDDQEVL	1
KLQMAEKLGAAAGFNYKKEDFSEATLKFTKGAGVN	TAGSQKKLQMAAGFNYKKEDFSEATLKFISYKNCG	1
HKLRVDKAAAAAAALQAKSDEKAAVAGKKPVVGKK	HKLRVDKAAAAAAALQAKSDEKAAVAGKKPVVGKK	1
AVGEKVVRDAFPEAIIVKPSDIFGREDRFLNSFAS	IHVSHLNANLKAGEIIVKPSDIPVVSGIKSFAFVG	0
SFLTRKYYFNNPEDGFFKKTKRKVVPPSPMTDPTM	LRSTRKYYFNNPEDGFFKKTKRKVDTNKAFKTEWE	0
DQITAVRKFIEMGFIDEKRIAIWGWSYGGYVSSLA	LLIMVIVRFIEMGFIDEKRIAILGTGLFKCGNVDL	0
EEIQQRLAQFVEHWKELKQLAAARGQRLEESLEYQ	AELAAHEPIFVEHWKELKQLAAARGQRXXXXXXXX	1
TEQSVALLEQKWHVVSSKMEERKSKLEEALNLATE	ELYSQLKEEQKWHVVSSKMEERKSKLEXXXXXXXX	0
RGFEGSFEELCRNKDVKKAILEDMVRLGKDSGLKP	VPLWARGFELCRNKDVKKAILEDMVRQVKGITLHL	1
TKEAVLLLKKLKAWNDIKKVYASQRMRAGKGKMRN	EVKAVLLLKKLKAWNDIKKVYASQRIQRRGPCFNI	1
NPLEMLRLDNTLEEIIFKLVPGLREQELERESEFW	YITYLIKPDNTLEEIIFKLVPGLREQEPQIDGPLY	0
KDAQVVQVVLDGLSNILKMAEDEAETIGNLIEECG	KDQVALIIVLDGLSNILKMAEDEAETIGILAEIID	0
LYEKFLEFGPENCTSWIKFAELETILGDIDRARAI	LFCRKLYEFLPNCTSWIKFAELETILRARIYAVLK	0
DALQELRAQHEDQVEQYKKELEKTYSAKLDNARQS	DALQELRAQHEDQVEQYKKELEKTYSAKLDNARQS	1
EKGMPVTARVVFVFGPDKKLKLSILYPATTGRNFD	SWGILNVKLILFVFGPDKKLKLSVLQAXXXXXXXX	1
SGPGGYVAAIKAAQLGFKTVCIEKNETLGGTCLNV	DADVTVYAAIKAAQLGFKTVCIFKQNKVVHVNIDT	1
VNLKVSPKRGRPAATEVKIPKPRGRPKMVKQPCPS	QSNAVSPKRGRPAATEVKIPKPRGRPKMVKQPCIV	1
ITQIKYNREGDLLFTVAKDPIVNVWYSVNGERLGT	XXXXXGHERSITQITVAKDPIVNHTGAVWCVTGSA	0
NCKYLRVNPVTALTLLEKMKDTSRKNNMFAQFRKN	QLTLGALLFVTALTLLEKMKDTSRKNKQIDVAXXX	0
YGVRTTDIFQTVDLWEGKDMAAVQRTLMALGSVAV	AFQKLMMIFQTVDLWEGKDMAAVQRXXXXXXXXXX	0
TDIIKCRVINTSHLSIHKTWEEARLHGAWTLHEDP	VHSRGGRVINTSHLSIHKTWEEKKEDEVLRDVFTD	0
KSSMPKKTAPEKSLVSDKTSISEKVLASEKTSLSE	IPPRRRLTAPEKSLVSDKTSISEKVLATVKGEKLE	1
ESITHALKHVSDDMKTHKNPALKAQSGPVRSGPKP	ESITHALKHVSDDMKTHKNPALKAQSGPVRSGPKP	1
RPRSAYNVYVAERFQEAKGDSPQEKLKTVKENWKN	XXRSAYNVYVAERFQEAKGDSPQEKLKTVKENWKN	1
SEQLDYLSRVQGFQVEYKDFPKNNKNEFVSLINCS	XXXXXXXXVSSLDQVEYKDFPKEFVSLINCSPLIS	0
AVKKDGSASAAAKKKLKKVDKIEELDQENEAALEN	KPNMLLESEAAAKKKLKKVDKIEELDXXXXXXXXX	1
ANKVMCHVRRVGGAFGGKVLKTGIIAAVTAFAANK	SMVSTQFPYIVGGAFGGKVLKTGIIADTGGTAFRI	1
LNRTGLCYLPEELAALQKLEHLSVSHNNLTTLHGE	VVKAMTSLRWLELAALQKLEHLELSSLPSLRAILD	0
RLHSEVDKVLSGLEILSKVFDQQSSPMVTRLLQQQ	XXXXXXDKVLSGLEILSKVFDQQSSPMVTRLLVLK	0
LATANKMITSVLEKEASKMQQSGHPWSGPKPRLTS	SFARARMITSVLEKEASKMQQSGHPWSGPKHVKXX	1
DHPDVRKIGFTGSTEVGKHIMKSCAISNVKKVSLE	IGSGQSDIGFTGSTEVGKHIMKSCAISKKVSLELG	1
KLKKERAQLLVNPKKIIKKPEYDLEEDDQEVLKDQ	XLKKERAQLLVNPKKIIKKPEYDLEEDDQEVLKDQ	1
KADAASSLTVDVTPPTAKAPTTVEDRVGDSTPVSE	PATTLSSLTVDVTPPTAKAPTTVEDRVGDSTXXXX	0
PKPKPGDGEFVEVISLPKNDLLQRLDALVAEEHLT	LHYECIVLFTVTIISLPKNDLLQRLDAVYSYALAL	0
DEQQEQTIAEDLVVTKYKMGGDIANRVLRSLVEAS	XXXXXXXTIEDLVVTKYKMGGDIANRTIKGVHVDG	1
NNKYAASSYLSLTPEQWKSHKSYSCQVTHEGSTVE	TLWKADSSVLSLTPEQWKSHKSYSTVAPTECSXXX	1
SDPTTSTMKLSWSGAPGKVKQYLVTYTPVAGGETQ	DTTEEVRGNPRWSGAPGKVKQYLVRGDTTVTALYA	0
LSDWHLAVKLADQPLTPKSILRLPETELGEYSLGG	XXXWHLAVKLADQPLTPKSILRLLKLIAGKLQESV	0
VDGEGFKNTLETSSLNFKVTPDIEESLLEPENEKI	QPPEHAVDTLETSSLNFKVTPDIEESLLGADQKTV	0
TANVSVVDLTCRLEKPAKYDDIKKVVKQASEGPLK	VIHDNFGILTCRLEKPAKYDDIKKVVKQFDAGAGI	1
DVAPELLRICSLILADNKIPPDTKAALLLLLTFLA	EEWVTIGRICSLILADNKIPPDTKAALLXXXXXXX	0
LTFTFSLQKKFESLFPGKLEVVRMTQQQENPKFLS	CIVYFTLQKKFESLFPGKLEVVRXXXXXXXXXXXX	0
GVNTVFHCASPPPSSNNKELFYRVNYIGTKNVIET	XXXXXXLCASPPPSSNNKELFYRVNYIGTSSVKPI	0
TNVNADVQKLQQQLQDIKEQTMCPVCLDRLKNMIF	XXXRADVQKLQQQLQDIKEQTMCPVCLDRLKNMIG	0
FGHLSPTGTTEFWLGNEKIHLISTQSAIPYALRVE	LVTVFQQYKEGFWLGNEKIHLISTQKVGPEYIXXX	0
GVTLTGINQTGDQSLPSKPSSTLNVPSNPAQSAQS	RRTLTGINQTGDQSLPSKPSSTLNVPSNPAQXXXX	0
VHKTYGFHFTTPALVVEKDAVFIPAGWDNEKKIAI	QSLRLIYTSEKNALVVEKDAVFILXXXXXXXXXXX	0
QDTMRKFLEQECNVLPLKLLMPQCNQVLDDYFPLV	XXXMRKFLEQECNVLPLKLLMPQCNQVLDDYFLPY	0
EMQSRKTTQSGQMSGEGKAGPPGGSSRAAFPQGGR	GQQSRKTTQSGQMSGEGKAGPPGGSSRAQGPPPPP	1
SAKIVDGPDPENIILILKTQSILFNRHKEDLQPYK	LCDTLLTLWPENIILILKTQSILFNRLPLLPAATE	0
DAAKMALVLEALPQIAAKIAAPLTKVDEIVVLSGD	XXXKMALVLEALPQIAAKIAAPLTKVDEIEVNRLL	0
HTENTFSRPGGRASVDTKEAEGAPQVEAGKRLEEL	TTENTFSRPGGRASVDTKEAEGAPQVEAGKRLEEL	1
LSGKLYLVDLAGSEKVSKTGAEGAVLDEAKNINKS	XXGQTSSNSRAGSEKVSKTGAEGAVLDEAKNINKL	1
FGVQSERQDSAAVGFDYKEKLAKHESQQDYSKGFG	FGVQSERQDSAAVGFDYKEKLAKHESQQDQXXXXX	1
AKQASKKTAMAAAKAPTKAAPKQKIVKPVKVSAPR	AKQASKKTAMAAAKAPTKAAPKQKIVKPVKVSAPR	1
WIHPASGRVYNIEFNPPKTVGIDDLTGEPLIQRED	WIHPASGRVYNIEFNPPKTVGIDDLTGEPLIQRET	0
FIDRFRYNANRASQVQSKLKMLEKLPELKPVDKES	FIDRFRYNANRASQVQSKLKMLEKLPELKPXXXXX	1
RVAAKLEVAPISDIIAIKSPDTFVRTIYAGNALCT	TAATRLGGHCISDIIAIKSPDTFVRTLCTVKCDKV	1
EAMDGSETPQLFTVLPEKRTATVGGAMMGSTHIYD	EEESDEETPQLFTVLPEKRTATVGGAMMGSTHIYD	0
PWLEDRVPQKTIQEMQQKLEDFRDYRRVHKPPKVQ	PWLEDRVPQKTIQEMQQKLEDFRDYRREKGYEEWL	1
NRVGVWNVPYMANVYLIKGKTLRSEMNERNYFVRD	YFSLLIEQNRKIIAYLIKGKTLRSEMNVFMYXXXX	0
TEDEMGHPEIGDAIARLKEVLEYNAIGGKYNRGLT	IVRVLTEDEIGDAIARLKEVLEYNAILAFWVANDA	1
TGHKRMVIPNQPPLTATKKSTLKPQPAPQAGPIPV	QPPKKFAPVNQPPLTATKKSTLKPQPAQGETVRIV	1
VDPLRGTMYWSDWGNHPKIETAAMDGTLRETLVQD	MIDEPHAIYWSDWGNHPKIETRETLVQDNIQWPTG	0
PYFLVRFTVIYNEQMASKKRELFSNLQEFAGPSGK	XXXXXXXXTIYNEQMASKKRELFSNLANKFYTLYF	1
AKFLKVSQGQLVVMQPEKFQSKYEPRSHMMDVQGS	XXQEFLKDGDDVIMQPEKFQSKERLPLVGHVDFSF	1
TFLGGEDFDQALLRHIVKEFKRETGVDLTKDNMAL	XXXXXXXNDQALLRHIVKEFKRETGVDLTKDALQR	1
ADTVSSKLQNNNVYTIAKRNVEGQDMLYQSLKLTN	QFLNADTVSSLQVYTIAKRNVEGQDMLYQSLAELR	1
KRETYCPVIVDNLIQLCKSQILKHPSLARRICVQN	XXNHIEQCVVDNLIQLCKSQILKHPSLARRICLST	0
WEHAYYLQYKNVRPDYLKAIWNVINWENVTERYMA	VGIDVAYQYKNVRPDYLKAIWNVIXXXXXXXXXXX	0
QFLRGSHFFPGNNVIYEKTIRKVEKLNTDQGCHPQ	TTIRKYVVQNGNNVIYEKTIRKVEKXXXXXXXXXX	0
WRPRYFLLKTDGSFIGYKEKPQDVDLPYPLNNFSV	WVQKRGWRPRYFLFIGYKEKPQDDLPYPLNNFPEE	0
STDYHGLLLPHIEGPEIKVWAQRYLRWIPEAQILG	VWQLVHQHEPHIEGPEIKVWAQRYLSXXXXXXXXX	0
EAVDATRGAVQSGVDKTKSVVTGGVQSVMGSRLGQ	XXVDATRGAVQSGVDKTKSVVTGGVQSVMGSLGQM	1
GEGPGGADDEGPVRRQGKVTVKYDRKELRKRLNLE	YFQSPPGADEGPVRRQGKVTVKYDRKELRKRLVDM	1
TARVLSSMADAVLARVYKQSDLDTLAKEASIPIIN	XXLTIFEKTLGLLARVYKQSDLDTLAKIINGLSDL	1
QIIELELKEEIKKKKGIKEEVQLTSKQKEMLQAQL	DSIELELKEEIKKKKGIKEEVQLTSQKLXXXXXXX	1
PLSLLKTAQNHPMLVELKNGETYNGHLVSCDNWMN	XXXXXXXXXXPLMLVELKNGETYNGWMNINLVICT	0
EDGLLVLCRIASNVLNTKVKGPFVTWQVVRDILHA	XXXXXYKERIASNVLNTKVKGPFVTYLVGDFMNRR	0
MPVLGFGTYAPPEVPRSKALEVTKLAIEAGFRHID	XXXXXFGTYAPPEVPRSKALEVTKLAIIDSYNNEE	1
KSEAVRQDEQQRKALEAKAAAFEKQVLQLQASHRE	NQEAVRQDEQQRKALEAKAAAFEKQVLQLQASHRA	1
LKALVEGVDQLFTDYQIKDGHVILQLNSIPSSDFL	DISLPTGISANELDYQIKDGHVILQATFTXXXXXX	0
PAMKNAHAKASRTSSKHKEDVYENLHTKNKREEKV	DRDGTIIHKASRTSSKHKEDVYENLHTKXXXXXXX	1
PADLDLIQSTPFKPLALKTPPRVLTLSERPLDFLD	XXXXXLIQSTPFKPLALKTPPRVLTLSERPLDFLD	0
SPVDAAFRQGHNSVFLIKGDKVWVYPPEKKEKGYP	GEIWNFPSPVDAAFFLIKGDKVWVYPKLLQIPSPL	1
SMVGVNLPQKAGGFLMKKELNYFAKALESPERPFL	DAAPSNDAFGAGGFLMKKELNYFAKAITIIGSHVS	1
DEKSAQEEVEVDIKTSQKFPRVPLPRRESPSEERL	XXXXAQEEVEVDIKTSQKFPRVPLPRREASEKPRE	1
LFFAYTDKIDRYAQQDLKKGLHLYGTQGNVGLTNA	XATLSSSFIDRYAQQDLKKGLHLYLTWQCGVSNYT	1
EKASNEDVTKAVDITTPKAARRGRKRKAEKQVETE	XXXXXXXXTKAVDITTPKAARRGRKRKIKNSLKID	1
GNGKGGFVLLDGETFEVKGTWERPGGAAPLGYDFW	EVMISGFVLLDGETFEVKGTWERPHXXXXXXXXXX	0
WKALYSDPKSLETSAFVKSYKNLAFYWILKAGHMV	LPKFSQLKWKALYSAFVKSYKNLAFYWILMLVXXX	0
LNTGRFETKDISDIEGEKDGIRKAREVLMRLGLDP	XXXXFTNTKDISDIEGEKDGIRKAREVLQEDCVAT	1
ELQELVQYPVEHPDKFLKFGMTPSKGVLFYGPPGC	ELQELVQYPVEHPDKFLKFGMTPSKGVCAPCMSTK	1
SFWTRITCTEEGWSPTPKCLRLCFFPFVENGHSES	SPSKSFWTRITGWSPTPKCLRLLEVEXXXXXXXXX	1
RCKQLICDPSYVKDRVEKVGQVIRVICILSHPIKN	XXXXXECDPSYVKDRVEKVGQVITTVETKSISDLL	1
AMPYFIQVMKEYLTKVDKLDASESLRKEEEQATET	DMPYFIQVMKEYLTKVDKLDASESLRKEEEQATEX	1
LQDSEKKRSHSSPSQIPKKILSHMTHEVTEDFSPR	EDALQDSESHSSPSQIPKKILSHMTHEVTEDFSPG	0
AIDTIINQKRFNDGSDEKKKLYCIYVAIGQKRSTV	EPMQGRGQKRFNDGSDEKKKLYCYFRDNGKHALKM	1
KRFCTMSCAKRYNVSCSKKFALSRWNRKPDNQSLG	CGRFTMSCAKRYNVSCSKKFALSRWNRLPGKLGPA	1
VREAMLWERLSSTKRAVKAALADDFDTPRVVDAIL	IRILTKVFGLSSTKRAVKAALADDFDTPRVVDAIY	1
IPDSLLIRRITGRLIHPKSGRSYHEEFNPPKEPMK	ATGDMLRAMVASRLIHPKSGRSYPMKDDITGEPLI	1
PGQLKPFETLLSQNQGGKTFIVGDQISFADYNLLD	XXGVKPFETLLSQNQGGKTFIVGDQISADYLLLFP	0
AKGRKESEFDDEPKFMSKVIGANKNQEEEKSGKWE	XXMKKESEFDDEPKFMSKVIGANKNQEEEKSMKSP	1
QRKEEGMRAVLDALLASKQHWDRDLQVTLIPTFDS	FQRVRALCYVLDALLASKQHWDRDLQVTLTARHQA	0
LRVNQNLVYESGSLNFSKLEIQSQVDSQHVGHSVL	TSFGLNLVYESGSLNFSKLEIQTAKGMALFGEGKA	0
PLLKALKTRISNLPTVKKFLQPGSPRKPPMDEKSL	IHVEYLKTRISNLPTVKKFLQPGSPRKPXXXXXXX	1
SQVKYAGSQVASTSEVLKYTLFQIFSKIDRPEASR	XXXXLVYDGSHSTSEVLKYTLFQIFSTLMSRNFVR	0
KDLEEKLAAEEQFQALVKQMNQTLQDKTNQIDLLQ	XXLEEKLAAEEQFQALVKQMNQTLQDKTNQIDLQL	0
EEAMRFARRSVSDNDIRKYEMFAQTLQQSRGFGSF	IYIPLPGFSSVSDNDIRKYEMFAQTLQQSXXXXXX	1
NGKLRLEPLKLHVAGNLKGAYQNNEIKHIYAISSA	SDLKYALDLTNNGAGNLKGAYQNNEIKHIYADTVA	0
IVGQQPFGGARASGTNDKPGGPHYILRWTSPQVIK	NSIVGQQPFGGASGTNDKPGGPHYILRWXXXXXXX	1
KSQRTKQSTVLAPVIDLKRGGSSDDRQIVDTPPHV	XXXXXXXXTVLAPVIDLKRGGSSDDRQIVDPMFPN	1
FSKVKGKSARVINYEEFKKALEELATKRFKGKSKE	QEMWLCVFKVKINYEEFKKALEELATKEAFDAICQ	0
RNEQLEEIEKLYTQLEAKKAAIKPLEQTECLNKTE	MKNTEDEVEKLYTQLEAKKAAIKPLEIGYSAQHLD	0
GPSSVEDIKAKMQASIEKGGSLPKVEAKFINYVKN	HPPVVEDIKAKMQASIEKGGSLPKFYVCFLWRKSL	1
GVELMSDVPIRHSRKMRKLMLDLNKAKSMGQRLSL	XXXXQEVKPIRHSRKMRKLMLDLNKAKSMGQRLSL	1
QGGYVKILDLSNFEILAKVEPPKKEGTEEQDTFVS	VITTGGYVKILDFEILAKVEPPFVLALQIXXXXXX	0
LEKCAMTALSSKLISQQKAFFAKMVVDAVMMLDDL	LEKCAMTALSSKLISQQKAFFAKMVVLEDSQLETE	1
VDPLRGTMYWSDWGNHPKIETAAMDGTLRETLVQD	MIDEPHAIYWSDWGNHPKIETRETLVQDNIQWPTG	0
GQIIDIESAQISDAGIYKCVAINSAGATELFYSLQ	KDNRLLSFGQIIDAGIYKCVAIATXXXXXXXXXXX	0
EQEQLLKEGFQKESRIMKNEIQDLQTKMRRRKACT	QEQEQLLKGFQKESRIMKNEIQDLQTKMXXXXXXX	1
CKSSGWHFVVKFSSHGCKELENALKAASGTQNNVL	CKSSGWHFVVKFSSHGCKELENALKAASNELDNPX	0
SDILSLKNQCLATLPDLKTMEKPHGYVSAHPDILS	XXXXXXXXXXXATLPDLKTMEKPHGYVSAATLSSL	0
TINQLLAERSLAPTAAAKRRITRSILQMSLDHHIV	TINQLLAERSLAPTAAAKRRITRSILQMSTPLTQP	1
ASAVAVGLKQGKVIIVVKDGPGFYTTRCLAPMMSE	GMHEIITTEKTSKSIVVKDGPGFYTRMCLQEGILA	1
LDNLKGTFSQLSELHCDKLHVDPENFRLLGNVLVC	HKVAKGTFSQLSELHCDKLHVDPENFVANALAHKY	1
EEEIEVDSRVADNSFDAKRGAAGDWGERANQVLKF	XXXXXVDSRVADNSFDAKRGAAGDWGERANQVLKF	1
KRVEAAQETVADYQQTIKKYRQLTAHLQDVNRELT	XXXEAAQETVADYQQTIKKYRQLTAHLQDVNRETF	0
FVTWADKFQMYVTYCKNKPDSTQLILEHAGSYFDE	ELIIFGNMIMYVTYCKNKPDSTQLILISSYLIKPV	0
IKAKGVEILDEGHILQLKNIHVSDTGRYVCVAVNV	KLIKAKGVEILDHILQLKNIHVSDTGYYLSVHXXX	0
DEELKRRVAEELALEQAKKESEDQKRLKQAKELDR	DEELKRRVAEELALEQAKKESEDQKRLKQAKELDR	1
DLFKDFGFFGQNQNTGSKKRFENHFQTRQDGGSSR	XXXXDFGFFGQNQNTGSKKRFENHFQTRQDHHFQE	1
LEKWQKSIVEELCAWVEKFINVKAHHFQKRHKYSP	XXXXXXXXVEELCAWVEKFINVKAKYSPSDVFCKL	0
QLERTKSRLVNTSENLSKSRKILRSMSRKVTTNKL	QLERTKSRLVNTSENLSKSRKILRSMSRKVTTNKL	0
QKSRVTVKHLEEIVEKLKGELESSDQVREHTSHLE	RAERVTVKHLEEIVEKLKGELESSDQVREHTSXXX	1
KKQAGPASVPLRTEEEFKKFISDKDASIVGFFDDS	XXXXXXXXVPLRTEEEFKKFISDKDASIVGFRFAH	1
PELPLVVEDKVEGYKKTKEAVLLLKKLKAWNDIKK	XXXXXSEKGKVEGYKKTKEAVLLLKKLKAWNIKYP	1
EEQRGGGTLCAQLPALWKAFQPLVKNYQPCNGMAR	SPKGPWTCVCAQLPALWKAFQPLVKXXXXXXXXXX	0
KGKDAFPVAGQKLIYAGKILNDDTALKEYKIDEKN	TLKTLTVKLKQKLIYAGKILNDDTALKEYKIDEKN	1
PVRLCQTCYPLFQQVVSKMDNISRAAGNTSESQSC	DFANSSAELPLFQQVVSKMDNISRAACALLVVILS	0
LINRLEKHYLDINTVLEKWQKSIVEELCAWVEKFI	XXXXEEVSPMDINTVLEKWQKSIVEELCDCASVVL	0
IVEVLGIPPAHILDQAPKARKFFEKLPDGTWNLKK	EVDQMNIPPAHILDQAPKARKFFEKWNLKYXXXXX	0
KIYNKPPPEGNIVAQVFKCIWFAISNRFKNRSGDI	XXXXXXIASGNIVAQVFKCIWFAISNRFWLDWAAE	0
SDGQQRPVDPALLDELQKVFTLEMAYTIYVPFSCL	CVVFQLHLRPALLDELQKVFTLEMAYLYXXXXXXX	0
LESGDHGKIKFPTMKVPKFGVSTGREGQTPKAGLR	LKGSGAKGDVDLSLGSPKLKGDIKVSISMSXXXXX	1
DIRGAVDAAVPTNIIAAKAAEVRANKVNWQSYLQG	XXXXXXXXXVPTNIIAAKAAEVRANKEQTVQYILT	0
LAAKFVIHCHIPQWGSDKCEEQLEETIKNCLSAAE	XTALEVAECHIPQWGSDKCEEQLEETIKNFRNCFP	0
KLETMPLYLEDDIRPDIKDDIYDPTYKDKEGPSPK	XXXXXXXXXEDDIRPDIKDDIYDPRLWSHRSARHR	0
ASAVLLDLPNSGGEAQAKKLGNNCVFAPADVTSEK	GASAVLLDPNSGGEAQAKKLGNNCVFAPLAKXXXX	1
LYVWDWQRHEIVQTLSLKDGLIPLEIRFLHNPDAA	TEWVEGLYGSHLYTLSLKDGLIPLFVGCALSSTIQ	0
YCAPGMECVKSRKRRKGKAGAAAGGPGVSGVCVCK	GGAGRGYCVKSRKRRKGKAGAAAGGPGVSGVCXXX	1
LGAAKMLLDSEQHPCQLKDNVCSPGGATIHALHFL	LGAAKMLLDSEQHPCQLKDNVCSPGGATIHALHFL	0
LELYLPKFSIEGSYQLEKVLPSLGISNVFTSHADL	SAAILGLDIMVGSYQLEKVLPSLGISNVFTQVSEM	0
DKNQLATANKMITSVLEKEASKMQQSGHPWSGPKP	SFARARTANKMITSVLEKEASKMQQSGHPWSGPKP	1
EECGKFGAVNRVIIYQEKQGEEEDAEIIVKIFVEF	LRNMVDPKDIDVIIYQEKQGEEEDAEIIVKIFRVV	0
SVDPDMRKGLQELKAKGKLVDCKVSAQKLLSLLEK	QLAREMRKGLQELKAKGKLVDCKVSAKDFYDXXXX	1
AEMTDIKPILRKLPRIKKHLLNGDNMRCSVNATPQ	FCLVIFNNPFRKLPRIKKHLLNGDNMIGRSKERRP	1
TNHSVYCSTKGALDMLTKVMALELGPHKIRVNAVN	SAIVNVSSQKGALDMLTKVMALELGPKIRVNAVNL	1
LLPATKLGSIAIQGAIEKAGIPKEEVKEAYMGNVL	XXIVSATRTIAIQGAIEKAGIPKVAVGNEVIPAAL	1
EVADFKVFTKGAGSGELKVTVKGPKGTEEPVKVRE	XXXPCRAFKVFTASGELKVTVKEEPVKVREGVFEC	1
QAILAAQRRGEDVETSKKWAAGQNKQHSITKNTAK	KSKQAILAAQEDVETSKKWAAGQNKQHSITKNTAK	1
FHDVDGSVSEYPGSYLTKNDNWLVRHPDCINVPDW	FFGELDDGDKTSVFYLTKNDNWLVRCINVPDWRGA	0
VQAHAAAALINFTEDCPKSLLIPYLDNLVKHLHSI	FQKKFHEILINFTEDCPKSLLIPYLDLVASVADTA	0
RGGKIIVGDATEKDASKKSDSNPLTEILKCPTKVV	TLSKIIVGDATEKDASKKSDSNPLTEILKCXXXXX	1
CLLGDFGPWSDCDPCIEKQSKVRSVLRPSQFGGQP	XXXXXFGPWSDCDPCIEKQSKVVAFQPCIPSKLCK	0
YAVVCDCKLFLYDLPEGKSTQPGVIASQVLDLRDD	PKGWQRAYAVLYDLPEGKSTQPGVIASLTEXXXXX	0
QEFVRALAAFLKKSGKLKVPEWVDTVKLAKHKELA	XXXXXXLAAFLKKSGKLKVPEWVDENWFYTRAATA	1
GLPGMKGHRGFSGLDGAKGDAGPAGPKGEPGSPGE	XXXXXXXXXGFSGLDGAKGDAGPAGPKPGAPGAPG	0
LTRLQHQTELGNQLEYNKRREQELRQKHAAQVRQQ	SGYLQHQTELGNQLEYNKRREQELRQKHAAQVXXX	0
DEATRYIAPTVLTDVDPKTKVMQEEIFGPILPIVP	DYILSLLEGQKLTDVDPKTKVMQEEIILPIVPVEA	1
VLQMTHNKLLQEHNNALKTIEELTRKESEKVDRAV	VLQMTHNKLLQEHNNALKTIEELTRKESEKVDRAV	0
TDILVGVKAEMGTPKLEKPNEGYLEFFVDCSASAT	XXXXXXXXAEMGTPKLEKPNEGYLEFYRIFNNKSS	0
LSSYWESAKTAAQNLYEKTYLPAVDEKLRDLYSKS	LSSYWESAKTAAQNLYEKTYLPAVDEKLRDLYSKS	1
AITRIEQLSPFPFDLLLKEVQKYPNAELAWCQEEH	DAPLFAITRIFPFDLLLKEVQKYPNALRLRTTISA	0
QDIKLLENVTQEQNELLKVVIKQTNEWDEEIENLK	LKHGEVLNVTQEQNELLKVVIKQTNEWDKLLVDLK	0
NKRPSNSTPPPTQLSKIKYSGGPQIVKKERRQSSS	XXXXXNSTPPPTQLSKIKYSGGPQIVKKERRSSNP	1
LEGDEESTMLEDSVSPKKSTVLQQQYNRVGKVEHG	GQMEAVRKMLEDSVSPKKSTVLQQQYLSPATKSNT	1
GMTIAKEEIFGPVMQILKFKTIEEVVGRANNSTYG	EFVAKFGDVQDGAMQILKFKTIEEVVGRAXXXXXX	1
YQDRVAPPGLTQIPQIQKTEISFRPNDPKSYEAYV	XXXXXXXXGLTQIPQIQKTEISFSYAYVNIIIIKE	0
ELTLQKGDIVYIHKEVDKNWLEGEHHGRLGIFPAN	VPIAPSVDKAEIHKEVDKNWLEGGIFPANYVEVXX	1
VEKIIQTPGLWESENQNKGVKLSHREEGQGGGACG	RNDIIITPGLWESENQNKGVKLSHREXXXXXXXXX	0
HIKLPNLGKHEKFSEVLKRLRLQKRGTGGVDTAAV	XXIRHGGLGHEKFSEVLKRLRLQKRFDVSNADRLM	1
VSITEHPKINEWLTLVEKEMRVTLAKLLAESVTEV	IVMFKTPVSNEWLTLVEKEMRVTLAKDVLGFEYFV	0
EKLLEAISETSSQLEHAKVTQTELMRESFRQKQEA	LWLLEAISETSSQLEHAKVTQTELMRESFRQKXXX	0
PQKYSDKELQYIDAISNKQGELENYVSDGYKTALT	KCQAELKELQYIDAISNKQGELENYVSDXXXXXXX	0
QEEKVPAIYGVDTRMLTKIIRDKGTMLGKIEFEGQ	LDTVVFNTTMADTRMLTKIIRDKGMSMADKQDLAA	1
ERRLFTNFHRQLFCWLDKWVDLTMDDIRRMEEETK	KSIKTGRFHRQLFCWLDKWVDLTMDIMXXXXXXXX	0
PETNKNITRGQSLDNLIKVTPEVKRSNQGSKDLNN	PGYNANITRGQSLDNLIKVTPEVKRSNQLNNFIKV	0
QTTTIGGRQNSVVLQKLKPDTPYTITVSSLYPDGE	TYQPSTGEGNEQVLQKLKPDTPYTIRGKTKPLNYT	0
QRIAEQQKAQAEVEGLGKGVARLSAEAEKVLALPE	DIRLQLCKAQAEVEGLGKGVARLSAEAELELTLGK	1
QDLDTIRSNINNFFEFSKEVDEKSSLKTAVISIGN	XXWLSTLWNINNFFEFSKEVDEKSSLKLILPIQLQ	0
TLLQGSGCLAGIYLEDTKEKVSIYEAMRRGLLRAT	XXXXXXXXXAGIYLEDTKEKVSIEARGLLDPVRNN	0
QRMKTWQRWQDAQATLQKKREAEARLLWANKPDKL	XXXXXXQRWQDAQATLQKKREAEARLLWANKKLQQ	0
ASHGYGGRFGVERDRMDKSAVGHEYVAEVEKHSSQ	ASHGYGGRFGVERDRMDKSAVGHEYVAEVEKRSRE	1
DFKGDPIGGHINNYLLEKSRVIVQQPGERSFHSFY	XXXXFGNASRFGNYLLEKSRVIVQRSFHYIDAFAK	0
NEKEEAYNSLMKSYVSEKDVTSAKALYEHLTAKNT	QGKASVKNSLMKSYVSEKDVTSAKALYFLKRYASL	1
KHDKEKEQKDPKKLRSFKVSSIDSSEQKKTKKNLK	KDKQGTEQKDPKKLRSFKVSSIDSSEQKKTKKNLX	1
PPGVTQKLGLQYMELIPKEKQPVTGTEGAFYRRRQ	MTITYEWAGLQYMELIPKEKQPVTGTEGAFYRRRQ	0
MLKVLNLQHNELSQLSDKTFAFCTNLTELHLMSNS	KLEPELCQKLLLSQLSDKTFAFCTNLLIKNNPFVK	0
GTPRLYQTDPSGTYHAWKANAIGRGAKSVREFLEK	VVLLIVGFTPRLYQHAWKANAVRFLEKNYTDAIET	1
GLDPARVNVPVIGGHAGKTIIPLISQCTPKVDFPQ	XXXXXXXXNDVIGGHAGKTIIPLTALTGRIQEAGT	1
DLVRKLKEDKAPQVDVDKAVAELKARKRVLEAKEL	QGDLVRKLKKAPQVDVDKAVAELKARSEMESVLAQ	1
IDCMAALGLAYDRKKVSKAAILARIKRTGDGNYKS	PYDYSASEYRWHRKKVSKAAILARIKRTGYKXXXX	1
CLTLHNNEGSYLAHTQGKKHQTNLARRAAKEAKEA	KLCLTLHEGSYLAHTQGKKHQTNLARRAAKHPXXX	1
HIEVVKLLVSHGAEVTCKDKKSYTPLHAAASSGMI	DKKDRRAIHWAYAEVTCKDKKSYTPLHAAVDMNEP	0
IASEVADEKFCETTIGCKDPAQGQLLKELMQTPNF	GISSEGIPMSVLMTIGCKDPAQGQLLKTVVQEVDT	1
FCANTCVECRKPIGADSKEVHYKNRFWHDTCFRCA	FDCANTCVECKPIGADSKEVHYRFWHDTCFRPLAN	1
LVIMDALKSSYYMIGEQKFSSLPLGREAVEAAVKE	PDYKYDAASSYYMIGEQKFSSLYSSTMANNXXXXX	1
PHVEDPGINIPDQTVIKKGPVSLSKSNSNAVSAIP	XXXXXXXXNIPDQTVIKKGPVSLSKSNSNVPGRLS	1
TRFMETADSTTAAVLQGKLAEVSQRFEQLCLQQQE	TREMVTFMSTTAAVLQGKLAEVSQRFEXXXXXXXX	0
RKVPLDSSPATCHNNIMKQTMVDSSCRILTSDVFQ	XXXPVDSSPATCHNNIMKQTMVDSSCRILDVCIYD	0
VKNRKDLIKATDSSDPLKPYQDFIIDSREPDATTR	XXXXXDLIKATDSSDPLKPYQDFIIDTVCLECLLE	0
EVGIYRVSGVATDIQALKAAFDVNNKDVSVMMSEM	VFGVYIVQCVATDIQALKAAFDVNNVSMMAIAGTL	0
GSDAASIRTSAVPSPCGKYYTLNGSKLWISNGGLA	XXXXXXTAQSAVPSPCGKYYTLNAKTPVTTAFVVE	1
YQDEVKLPAKLSISKSLKESEALPEKEGEELGEGE	YQDEVKLPAKLSISKSLKESEALPEKEGEEXXXXX	1
AAGMPVRLLADVTHLLLKAMEHFPNHQQLQKNCLL	PMNLVQLASADVTHLLLKAMEHFPHLQNCLLFNRE	0
NKQVFAVRSGGATGVVVKGPDDRNPISFRMDDKGE	KVFFDEANKQVFAVVVVKGPDDRNPISFIKFENIA	0
QEKQQMFENKLIKSEEIKDTILQTVDLVSQETGEK	XXXXQMFENKLIKSEEIKDTILQTVDLKKYNECHL	0
EVQKQVLDLLKYLVIDNKDNENLYITIKLLDPFPD	TKDLELVDLLKYLVIDNKDNENLYITIKLLDLRIT	0
EDSSDEDDKRNQGNLYDKAGKVRKHATEQEKTEEG	EDSSDEDDKRNQGNLYDKAGKVRKHATEQEKTEEX	1
VGTTTTTPSPSAIKAAAKSAALQVTKQITQEEDDS	VGTTTTTPSPSAIKAAAKSAALQVTKQITQEEDQE	1
IARNEQDAYAINSYTRSKAAWEAGKFGNEVIPVTV	XXXXXPIGYAINSYTRSKAAWEAGKFGVKEDEEYK	1
ALEARLGGSPFGPAGTGKTESVKALGHQLGRFVLV	LTDRCYMGSPFGPAGTGKTESVKALVCFDEFFITM	0
TIIDILTKRNNAQRQQIKAAYLQETGKPLDETLKK	VAALHIILRNNAQRQQIKAAYLQETGKPLDETLVL	1
PHVWGWEVAGAPALRLQKSQSSDLLERERESVLRR	DEGWGWEVAGAPALRLQKSQSSDLLERERESVLRR	1
SEVDMLKIRSEFKRKYGKSLYYYIQQDTKGDYQKA	SMKGMLKIRSEFKRKYGKSLYYYIQQDTLLCGGDD	1
TIPKWIKHSLPDIQLLQKGLTEFVEPIIQIKTQAA	MSVLTIWISLPDIQLLQKGLTEFVEPIIQXXXXXX	0
LARLILGLMMPPAHYDAKQLKKAMEGAGTDEKALI	XXXRLLGLMMPPAHYDAKQLKKAMEDALIAINEAY	1
QLPVKLVVLGSSQESNSKVTADGVIALTRAFLAAG	HISWKLSALGSSQESNSKVTADGVVSLWPVGXXXX	0
EYDAYRREHSAFGDRPEKRDNNWRYDPRFTGSFDD	ARVAYRREHSAFGDRPEKRDNNWRYDPRFTGDPDP	1
ALEYATDTKATVVGKPEKTFFLEALRGTGCEPEEA	LVNTSAALIHTVVGKPEKTFFLEALREPEAMRDDV	0
IVVDKYYQENFCEQICSKQETRECNWQRCPINCLL	IVVDKYYQENFCEQICSKQETREXXXXXXXXXXXX	0
PKRERKTIRIRDPNQGGKDITEEIMSGARTASTPT	XXXERKTIRIRDPNQGGKDITEEIMSGARTASTPT	1
LRSQKTPIESLFIEATEKFRSNIKTMYSVPNGKIH	LDELLKINESLFIEATEKFRSNIKTMLMENYQIVV	0
KDIRPEFREDFVLTITGKKPPCCVLSNPDQKGKIR	LLPHVEFREDFVLTITGKKPPCCVFKQPHHAPNFS	0
PKSRVLKFSPGVDHIFFKVEILSNEDREWHESFSL	RCSTRYYPKSRVLHIFFKVEILFSLVLATVXXXXX	0
IAGHLKDAQIFIQKKAVKNFTEVHPDYGSHIQALL	SNVVRCIALIFIQKKAVKNFTEVHPDYGSHIQALX	1
MLSNTTAIAEAWARLDHKFDLMYAKRAFVHWYVGE	VVEPYNSILEAWARLDHKFDLMYAKRAFVFSARMA	1
LAPVQAYLHIPDIIKVAKENNVDAVHPGYGFLSER	TVAIEAYLIIPDIIKVAKENNVDAVHFAQACQDAG	1
VQADRVDKSAVGFDYQGKTEKHESQRDYSKGFGGK	VQADRVDKSAVGFDYQGKTEKHESQRDYSKGFGGR	1
GKGFSVVADTPELQRIKKTQDQISNIKYHEEFEKS	GKGFSVVADTPELQRIKKTQDQISNIKYHEEFEKS	1
SGGVGERLQKGLERRARKTENWLSEWWLKTAYLQY	PRLPVPRLQKGLERRARKTENWLSEWWLFHLGHGL	1
NCSCRDVIGWTSTDTSLKIFYERGECVSVGSFINI	SLVRAEVIGWTSTDTSLKIFYGECVSVGSIIVLGC	0
QLQGLLQNQSLQLQEQEKLLTKKDQALPVWSPKSF	QLQGLLQNQSLQLQEQEKLLTKKDQALPVWSPKSX	0
DTREHCLNEFNFPDPYSKVKQRENGVALRCFPGVV	SVKRAVASQPDFPDPYSKVKQRENGVWSGPALNDV	0
EHISLAHRGVDASKKTSKTVTISQVSDNKASLPPK	XXXXXXHRGVDASKKTSKTVTISQVSDNKALKPGV	1
RIYVVDVGSEPRAPKLHKVIEPKDIHAKCELAFLH	LPSSRIYVVDVGSPKLHKVIEPDIVLDGETFEVXX	1
SKGSLGIKFSDRTIPTDKHVDLLINKYGLSAHPVA	XXXXXXXXXXIRTIPTDKHVDLLINKYGLVAQMTD	1
YIEHNTRTFNEPGSPIVKSAKFVTDLLLHFIKDQT	YIEHNTRTFNEPGSPIVKSAKFVTDLLYMKKKVLD	0
VTPDSDKNKTYSVEYLPKVTGLHKVTVLFAGQHIS	FVEDPEGNKEEAQEYLPKVTGLHKVEVSVDKANXX	0
QLIYIPLPDEKSRVAILKANLRKSPVAKDVDLEFL	XXWEDIGGPEKSRVAILKANLRKSPVAKVDLEFLA	1
APIQRRKKPASQKKRRFKTHNEHLAGVLKDYSDIT	APIQRRKKPASQKKRRFKTHNEHLAGVLKDYSDIT	1
SRLQPVLQPLPSPGVGGKRDVVFLIDGSQSAGPEF	XXXXXXXXXXPSPGVGGKRDVVLDVGFDTTRVLNS	0
SSTVTPTLPGETLTYVWKIPERSGAGTEDSACIPW	KVKIHAHGVQTESTYVWKIPERSGLVXXXXXXXXX	0
EDYVPYTGEKKGKIFIPKQKPVQTFTEEKVSLDPE	XDYVPYTGEKKGKIFIPKQKPVQTFTEEKVSLTDL	1
PVSKSLETLLDHLGGLYKFHDRPVTYLYNTLHYYE	NSPEHCLFLFLHLGGLYKFHDRPVYVHAIIGSLKD	0
TDSPPDADEVVIVLNNFKSKIIKVKVQKKADMVNE	WMLYLLLEKANPVLNNFKSKIIXXXXXXXXXXXXX	0
KMLLVKANEFEFVLSQFKDFGVRLESLKGLIMHEE	LAEILPLNEFEFVLSQFKDFGVRLESLKLNVSKLP	0
RLSLPPNVRIMFEVQDLKYATLATVSRCGMVWFSE	KDGDVDPEWVEFEVQDLKYATLATVSCMVWXXXXX	0
CALTLEAGEKLLLTTDLKTKESVGRRISQLQDSWK	WQFTVLAGEKLLLTTDLKTKESVGRRISQLXXXXX	0
QEEEMMAKEEELVKVREKQLAAENRLTEMETLQSQ	XXXEMMAKEEELVKVREKQLAAENRLTEMETDEQS	1
KIQHLEQLLESITESENKIQILNNWLEAQEERLKT	XXXXIVQALESITESENKIQILNNWLEIKSKALDE	0
KKQDVGKFVELPGAEMGKVTVRFPPEASGYLHIGH	XXXXXXXXXELPGAEMGKVTVRNQHYQVNFKGKLI	0
VPVEKPVYKNLQLFMENKDPRDDLFDRLTTTSLNK	QLVEFDFYKNLQLFMENKDPRDDLFDRLTXXXXXX	1
LQRVFYELQHSDKPVGTKKLTKSFGWETLDSFMQH	SSKSVLALQRVFEPVGTKKLTKSFGWETLDSFDDX	0
RSKNPSKESFLINIVPEKDNLTSLSVYSEDGWDLP	IRFEEIIKNDGALIVPEKDNLTSLYGWDLPYIMHD	0
CTIGPASRSVETLKEMIKSGMNVARLNFSHGTHEY	XXARGIICSVETLKEMIKSGMNVAVATESFALYRP	1
LQQSAMTLPLWIGKPGDKPPPLCGAIPASGDYVAR	XXXCNRLDPLWIGKPGDKPPPLCGAIPASGPQWKA	0
GLTALHQACIDDNVDMVKFLVENGANINQPDNEGW	TVLIALHQACDDNVDMVKFLVENGANIPLAYDIAE	0
SESRQERYEIEETETVTKSYQKNDWRDAEENKKED	TITRQERYEIEETETVTKSYQKNDWRDAEENAXXX	1
QTAETDAIRFLVGTQSLKYDNQIHIIDFDDENNII	XXXXXLEFQARAGTQSLKYDNQIHVLLHQAGEIWY	0
RERGETFRPSPALNEFQKMYGKEKMYECKVCGETF	XXXXXSKDRSPALNEFQKMYGKEKMYECKVCGETF	1
GIEMSEVRLNLDKMMEQKSTAVKALTGGIAHLFKQ	ALLNNSHYYNLDKMMEQKSTAVKALTTGALSLKLV	1
DEFKVRLQDLSSCITQGKDAAVSKKASPEAASTPR	AQEKVRLQDLSSCITQGKDAAVSKKASXXXXXXXX	1
TKKVPIVQPSFGAEDLGKSLEDTKKLQEKWSLKTP	XXKVPIVQPSFGAEDLGKSLEDTKKLQELKDKIAE	0
GDLPTTMGGPLPPHLALKAENNSEVGASGYGVPGP	XXXXXTMGGPLPPHLALKAENNSEVPVQEYDCQMT	0
RRILQSLEKMSSPLADAKRIPSIVSSPLNSPLDRS	RRILQSLEKMSSPLADAKRIPSIVSSPLNXXXXXX	1
VGFKLFLPEGPCDHTVVKLQPGDMAAITTKVLRVN	VSSNSRVFTTLVLHTVVKLQPGDMGILFSXXXXXX	0
SGGEKPSKNETGLLSSIKKFIKGSTPKEERENPSK	XXXXXXXXNETGLLSSIKKFIKGSTPKEDAALTFP	1
ITPQAKERVCNLIDSGTKEGASILLDGRKIKVKGY	XXXXXXERVCNLIDSGTKEGASILLDGRKTIISNV	1
KRLQPQTTYDITVLPIYKMGEGKLRQGSGTTASRF	VNYRVKVPPTVTVLPIYKMGEGKLRXXXXXXXXXX	0
KQAAERTQKLDEKRKKVKLDLEARERQAQAQESEE	KQAAERTQKLDEKRKKVKLDLEARERQAQAQESEE	1
EYGAEALERMFLSFPTTKTYFPHFDLSHGSAQVKG	XXXAEALERMFLSFPTTKTYFPHFDLSHGSQVKHG	1
ATGPNILVDDTLPSEVDKALLGSVKDSIVQGFQWG	LARSIWLVDDTLPSEVDKALLGSVKDSIVKILDAV	0
RALQQYTLEPSEKPFDLKSVPLATAPMAEQRTEST	LTVSIGLERALYKPFDLKSVPLAGPLFKFTIQVGV	0
QTFSGGTSQDTKASESSKPWPDATYGTGSASRASA	QTFSGGTSQDTKASESSKPWPDATYGTGSASPVGK	0
NLPTLPEVKFPEVDVLTKYSQPEDSLIPFFEITVP	ADKFIIQIYKKLRDVLTKYSQPSIPFFEITVPIKF	0
SQVKYAGSQVASTSEVLKYTLFQIFSKIDRPEASR	VLVYHDGSHAASTSEVLKYTLFQIFSTLMSRNFVR	0
KKDPKKLFVPRTVIIGGKAAPGYHMAKMIIKLITS	IWQVEEQVKRIHEQIGGKAAPGYHAKMIIKFLENY	1
NCDRGLRPSCPNSQSPVKVEETCGCRWTCPCVCTG	MRVNCDRGLRPSCQSPVKVEETCGCRWTCPCVGLS	0
LTHIIETRKVLDLRINLKPSYLVVPQTGFHHEKSD	SLLKIVQSQPVEVRINLKPSYLLDFGTFQLVEIKN	0
DIGVKYAEKQTRRFDEGKLKAGQSVIGLQMGTNKC	XXXXXXAEKQTRRFDEGKLKAGQSVIGLQMGTNKG	1
YIPPHLRNREATKGFYDKDSSGWSSSKDKDAYSSF	YIPPHLRNREATKGFYDKDSSGWSSSKDKDAYGKS	1
KTTPIEAASSGTRGLKAKFESMAEEKRKREEEEKA	XXXXXXAASSGTRGLKAKFESMAEEKRKREEEEKY	1
DQLTKWLESSQHTLNYWKEQSLNVSQDLDTIRSNI	XXXXXXXXSSQHTLNYWKEQSLNVSQISNINNFFF	0
EYIIRQGARGDTFFIISKGTVNVTREDSPSEDPVF	LSVLEETHYENEIFIISKGTVNTLGKGDWFVIAAE	0
QISDAVLDAHLKQDPNAKVACETVCKTGMVLLCGE	XXXXXDVLDAHLQDPNAKVACGEITSMALEQQSPI	1
RVIGNMGQTMEQLTPELKSSILKCVQSTKPSLMIQ	DCLIGMGQTMEQLTPELKSSILKCVAIQALRKMEP	0
PAKVAPVINNGSPTILGKRSYEQHNGVDGNMKKRL	XTQQKTVINNGSPTILGKRSYEQHNGVDGNMKKRL	1
KVKAHGKKVLTSLGDAIKHLDDLKGTFAQLSELHC	TSLWGKVVVLTSLGDAIKHLDDLKGTFSWKMVGVA	1
EAKKAAIKPLEQTECLNKTETGALVLHNIGYSAQH	EAKKAAIKPLEQTECLNKTETGALVLHNIGYSAQH	0
SYSLKSSASFNVIEFPYKNLPIEDITNSTLVTTNV	PSSFSKAGRLDVIEFPYKNLPIEDIXXXXXXXXXX	0
PKPELLAIRFLNAENAQKFKTKFEECRKEIEEREK	PSDRAWVIRFLNAENAQKFKTKFEECRKXXXXXXX	1
PGTILYEAELSQFSEDIKKWKERYVVVKNDYAVES	XXXXXXGGSASQFSEDIKKWKERSEKCQPFVVLPY	0
SPSRDSSVPGSPSSIVAKMDNQVLGYKDLAAIPKD	SVSPSRDSPGSPSSIVAKMDNQVLGYKDLAAIPKD	0
NREALPAFRPEANPLTWKQLLCDLVGISPSSEHDV	XXXXXXXXXXLLAPLTWKQLLCDLVGISPSSEHDV	0
HQGPPGPDECEILDIIMKMCSCCECKCGPIDLLFV	XXXXXXPDECEILDIIMKMCSCCECKKCPDYTCES	0
AVSTHPDAMNQQLETAQKMKQEIQQEKKQIKVAQA	NKLSSSLAMNQQLETAQKMKQEIQQEKVEQKAENH	0
SGGLSKDDIENMVKNAEKYAEEDRRKKERVEAVNM	EAQISGLDIENMVKNAEKYAEEDRRKKEXXXXXXX	1
KSAKVPERKLQANGPVAKKAKKKASSSDSEDSSEE	AGIRRVERKLQANGPVAKKAKKKASSSDPAGGDWG	1
SEDLRSRIEVLKRKVIEKVQHIQLLQKNVRAQLVD	XXXXRSRIEVLKRKVIEKVQHIQLLQKNVRALEQV	1
LRHSRVVKLLGVIIEEGKYSLVMEYMEKGNLMHVL	GPNCIEHNLLGVIIEEGKYSLVMWKLNEEHXXXXX	0
ILPPSPKVEIMPPPPKPKDMTVPILVSKPPVFTGK	TIPPSPKVEIMPPPPKPKDMTVPILVSKPPVFTGK	0
RRVRVVKQEAGGLGISIKGGRENRMPILISKIFPG	XXXXXXXXXXXXXXISIKGGRENRMPILISKIRLG	0
KHIIGLVPASISEPPPFKCLLINKVDGSCKTFNDS	LTSEIGLVPASIEPPPFKCLLKTFNDSEQEDLQGV	0
RADLQNHLDTAQNALQDKQQELNKITTQLDQVTAK	EQDLQNHLDTAQNALQDKQQELNKITTQLDQVTKE	0
GWKSVESVPKLVSEYMSKKIKVDEFVTHNLSFDEI	CKVAEFGVPKLVSEYMSKKIKVDEFVXXXXXXXXX	1
LEDRGIRKISGTGKALAKTEKYEHKSEVKTYDPSG	LEDRGIRKISGTGKALAKTEKYEHKSEVKTQDXXX	1
EATKGFYDKDSSGWSSSKDKDAYSSFGSRSDSRGK	RETKGFYDKDSSGWSSSKDKDAYSSFGSRSDSRGK	1
SSDESDSSSEEEKKPPTKAVVSKATTKPPPAKKAA	QDANADSSSEEEKKPPTKAVVSKATTKPPPGGGXX	1
LHTKQAVSMFLGAVEEAKKEGGTVVYGGKVMDRPG	XXXXXXXSMFLGAVEEAKKEGGTVVYGGKPTIVTG	1
IYEELNVFERLFLEDQLKNLKIRTNRIQRFIQNTC	GISTHLQLERLFLEDQLKNLKIRTNRXXXXXXXXX	0
EPEGSFVDYQTTMVRTAKAIAVTVQEMVTKSNTSP	XXXXXXXXXQTTMVRTAKAIAVTVQEQLTSDYGRL	1
RDVTHSTMNVFWEPVPGKVRKYIVRYKTPEEDVKE	DLVPLPLPRPQWEPVPGKVRKYIEVDRSETVSAVH	0
SNLNRQFLFRPWDVTKLKSDTAAAAVRQMNPHIRV	DTIEKNLQFLFRDVTKLKSDTAAAAVSHQNRAXXX	1
KQIEICNRLEEPGNFVLKELHPFDLHAMQNIILKY	LRLVICNRLEEPGNFVLKELHPFDLHAMQNIIXXX	0
AARWNRGEPQVPDFRHLKAEVDAEKPGATDRKGGV	XXXXXXXXXQVPDFRHLKAEVDAEKPLTWRTKDKA	1
SSDISPVSNESTSSSPGKEGHSPEGSTVTYHLLGP	SSDISPVSNESTSSSPGKEGHSPEGSTVTYHLLGP	0
PGPPVAPDQLETLEAQLKAHLSEPPPGKEGPLTYR	LECDHTYSLLETLEAQLKAHLSEPTYRFQTCLTMQ	0
SASSSDTSRSRSRSAAAKTHTTALAGRSPSPASGR	RNLSLVRGRSRSRSAAAKTHTTALAGRSRTPPRSX	1
VEQEVVQSQLNHCVNLYKSLSEVKSEVEMVIKTGR	EVKMHLALQLNHCVNLYKSLSEVKSEVYNELGAKV	0
LYQGLLLQRVPFNVDFDKLPRHKKLERLCLTLGIP	IGFHLSHLTGPFNVDFDKLPRHKKLERLCKTYELT	0
AEVGPTGCPHRSGPHSAKGSLEKGSPEDKEAKEPL	XXXGPTGCPHRSGPHSAKGSLEKGSPEDKEAKEPL	1
SRLTESRGPLSVVEAIEKRIISETVGLKILEAHLA	SRLTESRGPLSVVEAIEKRIISETVGLILLLISAW	0
EQFRRYLEKSGVLDTLTKVLVALYEEPEKPNSALD	XXFRRYLEKSGVLDTLTKVLVALYEEPEKPNSALD	0
FGCGSAIASSSLATEWVKGKTVEEALTIKNTDIAK	KGKIVDARFSSLATEWVKGKTVEEALTIIKALXXX	0
RTGNLAKFNQVLDQFGEKFQADGTYTLIIRLRHNV	MPYFLLTFNQVLDQFGEKFQADGTYTLIILXXXXX	0
KLLEDDFWADVSTLHVQKIISAISELLERLKSYGE	RAILCAIQNLVSTLHVQKIISAISELLEXXXXXXX	0
NLLLRNYLHYSLYDQAEKLVSKSVFPEQANNNEWA	LNLLLRNYLYSLYDQAEKLVSKSVFYLYTGRIKAI	0
IGSASEGAQSSLQEVYHKSMTLKEAIKSSLIILKQ	QLFQCDARQSSLQEVYHKSMTLKEAIKSSQXXXXX	1
GQRLSVQSAISTQPEAVKQQLEETSEIRSDLEQLD	XXXXXLQSAISTQPEAVKQQLEETSEIRSAADRIN	0
TLSQAIQLGKVDFASTLKVLEAQANTGGIIDTATG	IVDPNCRIPFVDFASTLKVLEAQANIMVIIHGMXX	0
EVFYSPRSLVFPEAENRKWTIMAVMVSLLTDYSPQ	ALLIQLADLTFPEAENRKWTIMAVMVXXXXXXXXX	1
EGGSVYHLTDEDFDQFVKEHSSVLVMFHAPWCGHC	XXXXVYHLTDEDFDQFVKEHSSVLVMHSSGVLAAV	0
LHFIFRHKNPKTGIYEEKHAKRPDADLKTYFTDKK	TIMFLHFIFRHKNIYEEKHAKRNFGNLLNDMTPPV	1
SDDARRLTVTSLQETGLKVNQPASFAVQLNGARGV	XXXXXXXXXXSLQETGLKVNQPASFVHTPSECRFI	0
YKNPSLRAQGGQTQSPTKSHTPSPTSPKSYPSQKH	KTNPSLRAQGGQTQSPTKSHTPSPTSPKSYPSQKE	1
HRKLRKEAKKRGHKKPRKDPGVPNSAPFKEALLRE	XXXXXXEAKKRGHKKPRKDPGVPNSAPFKEALLRE	1
TIRNILGGTVFREPIICKNIPRLVPGWTKPITIGR	XXXXXXXXXXXXXPIICKNIPRLVPGWTKPSGGFG	1
LPGNEQGVACSGSDPSWKCICTLSGFHSRTIYDIA	WRQYLPNQGVACSDPSWKCICTPQQPXXXXXXXXX	0
PVQSPVSLGEDLQWWPDKDGTKFICIGALYSELLA	XXXXXXXXXXDLQWWPDKDGTKFICILLAVSSKGE	0
SFLEWYRGSVNITDDCQKPQLHNPSRLRTRLLTPQ	PHKHTFPLHENITDDCQKPQLHNPSRLRTRLWKDX	0
GRAEGAVAVSGMQLSGLKVSTAGQVVTEGHDAGLR	PTLPCAEVGSGMQLSGLKVSTAGQVXXXXXXXXXX	0
GTVCHHKWNNAAADVVCKQLGCGTALHFAGLPHLQ	LRLRCMGVNNAAADVVCKQLGCGTALHCSGNESFL	0
VWPDFHGNRSPLADLTLKGMVTGLKLSQDLDDLAI	HVWPDFHGNRSLADLTLKGMVTTAIGFLKLVEHQK	0
SVLQEGCGKISKLYGDLKHLKTFDRGMVWNTDLVE	SIRTSELRMISKLYGDLKHLKTLTLLQNMLVGTGX	1
VFWGSGSHTLPALLENLKLRKQNNGAFNETLFRNQ	RADIKEMSTLPALLENLKLRKQNNGAFNELFRQLX	0
VGQENAREACGVIVELIKSKKMAGRAVLLAGPPGT	XXXXXGLGACGVIVELIKSKKMAGRAVAIAQELGS	0
SVSSASWKSSSVSPSSWKSPPASPESWKSGPPELR	XXXXXXXKSSSVSPSSWKSPPASPESWKPVSPELR	1
GASWVSWGLVKGAEITGKAIQKGASKLRERIQPEE	PLETLGLGLVKGAEITGKAIQKGASKLRCAAKCIV	1
QIRRHPTGTTPPVKKKPKLLNLKDSSMADASKHGG	LFKGHTHGPTPPVKKKPKLLNLKDSSMRKLRSAEA	1
MKGDYYRYLAEVAAGDDKKGIVDQSQQAYQEAFEI	LKGDYYRYLAEVAAGDDKKGIVDQSQQAYFYYEIL	1
VNHVKDTLQSELVGQLYKSSLLDDLLTESEDMAQR	DAIVEVVLQSELVGQLYKSSLLDDLLTXXXXXXXX	0
GLDFYVVLGRPGFSIADKKRRTGCIGAKHRISKEE	RGTGNVVLGRPGFSIADKKRRTGCIGAKHRIXXXX	1
ASSTGDRSQAVRHGLRAKVLTLDGMNPRVRRVEYA	ASSTGDRSQAVRHGLRAKVLTLDGMNPRVRRVEYR	1
KFPTRVHVQPAVDTSGVKVSGPGVEPHGVLREVTT	XXXXXXXXXXXXDTSGVKVSGPGVEFTVDARSLTA	0
AGDKGYLTKEDLRVLMEKEFPGFLENQKDPLAVDK	FHKFAGLTKEDLRVLMEKEFPGFLENQKPAVDIMF	1
DDSERKVVKMILKLLEDKNGEVQNLAVKCLGPLVS	DKDFRFMATMILKLLEDKNGEVQNLAVNSDKEQLR	1
RILMAINGKVFDVTKGRKFYGPEGPYGVFAGRDAS	PPFDGVPRILMDVTKGRKFYGPEGPYGVFAGKYXX	1
PPSTPSSSFLTTLKPRLKTEPEEVSIEDSAQSDLK	GKEEGDKKKTNPLKPRLKTEPEEVPKNQLCSQTKT	1
IHESCMSQIGWNRIIVEKPFGRDLQSSDRLSNHIS	XXXXLYLALPPTVYIVEKPFGRDSSLSIYRIDHYF	1
GSILEADCDILIPAASEKQLTKSNAPRVKAKIIAE	DDPNFFMVEALLPAASEKQLTKSNAEANGPTTPEA	1
RFVTISGQKVLDMENSFKEGKEPSEIGNLVKDKLK	VQTLQELQKVLDMENSFKEGKEPSEIGNLVKXXXX	0
ADDCAKAVMSNLSAHGVKLVLPSLLAALEEESWRT	XEPVVHLPVMNLSAHGVKLVLPSLLALLGAMAYCA	0
PPEASQDLAECCRAFGGKDIKVYMPKLHETVDATS	QLIISQDLAECCRAFGGKDIKVYMDATSETXXXXX	1
AYQTGKDISTNYYASQKKTFEINPRHPLIRDMLRR	LVASQYGWSGEYYASQKKTFEIFEATSGYLXXXXX	1
QENMRYGCASGYKTTGGKDEEVVQCLSDGWSSQPT	YISMRYGCASGYKTTGGKDEEVVQSSQPTCRKEHC	0
VCRITKPALLVLNHETAKVIQTAFQRASYPDITGE	XXXXXXXXXXVLNHETAKVIQTAFQRHLSIASSVI	0
EIMTREVQTNDLKEVVNKLIPDSIGKDIEKACQSI	CIMTREVQTNDLKEVVNKLIPDSIGKDIVFVRKVX	1
IASTQDKPNQQDIVFFEKNGLLHGHFTLPFLKDEV	TSEAWKPSGSLIASFFEKNGLLHXXXXXXXXXXXX	0
LRMAFPLLDMVDLERRLKTTPLPRNDFPRIEGVLL	LRMAFPLLDMVDLERRLKTTPLPRNDFRWETSLQL	1
NKNFSKKIQQIHVVSQFKILVSLLENNIYVHDLLT	XAAWEEWLLLIHVVSQFKILVSYVHDLLTFQQITC	0
IFAKVDRLAGIINFQRPKDPNNLLNDWSQKLNSLM	VKTIFAKVDAIINFQRPKDPNNLLNDWSQKLNXXX	1
LVNEQEPCKFLLDAVFAKGMTVRQSKEELIPQLRE	SVRLNLKKGEYRVAVFAKGMTVRQSKEYHIYEEDI	0
ALQSLRDREFSTFYESLKYARVKEVEEMCKRSLES	GSGTYSLNAFSTFYESLKYARVKEVERLQAIGELE	0
LDLERKVESLQEEIAFLKKLHEEEIQELQAQIQEQ	LDLERKVESLQEEIAFLKKLHEEEIQELQAQIQEQ	1
KAMREENGLKYIEEAIEKLSKRHQYHIRAYDPKGG	XXXXXXFSLKYIEEAIEKLSKRHQYHIDFSASIFE	1
PASGYCCLECGDAFALEKSLSQHYGRRSVHIEVLC	HVPASGYCCLGDAFALEKSLSQHYGRRNCSSAPVN	0
HCHLILPDSEAFQDVQGKRHRGKHKFKVKEMYLTK	DHCLILPDSEAFQDVQGKRHRGKHKFKVKXXXXXX	0
VKMPPSRRDRSKKKLLLKGSQKGICPKSPSAIPEQ	XNEESDDDQKKKKKLLLKGSQKGILRSQKVANERL	1
RHLLPRVQCPALIVHGEKDPLVPRFHADFIHKHVK	XWSIWGANEDITIVHGEKDPLVPRFHADLHLMPEG	1
KIYKIGQGYLIKDGKLIKNNASTDYDLSDKSINPL	XXXEIGQGYLIKDGKLIKNNASTDLSDKSINPLGG	1
KMCLFAGFQRKAVVVCPKDEDYKQRTQKKAEVEGK	XXXXXIGLPGAGKVVCPKDEDYKQRTQKVKFLYVE	1
RPEEVKQMEAFRSSAKWKLLGGHNEDLPSNRHFRH	RPEEVKQMEAFRSSAKWKLLGGHNEDLPSNHDTPD	1
YPSWGAAQSKEIIFLPSKEPAFVTVPGNGFADPFS	XXXXXXXXXGHIIFLPSKEPAFVTVGNIKAEGVLL	0
ELIEKTVPANIRLKRPLKMEDPVCENEILATLHAI	XXXXXXXXXXXRLKRPLKMEDPVRELEKDLCELTG	1
QLECKAAGNPVPVITWYKDNRLLSGSTSMTFLNRG	XXXXXXXMLNEQLETWYKDNRLLSGSSMTFGIIDI	0
DWEVELAVVIGKKGKHIKATDAMAHVAGFTVAHDV	XXXXVEPVVIGKKGKHIKATDAMAHVAKVFKTEDL	1
ASLMQLKVTALTSTRLCKELASWVRRPGASLELSP	XXXXEEPDSVTTSTRLCKELASWVRRLCLNQNHLS	1
KLWTLVSEQTRVNAAKNKTGAAPIIDVVRSGYYKV	XLWTLVSEQTRVNAAKNKTGAAPIIDKLPKQPVIV	1
MGCKAAGAARIIAVDINKDKFAKAKELGATECINP	XXAVFGLGGGLIAVDINKDKFAKAKELGATECINP	1
MPTATQKTDTGLTQGLLKVLHKQCHHKRYVELTDL	XTPLPVKDRMELTQGLLKVLHKQCHKWLWIFLAGC	0
SWARTLQEQQKVAQRIKKSEAPAEVTHFSPKSIPD	SWARTLQEQQKVAQRIKKSEAPAEVTHFSPKSIXX	1
HQLSSRRLLNFDTELSTKEMRNNWEKEIAAVISPE	DRTQTGHDRNFDTELSTKEMRNNWEKXXXXXXXXX	0
PGSVSPIHGQGQVVENLKAQALCSWTAKKDNHLNF	XXXXXXXXXXXXVVENLKAQALLFKHDIITVLEQW	0
DKVPKTAENFRALSTGEKGFGYKGSCFHRIIPGFM	PVFPKTAENFRALSTGEKGFGYKGSGDFTGKSIYG	1
WLPSSSPVTGYRVTTTPKNGPGPTKTKTAGPDQTE	XXXXXXVVDNSIVTTTPKNGPGPTKTIEGLQPTVE	1
APALPFYYYHIPALTGVKIRAEELLDGILDKIPTF	TKDILIFYYHIPALTGVKIRAEELLDFSDTDLLDF	0
VTASSPVAVLSGHSCAQKHTTCNHVVEQLLPTSAW	XXXXXXXXXXXGHSCAQKHTTCNHVSQSRYDLAFE	0
FHRKSENTAIHHYLEALKVKDRSPLRTKLTSALKK	DHKHQIHYGIHHYLEALKVKDRSPLRTKLTLSALG	0
CLRAILRIIYFADAELLKDVLKNHAVSSHIASMLS	KSIKFGIIIYFADAELLKDVLKNHAVSMAILMQKL	0
QDMKCVSIQYLEAVRRLKVEGHRFPRTIHMTFVPD	LGLTWPGTQYLEAVRRLKVEGHRFPRTIHMVDYTR	1
KRTLPKKSFEQISANITKFNIQGLVIIGGFEAYTG	AKGQIEESFEQISANITKFNIQGLFDELCIRIXXX	0
RERRYREREQQIEEHRRKQQTLEAEEAKRRLKEQS	RERRYREREQQIEEHRRKQQTLEAEEAKRRLKEQS	1
NKKITEVALMGHLSCDTKEERKIKGVISIPRLQAE	DESTEGKTSYRHLSCDTKEERKIKEILAHWSPAKL	0
FVWKSHKWDRELISERWKNFPSPVDAAFRQGHNSV	DDLFKGEFVRELISERWKNFPSPVASVFLIKKVWV	1
RLQIEIGKLRAELDEVNKSAKKREGELTVAQGRVK	RLQIEIGKLRAELDEVNKSAKKREGELTVAQGRVK	1
VNTYKARIQYYCHEPYYKMQTRAGSRESEQGVYTC	XXLPNGDFQYYCHEPYYKMQTRASESQGIPRCLPV	0
VAVTRSRDVPSFGPPIPKGVTFPKSNVFRDFLLAK	SFESTVCYSVAVGPPIPKGVTFPFXXXXXXXXXXX	0
VNVCETNLSKPNPPSLAKYRALRCKIEHVEQNTEE	ADMVNVCETNPNPPSLAKYRALRCVLCHTLGNXXX	0
EAEAAHGTVTRHYREHQKGRPTSTNPIASIFAWTR	IAREEFGTVTRHYREHQKGRPTSTNTKKLLNTTDF	1
AVQSAQTIQQLEDQLQQKSKEISQFLNRLPLQQHE	AVQSAQTIQQLEDQLQQKSKEISQFLNRLPLPDVY	0
RYTDVSTRYKVSTSPLTKQLPTLILFQGGKEAMRR	NDCQSFVGSKVSTSPLTKQLPTLRRPQIDKKGRAV	0
AVEKLSVEALNSLTGEFKGKYYPLKSMTEKEQQQL	XXXXXSVEALNSLTGEFKGKYYIWHNDNKSFLVWV	0
WTLENAKARLNQYFQKEKIQGEYKYTQVGPDHNRS	XXXXXAKARLNQYFQKEKIQGEYKMTIYIKQLGRR	1
LERLEQSKALVSNLISTKEELMKLRQILRLLRLRC	DIYTNLSMALVSNLISTKEELMKLRQIVSALWEKW	0
MKAQALRDNSTMGYMMAKKHLEINPDHPIVETLRQ	TSTYGWTANMEMGYMMAKKHLEFALSFSXXXXXXX	1
MTEAEQQQLIDDHFLFDKPVSPLLLASGMARDWPD	PPYALKSMQQLIHFLFDKPVSPLLLASGMARDWPD	0
PRSKESVPEFPLSPPKKKDLSLEEIQKKLEAAEER	PRSKESVPEFPLSPPKKKDLSLEEIQKKLEAAEER	1
FMTSHSEAGSRIVLNPNKPVVEWHREGISFHFTPV	QLAVAARLAQEIVLNPNKPVVEWHFTPVLXXXXXX	0
LLKTPAQYDASELKASMKGLGTDEDSLIEIICSRT	XXXXXXQYDASELKASMKGLGTDEDSLIEIIYKMY	1
GSDDRPAGTRSVRAPVTKVHGGSGGAQRMPLCDKC	XXLVRPAGTRSVRAPVTKVHGGSGGAQRMPLCDKC	1
LQEINRVYKEMYKTDLEKDIISDTSGDFRKLMVAL	ILQINRVYKEMYKTDLEKDIISDTSGFRKLMVALA	1
LASRYGIRGFPTIKIFQKGESPVDYDGGRTRSDIV	DVWMVTGKVKLAYKIFQKGESPVDYADLFSDNAPP	1
PVTAQETTRPVPAPTNLKITEVTSEGFRGTWDHGA	XXXXXXXXXXXXAPTNLKITEVTGFRGTWDHGYIT	0
LEAHKYRNTWDCGLQILKKEGLKAFYKGTVPRLGR	GEAHKYRNTWDCGLQILKKEGLKAFYKGXXXXXXX	1
VDSSLDHIICTEPDLIGKPAEESHLSLIASVTDKD	XXXXLDHIICTEPDLIGKPAEESHLSLIASNNEEL	0
IAKVTNKKPITVLEILQKIRMHVSVPQCDVFGYFS	VVRQGTLIRITVLEILQKIRMHVSDVFGIIILITL	0
ALISVSNPRLNILDTLSKFSHDADPEVSYNSIFAM	LRRRVPLLALNILDTLSKFSHDADPEVSYNSIFAM	0
FLLTYRTFLESPLDVGIKLLEWFKIDSLRDKVTRI	IMHLIEFLYLSPLDVGIKLLEWFKILRKVTIVWAM	0
VTEELLFELFHQAGPVIKVKIPKDKDGKPKQFAFV	VTEELLFELFHQAGPVIKVKIPFAFVNFKHESVAR	0
TEAHCQAKVLNSLTQQEKKETARPSCEIVDGTREA	XEAHCQAKVLNSLTQQEKKETARPSCEIMASDIPG	0
RMKQVEELYHSLLELGEKRKGMLEKSCKKFMLFRE	HEALMSLSYHSLLELGEKRKGMLEKSCELXXXXXX	0
PNVICDGCNGPVVGTRYKCSVCPDYDLCSVCEGKG	XXXHNVICDGPVVGTRYKCSVCPDYDLCSVCEGGL	1
QVQEIMWTFNDILRKFCKDIVSNKKLMKKLQESRF	WLASYPVSLNDILRKFCKDIVSNKKLMFPFGELLL	1
IGTKGDIAHIYDIQTGNKLLTLFNPDLANNYKRNC	RVIGTKIAHIYDIQTGNKLLTLFAVRAXXXXXXXX	0
LTRKRGLKLATALSLSNKFVEGSHNSTVSLTTKNM	SSVIDALQYKLELSLSNKFVEGSTTKAQIPILRMN	0
AYDKVRKAKKQAAERTQKLDEKRKKVKLDLEARER	AYDKVRKAKKQAAERTQKLDEKRKKVKLDLEARER	1
ERHLLASKPLGGLPETAKEQLNVHMEVCAAFEAKE	XXXXXXSKPLGGLPETAKEQLNVHMEVCRKTKLEE	0
PLELCSDSLPSHPFPPAKAMTVEKASPVGDGNFRN	XXSLFKLRSPSHPFPPAKAMTVEKASPVGDGNSLR	0
VQELEAKSQDPGAVVLGKSLTERAQLLKNVFKKNH	TLVDEVQELDPGAVVLGKSLTERAQLLKXXXXXXX	0
ADLSEAANRNNDALRQAKQESTEYRRQVQSLTCEV	RDLSEAANRNNDALRQAKQESTEYRRQVQSLTCXX	1
SGKILPGVKVVIVNPETKGPVGDSHLGEIWVNSPH	XXXGPASVMAVIVNPETKGPVGLGEIWVADHFNTR	0
KDSLDQFDCKLLNPSLQKVADKRRKDQFKRLIAGC	PDSLDQFDCKLLNPSLQKVADKRRKDQFKRLKPLX	1
VLPVVEKRFEEGVGKPAKQLQDLRNASRLIRVNPE	VLPVVEKRFEEGVGKPAKQLQDLRNASRXXXXXXX	1
LRLSHLKPSSEGLAIVTKYITKGWKEVHELYKEKA	DLLRHLKPSSEGLAIVTKYITKGWKEVHELYTLLL	0
RDVRDYLEERLEAEFGQKRIHLNSQFPGTQRLPNT	XXXXXXLEERLEAEFGQKRIHLNSQNFSIRGPRLQ	1
KLDKAEREPLLLCATYLKKLDSPGYAAETYLKMGD	DHGWVDLIALLLCATYLKKLDSPGYAAETYLSLVQ	0
TMDRVLTPPMGTVMDVLKGDNRFSMLVAAIQSAGL	XXXXXXXXPMGTVMDVLKGDNRFSMLVAAIQSLTE	0
FEWRTTAACKKDIFKANKEVPCYVFDEELRKHDLN	XXPELCSYTLTADFKANKEVPCIKLNVCRDIDPPG	1
AVLGEVKLCEKMAQFDAKKFAETQPKKDTPRKEKG	LGIMHHNKQVKMAQFDAKKFAETQPKKDECEQALA	1
FEGLVNLTFIHLQHNRLKEDAVSAAFKGLKSLEYL	XXTESKITKLGLQHNRLKEDAVSAADLSFNQIARL	1
GDKRYNCEYSGPPKPLPKDGYDLVQELCPGFFFGN	XXXXXXXXXXYGPKPLPKDGYDLVQELCPGFFFGN	0
GLVDALVTSINHALDAGKCEDKSVENAVCVLRNLS	QNAAFYVTSINHALDAGKCEDKSVENAVLRLLQRC	0
AVVGVVAGGGRIDKPILKAGRAYHKYKAKRNCWPR	GRGAASGGGGRIDKPILKAGRAYHKYKAKRNCWPR	1
GTFFSAVIDAKSFARIKKWLEHARSSPSLTILAGG	XXXXXXXVDAKSFARIKKWLEHARSSLIGGKCDDY	1
CRINEDQKVALDLDPYVKKLLNARRRVVLVNNILQ	CRINEDQKVALDLDPYVKKLLNARRRVVLVNNILQ	0
QSSEEIKQLMGTVEELQKRNHKDSQFETDIVQRME	XXXXXXXXXXXXVEELQKRNHKDSQFETDIVQRME	0
VLNLKEPLYVGGAPDFSKLARAAAVSSGFDGAIQL	FVSDLKEPLYVGAPDFSKLARAAAVSSGXXXXXXX	0
ASIVQPSPAHVGQQGLSKLPSRPGAQGVEPQNLRT	ASIVQPSPAHVGQQGLSKLPSRPGAQGVEPQNLXX	0
NLKDTSSKVIQSVANYAKGDLDISYITSRIAVMSF	XXXXSAQAVIQSVANYAKGDLDIESALKNNIEDVL	0
MDRMLRSAMRLCLPSFDKLELLECIRRLIEVDKDW	PWLNMDRMLRSAMPSFDKLELLECIRPVLLFVFXX	0
LSEKEKKQISEQLNALNKAYHDLCDGSANQLQQLQ	SEAIKSQQISEQLNALNKAYHDLCDGSAXXXXXXX	0
MVINRSTTELPLTVSYDKVSLGRLRFWIHMQDAVY	VMADNFPILFIDSVSYDKVSLGRLRFWIXXXXXXX	0
LKLEDTYTNKDLDKALLKASQDMFDKKTKASLYLS	LYKGLEAFNKDLDKALLKASQDMFDKKTKXXXXXX	1
TMEGYKYPVYGVQWHPEKAPYEWKNLDGISHAPNA	KYPGTCDALTANFWHPEKAPYEWKLDGISHAAVKT	1
AEQLDNIAEKACCGVPCKCSGQRGDRGPIGSIGPK	AEQLDNIAEKACCGVPCKCSGQRXXXXXXXXXXXX	0
AGAISASGPELQGAGHSKLQVTMPGIKVGGSGVNV	AGAISASGPELQGAGHSKLQVTMPGIKVPKMKGNV	0
NQGEFKELVRKDLQNFLKKENKNEKVIEHIMEDLD	XXXXFKELVRKDLQNFLKKENKNEKVIEHIMLMRL	1
RDYDVYARRNLQRGYTAKELNVSFINEKKYHLQER	RDYDVYARRNLQRGYTAKELNVSFINEKKYHLQER	1
AIGRLSSMAMISGLSGRKSSTGSPTSPLNAEKLES	DFSVAKKGAMISGLSGRKSSTGSPTSXXXXXXXXX	1
EVLLVRKELNKILEGRSKISVNDFIIKASALACLK	XVLLVRKELNKILEGRSKISVNDFIIKVVKGVETI	1
TILDYINVVPTAGPLAQKRNQKATPNSPRTPLPPG	NLNGHINVVPTAGPLAQKRNQKATPNSPRXXXXXX	0
DLQDDIQNRATSFATVVKDIEGFMEENQTKLSPRE	HQQLEDLCRATSFATVVKDIEGFMEENQLLREKLH	0
LNGNTKSKPTVSSSMEFKYDFNSSMLYSTAKGAVD	TKAQIILRMNFKQSMEFKYDFNTAKGAVDHTKGDV	0
DIGKPEVEYDCDNLQHSKKGKTAQGLSPVDQRKCE	NGDILLSEYDCDNLQHSKKGKTAQGLSPQLQKKHS	1
QIFVQLEKIWNSSLQTNKEPVGILTSNHRNSWAKA	XXVHNYQFFWNSSLQTNKEPVGILNASRLNSGNRK	1
DPKEEVMVLERILLQTIKFDLQVEHPYQFLLKYAK	MFHCCLAVLERILLQTIKFDLQVLPRLPXXXXXXX	0
RNKDVKKAILEDMVRLGKDSGLKPFEQVKGITLHP	EVFLIAKAILEDMVRLGKDSGLKPFEQVKGIXXXX	1
AKCQGYVIFVISLGSTRKDDMEELASYPLDQHLIQ	ENKEVKAIFVISLGSTRKDDMEELASYPLDQHLIQ	0
FLSQPFQVAEVFTGHMGKLVPLKETIKGFQQILAG	YPFLSQPFQVAETGHMGKLVPLETYMVGPIEEAXX	1
KRKSPENTEGKDGSKVTKQEPTRRSARLSAKPAPP	KRKSPENTEGKDGSKVTKQEPTRRSARLSAKPAPP	1
MDDHDQEEPDLKTGLYSKRAAAKSDDTSDDDFMEE	MDDHDQEEPDLKTGLYSKRAAAKSDDTSDDDDGMG	1
SEAESTENSPTPSPLQKKVTEDLSKTLLMYTVPAV	DEKKKLRHSPTPSPLQKKVTEDLSKTLLMYTYHWP	1
FEEPPNPTNVEISLQQMKANDPSLQEVNLNNIKNI	XXXXXXXXNVEISLQQMKANDPSLQEVPTLREFAK	0
TSESVSTTTTTHITKTVKGGISETRIEKRIVITGD	AGGDSGTLLTAQITKTVKGGISETRIXXXXXXXXX	1
DVKIESQKLNFKEKAQAKVGSLDNVGHLPAGGAVK	YQEYLTNKLNFKEKAQAKVGSLDNVGHXXXXXXXX	1
KEAATLEVERPLPMEVEKNSTPSEPGSGRGPPQEE	DSPRKLEVERPLPMEVEKNSTPSEPGSGRGPXXXX	1
MMAVLSKLDIEDQLVFLKSRKRLAEAADLLNREGR	LAALMMLLDIEDQLVFLKSRKRLAEAADLLNREAA	0
RFHKIANVNKALDFIASKGVKLVSIGAEEIVDGNL	ISGERLPVNKALDFIASKGVKLVIMIWTIILRFAI	1
GVVTKVQHRPSGLIMARKLIHLEIKPAIRNQIIRE	SELGAGNGGVVTKVMARKLIHLVFYGAFYSEISIC	1
IPHCVLLREFSVLTELLKKLCSGPEGGLRKLDVET	XXXLEFSGKVSVLTELLKKLCSGPGGLSWGLDLQL	0
RRFEFQADAFAKKLGKAKDLYSALIKLNKDNLGFP	LAVLGHADAFAKKLGKAKDLYSALIKLLRLQALKT	1
KLVKGKFQDNFEFVQWFKKFFDANYDGKDYDPVAA	ILAYFMMLKNFEFVQWFKKFFDANYXXXXXXXXXX	0
DVSAECTRRIVGVDGAIKALCNRLVVVELNNRTSR	XCKIFLDEAIVGVDGAIKALCNRLVVCVVLICESG	0
YGLHQDFPSVVLVGLGKKAAGIDEQENWHEGKENI	DVPQFTSGLKAGVGLGKKAAGIDHEGKENIRAPCG	1
PGAFDGLKLNYLRISEAKLTGIPKDLPETLNELHL	VMGGNPLENSGFRISEAKLTGIPHLDHNKIQALGH	1
KQYIATIHSRLQDSQLWKLPGLQATVRLAWALALR	AGSLDNLLLRLQDSQLWKLPGLQATVRADNVFSXX	0
ENLPASKDSIVHQAGMLKRNCFASVFEKYFQFQEE	SLKFYLALNVSHQAGMLKRNCFASYINHTXXXXXX	1
KIPAKRIFGDNFDPDFIKQRRAGLNEFIQNLVRYP	RYFIPAKRGDNFDPDFIKQRRAGLNEFIXXXXXXX	0
KEERSWEQKLEEMRKKEKSMPWNVDTLSKDGFSKS	KEKELDEQKLEEMRKKEKSMPWNVDTLSXXXXXXX	1
RRDGLKAIARICQTVGVKAGAPDEAVCGENVSQIY	XGFLKGRLQAICQTVGVKAGAPDEAVCGENVSILT	0
TVEIFKFEEAENSLLHLKTVKHELLPSVNDITAVG	FVVNPNTVEIFKFLLHLKTVKHAGPAHFYSPXXXX	1
MRERYAKIVEIPFNSTNKYQLSIHKNPNTSEPQHL	XGTCNRDSEEIPFNSTNKYQLSVMKGAPERILDRC	1
EGDLGIVEKTCATDLQTKADRLAQMSICSSLARKF	RRVIAEGDLGIVEKLQTKADRLAQMSEEDLLDPLD	1
KLKGPKFKMPEMNIKAPKISMPDVDLHMKGPKVKG	IPNVKGEYMPEMNIKAPKISMPDVDLHMKGPKVPD	1
KTQETGDEGKPLHLLIGKLQKAVSEECSYFLQTLC	XXXXQGDEGKPLHLLIGKLQKAVSEECSYFQENMH	0
GEKPKEKAKNSKKKGAKKEGSDGPLATSKPVPAEK	GEKPKEKAKNSKKKGAKKEGSDGPLATXXXXXXXX	1
KADKARYEREMKTYIPPKGETKKKFKDPNAPKRPP	KPRGKRYEREMKTYIPPKGETKKKFKDPAKRPPSF	1
AEQLDNIAEKACCGVPCKCSGQRGDRGPIGSIGPK	AEQLDNIAEKACCGVPCKCSGQRGCXXXXXXXXXX	0
IIPRHLQLAIRNDEELNKLLGKVTIAQGGVLPNIQ	AAPRHLQLAIRNDEELNKLLGKVTIAQGGVLPNXX	1
SKLEKKLFYSTFATDDRKEGMTAFVEKRKANFKDQ	AMAEKKLFYSTFATDDRKEGMTAFVEKRKANFKDQ	1
LGHPIQLDPNQKTPENSKSLNAVYPRAGSKPPSCP	LGHPIQLDPNQKTPENSKSLNAVYPRXXXXXXXXX	1
CKNEEVLAVLGHELGHWKLGHTVKNIIISQMNSFL	LYFYGFFKKLGHELGHWKLGHTVKNFEFQADAFAK	0
AVNPYFDIPKIYSSEAIKSYQGKSLGTRPPHVFAI	XXXXXXXXXKIYSSEAIKSYQGKSLTRPPHVFAIA	0
DEDEDEDGVSAATFLKKKSEAPSGESRKFLKKMDD	XXXXEGDGVSAATFLKKKSEAPSGESRKDRKSKRL	1
NLKPSYLVVPQTGFHHEKSDLLILDFGTFQLNSKD	IVPSIYDVVPQTGFHHEKSDLLILFARAEETWKMK	0
GSGFASLLMERLSVDYGKKSKLEFAIYPAPQVSTA	GLQGFLILMERLSVDYGKKSKLEHSDCDLTEFQTP	1
LVQSVELQEKPDLAESPKESRSKFFHPKPVPGFQV	KSTWVELQEKPDLAESPKESRSKFFHPKPVPGFQV	0
PEIATGGLEGKMKGTKVKTPEMIIQKPKISMQDVD	PEIATGGLEGKMKGTKVKTPEMIIQKPKISMQDXX	1
VGNGFEEGTTQGPLINEKAVEKVEKQVNDAVSKGA	GSGWNEDRSTGQPLINEKAVEKVEKQVKRGKNFFE	1
LCYTDVMKLDLITVEAFKPILSTRSLKGLVKNIPQ	PFLRACCYLCLITVEAFKPILSTSLKLVNIPSTLX	0
SYRPSQKDVEPPKISSTKNISIKQEPKISSSLPSG	SYRPSQKDVEPPKISSTKNISIKQEPKISSSTTSE	1
LNFHPDQEDQFFSLVHEKLGSELPGLEPALQVDLV	LPHLCSVLDQFFSLVHEKLGSELPGLLQLVLQARA	0
SDHGTVHIFAAEDPKRNKQSSLASASFLPKYFSSK	RRGSLIHIFAAEDPKRNKQSSLASKYFSSKWSFSK	1
CQGLKLTFDTTFSPNTGKKSGKIKSSYKRECINLG	NTLGTEIFDTTFSPNTGKKSGKIDVDFDFAGPAAX	1
PKCNKEVYFAERVTSLGKDWHRPCLKCEKCGKTLT	PKCNKEVYFAERVTSLGKDWHRPCLKCLTSGGHAE	1
RLAMAIPDKWIQLLKEFKDEDWNMGDIVYTLTNRR	XXXXXXXXKWIQLLKEFKDEDWNMGDILWLMDPVR	0
KLESFNGSKTNALNVSQKMIEMFVRTKHKIDKSHE	XXXILMSLSTNALNVSQKMIEMFVRTKLPRLCSCL	0
QASKSNLISGSVMYIEEKTKTKYTGNPTKMYEVVY	XXXXXXXXPDKIAYIEEKTKTKGNPTKMYEVVSDF	0
SASDGFKANLVFKEIEKKLEEEGEQFVKKIGGIFA	XXXXXXXXNLVFKEIEKKLEEEGEQFVKKIVDVKG	1
AQANITLQEQIEAIHKAKGLVPEDDTKEKIGPSKP	AQANITLQEQIEAIHKAKGLVPEDDTKEKIGSXXX	1
KLYALYKQATEGPCNMPKPGVFDLINKAKWDAWNA	KLYALYKQATEGPCNMPKPGVFDLINKAKWDAWNA	1
SFQGKVAFITGGGTGLGKGMTTLLSSLGAQCVIAS	XXXXXXXFITGGGTGLGKGMTTLLSCVIASVLKAT	1
AVDWVSRNLFWTSYDTNKKQINVARLDGSFKNAVV	QSADLPNAHGWTSYDTNKKQINVKNAVVQGLEQPH	0
VSRSAILQENSTLSASNKCCINGASTVVTAIFGGI	XXXXXXXHQLSTLSASNKCCINGASTVTAIFGGIL	0
YGLSAHPVAPQMFGYAGKEHMEKYGTKIEHFAKIG	XXXXXLKYGPQMFGYAGKEHMEKYGTKIEHFAFDF	1
VNVVAPGFVHTDMTKDLKEEHLKKNIPLGRFGETI	VNSGQPGFVHTDMTKDLKEEHLKKNIPLGRFGETD	1
SHPAAFEPSRQAAVPLVKVERVFCPEKAEEGPRKR	HSSLAAHSSRQAAVPLVKVERVFCPEKXXXXXXXX	1
KKIFLAQKPAPLLESPFKDRDHFQLGTLSHTLNIK	LEILTNLTRNPLLESPFKDRDHFQLSHTLNIXXXX	0
YDAYELKHALKGAGTNEKVLTEIIASRTPEELRAI	XXXXXXXELKHALGTNEKVLTEIIASTYQLGNLEQ	1
TTVRFWDLSTETPHFTCKGHRHWVLSISWSPDGRK	SASGSGDTTVRFPHFTCKGHRHWVLASGCQILLWD	0
MIKVSHLKQYLAVVFRDKPLELWDVRTCTLLREMS	RGNDESAIEMIAVVFRDKPLELLREMSKNFPTITA	0
INIIKREDLLNNAAHAGKALLTGLLDLQARYPQFI	XXXSCTGKLLNNAAHAGKALLTGLLDVRGRGTFCS	1
KYLKLPEPSASLPNPPSKKIKLSDEPVEAKEDYTK	AFFSGDQPSASLPNPPSKKIKLSDEPVEAKEDYTX	1
LFGISTGNLITGLAAGAKTYKMSMANRGQNQPVLN	AEIQRTGNLITGLAAGAKTYKMGYALDNTLPAWKP	1
LPDFGISYVMVRFKGSRKDEILGIANNRLIRIDLA	XXSLSDTYVMVRFKGSRKDEILGIRIDLAVGDVVK	0
QNQNQVRSPGAPGPLTLKEVEELEQLTQQLMQDME	QNQNQVRSPGAPGPLTLKEVEELEQLTQQLMQDME	0
VVISVNPYRSLPIYSPEKVEEYRNRNFYELSPHIF	XXXVTLEIYSLPIYSPEKVEEYRNRNFELSPHIFA	0
TKVYFAGFPRKVESELIKPINPRLDGCIRSWNLMK	NTSKITTGFRKVESELIKPINPRXXXXXXXXXXXX	0
SRTVSDSIKKLITSMRDKAPGQLECETAIAALNSC	RAAMEPIVSKLITSMRDKAPGQLECEASGGXXXXX	0
GVAAAISKTAVAPIERVKLLLQVQHASKQITADKQ	XXXXXXXXXXVAPIERVKLLLQVQYKGIIDCVIFW	1
YSQHIYRTISDGTISASKQESGKMDAKTTVGKAKG	YSQHIYRTISDGTISASKQESGKMDAKTTVXXXXX	1
QFLAQVNKAVDTICSFLKENCFRNSPIKVIKVVKG	XXXXXXXXXVDTICSFLKENCFRNSPIKVIKVVKL	0
QEKELLHSQNTWLNTELKTKTDELLALGREKGNEI	QEKELLHSQNTWLNTELKTKTDELLALGREKGNEI	0
FNPRFNENNRRVIVCNTKLDNNWGREERQSVFPFE	DFQRGNDVAFHFNVCNTKLDNNWGREERFYNHRVK	1
SAITRQPNIKQKFVALLKRFKVSDEVGFGLEHVSR	XAITRQPNIKQKFVALLKRFKVSDEVGFGLEHVSR	1
SNFSHFQIEKLLNKPGLKYKPVTNQVECHPYLTQE	GVKALGVIEKLLNKPGLKYKPVTKGIXXXXXXXXX	1
DKKSYEPLEDPGVKSVTKIYNYYKKFSYKTIVMGA	FAQAVPVLEDPGVKSVTKIYNYYKKFVGALCVLSA	1
QRQVFFELNGQLRSILVKDTQAMKEMHFHPKALKD	VSDLNRAGQRQVFSILVKDTQAMKEMHFXXXXXXX	1
EQGDKKMEEKNSGNFQKKAANMLQQSGSKNTGAKK	EQGDKKMEEKNSGNFQKKAANMLQQSGSKNTGXXX	1
NLQVLSNPEFLAEGTAIKDLKNPDRVLIGGDETPE	EPGLKEVVEFLAEGTAIKDLKNPDRVYWVPDTXXX	0
EESEGNKQDLKALKEAVKEIQTSAKSREWDMEALR	EESEGNKQDLKALKEAVKEIQTSAKSREWDMEALR	1
VIDAKKLLSELSNPEISKYVGEVFNIVSQQSTARP	SEEKTKLLSELSNPEISKYVGEVFNIVIVSLDVFS	0
LVALGECYEKLNQLVEAKKCYWRAYAVGDVEKMAL	LVALGECYEKLNQLVEAKKCYWRAYAMALVKLAKL	0
VKSAFLLQNLLVGHPEHKGTLCSMGMVQQLVALVR	XLLLFSLQNLLVGHPEHKGTLCSMGMVQLGALCSL	0
VRKVDPRKDAHSNLLAKKETSNLYKLQFHNVKPEC	XXXXXXXXDAHSNLLAKKETSNLYRYEGGYPALLL	1
IKLFVESYELILQEGTFKAVARGPGGDPPYKIRYM	AIKLFVSYELILQEGTFKAVARPPYKIRYLVIVWR	0
EEYERQEREHRLSAADEKAVSAAEEVKTYKRRIEE	KNPGRQEREHRLSAADEKAVSAAEEVKTYKRRXXX	1
ASDDFGRDLASVQALLRKHEGLERDLAALEDKVKA	MASDDFGRLASVQALLRKHEGLERDLAILAAERHA	1
RAPMVNPTLGVHEADLLKTSGTLISFIYPAQNPEL	EVLASDLVVPVHEADLLKTSGTLIKLSQRKTTVKD	0
NFSLGFDEPTEQPVRKNKMASNIFGTPEENQASWA	XXXXXXFEPTEQPVRKNKMASNIFGTPEENQASWA	1
DKLNDMEPSKAVPLNASKQDGPMPKPHSVSLNDTE	DKLNDMEPSKAVPLNASKQDGPMPKPHSVSLNDTE	1
RFPQPRTMLERLASKRRKLVAIVDPHIKVDSGYRV	CDVIWLRMLERLASKRRKLVASAPNLFVFRSSEXX	1
GEDMLITGGRHPYLGKYKAGFMNDGRILALDMEHY	VDAFKVDQILEGEIGKYKAGFILALDMEHFNLRCR	1
PAQVIAPSETPSSSSVVKKRRKRRRKSQLDSLKRD	PAQVIAPSETPSSSSVVKKRRKRRRKSQLDSLSED	0
SLFIARSFRHCTASTLPKSLLKPFCAALLKHINDS	XXXXXXLQSFCTASTLPKSLLKPFCAALLTALKVV	0
EDYKFHHTFSTEIAKFLKVSQGQLVVMQPEKFQSK	IIGVFKHTFSTEIAKFLKVSQGQLVVMQPRSHMMD	1
CNRSASNTAAEFGEPLPKRLKSSVVALDVDQPGAN	NDDGASNTAAEFGEPLPKRLKSSVVALDVDQXXXX	1
ERSTDQVIKPVNLEALSKWTGHIPGDVVRDMAQIA	SMITRYYEVLQNLEALSKWTGHIPVANPPNYGTLX	0
GYLSSLHLKAFTYINLDKAVLGTSNFKVSASPLLY	AGAAKSGVGTALGDNLDKAVLGKVDNASFCFCDYY	0
GRTLCGCRVRVELSNGEKRSRNRGPPPSWGRRPRD	DPRDAADAVRVELSNGEKRSRNRGPPPXXXXXXXX	1
GNKVYSFQNRKHSEKMAKLASELAKTPQKSVSFSL	XXXXYSFQNRKHSEKMAKLASELAKTPQKSVEEYF	1
SSGLTVEVDAPKSQDLAKIMADIRAQYDELARKNR	SSGLTVEVDAPKSQDLAKIMADIRAQYDELARKNR	1
DSFDDYPPRRGDDSFGDKYRDRYDSDRYRDGYRDG	KTTDDYPPRRGDDSFGDKYRDRYDSDRYRDGYRXX	1
RVTLGYTQGFFETEHLLKRYSRSMAIMNNVSLALH	XVTLGYTQGFFETEHLLKRYSRSMAIMNNVLYALY	1
GLARSLKTNTLAAQSVIKKDNQTLSHSLKMADQNL	TLARSLKTNTLAAQSVIKKDNQTLSHSLKMADQNX	0
IEKNANPEWNQVVNLQIKFPSVCEKIKLTIYDWDR	LIALRWVTFFAGKNLQIKFPSVCEVPTFLEKPXXX	0
WAAGAGATHSPPTDLVWKAQNTWGCGNSLRTALIN	WAAGAGATHSPPTDLVWKAQNTWGXXXXXXXXXXX	0
KSLGQVSLTHPYSECDFKLKEVARNNMGNDTNEEQ	KLELKESLTHPYSECDFKLKEVARNEGLHYQESDG	0
PTTALGGCPSDWIQFLNKCFQVQGQEPQSRVKWSE	XLPTTALGGCPWIQFLNKCFQEAQLVTITLEQFII	0
VCPTEIIAFSDRAEEFKKLNCQVIGASVDSHFCHL	YKGKYVVAFSDRAEEFKKLNCQVINIIIDDVDETL	1
LPQQSSPSVDVLPGVTLKAPQNQVTLRGRVPHLGR	XXXXXXXXXXVLPGVTLKAPQNQVTFYQAAHPTFP	0
KVGNQKRVVGVLLGSWQKKVLDVSNSFAVPFDEDD	PELAVQKVVVHLLGSWQKKVLDVSRERIVGCPNSV	1
PVMMTKAVKNSKEQALLKASHVRDAVAVIRYLVWL	XXXXXXXFKNSKEQALLKASHVRDAYWDGTTDIGN	1
RPSTTMEGLAKLKPAFKKDGSTTAGNSSQVSDGAA	GISREQDGLAKLKPAFKKDGSTTAGNSDIFASXXX	1
SAVKKKPQKVAGGAAPSKPASAKKGKAESSNSSSS	YSEKKKPQKVAGGAAPSKPASAKKGKAESSNSSSS	1
IRKQSEPFFKATPEEKLKLEDFFARNSYVAGQYDD	FIVRSEPFFKATPEEKLKLEDFFARNXXXXXXXXX	1
LAYTMERSARQIMRTAMKYNLGLDLRTAAYVNAIE	LEDVSYRSARQIMRTAMKYNLGLDLRTAAYVNAIE	1
ITNPINGKSFSLGDIYFKLFRASGDMRTNGDNYLY	XXXXXXXNGTSLGDIYFKLFRAYEIQLSSITSSRC	0
GKMRGAAPGKKTSGLQQKNVEVKTKKNKQKTPGNG	GKMRGAAPGKKTSGLQQKNVEVKTKKNKQKTNXXX	1
SKPGKFEEFYGLLQHVHKIPNVDVLVGYADIHGDL	RRFSLFEEFYGLLQHVHKIPNVDVLVGRIFIQKKE	0
FYWEPLNRQVRVEGPVKKLPEEEAECYFHSRPKSS	ESKGKELDSNPFAGPVKKLPEEEAEYKSWGGYVLY	1
EYSNIEEFAEGSKINASKNQQDDGKMFIGGLSWDT	XXXXXXXFAEGSKINASKNQQDDGKMFIVDCTIKT	1
IPKENFSCLTRLDHNRAKAQIALKLGVTANDVKNV	XXXXXXXXXTRLDHNRAKAQIALKLGVTANDVKNV	1
ESFTDGPEKELDLFTYLKHCAKNIKAKDVAKPNED	GEKFQDQEKELDLFTYLKHCAKNIKAKXXXXXXXX	0
PDVMNLSQWSLQHEISCKLSCSCISWNPSSSRAHS	XXXXTCSADGIVREISCKLSCSCIAVGSDDSSNAM	0
FHDRRLQYTEHQQLEGWKWNRPGDRLLDLDIPMSV	XXXXXQVVTEHQQLEGWKWNRPGDRLLDTNPSQLN	0
TFEKAHDGAEVCSAIFSKNSKYILSSGKDSVAKLW	IDLRNYNSSANMYAIFSKNSKYILLEIVFNHTEDY	0
KMYGEYVKGFDNAMELVKNMTERIPQFKSVVEEIQ	XLFMVKIFGFDNAMELVKNMTERIPQFKSVVETLQ	0
AGCKTTTSAVMVHCLRQKTEEELLETTLKMKFLSL	AITAGCKTAVMVHCLRQKTEEELLETTLKXXXXXX	1
AIIAKTFKGRGITGVEDKESWHGKPLPKNMAEQII	PAQHKTFKGRGITGVEDKESWHGKPLMIXXXXXXX	1
ENFEEYLRALDVNVALRKIANLLKPDKEIVQDGDH	ENFEEYLRALDVNVALRKIANLLKPTLSTFRNYGI	1
DLRSQNTKISTQLDFASKRYEMLQDNVEGYRREIT	DLRSQNTKISTQLDFASKRYEMLQDNVEGYRREIT	0
MAHISGLVAAKVIPSPFKHADIVTTTTHKTLRGAR	ECHLLADMSVAKIPSPFKHADIVTFYRKKXXXXXX	1
PRFNVETMAQLLNIPPNKTLLRRHLATHFNLLIGA	NLFNVETMAQLLNIPPNKTLLRRHLATHFNLLTAX	0
KSKVAKKIKTQEKAPVKKINQEEVGLAAPAPTARN	KSKVAKKIKTQEKAPVKKINQEEVGLAAPAPTARN	1
DIPDDRAASVPALSDLVKQKKSDTPQSPSLNSSQP	VDATKLDASVPALSDLVKQKKSDTPQSPSLNSSFL	0
TKRFKGTESISKVSEQVKNVKLNEDKPKETKSEET	KLRFKGTESISKVSEQVKNVKLNEDKPKETKSEET	1
AAGYDVEKNNSRIKLGLKSLVSKGTLVQTKGTGAS	LITVVSLLNNSRIKLGLKSLVSKGTLVQTKGTGAS	1
MNTGSQFVMEGVKNLVLKQQNLPVTRILDNLMEMK	KTYGSTTTKPMGLNLVLKQQNLIQNDYXXXXXXXX	1
RKFLEEEQQLHRQQRQRKFLQEEQQLRRQERGQQR	YVAADFNFLIHRQQRQRKFLQEEQQLRRXXXXXXX	1
ISFIEGIIARGNAYSTAKGNVYFDLKSRGDKYGKL	XXXXXXXXXXIIAYSTAKGNVYFPADSDKRHDFAL	1
QIQATTIYANTINTFRIKSGNENGEFYLRQTSPVS	XXXXELPQSIVYITFRIKSGNENGEFYLRAMLHIV	1
HTEQQESLEQKLFQLESKNRWLRQQLVYAHKKVNK	IAMLKESLEQKLFQLESKNRWLRQQLVYAHXXXXX	1
FSTGTGSQSVERTKPKAKIAENPANPPVGGKAKSP	KKASALSQSVERTKPKAKIAENPANPPVXXXXXXX	1
YRGFFHGVREIVREQGLKGTYQGLTATVLKQGSNQ	PMETIKGVREIVREQGLKGTYQGLTATKMQGLEAH	1
AKHIAEEADRKYEEVARKLVIIEGDLERTEERAEL	AKHIAEEADRKYEEVARKLVIIEGDLERTEERAEL	1
CKVLISSLQDCLHGIESKSYGSGSRRERSRERDHS	AIETLVSLQDCLHGIESKSYGSGSRRERXXXXXXX	0
ASRVDAVASKVQTAVTMKGVTKNMAQVTKALDKAL	MDDTLFVASKVQTAVTMKGVTKNMAQVTKFQQVQN	1
AARIIAVDINKDKFAKAKELGATECINPQDYKKPI	KAARIIAVDNKDKFAKAKELGATECINALXXXXXX	1
TESRKKSGKKGQASLYGKRRSQKEEDEQEDLTKDM	KASNKKSGKKGQASLYGKRRSQKEEDEQEDLTKDX	1
SGGGRDRRVVLWGSDYSKLQEVEVPEDFGPVRTVA	GTLVSGGRVVLWGSDYSKLQEVEVHXXXXXXXXXX	0
AQLQLVLGRLTSPAASEKPDLAGYEAQGARPKRTQ	MNVAQLQLRLTSPAASEKPDLAGYEAQGARPKRTQ	0
PPAGSAPGEHVFVKGYEKGQPDEELKPKKKVFEKL	DIRVLCNGEHVFVKGYEKGQPDEELQWKTNFMTKL	1
SAVALPKLPISLTNTDLKVASDTQFYPGLGLALAF	HVEKSGLSPISLTNTDLKVASDTQFYPGLGVHRLS	0
AELKQECLARGLETKGIKQDLIHRLQAYLEEHAEE	AELKQECLARGLETKGIKQDLIHRLQAYLEERXXX	1
NSPFKILVGPSEIGDASKVRVWGKGLSEGHTFQVA	XXXXXXXXXGSEIGDASKVRVWFIVDTRNAGYGGL	0
QKIADRLGLELGKVVTKKFSNQETCVEIGESVRGE	XXXXXFSGSSHQKVVTKKFSNQETCVEIGVQSGCG	1
QSDIIAITGLAANLDRAKAGLLERVKELQAEQEDR	HVDIIAITGLAANLDRAKAGLLERVKXXXXXXXXX	1
IFDEEVDPDEGLFGPGRKLSPQDPSEDVSSVDPLK	VTKEEVDPDEGLFGPGRKLSPQDPSEDVSSVDPLK	1
KHPPELQVAFADCAADIKSAYESQPIRQTAQDWPA	KTFRSREILFADCAADIKSAYESQQDWPATSLNCI	0
IRGILYRTHSDQFLVAFKEVGRKPPTFGDASVIAL	HVGIGDKIRGIYFLVAFKEVGRKPPTDASVIAELI	1
QQYSTIVKDYELQLMTYKAFVESQQKSPGKRRRML	EVRRVQLRDYELQLMTYKAFVESQQKSPGKRRRMX	0
DLPGQEERERLVRMYFDKYVLKPATEGKQRLKLAQ	XXXXEGVVERLVRMYFDKYVLKPATEGKQLKLYGC	1
QYQRRLAAVALINAAIQKGVAEKTVLELMNPEAQL	XXXXXXAAVALINAAIQKGVAEKTVLELMNAADLY	1
RWFLLEQPEIQVAHFPFKNNMSFVVLVPTHFEWNV	FFQGFWRNKFYPLHFPFKNNMSFVELSEVGVEAAI	0
LEIFTKLEEIQQQILQQKHSMILLENQIGCLTPEL	KTQIGMTEEIQQQILQQKHSMILLENQLSELKKQY	0
IKEITYMHSEGILAGELKHGPLALVDKLMPVIMII	XXLIMGRGYEGILAGELKHGPLALVDMVIMTAKCQ	0
WSSLSMDEKVELYRIKFKESFAEMNRGSNEWKTVV	VAHVKHLQKVELYRIKFKESFAEMNRXXXXXXXXX	1
YRGDVVPKDVNAAIAAIKTKRSIQFVDWCPTGFKV	RKYMACCLDVNAAIAAIKTKRSIQFVDWCPTGFKV	1
GIEHKHVLNLLDEIENIKQVPQKLEQCMASKHYLS	XXXXXXXXNLLDEIENIKQVPQKLEQAMLVSAVES	0
SLALYEKADIKGPEDKKKHLLIGVSSDRGLCGAIH	XXXXXXXXXXKGPEDKKKHLLIEVATLTAAGKEVM	1
EDPPGSEVLRIQNVLSEKPRVSTVYANNGSVLQGT	VVTGDILALRIQNVLSEKPRVSTXXXXXXXXXXXX	1
IVGRVLYAYGYYTGEPSKRSRGALGSIALLGLVGT	IVGRVLYAYGYYTGEPSKRSRGALGSIXXXXXXXX	1
EWSGDGSGTLQRSGSLGKIRDVLRRSSELLVRKLQ	SVAVEWSGTLQRSGSLGKIRDVLRRSSELLVRKLQ	1
LLQDDAHPTLVTYADHSKLSAMMGAVAEKKGPGEV	KFAAQELIEVVTYADHSKLSAMMGAVAEXXXXXXX	0
IAKYKELVAKTSNLENVKFAWHKETSSEYQSRMLE	NEVVYKELVATSNLENVKFAWHWDFXXXXXXXXXX	1
SSAKSQPLVQEKKRVVKKDHSVDSFKNQKHPESIQ	KEESSSSKVQEKKRVVKKDHSVDSFKNXXXXXXXX	1
KWFNVRNGYGFINRNDTKEDVFVHQTAIKKNNPRK	KVLGTVKWFGFINRNDTKEDVFVDGETVEFDVVEK	1
YEKSRGELKKKKTPGPGKLPPTLSSKYPEDDPDYC	MGEDAVEDKKKKTPGPGKLPPTLSSKYPYXXXXXX	1
HKIIAPANLERPVRYIRKPIDYTILDDIGHGVKWL	XXXXXXXNLERPVRYIRKPIDYTILDDIGHGVKWL	0
ASKIPAFLNVVDIAGLVKGAHNGQGLGNAFLSHIS	XXXXXXXVGLPNVAGLVKGAHNGQGLGNAFLHVEG	0
GTITKSDALGHILPQLGKDWTHQGITSLYHKIQLN	GTITKSDALGHILPQLGKDWTHQGITLTGYLQWVS	0
GVKTCCTDWGQFFLIQEKGQSALVGSSYMSALEVG	XXXXXXXPWGQFFLIQEKGQSALVGSYMYLFRVTV	0
SLLRTYLARLPWAGQLTKELPLSPAFFGEDGIFRH	SLLRTYLARLPWAGQLTKELPLSLSLVAQXXXXXX	0
VRSTRFEEFLQRKWSSEKRFGLEGCEVLIPALKTI	XXXXXXEEFLQRKWSSEKRFGLEPHRGRLNIFQFD	0
MACPLEKALDVMVSTFHKYSGKEGDKFKLNKSELK	XXXXXXKALDVMVSTFHKYSGKEGDKFKLNKSELK	1
GGPEVLKLRSDIAVPIPKDHQVLIKVHACGVNPVE	XXXXXXXXXTQKAVPIPKDHQVLIKVIEAVGDNAS	1
AQLREERLRQYAEKKAKKPALVAKSSILLDVKPWD	XQLREERLRQYAEKKAKKPALVAKSSQLDGLVCVV	1
TECLCVCQSGTYGENCEKQSPDYKSNAVDGQWGCW	PNNGCVCQSGTYGENCEKQSPDYKSNXXXXXXXXX	0
PGTKALSAVSAQAAAAQKNKLKEPGGGSFRDDDDI	XXXXXLSAVSAQAAAAQKNKLKEPGGGSFRGVNLS	1
SAHPVEVFSFDLHEPLSKERVEAFSDGVYAIVATL	XXXXXTPGDATRQEPLSKERVEAFSDHHSLFLHVR	0
DLPPNKDVEPGILLHGLKPWTQYAVYVKAVTLTMV	SKNRIIYKEAPNLLHGLKPWTQYAYIRTNASVPSS	0
GKVEKHYLFYDGESVSGKVNLAFKQPGKRLEHQGI	XXXEIDIVLNDGESVSGKVNLAIRIEFVKELASRS	0
ELEYVLKKVGCKALVFPKQFKTQQYYNVLKQICPE	XXXMWGPNSAWPALVFPKQFKTQQYYNVLKVEVIS	1
CVLRDFQEYLAAVESSMKALLTDKESLKVGPLDSV	XXXXXXXEYLAAVESSMKALLTDKESLFISIEKEK	0
SELKEELKKRRLSDKGLKAELMERLQAALDDEEAG	SELKEELKKRRLSDKGLKAELMERLQAALDRHYWQ	1
KEDFEEARKKALKLGAKKVFIEDVSREFVEEFIWP	IAYLFEARKKALKLGAKKVFIEQIAREGAVXXXXX	1
SEFRPERFLTADGTAINKPLSEKMMLFGMGKRRCI	RNLWPERFLTADGTAINKPLSEKMMLFEVKXXXXX	1
DGTGFARISFDSQISTTKRFEQELRLVSYSGVLFF	XXXXXXXXSFDSQISTTKRFEQLLQVFLLGGKRVL	0
VKVARKRKRMVTGNGSLKRKSSRKETPSATKQATS	XXXXRKRKRMVTGNGSLKRKSSRKETPSATKQATS	1
VTREQVDFQHHQLAEAFKQYNISWELDVLEVSNSS	RQPKVVRYQHHQLAEAFKQYNISWELHIHIGLFDS	0
TEKYFHLVLPTDELAEPKKSHRQSHRKKVLPEIYL	LREDGTEVLPTDELAEPKKSHRQSHRKKVLPEIYK	0
NDLQEKFAQLEAENSILKDEKKTLEDMLKIHTPVS	NDLQEKFAQLEAENSILKDEKKTLEDMLKIHTPVS	0
ATKHDSEGKTAFHLAAAKGHVECLRVMITHGVDVT	QAVENGDAKTAFHLAAAKGHVECLRHSALHLAAKN	0
GDPKRKGGPGSTLSFVGKRRGGNKLALKTGIVAKK	EDPKRKGGPGSTLSFVGKRRGGNKLALKTGIVXXX	1
MGAGKKEHTGRLVIGDHKSTSHFRTGEEDKKINEE	MGAGKKEHTGRLVIGDHKSTSHFRTGEEDKKINEE	1
MASKLLRAVILGPPGSGKGTVCQRIAQNFGLQHLS	XXXXXXXXVILGPPGSGKGTVCQRIAHLSGLLDGF	1
LEPRGEARSTAELYLTTKEIKLELKPPDIPDSRVP	NVTPDDEGVYAELYLTTKEIKLELKPPXXXXXXXX	0
ELVELSQASPHDISNVLKLYLRQLPEPLISFRLYH	IYRVNGVECPHDISNVLKLYLRQLPLLLIVFGPTL	0
EDVYNALRWFLRKKVLAKYGVNPERIGISGDSAGG	GLAVVVLRWFLRKKVLAKYGVNPRIXXXXXXXXXX	1
VWDVAAGVAQCEIQEHAKPIQDVQWLWNQDASRDL	VKSADVNGKIIEIQEHAKPIQDVAIHPPNYIVSNI	0
VTEDAKRLIAVADSVLTKVVGDLLSGTILVGQLEL	FNDILKLLIAVADSVLTKVVGDLLSGTILVQLIFL	0
GAEPFPVGRSSLLVGNLKKKYAQGFLPEKLPQQDH	XQEPFPVGRSSLLVGNLKKKYAQGFLPEKLPQQSK	1
DSVWVDVKDSCVGSLVVKSGQSEDRQPVPGQQMTL	XXXXXXXXXXXXXSLVVKSGQSEDRQPMTLKIEGV	1
LVLKAKGIRHEVININLKNKPEWFFKKNPFGLVPV	RSLGKGSYSMRFCNINLKNKPEWFFFGLVRFLELY	1
APAATGSPVKKQRPLLPKETAPAVQRVVWNSSSKF	XXXXXXXXVKKQRPLLPKETAPAVQRVVWNSSSKF	1
TPGTPSYPRTPHTPGTPKSAILVPSEKKVAIIRTP	NSFSLNSSISPHTPGTPKSAILVPSQXXXXXXXXX	1
ITGTLVRKLCQNEGCKLKAVVEAKKLILGGLEKAE	KTGTLVRKLCQNEGCKLKAVVEAKKLILGALEXXX	1
LIEEAASRIVDAVIEQVKAAGALLTEGEACHMSLS	EKEEAASRIVDAVIEQVKAAGALLTEGEACEKXXX	0
SSVPTVKLFIGGKFVESKSDKWIDIHNPATNEVIG	WYSSPTVKLFIGKFVESKSDKWIDGRVPQATKAEM	1
RIVTENIPCGTTGTTCSKAIKLFVESYELILQEGT	GSCEYLVTENIPCTTCSKAIKILQEGTWDRKTSVF	0
PAYQQYQDAANNLREDYKFHHTFSTEIAKFLKVSQ	DVIIIGYQAANNLREDYKFHHLVVMQKVLANKXXX	1
IYTHPEVAWVGKSEEQLKEEGIEYKVGKFPFAANS	GIDMEISNWVGKSEEQLKEEGIEYKVGKILGQKST	1
LKRIPIEDGSGEVVLSRKVLLDGVQNPRAEDLVGK	EIFGISLPESLKVVLSRKVLLDGVQNPRAEDLVLI	1
ADNQIDSGDLMECLIQNKHQKDMNEKCAIGVTHFQ	ACEPIINFCLMECLIQNKHQKDMNEKCAIGVTHFQ	0
AKDINQEVYNFLATAGAKYGVGFWKPGSGIIHQII	LSKVAPSTINFLATAGAKYGVGFMQHPPKDSSGQH	0
LYAAVGKVIYEGLTNYEKATNANPSQLFGTLMILK	XXXXXXKVIYEGLTNYEKATNANPSQLFGTLLISV	0
FGHRTVSVLNGGFRNWLKEGHPVTSEPSRPEPAVF	YDGEHLGSLNGGFRNWLKEGHPVTLTEDGFEXXXX	1
SGSPKPFSPQLSAPITTKTDKTSTTGSILNLNLDR	XXXRDNSSQEVSAPITTKTDKTSTEIRRLRIEIEK	1
PRALNPQDYVATVADALKMNKNVVLARASGALPPE	LLRPNTLDYVATVADALKMNKNVVCEGDFPRPPAD	0
GRPYNPSMSKPDGWGVTKGTAELMQQKEATTEQQL	AWCIGDLHGVKQGWGVTKGTAELMQQXXXXXXXXX	1
LGPEDSHVVVASNSPCLKVFELQTSACQILHGHTD	LDVRFLHVVVASNSPCLKVFESACQILHGVLSQVV	0
FSSHDEINNYLQQIDQLKERIAGLEEEKQKNKEFS	QSSHDEINNYLQQIDQLKERIAGLEEEKQKNKEFX	0
VNPNAAYDKFKDKRVGTKGLDFSDRIGKTKRTGYE	XXXXXAYDKFKDKRVGTKGLDFSDRIGKTKRTGYE	1
KGASSFKITRGIEAVGGKLSVTATRENMAYTVECL	RIGLSSKITRGIEAVGGKLSVTAYTVECLRGDVDI	1
EVVAEVVKAPQVVAEAAKTAKRKRESESESDETPP	EVVAEVVKAPQVVAEAAKTAKRKRESESESDKEKK	1
PSRMATQASTLYSNNITKLLKAISPDKDNFYFDVK	VIAQGYDASTLYSNNITKLLKAISPDMVITXXXXX	1
ASGSEDGTLRLWQTVVGKTYGLWKCVLPEEDSGEL	YFSPDGELYALWQTVVGKTYGLWKCVLPEXXXXXX	0
KRNREEEWDPEYTPKSKKYYLHDDREGEGSDKWVS	ELSPEEEWDPEYTPKSKKYYLHDDREGEGXXXXXX	1
SKREKREVIVEESIRTCKPAFLSEEKLYQETAIRD	PDSKRGLVIVEESIRTCKPAFLSEEKSEKGKXXXX	0
QIQSSNLFDKVSPVVSHKVDLAVLAAVEIRGVSSP	AFVQDTSVKFDLQVVSHKVDLALXXXXXXXXXXXX	0
SRPQPQNGSSGMGSTVSKAYGASKTFGKAAGPSLS	XXXQPQNGSSGMGSTVSKAYGASKTFGKAVPIASL	1
QELDNPGAKRILELDQFKGQQGQKRFQDMMGHGSD	QCIQSVYVLRILELDQFKGQQGQKRFQDMLXXXXX	1
RSTLEPVEKALRDAKLDKAQIHDLVLVGGSTRIPK	LTALEPVEKALRDAKLDKAQIHDLVLLQDFFNGRD	1
IRQTFKSHFGRDLMTDLKSEISGDLARLILGLMMP	GTDEIIIRFKRDLMTDLKSEISGDLARLILGLMMY	1
SDRGLCGAIHSSIAKQMKSEVATLTAAGKEVMLVG	XXXXHLLIGHSSIAKQMKSEVATLTAVMLVGIRGI	1
TLSQAIQLGKVDFASTLKVLEAQANTGGIIDTATG	VDPENCRIFLVDFASTLKVLEAQANTGIVMVIIAH	0
VRNLGLTPMDQGSLMAAKEIEKYPLQLFPMWRFPF	VVKANTFVCGQGSLMAAKEIEKYPLQXXXXXXXXX	0
FDEFIKIFHGLKSTDVAKTFRKAINKKEGICAIGG	MTGFIKIFHGLKSTDVAKTFRKAINKKXXXXXXXX	1
KRPVFADISKDLEKMMVKRRDYLDLAASTPSDSLI	EEMYRLDISKDLEKMMVKRRDYLDLADSIXXXXXX	1
EKLNERLAKLSDGVAVLKVGGTSDVEVNEKKDRVT	KDGKTLNDELEIIVAVLKVGGTDEVNEKKDRVTLX	1
EDGEPYCEKDYINLFSTKCHGCDFPVEAGDKFIEA	XXXXAKPEKDYINLFSTKCHGCDFPVEAGDKFIEA	0
EVPAGKHIITTTRSHSNKLVTDCVAAMNPDAVLRV	XXXXXXXXITTTRSHSNKLVTDCVAAMNPVLRVFA	1
KEALKKQLPGVKSEGKRKGDEVDGVDEVAKKKSKK	KAERPEYSPGVKSEGKRKGDEVDGVDEVAKKKSKK	1
LQDVRQDLADVVQVCEGKKKQTNYLRTLINELVKG	TASLRQDLADVVQVCEGKKKQTNYLRTLIXXXXXX	0
EDMENKIRSTLNEIYFGKTKDIVNGLRSIDAIPDN	GSLTRKIRSTLNEIYFGKTKDIVNGLRSIXXXXXX	1
YIIAFAKEKNLLKYIQFKTFVSSVNKHPDFATTGQ	SNDIGGKEEGRLKYIQFKTFVSVTTERDGKKESXX	1
RSRIVSGIITPIHEQWEKANVSSPHREFPPATARE	QVADVSGIITPIHEQWEKANVSSPHRXXXXXXXXX	0
MPILSPGNTQTLTELELKWQHWHEECERYLQDSTF	RTMPILSNTQTLTELELKWQHWHEECERMLGLLYS	0
EKAQAKTSRKKKFGKKNKDQGGLTQAQYIDCFQKI	EKAQAKTSRKKKFGKKNKDQGGLTQAQYIDIARCP	1
LKEQQDSPGNKDFLQSLKGFPRGDKLFGPDLKLVP	RMSLSSFPGNKDFLQSLKGFPRGDKXXXXXXXXXX	0
IDTIEKEIRKIFSIPDEKETRLWNKYMSNTFEPLN	IDTIEKEIRKIFSIPDEKETRLWLNPVIEQKNEDG	0
KVDHTGEYGNLVTIQSFKAEFRLAGGVNLPKIIDC	NIPAQPITKLKNVIQSFKAEFRLKIIDCVGSGKER	0
MKTATDEAYKDPSNLQGKVQKHQAFEAELSANQSR	XXTATDEAYKDPSNLQGKVQKHQAFEATELKGIKL	1
LGELSDKIGSTIDDTISKFRRKDREDSPERCSDSD	LGELSDKIGSTIDDTISKFRRKDREDSPERCSDSD	1
MVGGRKTLYNNQPIDFLKKMVAASIKDGEAVWFGC	XXXXXXXXLVNQPIDFLKKMVAASIVFFAVSEDGA	1
GIDYDKLIVRFGSSKIDKELINRIERATGQRPHHF	XXXXXXXXXYDISSKIDKELINRIERATGQRPHHF	1
PRGRPKGSKNKGAAKTRKTTTTPGRKPRGRPKKLE	PRGRPKGSKNKGAAKTRKTTTTPGRKPRGRPKKLE	1
VDSSLDHIICTEPDLIGKPAEESHLSLIASVTDKD	QSQLCASIICTEPDLIGKPAEEXXXXXXXXXXXXX	0
VIDAKKLLSELSNPEISKYVGEVFNIVSQQSTARP	XXXXYKLLSELSNPEISKYVGEVFNIVIVSLDEKV	0
ELTGRTLADLTLLDSPIKVPLLLSEPINIIDALEM	XXXXXXXXXLTLLDSPIKVPLLLSEPINIIDALEM	0
DVRHYLQGRSSIAGLLLKATNEKLSVYAALQRQLL	XXXXXXXXXXXIAGLLLKATNEKLSVAARQLLPVD	0
KRRWDQTADQTPGATPKKLSSWDQAETPGHTPSLR	KRRWDQTADQTPGATPKKLSSWDQAETPGHTPSLR	1
KAGVKLEVANMQAELVAKPSVSVEFVTNMGIIIPD	IKNDFFPGAKAGVELVAKPSVSFHESGLEAIPPRP	0
TIECLQQGGHEEGLVHEKARQLRRSMENIELGLSE	TIECLQQGGHEEGLVHEKARQLRRSMENIEXXXXX	0
KTGAKLLRTLSSPTEPVKRSGRYHFVPGTTAVLTQ	GSGGNVDRTLSSPTEPVKRSGRYHFVXXXXXXXXX	1
SYVAFTPEGERLIGDAAKNQLTSNPENTVFDAKRL	NITPSYVAFTRLIGDAAKNQLTSNPENTVFDPVRQ	1
TKDLIIEQRFHRTIIGQKGERIREIRDKFPEVIIN	XXXXXXXQRFHRTIIGQKGERIREIRDKFPVIINF	1
EVHCTFRSLASVPAGIAKHVERINLGFNSIQALSE	ALACPCVPSEVVPAGIAKHVERINTSFAGLTKLEL	0
ERHPDMLTKIHIGSSFEKYPLYVLKVSGKEQAAKN	XXXXXLNIYIHIGSSFEKYPLYVVVNVDGYDYKNR	0
VCKEKLIIWKIALSPITKLSVCKELQLPPSDFHWS	PVKVGWAIWKIALSPITKLSVCKEEAHSTQAVLAE	1
YIISEELISEGKWVKLEKTTYMDPTGKTRTWESVK	YIISEELISEGKWVKLEKTTYMDGKTRTWESVKRT	1
AKVLNKKTPESKPTILVKNKKLEKEKEKLKQERLE	AKVLNKKTPESKPTILVKNKKLEKEKEKLKQERLX	1
TYSKWDNIQELLGHPVEKPVVLHRSSSPNNTNPFG	IHSPWDNIQELLGHPVEKPVVLHSTFCFGLQRMIF	0
VEEKVRKQTKGLYPAPLKIIDVVKTGIEQGSDAGY	TLMLYVEVRTGLYPAPLKIIDVVKTGGCESQKFGE	1
LLDGSNVVFKLLGPVLVKQELGEARATVGKRLDYI	LLDGSNVVFKLLGPVLVKQELGEARATVGKRLDXX	0
QMFNMDRVNVEEFYEVYKGVVTEYHDMVTEMYSGP	XXXXMDRVNVEEFYEVYKGVVTEYHDMVTEMYADK	0
SGTESLNEPVPGYSFSPKDVSSLRMMLCTTSQFKG	SGTESLNEPVPGYSFSPKDVSSLRMMLCSALVSSL	0
AAEQISWYKPWTKTLENKHSPSTRWFVEGMLNICY	XXXXXVDPERWTKTLENKHSPSTRWFVESEGKLPL	1
YPSWGAAQSKEIIFLPSKEPAFVTVPGNGFADPFS	MLRYVNPGTEAVIFLPSKEPAFVEGVLLDNXXXXX	0
SETLAADPTPAATIVHFKVSAQGITLTDNQRKLFF	XLLKQGAACNVLFIVHFKVSAQGITLTDNRRHYPL	0
LPAEVKAKTYIQTELPFKAKTLHEKTSHSSTEACC	PPTAISVNGKIQTELPFKAKTLHEKTSXXXXXXXX	1
SLTAAAAFKPVGSTGVIKSPSWQRPNQGVPSTGRI	XXXXXXSSSPVGSTGVIKSPSWQRPNPECGRCQRK	0
GQIIDIESAQISDAGIYKCVAINSAGATELFYSLQ	TWYKDNRLLGQIIAGIYKCVAIATELFYSLXXXXX	0
QKSEDVVKPPLSYLFEDKTHSSFSSTVKDKAASES	KVDLSASRWQLSYLFEDKTHSSFSSTASDTVESSL	0
NVDEKVKEAGSSMRKRAKLISTVSKKDFISVLRGM	NVDEKVKEAGSSMRKRAKLISTVSKKDFISVLRMD	1
MPVLGFGTYAPAEVPKSKALEAVKLAIEAGFHHID	XXXXXFGTYAPAEVPKSKALEAVKLAIIDSYNNEE	1
TALARALSTTASTAAFDKQPQSRERGITLDLGFSC	KTALARASTTASTAAFDKQPQSRERGITLDLGFSC	1
PDELTVKTKDGVVEITGKHEERQDEHGYISRCFTR	DVNHFAPDELTVKEITGKHEERQDYISRCFTRKLG	1
PGPYDRPGTARRYIGIVKQAGLERMRPGAYSTGYG	XXXXXRPGTARRYIGIVKQAGLERMRPGAMSKDRA	1
LKTLHPDLGTDKDKEQWKEVHKQVVESAYEVIKLK	SMLKHPDLGTDKDKEQWKEVHKQVVEEERXXXXXX	1
SGQSEDRQPVPGQQMTLKIEGDHGARVVLVAVDKG	XXXSLVVKSGQSEQMTLKIEGDVVLEDLKEISTKL	1
LKTGNWVRYCIFDLATGKAEQENNFPTSSIAFLGQ	VKGVHAVLYCIFDLATGKAEQENXXXXXXXXXXXX	0
WVTTASLLDYDTVAGADKFGNICVVRLPPNTNDEV	GSDVQESPRWVTTAGADKFGNICYHVGETVLSLYT	0
TGPLSSCHKLVDPQGPLKDCIFDLCLGGGNLSILC	KKYQKFCGLLSDPQGPLKDCIFDLCLILNIYXXXX	0
NDNSSRFGKYMDVQFDFKGAPVGGHILSYLLEKSR	AETCPAPERGGRVQFDFKGAPVGDSWRSTTVLXXX	0
VSNILLINKVNEKSLTLKEVFRLATLGGSQALGLD	CPMEVMPLIRAVSSLTLKEVFRLATLGDISEAVIQ	1
RNDNSSRFGKYIQIGFDKRYHIIGANMRTYLLEKS	DEKNQFAVGGSTQIGFDKRYHIIGAHTSLKQHSFI	0
VDPKLNHVAAGLVSPSLKSDTSSKEIEEAMKRVRE	PLLGTNHVAAGLVSPSLKSDTSSKEIEEAMKRVRE	0
EVLAVRVVTLLYDLVTEKMFAEEEAELTQEMSPEK	LRHFPYAQRLLYDLVTEKMFAEEEAEMEKLQQYRQ	0
GLVYEYTLGEEKFTFIEKCNNPRSVTLLIKGPNKH	TLACGGHAGLVYETFIEKCNNPRSVTXXXXXXXXX	1
YELGDTGKLVALAVIDEKNTSVEHTRLKSIIQEVA	XXXXXYLAMDGLAVIDEKNTSVEHTRLKSIIQGHM	0
LPIPKLEDTIRRYLSAQKPLLNDGQFRKTEQFCKS	XXXXXXXXXIRRYLSAQKPLLNDGQFRKTEQCQTV	1
RKVPLDSSPATCHNNIMKQTMVDSSCRILTSDVFQ	XXXXXXXXXATCHNNIMKQTMVDSSCIYDTCSCES	0
GTADVHFERKADALKAMKQYNGVPLDGRPMNIQLV	AEFGDVHFRKADALKAMKQYNGVPLPMNIQLVTXX	1
NLPCTYDPLQGYTQVLVKWLVQRGSDPVTIFLRDS	XXXXXXXXXXLLCQVLVKWLVPVTIFLRDSGDHIQ	0
VKGHFGPINSVAFHPDGKSYSSGGEDGYVRIHYFD	RALSPNYDHVVAFHPDGKSYSSRIHYFDPQYFEFX	0
KADKVRYDREMKDYGPAKGGKKKKDPNAPKRPPSG	PKKPKGYDREMKDYGPAKGGKKKKDPAKRKGPAKV	1
VRNLKWLGFRVPLAIVNKAHQANQLYPFAISLIES	IITLSKEVRKVPLAIVNKAHQANQLYWEXXXXXXX	0
AEEIRSMLEAVERTQQRKLEELLLAAAREGKTTEL	XXXNDTTLEAVERTQQRKLEELLLAAARELALLNR	0
IDLRAELRKRNVDSSGNKSVLMERLKKAIEDEGGN	IDLRAELRKRNVDSSGNKSVLMERLKKAIEPDEII	1
PFRVSDLAGLDVGWKSRKGQGLTGPTLLPGTPARK	FEEMSALNGLDVGWKSRKGQGLTGPTLLPTARKRY	1
KLRVHRSLPGSAPPLTEKEVENVFVQLSLAFRNDS	VLLRKLRVHRSAPPLTEKEVENVFVQLSLAFTMMQ	0
VLGHKFRNPVGIAAGFDKHGEAVDGLYKMGFGFVE	XXXXXXHRVRSIAAGFDKHGEAVVEIGSVTPQEGY	0
DSACQQNTVTSSGDLVAKLCDNIVSESESTTARQP	EMEHGLMNVTSSGDLVAKLCDNIVSESESTTARQP	0
PYYLLLPRVSYLTLVTDKVKKHFQKVMRQEDISEI	AEPYYLLLPSYLTLVTDKVKKHFQKVMIEIWFITV	0
TPEDFIRMTKGITMATAKAVAAGNSCRQEDVIATA	XXXXXXXXLKGITMATAKAVAAGNSCRQEDVIATA	1
SKSQVKPDSVTASQPPSKGPQAPAGYANVATHSTL	XXXXXKPDSVTASQPPSKGPQAPAGYAGVPAQVSQ	0
PHLNLKAFENLLGQALTKALEDSSFLKRSGRDSGY	RKLNLKAFENLLGQALTKALEDSSFLKRSSETHXX	0
VRNLKWLGFRVPLAIVNKAHQANQLYPFAISLIES	LSKEVRNLKRVPLAIVNKAHQANQLYXXXXXXXXX	0
AARSFYYKLRAAEQYTPKAKYHGNVMLLRAKTGGA	SQLQAQSPTLAAEQYTPKAKYHGNLSQVCDXXXXX	1
HIKGVETIANDVVSLATKAREGKLQPHEFQGGTFT	ITPIVFTIANDVVSLATKAREGKLQPHEFQGGXXX	0
AFTVIGIRKAFDICPLVKIDTALIKADNFLLENTL	NGSFTVGIRAFDICPLVKIDTALIKADNXXXXXXX	0
NTRLYKWLPQNDLLGHPKTKAFITHGGTNGIYEAI	GIVVPQKVLQNDLLGHPKTKAFAHGIPINKXXXXX	1
QKASIVDDIHSTFDELQKTLNVRKSVLLMELEVNY	XXXSIVDDIHSTFDELQKTLNVRKSVLLMELFVET	0
AVKFPSQGTIFDYYVDHKTKKLLPWADKIAQFTMD	EVYEVYFVFAVFYYVDHKTKKLLPWADKYLXXXXX	0
AVLGASGGIGQPLSLLLKNSPLVSRLTLYDIAHTP	XXNAKVAVAGQPLSLLLKNSPLVSRLTLVAADLSH	1
NEYFLKNNIDYEPVHLYKDVKDSIRDVHIKGIMYR	KFSEMLLSVNYEPVHLYKDVKDSIRDXXXXXXXXX	0
TEQSVALLEQKWHVVSSKMEERKSKLEEALNLATE	ELYSQLKEEQKWHVVSSKMEERKSKLEXXXXXXXX	0
EGDLHGVPPGECAVRLVKAGASIIGVNCHFDPTIS	TLIAPVAATGECAVRLVKAGASIIGMGLEAARLKA	1
RVFVYRTAVCIENSCMEKGSKQGRNGAIHIFREII	LLAPVGLNRTAVCSCMEKGSKQAIHIFREGEVTKF	1
SSRASYYEISVDDGPWEKQKSSGLNLCTGTGSKAW	XXXXGASYYEISVGPWEKQKSSGLIREPIANRVFS	1
GQEVETSVTYYRLEEVAKRNSLKELWLVIHGRVYD	XXXXXXXXXYYRLEEVAKRNSLKELWLVIRVYDVT	1
HDWGIHVKYKTFEIPVIKIESFVVEDIATGVQTLY	YTVKIFCHDWGIHVPVIKIESFVVLYSKWKDFXXX	0
ACGPMEIDSALNTVQTLKNELQDAKMAAVESQLKP	XXXXXXXMAALNTVQTLKNELQDAKMAQALKTLAQ	0
QESPPAAAVRPFTPQPSKDTLLPPFRKPQTVAASS	XXXXXXXXXRPFTPQPSKDTLLPPFRKPQTSLVPE	0
VDDMPNALSALSDLHAHKLRVDPVNFKLLSHCLLV	HKVAPNALSALSDLHAHKLRVDPVNFVSTVLTSKY	1
NKEFAVCPSYPPIVTVPKSIDDEALRKVATFRHGG	SSATSEWRLSYVIVTVPKSIDDEALPVLYGVMEDK	0
EKLVTSKGDKELRTGKEKVTSGSTTTTRRSCSKTV	AQLMTSKGDKELRTGKEKVTSGSTTTAGSEADXXX	1
AVITVPAYFNDSQRQATKDAGVIAGLNVLRIINEP	SSLNAVITVFDSQRQATKDAGVIAGLNVLRIINGI	1
TLNKHSGIDFKQLNFLTKLNENHSGELWKGRWQGN	XXXXXXXXXXXFLNFLTKLNENHSGELWKGRWNDI	0
EDQLPSGFPNIDMGPQLKVVERTRTATMLCAASGN	XXXXXXXXXXXXMGPQLKVVERRTATMLCKALQIE	0
VDGRLTVLRTIQLQPPQKVNFVLSSNRGRRTLLLK	XXXXXXPGQIIQLQPPQKVNFVLLLLKIPKEYDLV	0
KAYLKKISMQCFDFTDSKGEPLHIINSSNVTDEPL	XXXPLHESMQCFDFTDSKGEPLHIINSSDLVLHLE	0
EAKGEPMPKVTWLSPTNKVIPTSSEKYQIYQDGTL	XXXXXXVCKVTWLSPTNKVIPTSSEKYQIGTLLIQ	0
LRRLGLERNPQSYLYLVKGQCAKVSSINDKSDWKV	GERNFHFYNPQSYLYLVKGQCAKVLHLGNIADXXX	0
QPVHGDLDLVMNLMDAHKVFQKELGKRTGTVQVLK	VEVEQLVDLVMNLMDAHKVFQKELGKRTVCKLSVS	0
FNTHPTKREVITAVRKMKPLDGSALYTGSALDFVR	QYATVRPEFVITAVRKMKPLDGXXXXXXXXXXXXX	0
EISATYIRRALGQGQSVKYLIPDAVITYIKDHGLY	EISATYIRRALGQGQSVKYLIPDAVITYIKDLYXX	0
ARNLIDEDGNNQWPEGLKFLFDSVSSQNVGLREAA	LLMIQCAAALNQWPEGLKFLFDSVSSLRAALIFIF	0
KGRILDDDTIITTLENLKREAAEVTRKVEETDIVM	LEKSLLQALIITTLENLKREAAEVTRKXXXXXXXX	0
LQRGYTAKELNVSFINEKKYHLQERVDKVKKKVKD	LQRGYTAKELNVSFINEKKYHLQERVDKVKKKVXX	1
DFCFGPWKLTASKTHIMKSADVEKLADELHMPSLP	XXXXXXXGFQSSKTHIMKSADVEKLADELMPSLPE	1
GVGELARLALVISELEGKAQQPAAELMQDTRDFLN	GVGELARLALVISELEGKAQQPAAELMQDTRDFLN	0
LDWVKEEAPDILCLQETKCSENKLPAELQELPGLS	XXXWNVDGLRAWILQETKCSENKLPWSAPSDKEGY	1
HFHQIRLQSFPGHSGAVKCVAPLSSEDFFLSGSKD	XXXXXXXXXXXXHSGAVKCVALSGSKDRTVRKSVF	0
RKTLGHNLLVSELYNQLKFPVKPGDLKKRIESLID	DRQYQIDAAVSELYNQLKFPVKXXXXXXXXXXXXX	0
NCPVETLKEQSNPALAIKRKRTEALEQGGLPKKLI	QVPVETLKEQSNPALAIKRKRTEALEQGGPXXXXX	1
DNFLIQKIPAAAKLLDRKSLQAIKIHRDTFLQQKA	PDNFLIQIPAAAKLLDRKSLQAIKIHRDTFXXXXX	1
EENDVNLTHIESRPSRLKKDEYEFFTHLDKRSLPA	IFSLKEEVALESRPSRLKKDEYEFFIGATVEVLDN	1
KLPNFGFVVFDDSEPVQKVLSNRPIMFRGEVRLNV	QSYGNVFVVFDDSEPVQKVLSNRPIMFLNVEEKXX	0
SHQFQQMSRDFQAWLDTKKEEQNKSHPISAKLDVL	XXXXXXXXRDFQAWLDTKKEEQNKSDHKDFSKTLT	0
FLSMDVDGRVIRADSFSKIISSGLRIGFLTGPKPL	QNGNDDPYYFLQADSFSKIISSGLRIGHVDRVIFY	1
KGNRGDSIDQCALIQSIKDKCPCCYGPLECPVFPT	FSASESEIDQCALIQSIKDKCPCCYGPLECPVFPX	0
ELKVLMEKELPGFLQSGKDKDAVDKLLKDLDANGD	ELKVLMEKELPGFLQSGKDKDAVDKLLKDLDAQVF	1
DLDHQRQSACNLEKKQKKFDQLLAEEKTISAKYAE	HLEEQRQSACNLEKKQKKFDQLLAEEKTISAXXXX	1
DPNQFVPLNTNPNEVLEKRNKIREQNRYDLKTAGP	XPNQFVPLNTNPNEVLEKRNKIREQNRYDLKTSTM	0
NMTAALQAALKNPPINTKSQAVKDRAGSIVLKVLI	DGGDGQAGPLKNPPINTKSQAVKDRAGSILKYKEV	1
YRGDVVPKDVNAAIATIKTKRTIQFVDWCPTGFKV	RKYMACCMDVNAAIATIKTKRTIQFVDWCPTGFKV	1
EKPKIEDVGSDEEDDSGKDKKKKTKKIKEKYIDQE	EKEKIEDVGSDEEDDSGKDKKKKTKKIKEXXXXXX	1
RWFAERVDLIILLFDAHKLEISDEFSEAIGALRGH	GQYSTGKPGILSLFDAHKLEISFVLNKADMVEQLM	0
DIKSKIRALLRLSQECEKLKKLMSANASDLPLSIE	RKFDEVLVFLRLSQECEKLKKLMSANADLPLSIGT	1
INEKFAGSAGWEGTESLKKPEDKKQLGDFFGMSNS	XNEKFAGSAGWEGTESLKKPEDKKQLGDFFGMSNS	0
VEPHGEMKFQWDLNAWTKSAEAFGKIVAERPGTNS	LNKRGRVLFQWDLNAWTKSAEAFGKITKPVLMALX	0
ITLVSKKANQQLNFTEAKEACRLLGLSLAGKDQVE	XSLRALLVSKQLNFTEAKEACRLLGLSLAGGWVGD	0
TVDFTQDSNYLLTGGQDKLLRIYDLNKPEAEPKEI	AAFHKHIVKTVLTGGQDKLLRIKEISGHTSGIKKA	0
REAIICKNIPRLVSGWVKPIIIGRHAYGDQYRATD	XREAIICKIPRLVSGWVKPIIIAKGWPLQAMKSEG	1
AAIKPAPPQTEQVESKRKSGGNEVSIEERLGAMDI	AAIKPAPPQTEQVESKRKSGGNEVSIEERLGAMDG	1
LGLKECTRGSAVWCQNVKTASDCGAVKHCLQTVWN	XXXXXGLECSAVWCQNVKTASDCGAVKCLSCKEIV	0
EGVIEFRSYSDMKRALDKLDGTEINGRNIRLIEDK	AGEVIEFSYSDMKRALDKLDGTEIRNIRLIEXXXX	1
AANRAASASESALQTVIKEDLPRKAKTLSSNSDKL	AANRAASASESALQTVIKEDLPRKAKTLSSNSXXX	0
GEQYLELYKPLPRAGKLKCEAVVADVLDKGSGVVI	GVIIGQKSMGLLPAGKLKCEAVDVYSYSEKELICH	1
QMPVILTPLHFDRDPLQKQPSCQRSVVIRTFITSD	TDVTPTTPLHFDRDPLQKQPSCQRSGISRXXXXXX	1
QDTWHKATQKGDPVAILKRQLEEKEKLLATEQEDA	QDTWHKATQKGDPVAILKRQLEEKEKLLATEQEDA	1
CVLRDFQEYLAAVESSMKALLTDKESLKVGPLDSV	FEEKMSIEYLAAVESSMKALLTDKESLFISIEKEK	0
EEEIDFEKDLLTIPPGFKKGMDFAPKDCPTPAPGL	AEEEIDFKDLLTIPPGFKKGMDFARLRTLGYVDEA	0
VQEATRLKAEAELLQQQKELAQEQARRLQEDKEQM	ETDATRLKAEAELLQQQKELAQEQARRLQEDKXXX	0
HGLPCLAWASAQAKALSKHQDFNSAVQLVENFCRN	XXXXXLAWASAQAKALSKHQDFNSAVQLRNPDGCY	1
PAKLNLLTCQVKPNAEDKKSFDLISHNRTYHFQAE	QGNYLLKKWQVKPNAEDKKSFDLITYHFQAEDEQD	0
NAILGVSLAVCKAGAVEKGVPLYRHIADLAGNSEV	LNVTEQELAVCKAGAVEKGVPLYRHIADLAGNSDG	1
VNNKISKVSPGAFTPLVKLERLYLSKNQLKELPEK	FKNLKNLHALIAFTPLVKLERLYKMPKTLQELGLN	1
QYDKPLGRIHKPDPWLSKFLSRYRKTHHIEPRTIS	PVLLRKGWYQKPDPWLSKFLSRYRKTHHIEPRXXX	1
SEEAKRLREERLAQYESKKAKKPALVAKSSILLDV	GVEAKRLREERLAQYESKKAKKPALVAKDGVEDDK	1
QYFQTVTDYGKDLMEKVKSPELQAEAKSYFEKSKE	QYFQTVTDYGKDLMEKVKSPELQAEAKSYFEKSKE	1
KLQNQLQGAIVIERPNVKWSDVAGLEGAKEALKEA	XXXXXXXXXXXXERPNVKWSDVAGLEGAKEALKVI	0
ETVRVRKVDVSSVPDHLKEQEDWTDSKLSMNQIVS	DQAAAWYVDVSSVPDHLKEQEDWTDSKLSMNQIVS	0
QVECHPYFNRSKLLDFCKSKDIVLVAYSALGSQRD	LKPVCNQVNRSKLLDFCKSKDIVLVAQLQRGVVYX	1
SSIEQKTDTSDKKLQLIKDYREKVESELRSICTTV	SSIEQKTDTSDKKLQLIKDYREKVESELRSLEVAC	1
VFEANLKTECDLWHLMVKEMWAGKKLADDHKDPHY	IEEVRRLKIRDLWHLMVKEMWAGKKLVALNVMSLS	0
DMVSLLLGRNANVNLSNKSGLTPLHLAAQEDRVNV	NAVTRQGIASVHLNLSNKSGLTPLHLAQTKMGYVL	0
ARLLEAGKPFIKEASMAKYYASEIAGQTTSKCIEW	AAQMLARLTAIKEASMAKYYASEIAGTIYEGASIQ	1
QKLLHQLGFSDEQILTVKTSGSGTPSGSSADSSTS	DNIQIFTDSLLTVILTVKTSGSXXXXXXXXXXXXX	0
QLVDEFQASGGVGERLQKGLERRARKTENWLSEWW	PLQQSFQASGGVGERLQKGLERRARKTWLHLLGLK	1
DIYCDNPPHQPVAIELWKAVKRHNLTKRWLMKIVD	DIYCDNPPHQPVAIELWKAVKRHNLTKIXXXXXXX	0
DWYDVKAPAMFNIRNIGKTLVTRTQGTKIASDGLK	XXXFKDWYDVKAIRNIGKTLVTRASGLKRVFEVSD	1
ATLNLNAINLCPLPKPWKLSFSYGRALQASALAAW	AAVPGICFLNINLPKPWKLSFSCAAKGXXXXXXXX	1
AYRFSGVNEQPPVVLAVKEFSWQKRTGLLIGLEET	GKFAAGNLACLAVVLAVKEFSTGLLIGLLCLYDLA	0
AVDWVSRNLFWTSYDTNKKQINVARLDGSFKNAVV	SADLPNAHGFWTSYDTNKKQINVKNAVVQGLEQPH	0
KSKDYIVALQHPVTTDIKHSIKMFELTLDALISFN	XXXXXEDETQHPVTTDIKHSIKMFELTLPDAGSKE	0
PVTAQETTRPVPAPTNLKITEVTSEGFRGTWDHGA	XXXXXXXXXXXXAPTNLKITEVTGFRGTWDHGITW	0
LKFGVLELQEHLDTYNVKREAAEQWLDDCKRTFGA	IQKFGITAQEHLDTYNVKREAAEQWLDELCRRLYK	0
ITVEIREHIQLNESKIVKQAGVATKGPNEYIQEIE	IKIEEVLEIQLNESKIVKQAGVAIQEIEFENLSSV	1
VTREPARRLFLFGEEPSKLDQDVLAALECADVDPH	PERGRWEFLFLFGEEPSKLDQDVLAAKVLYSPSDR	0
WLDANTLAEKDEFEHKRKELEQVCNPIISGLYQGA	CQEVIWLAEKDEFEHKRKELEQVCNPIIXXXXXXX	1
HHLRERHQVIQTVHPVEKKLTYKCIHCLGVYTSNM	HMLIHPSAVIQTVHPVEKKLTYKCLGVYTSNMTXX	1
LAKGFSEGTASTFDYSLKDRAPFTVKNAVGVPIKV	CGLGHRTVGEGTFDYSLKDRAPFTVMGLELEEGNX	0
IRWLLAAAGVEFEEKFIKSAEDLDKLRNDGYLMFQ	XXKLHYSNIRGMEEKFIKSAEDLDKLRQVPMKMDE	1
QQAALSPTTAPAVSSVSKQETIMRHHTLRQAPQPQ	ANAALSPTTAPAVSSVSKQETIMRHHTLRQAXXXX	1
TATDQKVEKMLISSIKEKYPSHSFIGEESVAAGEK	AVTLAQAEKMLISSIKEKYPSHSFINPTWIIIGFA	1
ETPANEMTPTRFAEIIEKNLKSASSKTEVHIRPKS	XSGLAQLMPTRFAEIIEKNLKSASSKTEVHILEIH	1
RNIGGKHARLYQTLNEGKQLVASVSCPELEGQIAK	KWEEFDNYRLYQTLNEGKQLVASVSCPELEGQIAK	0
ESTEGKTSYRLTLDIQNKKITEVALMGHLSCDTKE	PDFDVDLGTILTLDIQNKKITEVALSIPRLXXXXX	0
VLLLLGDESMQKLFEGGKGSVFQRVLSWIPSNNHQ	VEGVELLESMQKLFEGGKGSVFQRVLSWGAIFANA	1
VCEVVDGFIYVANAEAHKRHEWQDEFSHIMAMTDP	GLEELNRHTSVANAEAHKRHEWESCISVKRMPCYL	0
PVTAQETTRPVPAPTNLKITEVTSEGFRGTWDHGA	XXXXXXXXXXXXAPTNLKITEVTGFRGTWDHGYIT	0
PQEPSNKVPEQQRQITLKTTPASGERGIASTSDPP	PQEPSNKVPEQQRQITLKTTPASGERGIXXXXXXX	1
DTDDLKQLANGVDRYISKYELDKAFSDRNTLIIYL	ILDTDDLKQLANGRYISKYELDLIIYLDKLXXXXX	1
EQRRPQLEELITAAQNLKNKTSNQEARTIITDRIE	ADFNAWLEELITAAQNLKNKTSNQEARTIITDRIE	0
MEVEAPSKPARTSEPQLKRQKKTKAPQDVEMKDLE	MEVEAPSKPARTSEPQLKRQKKTKAPQDVEMKDXX	1
TDEEGYGRYLDLHDCYLKYINLKASEKLDYITYLS	XXXXXXXXXXDLHDCYLKYINLKASEKLDYITYLI	0
ESFTDGPEKELDLFTYLKHCAKNIKAKDVAKPNED	EIFDTSVEKELDLFTYLKHCAKNIKAKLGKMLETA	0
TVSAKTIAEQLAEKINAKLNYVPLEKQEEERQDGG	EEKAKTIAEQLAEKINAKLNYVPLEKQEEELQXXX	1
KVMKLSPKAEEVATFFAKMLDHEYTTKEIFRKNFF	XXRPRDLVFEEVATFFAKMLDHEYTTFDFTQMSQY	0
VTMAKVDGFLDSLINFNKENIHENCLKAIRPYLQD	XXXXXXRVFLDSLINFNKENIHENCLKAIRGLCSW	0
ATTSTNWILESQNINELKSEINSLKGLLLNRRQFP	ATTSTNWILESQNINELKSEINSLKGLLLNRRQFP	0
FLLSQTEKPAVCYQAITKKLKICEEETGSTSIQAA	XXXXXXEKPAVCYQAITKKLKICEEETGSTSINKM	0
FQKEVIGSRLETTQLLAKAITKAPQPPKAWVLVTG	AASGLPAVNLETTQLLAKAITKAPQPPWWEAAARL	1
QRKHEAKKAAKQEARSDKSPDLAPTPAPQSTPRNT	QRKHEAKKAAKQEARSDKSPDLAPTPAPQKAEQLK	1
AEHERELALRNELIRQEKLEQLARRFDRKAAMRET	NSLVGVQALRNELIRQEKLEQLARRFDRAVARELE	1
IPFIPQNPARSSLAEYFKDSRNVKKLKDPTLRFRL	LSIPFINPARSSLAEYFKDSRNVKLDLRFRLLKFL	0
ARQFQDAGHFDAENIKKKQEALVARYEALKEPMVA	TIQARQFQHFDAENIKKKQEALVARYXXXXXXXXX	1
RIEDLPTMVTLGNSFLHKLCSGFVRICMDEDGNEK	PIAADSNVVMVGNSFLHKLCSGFGXXXXXXXXXXX	0
MRRKDSAIQQQVANLQMKIVQEDRAVESRTTDLLT	XXXXDSAIQQQVANLQMKIVQEDRAVESRTLDDRE	0
AIGYLAYKRFYVKDHRNKAMINLHIQKDNPKIVHA	XXXXXXXKRFYVKDHRNKAMINLHIQKDNPKIVCR	1
CERIPTISTQLKILSTVKATMLGRTNISDEESEQA	LVRGTKRLIALKILSTVKATMLGRIESEQATEMLV	1
VLIGDGAGFKVAMGAFDKTRPVVAAGAVGLAQRAL	DACSLQMPIIVAMGAFDKTRPVVAYAAWEVDGRRN	1
IQSQVDSQHVGHSVLTAKGMALFGEGKAEFTGRHD	XXXXXXXXXXXXXVLTAKGMALFGEGKAEFTGRHD	0
LLPIFFGALRSVRCARGKNASDMPETITSRDAARF	XXXXXXXXXRSVRCARGKNASDMPETEINYEELHE	1
AISQVDKLLRRNTDKKGKPEIACENPHCTVVPLKQ	RESQVDKLLRRNTDKKGKPEIACENPHCFGGEEEE	0
LQGNTREVLHKFTVDLPKKHGRGGQSALRFARLRM	XXXXXXIDGSGATVDLPKKHGRGGQSALRFARLRM	1
GSPSTSTMRLDLQFQAIKIISIIVKNDDSWLASQH	MSLKRLFLLLDLQFQAIKIISIIVKNLNWKEPKLL	0
DPNSLRHKYNFIADVVEKIAPAVVHIELFRKLPFS	XXXXXXXXXNFIADVVEKIAPAVVFIVLKNLPVLL	0
LIEEHRLVREHLLTNHLKSKEVWKALLQEMPLTAL	DELEVIIVREHLLTNHLKSKEVWKALLNLGKMTAN	1
IVSWLEYESSFSNEEAQKAQALRLASHLNLAMCHL	IVSWLEYESSFSNEEAQKAQALRLASHALDXXXXX	0
LASADAEANAVCEIVHVKSESEGRPERVFHLCCSS	LHMIPTEALQVREIVHVKSESEGRPERVFHLKXXX	0
LVRKLDLSDTKSIRAFAKGFLAEEKHLHVLINNAG	ACVRKLDLDTKSIRAFAKGFLAEEKHLLGHFLLTH	1
FTSLSDQEPLHVAQALQKVKIEVNESGTVASSSTA	LVNALYFLETEVDLALQKVKIFXXXXXXXXXXXXX	0
HTQLQTQQRAVQEAIQVKLNEFEQWITHYQAAFNN	XXXXXXQQRAVQEAIQVKLNEFEQWITHYHRIEQW	0
EMSKLNQNLNDVLVGLEKQHGSNTFTVKAQPSDNA	NKIKLNQNLNDVLVGLEKQHGSNTFTVHEPXXXXX	0
TVKGGLKLNPNFLVDFGKEPLGPALAHELRYPGGD	RVADLIREGSVMLVDFGKEPLGPALAXXXXXXXXX	0
IHDIVLVGGSTRIPKIQKLLQDFFNGKELNKSINP	FRGTLVIVLSTRIPKIQKLLQDFFNGKELNKXXXX	1
ARGHQAVVLTPEVNMHIKEEKFFTLTAYAVPWTQK	REALRAVVLTPEVNMHIKEEKFFTLTAYAQDSWXX	1
FSIQEKYVAADTLYSQIKEDVKKRAVALDEAISQS	FSIQEKYVAADTLYSQIKEDVKKRAVALDEAISQS	0
LLHKDKSKRSAVASSVVKQKLAEVILKKQQAALER	XXXLKKSKRSAVASSVVKQKLAEVILKKQQAALAL	1
RIVTENIPCGTTGTTCSKAIKLFVESYELILQEGT	GSCEYVTENIPCGTTCSKAIKILQEGTFWDRKTSV	0
TRGAYRDCLGRLDLQYAKLLNSSKARLRSLESLHS	SIEEFRICLGRLDLQYAKLLNSSKARLRXXXXXXX	0
NRLTTDFNVIVEALSKSKAELMEISEDKTKIRRSP	QIEYYFGDVIVEALSKSKAELMEIIRRSPSKQVLD	1
FAKSDQSYVISFVVPNQKRLTLLAQQKGVEGTWVD	NMSKQECPLIDNVVPNQKRLTLLAQQKVEGTWVDI	1
RHREHPKVNVPGSQAQLKEVWEELDGLDPNRFNPK	XXXXXXKVNVPGSQAQLKEVWEELDGLDPNRFNPK	0
NEVEQMIRDLEASIARYKEEYAVLISEAQAIKADL	DQQEAEIRDLEASIARYKEEYAVLISEAQAXXXXX	0
LYVGSQRMVVMHGYKAVKEALLDYKDEFSGRGDLP	XXXXXXXPVVMHGYKAVKEALLDYKFNFRVVPTLD	1
NAKEIVLKAQILAGGRGKGVFNSGLKGGVHLTKDP	XXXXXVLKAQILAGGRGKGVFNSGLKGGVHLLQMN	1
KKINEELESQYQQSMDSKLSGRYRRHCGLGFSEVE	KKINEELESQYQQSMDSKLSGRYRRHCGLGFSEVE	1
LKRKDLANLEVPHELPTKQDGSGVKGYEEKLNGNL	XKRKDLANLEVPHELPTKQDGSGVKGYEEKCKKAT	1
LYLSTKNTILKKYDGRFKDIFQEIYDKQYKSQFEA	LYLSTKNTILKKYDGRFKDIFQEIYDYEHRLIACK	1
ERRRTLPSQGVDDFLQAKAKSKTLDFIDVLLLSKD	CVFSRTLPQGVDDFLQAKAKSKTLDFIDVLLLSXX	1
KLVLRKLQQHQAGEYFCKAQSDAGAVKSKVAQLIV	YFWYHDTLLHESKLYFCKAQSGAVKSKVDEGDXXX	0
EDHKSALAAAQTQVAEYKQLKDTLNRIPSLRKPDP	EDHKSALAAAQTQVAEYKQLKDTLNRIPSLRKPDP	0
VYVFLTKGGYTLVSGYPKRLEKEVGTPHGIILDSV	LVQGTQVYVFLLVSGYPKRLEKEVGTLDSVLGAQX	1
CEIAVEEAVRLKEKKLVKEVIAVSCGPAQCQETIR	RVLVVEEAVRLKEKKLVKEVIALGADRGAEKVDLV	1
QDQTGKETLAFPLWESTKVVPLSKFVLLRSVDLVS	GKVQDGETLAFPLWESTKVVPLQSTSHHDPFQPRD	0
SIIRKVVDPETGRTRLIKGDGEVLEEIVTKERHRE	SIIRKVVDPETGRTRLIKGDGEVLEEIVTKERHXX	1
GSFTVRADHGEPIGRGTKVILHLKEDQTEYLEERR	TKHQYAWEDGEPIGRGTKVILXXXXXXXXXXXXXX	1
AKPKLIEPLDYENVIVQKKTQILNDCLREMLLFPY	XXXXXXXXLDYENVIVQKKTQILNDCLREMLLFLR	0
NKQPNKQWKKSQTSTNPKAALKSKIVAEFRSQALI	FKTQKQLKENLQTSTNPKAALKSKIVAEFEALENA	1
IHRGMPQEERLSRYQQFKDFQRRILVATNLFGRGM	QVVPAIAIERLSRYQQFKDFQRRILVAFGMDIERV	1
SIVGRPRHQGVMVGMGQKDSYVGDEAQSKRGILTL	XIVGRPRHQGVMVGMGQKDSYVGDEAQSKRGILTL	1
GYFKSFPNLAFIRLNYNKLTDRGLPKNSFNISNLL	KMLDSNKIETIPRLNYNKLTDRGLHLSHNRISSLN	1
FRLLGNVLVCVLARNFGKEFTPQMQAAYQKVVAGV	VAVEANVLVCVLARNFGKEFTPQMQAAYQKVXXXX	1
IVLCGNKVDIKDRKVKAKSIVFHRKKNLQYYDISA	VPLCGNKVDIKDRKVKAKSIVFHRKKNLQYYDIXX	1
DRSSSCLQAKLTDLQVIKNETDARWKEFEIISLKL	QNNKFRITAKLTDLQVIKNETDARWKEKRERELQM	0
IYLTADSPNVMTTFRHDKVYVIGSFVDKSMQPGTS	LFPKDSIIYLMTTFRHDKVYVILATECLLLKGXXX	1
ADIDFDIIRNDNDTFTVKYTPRGAGSYTIMVLFAD	IGIKDIDFDIIRNTFTVKYTPRYIMVXXXXXXXXX	1
EAKKAKQASKKTAMAAAKAPTKAAPKQKIVKPVKV	EAKKAKQASKKTAMAAAKAPTKAAPKQKIVKPVKV	1
TALGRPQFLLQFSEVLAKWRCFFHQMAVEQGQAGL	XXXKRDKQYLQFSEVLAKWRCFFHQMLWSLILVVP	0
LEKWQKSIVEELCAWVEKFINVKAHHFQKRHKYSP	LEKWQKSIVEELCAWVEKFINXXXXXXXXXXXXXX	0
IKLSIKRLVTTGVLKQTKGVGASGSFRLAKSDEPK	SIQIKIKRLVTGVLKQTKGVGASGSFRLAKSVXXX	1
LCEHFRVLSTVHTHSSVKSVPENLLKCFGEQNKKQ	NANPASPPLTVHTHSSVKSVPENLLKCFGTLIWKN	0
SGTLKSPPKGFDTTAINKSYYNVVLQNILETENEY	XXXXXXXXXGFDTTAINKSYYNVVLQNICTKLPEA	0
ELEAKVEEVVLEAIGDRKGAGSLELPAWVKEDRGI	VWGAKVEEVVLEAIGDRKGAGSLELPAWVKEDIQP	1
VAGLKKQFYKASQLVSEKVGGAEGTKLDDDFKEME	XXXXKKQFYKASQLVSEKVGGAEGTKLDKEKLKKL	1
ETKIDSFHITGLPDNSEKPRLLSSLDDAMSLFQIT	ELVDIVFHITGLPDNSEKPRLLSIIYDARTVSIGI	0
LCNRAVFQANQENLPILKRAVAGDASESALLKCIE	TTENQVFQANQENLPILKRAVAASALLKCELDPRI	1
VGGGERFDSLTDLVEHYKKNPMVETLGTVLQLKQP	RTVIDVEFSLTDLVEHYKKNPMVTVLQLKQPLXXX	0
GAGIGGLGITVEGPSESKINCRDNKDGSCSAEYIP	TNKPNVFGITVEGPSESKINCRSAEYIPFAPYDVN	0
VAKLLQSIGQAPESISEKELKLLCSNSAFLRVVRC	KKDAAAVGNVAPESISEKELKLLCSNSKQXXXXXX	0
VKLEEENRSLKADLQKLKDELASTKQKLEKAENQV	VKLEEENRSLKADLQKLKDELASTKQKLEKAENQV	1
SCLTRLDHNRAKAQIALKLGVTANDVKNVIIWGNH	XXXXXXXXNRAKAQIALKLGVTANDVVVAKVKLGV	1
MMRKAIRGHLENNPALEKLLPHIRGNVGFVFTKED	NMRKAIRGHLENNPALEKLLPHIRVGFQQVFDNGS	1
QCFAETGQVQKIVLYAKKVGYTPDWIFLLRNVMRI	NKVIQCFQVQKIVLYAKKVGYTPDWFMLVQDEEPL	1
MVMEIRNAYAVLYDIILKNFEKLKKPRGETKGMIY	EKVFELMAYAVLYDIILKNFEKLKKPGXXXXXXXX	0
HEVLLPGLQKLHDALDAKSKEFAQIIKIGRTHTQD	XXXXXXXXXKLHDALDAKSKEFAQITLGQEFSGYV	1
CVQQLKEFDGKSLLSVTKEGLELPEDEEEKKIMEE	GSAFVEVEVQKSLLSVTKEGLELERVTSSRLRIVT	1
NSRLEATAASSVKTRMQKLAEQRRRWDNDDMTDDI	XXXXEATAASSVKTRMQKLAEQRRRWDNDDMTSEE	1
GFKEGQTIKLCIGNITNKKGGASKPRTARGGGLSL	GFKEGQTIKLCIGNITNKKGGASKPRTARGGGLSL	1
KPMGPLLVATFWPELPEKIDAVYEAPQEEKAVFFA	IFFKDRFILVAWPELPEKIDAVFFAGNEYWRVDDX	0
LLDKLVNMLDAVQENQHKMEQRQISLEGSVKGIQN	LLDKLVNMLDAVQENQHKMEQRQISLEGSVKGIQN	0
RFRVRYDGIHYLDIVDCKSYDTGEVKVTAENPEGV	VLEGETALNKRFDIVDCKSYDTGLEIQQRETKNRS	0
IFPAAEDKDQDLITIIGKEDAVREAQKELEALIQN	KVRDSTGARVIFITIIGKEDAVREAQKELEXXXXX	0
KNCQDKLETSLHVLNQIKSQLQQPLLINLEIKHIQ	XXXXXXXXTSLHVLNQIKSQLQQPLNCEAFQEQVW	0
TVPHAYATADCDLGAVLKVRQDLVKDDIKVSVNDF	XXXXXXXXXXCDLGAVLKVRQDLVKDDIKVSVNDF	0
ISDEITKAVEDDFVEMRKNDPQSITADDLHQLLVV	XXXEITKAVEDDFVEMRKNDPQSITADDLHQLLAR	0
LDDLKGTFAQLSELHCDKLHVDPENFKLLGNVLVT	GKVSKGTFAQLSELHCDKLHVDPENFASALSSRYH	1
SDEASGCHYGVLTCGSCKVFFKRAVEGQHNYLCAG	SDEASGCHYGVLTCGSCKVFFKRAVERPRYKCLAG	0
KILQVRAASAPAKGTPGKGATPAPPGKAGAVASQT	KILQVRAASAPAKGTPGKGATPAPPGKAGAVKGSL	1
AANHFGRFFTGQITAAGKVPPAKILIVGGGVAGLA	AANHFGRFFTGQITAAGKVPPAKILAKSMGAIVRK	1
KLLTKEQLKIWMGKMQKKAVAISLPKGVVEVTHDL	DDQIVEMPIIWMGKMQKKAVAIIYGREELRSPKLF	1
AVTGHEECVDALLQHGAKCLLRDSRGRTPIHLSAA	GRTALHGAVDALLQHGAKCLLRDRTPIALLQSAAS	0
QLLLTEGPHLYYVDPVNKVLKGEIPWSQELRPEAK	KARRRQLLLLYYVDPVNKVLKGEXXXXXXXXXXXX	0
CDPSIQNQIVEKLKKSLKEFYGEDAKKSRDYGRII	IAWGKFMSIVEKLKKSLKEFYGEDAKKSRDYAYGG	1
KRADKLQERLQDILTNSKSRSGLEELVLSEMNSPS	KRADKLQERLQDILTNSKSRSGLEELVLSEMNXXX	1
SHGQASITTDDGVVFQFKSSKKSNNGTDVNAGQIP	DHEWWYVAWGQASIFQFKSSKKSGTDVNAGIPXXX	0
PNAPLSWVRACVQVLDPKSKWRSKILLGLNFYGMD	QLAPGFLVRACVQVLDPKSKWRSKILLLARELGVG	0
LVSQMDPHGRRTIFVLTKVDLAEKNVASPSRIQQI	SAGKSVIQDGSVDAVLTKVDLAEKNVAIFAVVTGK	0
VAETKEKSKHLKTKTCKKVQDGLSDIAEKFLKKDQ	VDKDTTIMEHLKTKTCKKVQDGLSDIAIKMEQGIK	1
DLQDDIQNRATSFATVVKDIEGFMEENQTKLSPRE	HQQLEDLCRATSFATVVKDIEGFMEENQLLREKLH	0
EPVQYFNNKIICDLVEEKFKGIISILDEECLRPGE	XXXXXCYKKIICDLVEEKFKGIISILDEECLFKLD	1
KQFAVKRRFSDFLGLYEKLSEKHSQNGFIVPPPPE	XXXXXXXXXSDFLGLYEKLSEKHSQNFIVPPPLIT	0
GPLLICKKGTLTEGGTQKTFDKQIVLLFAVFDESK	CLTLICKKGTLTEGGTQKTFDKQIVHDHISWHTAN	1
SPHVLRNRAQSGSVPQFKKVVFQEFTDGSFTQPLY	XXXXXAVERLWDYVPQFKKVVLASRKDVHSGLFDE	0
MMAVLSKLDIEDQLVFLKSRKRLAEAADLLNREGR	EAALMMLLDIEDQLVFLKSRKRLAEAADLLNREAA	0
LHIIEVGTPPTGNQPFPKKAVDVFFPPEAQNDFPV	AVKLHIIEVGTPNQPFPKKAVDVYDLETGTXXXXX	1
DKYSLEPVAVELKSLLGKDVLFLKDCVGPEVEKAC	KSVVLEPVAVELKSLLGKDVLFPAAGSVILXXXXX	1
LYDVITVGAPAAHFQGFKNGGLRKLLHRFETERRN	XXXXXXMEIGAAHFQGFKNGGLRKLLHRFQMLRLS	0
NNAERVLLTTQGVDMISKMLKMQMLEDEDDLAYAE	ITFAMLFLRTQGVDMISKMLKMQMVKGILAGMTVX	0
EDKENYKKFYEAFSKNLKLGIHEDSTNRRRLSELL	XXXXPEYLFYEAFSKNLKLGIHEDSNRRRLSELLR	1
NKSHPISAKLDVLESLIKDHKDFSKTLTAQSHMYE	QKSHPISAKLDVLESLIKDHKDFSKTLTAVKEREN	0
YEKDVADYKSKGKFDGAKGPAKVARKKVEEEDEEE	KREDVADYKSKGKFDGAKGPAKVARKKVEXXXXXX	1
CYMGKWSSPPQCEGLPCKSPPEISHGVVAHMSDSY	XXXXXXXXGGFREGLPCKSPPEIVVAHMSDSYQYG	0
LSDEDFMEVVLGKLDPQKAFFSGRLKARGNIMLSQ	LSDEDFMEVVLGKLDPQKAFFSGRLKARIMLSQKL	1
SRDKLPQPVQPDPVSHCKEKDVDDCWFYFTYSVNG	HKECVQASRDLPQVSHCKEKDVDCWFYFTYVHVVE	0
LQKAIEENNNFSKMAEEKLTHKMEANKENREAQMA	LQKAIEENNNFSKMAEEKLTHKMEANKENREAQMA	1
MSGLRVYSTSVTGSREIKSQQSEVTRILDGKRIQY	XXXXXVYSTSVTGSREIKSQQSEVTRILDLVDISQ	1
AKLQLEQQVATGPALDNKKCTPPIEASQCHEAEMT	XXXXXXXXXXXXPALDNKKCTPPIQCHEAEMTDNV	0
ALFLTVDPYMRVAAKRLKEGDTMMGQQVAKVVESK	TNSDFELKYMRVAAKRLKEGDTMMGSPGWTYNPXX	1
ELSKIKHMLLKKEESLGKMEQELEARTRELSRTQE	ELSKIKHMLLKKEESLGKMEQELEARTRELSRTQE	0
KLKGPKFKMPEMHFKAPKISMPDVDLNLKGPKLKG	MSLPDVDKMPEMHFKAPKISMPDVDLNLXXXXXXX	1
LAFIAAKIALGIPLPEIKNVVSGKTSACFEPSLDY	GYPLAFIAAKIIPLPEIKNVVSGKTSACFEPDTLY	1
TVLKSFLSQGQVLKLEAKTDPSILGGMIVRIGEKY	ASPLEETLSLKLLKLEAKTDPSILGGMIVRIGYVD	1
TEQLIEAINNGDFEAYTKICDPGLTAFEPEALGNL	TEQLIEAINNGDFEAYTKICDPGLTGMDHRFWHRR	0
REGMERKDLLKANVKIFKSQGAALDKYAKKSVKVI	XXXXXELGSLKANVKIFKSQGAALDKVGANTNCLT	1
ILFCCSGKKQTSGMEYKKTDAPQPDVKEEEEEKEE	ILFCCSGKKQTSGMEYKKTDAPQPDVKEEEEEKEX	1
LGRSIDDIGHLIHEGLQKNTSSWVLYNMASFYWRI	PDCTKILIGHLIHEGLQKNTSSWVLYNMARAFXXX	0
TAQKRKCSQTQCPRKVIKMESEEGKEARLARSSPE	LGADTPALQTQCPRKVIKMESEEGKEAXXXXXXXX	1
RTWRLNERHYGGLTGLNKAETAAKHGEEQVKIWRR	WNQENRFCGYGGLTGLNKAETAAKHGEEQVKIWRR	1
NGSLFAFRGQYCYELDEKAVRPGYPKLIRDVWGIE	TMPELCDGSLFAYELDEKAVRPGYSIAQYWLGCPA	1
LNPFLRACAELHQNVNVKNIIIALIDRLALFAHRE	XXXXEMELCALHQNVNVKNIIIALIDFQVATVIRD	0
GLRDASGVTFTWTPSSGKSAVQGPPERDLCGCYSV	GSEANLTCTFTWTPSSGKSAVQGSSVLPGCAEPWN	0
QVTKDAAEAIKKHNVGVKCATITPDEKRVEEFKLK	QGDTRWSYDLTAAIVGVKCATPNISVLVEAEAAAS	1
MEEFRKEIETLKQAAAQKSQQLSALQEENVKLAEE	TEEFRKEIETLKQAAAQKSQQLSALQEENVKLAEE	1
EPQKSEEVLKNCEIVNWKQRLQIQGLQESLGEGIR	DMDSTNVYLKNCEIVNWKQRLQIATFSKSVKVTCY	1
LQPRNLSLMDKLLDLDDKLLMRPGSSTILSTRNWP	PQSPNLSLMDKLLDLDDKLLMRPGSSTILSTRNWP	1
ILLKNQPKLIEFLSSFQKERTDDEQFADEKNYLIK	FEAFHFKKLIEFLSSFQKERTDDEQFADEKNYLIK	0
MTTAARPTFEPARGGRGKGEGDLSQLSKQYSSRDL	MTTAARPTFEPARGGRGKGEGDLSQLSKQYSSRDL	1
LYHSEAFTVNFGDTEEAKKQINDYVEKGTQGKIVD	XGLFLSFTVNFGDTEEAKKQINDYVEVDLVKELDR	1
GKEGLWKLLGGFQETCSKAIRVGVIGFPNVGKSSI	QKKLLWKLLGGFQETCSKAIRVGVVPLDKQITIIS	0
VLDEPYEKVVDRIQSSGKNVTLLVCGKKAYDYFQA	AGLEVNGVVVDRIQSSGKNVTLLPXXXXXXXXXXX	1
DGKALERFLQDYFDGNLKRYLKSEPIPESNDGPVK	FVMQELRFLQDYFDGNLKRYLKSPAENFDEDPXXX	1
NKDDYKIILNTAVAEFFKSNQTTTDNLRQTLNQLK	ACLQHLAILNTAVAEFFKSNQTTTDNLKSGRPMCX	0
ALEQFATVVEAKLIKHKKGIVNEQFLLQRLADGAI	KGKELSGGVEAKLIKHKKGIVNEQLLXXXXXXXXX	1
LKKYDGRFKDIFQEIYDKQYKSQFEAQKIWYEHRL	ALPLYLRFKDIFQEIYDKQYKSQFEAQIWYEHXXX	1
EILSLYDAENLGKEHFRKPVPPSPEDLSVICFTSG	LACYTYSMENLGKEHFRKPVPPXXXXXXXXXXXXX	0
AAIKAIKLYKHVVQIVEKFIKKCKPEYKVPGLYVI	FNQLFSLMYKHVVQIVEKFIKKCKPYKPGLVIRFK	0
SIWQFFSRLFSSSSNTTKKPEPPVNLKYNAPTSHV	SIWQFFSRLFSSSSNTTKKPEPPVNLKYNAPTXXX	0
ARYPNRFKLWFTLDHPPKDWAYSKGFVTADMIREH	DIILRELELWFTLDHPPKDWAYSKGFVTDMEHXXX	1
RGVNQATAGVVASTISGKSQIEETDNMDFSSMTLT	GKFEELMVGVVASTISGKSQIEETDXXXXXXXXXX	0
GKALVATPGKKGAAIPAKGAKNGKNAKKEDSDEEE	ATSLVATPGKKGAAIPAKGAKNGKNAKKEXXXXXX	1
VESLPRDRVLGFLIENFKGLAIPYLEHIIHVWEET	FPEGLFDRVLGFLIENFKGLAIPYLEFCLIQLYCE	0
LVPPTPAEIPRAIQSLKKIVNSAQTGSFKQLTVKE	XXPPTPAEIPRAIQSLKKIVNSAQTGSFKQLTVKE	1
GGAVGTVGRLNITVVQAKLAKNYGMTRMDPYCRLR	XXXXXXXXXXXXXVVQAKLAKNYMDPYCANGAKNP	0
SMIVNNLLKPISVEGSSKKVKTDTVLILCRKKVEN	QVHFTFDLLVMSVEGSSKKVKTDTVLILCRXXXXX	0
GELILPENEPGSSIMPGKVNPTQCEAMTMVAAQVM	GELILPENEPGSSIMPGKVNPTQCENCGIQANRXX	0
TLEALFGKQGFFPDSVNKALYWVNGQVPDGVSKVL	XXXXXLFKQGFFPDSVNKALYWVNGSLVFGYTKDD	0
FIRILGADLIFACGETEKPEVRKSIDEMNNAWENL	MIRILGADLIFACGETEKPEVRKSIDEMXXXXXXX	0
QKLVLTSRSGIRTGYQAKQVRRWRRQGVQVQVSTS	SAHLGGLEAQIRTGYQAKQVRRWRRQVXXXXXXXX	1
RTEIIILATRTQNVLGEKGRRIRELTAVVQKRFGF	GYEIIILATRTQNVLGEKGRRIRELTAVVQEGVEL	1
NLCPRPEIDNIFSEFGAKSKPYLTVDQMMDFINLK	XXXXRPEIDNIFSEFGAKSKPYLTVDQMMDFILKI	0
QPTIFQNKKRVLLGETGKEKLPRYYKNIGLGFKTP	QPTIFQNKKRVLLGETGKEKLPRYYKPKEAIEGTY	1
KPGGYRLFTQKLQELKNKYYQVPRKGIQAKEVLKK	IFGPLELFTQKLQELKNKYYQVPRKGQAKEVLKYL	1
SQCKEEKNEPLSLPELTKRLTEANQRMAKFPESIK	ETLAEMINEPLSLPELTKRLTEANQRMAKYNTXXX	0
LKHRLEDMEQALSPSVFKAIMEKLEMSKFQPTLLT	FSLKDTLVVLALSPSVFKAIMEKLEMSVLWDQHKF	0
VRMNVLADALKSINNAEKRGKRQVLIRPCSKVIVR	XXXXXLADALKSINNAEKRGKRQVLILMGYIGVVN	1
TRKYRAEPKSIYEYQPGKSSVLTNEKMSRDISPEE	EDKYRAEPKSIYEYQPGKSSVLTNEKMSIQXXXXX	1
LASWDGILDLPEQNTIHKDCLQFIDQLSVPEEKAA	XXXXXXXLDLPEQNTIHKDCLQFIDQLAAELLLDI	0
FPVVRDFLYKIIDELNVKPEGTRIAVAQYSDDVKV	XAPESKRDILIIDELNVKPEGTRIASRFDEHQSKP	1
RVKKNSTTDQVYQAIAAKVGMDSTTVNYFALFEVI	TVTVRVKTDQVYQAIAAKVGMDSTTVFALLTILAY	0
KPGPYSSVPPPSAPPPKKSLGTQPPKKAVEKQQPV	XXXXXXXVPPPSAPPPKKSLGTQPPKKAVEQQPVE	1
LIIDPSGQATEFIMNEYKDRKITRTSFLDDAFRKN	SSLALKGQATEFIMNEYKDRKITRTNAFGNPLLVS	0
DVETWQQEQPVVLHTWTKESAHNYENNCHEVSVFV	XXXXXXXXXXXXXHTWTKESAHYHEVSVFVFEVEF	0
VYSVVEDEYSEPLKGTEKTLPVPVVSLNIYDVGPT	LKDLKPETEYVVNKGTEKTLPVPQEXXXXXXXXXX	0
IHIDPATHRQKLYTLQDKAQVADVVVSRWLRVTVA	KDNWSFTHRQKLYTLQDKAQVADVAGGAXXXXXXX	1
AIVAVTGDGVNDSPALKKADIGVAMGIAGSDVSKQ	VEGCQRIVAVTDSPALKKADIGVSAADXXXXXXXX	1
QDPIYRIFYVSHDSQDLKIFSYIARDGASNIFRCN	VMRRYKKVIVSHDSQDLKIFSYNVFKSKKKSQAMR	0
EDKDKLIAVFEEQEPLHKIESPSGNPADRQSPDAF	LREKGPGYWVEEQEPLHKIESPSGNPADRQSPDAF	0
INEREKPLALYVFSHNHKLIKRMIDETSSGGVTGN	KNVDEAINILYVFSHNHKLIKRMIDETSVTGNDXX	1
LDLNKAKSMGQRLSLISKFRFNFLAPELPAVSEFS	LDLNKAKSMGQRLSLISKFRFNFLAPELPAXXXXX	1
GASVILRDIARARENIQKSLAGSSGPGASSGTSGD	GASVILRDIARARENIQKSLAGSSGPGASSGTSGD	1
LMNMKLALIRVLQNFSFKPCKETQIPLKLSLGGLL	YELATHPDVQQVLNFSFKPCKETQIVVLKVESRXX	1
SYEAYGQDDWNGTRPSLKAPPARPVKGAYREHPYG	SYEAYGQDDWNGTRPSLKAPPARPVKGAYREHPXX	1
NEKQKVAELYSIHNSGDKSDIQDLLESVRLDKEKA	NEKQKVAELYSIHNSGDKSDIQDLLESVRLDKEKA	0
RGTLDPVEKALRDAKLDKSQIHDIVLVGGSTRIPK	LTSLDPVEKALRDAKLDKSQIHDIVLLQDFFNGKE	1
LDVDGIYRVSGNLATIQKLRFIVNQEEKLNLDDSQ	XXXXQIFFCSGNLATIQKLRFIVNQEEKLNLDDSQ	0
DAQVRLYKEELEQTYHAKLENARLSSEMNTSTVNS	DAQVRLYKEELEQTYHAKLENARLSSEMNTSTVNS	1
PNVANNTGPHAASCFGAKKGKDEWFSRGKKPIEDP	PNVANNTGPHAASCFGAKKGKDEWFSRGKKPIEDP	0
QNACSEHGATLAVIDSEKDMNFLKRYAGREEHWVG	XXVGYQRKCYFAVIDSEKDMNFLKRYAGVGFNWFN	0
AQQGTPVYSVAWGPDSEKVLYTAGKQLIIKPLQPN	YALVIKILAVAWGPDSEKVLYLIIKPLQPNAKVLQ	0
WKATCIGNNSAAAVSMLKQDYKEGEMTLKSALALA	LGWKATCINSAAAVSMLKQDYKEGEMTSALALAIK	1
LRGEPEKLGQALTEVYAKANSFTVSSVAAPSWLHR	QEILRTVIVQALTEVYAKANSFTGPTEXXXXXXXX	0
GMTPSKGVLFYGPPGCGKTLLAKAIANECQANFIS	IGGLVKLVLFYGPPGCGKTLLAKAISFFDELIGAT	1
PEFYDYDVALIKLKNKLKYGQTIRPICLPCTEGTT	YFVSVGGERDLELKNKLKYGQTIRPIEXXXXXXXX	1
EQVGQHKDAYQVILDGVKGGTKEKRLAAQFIPKFF	XXXMPTVELYQVILDGVKGGTKEKRLAAQFISAIN	0
KYIEACARRIVQNSNGYKIVTEKSTVPVRAAESIR	IKEADLVFAIVQNSNGYKIVTRFNLNLQVLEGRAV	1
FHRAISESGVALTSVLVKKGDVKPLAEQIAITAGC	XLFFSTGRGNALTSVLVKKGDVKPLARESQPLLGT	1
TGLHRYVWLVYEQDRPLKCDEPILSNRSGDHRGKF	MKISGTVLSDYEQDRPLKCDEPILVSFRKKYELRX	1
HLVNFKGTDTVAGLALIKKYYGTKDPVPGYSVPAA	GIGASALVKTVAGLALIKKYYGTKDPVPGYSYSFD	1
LFDKATYDKLCKEVPNYKLITPAVVSERLKIRGSL	XXXXXXXXKLCKEVPNYKLITPAVVSERLALQLLG	1
LSEKEKKQISEQLNALNKAYHDLCDGSANQLQQLQ	SEAIKSQQISEQLNALNKAYHDLCDGSXXXXXXXX	0
PRSGAPAAESKEIVRGYKWAEYHADIYDKVSGDMQ	VDIDSDGVFKYVLVRGYKWAEYHADIYDKVGGRIS	1
SSQEMSSEYREYADSFGKCPGGRNPWTGVSQFLQT	LLVTKASEYREYADSFGKCPGGRNPWTGVSQFKNY	1
LYAFAEATVPKVTVITRKAYGGAYDVMSSKHLCGD	ANQPSGCFVDVPGVITRKAYGAYMAWPTAEIAVMG	1
KAEPPQAMNALMRLNQLKPGLQYKLVSQTGPVHAP	XXXXXXXMNALMRLNQLKPGLQYKMSVEVDGNSFE	1
LLTIPPAEAEGVPLVVDKDVFSVETPKKEHQPLRN	XXXXXXAEAEGVPLVVDKDVFSVETPKKEHPLRNT	0
SILLKNFVELISHQQLSKGLINRDRSQSWILSVNP	XXTIKNFVELISHQQLSKGLINRDRSQSWILSVNP	0
PKLYVKLHYCVSCAIHSKVVRNRSREACKDRTPPP	KKFVVKLHYCVSCAIHSKVVRNRSACDRTPPPRFX	1
KLHAEAIKRDPNLFPFEKEGPHYTPPIPNYQPPEG	QLHAEAIKRDPNLFPFEKEGPHYTPPIPNYQPPEG	0
QRRPEYRHLSAGDVAVQKKLRSSLNCKSFKWFMTK	RVAEVWMDEAAGDVAVQKKLRSSLNCKSFXXXXXX	0
DLLFYTIAEGQEKIPVHKFITALKSTGLRTSDPRL	XXLFYTIAEGQEKIPVHKFITALKSTGLRTMLRLD	1
KAETKNSGFKRSRTLEGKLKDPEKGPVPTFQPFQR	KAETKNSGFKRSRTLEGKLKDPEKGPVPTFQPFQR	1
PIPGNWNGAGCHTNFSTKAMREENGLKYIEEAIEK	VSNQHPWFGPCEGNFSTKAMREENGLKYIEEAVKK	1
RQAAEDKSWRVRYMVADKFTELQKAVGPEITKTDL	EACVNALAARVRYMVADKFTELQKAVTLAFLVAAA	1
DSFLESVFKTEFVSLLCKRFEEATRRPLPLTFSDT	PKCVIQLGVTEFVSLLCKRFEEATRRPLPLXXXXX	0
PGGDTIFGKIIRKEIPAKIIFEDDRCLAFHDISPQ	XXXXXIFGKIIRKEIPAKIIFEDCLAFHDISPPTH	1
NPYENQKIPTKENVYEAKSYERSVIHSLASVEAQK	FKMYGKKIPTKENVYEAKSYERSVIHSHSSDLTES	1
MATQASTLYSNNITKLLKAISPDKDNFYFDVKDDF	GFLIIAGYDSNNITKLLKAISPDKDNFYFDMVIXX	1
LQLRPSLITGIMKDSGNKPPGLLPRKGLYMANDLK	XDLSPYLITGIMKDSGNKPPGLLPRKGLYMFLVML	1
NHKDTFFQNPQYIFEVKKPEDEVLICIQQRPKRST	XXXXXXXXKTWEEFEVKKPEDEVLKEATDQPEGRY	0
DLTNFTDIPPGGVEEKAKNNAVLLREFVGCFIDFP	XTYNFTDIPPGGVEEKAKNNAVLLREFVQSENAEE	1
EFRRWEVADLQPQLKIDKAVAFQNPQTHVIENLHA	THLLRLTATLQPQLKIDKAVAFQNPQTHVIENPLY	1
SNRQKEYKCGDLVFAKMKGYPHWPARIDEMPEAAV	XXXXXXXXXXXNVFAKMKGYPHWPARKYQVFFFGT	1
SKEEYQQTWYHEGPNSLKVARLWIANYSLPRAMKR	XXXXXXXXXYHEGPNSLKVARLWIANYSRFRLWDL	0
EIIFGLNDGYYGAPFEHKGYSNAQKTILLQVDQNC	LARNQNEIIFYGAPFEHKGYSNAQKXXXXXXXXXX	0
STFHRPELVRPALENSLKKAQLDYVDLYLIHSPMS	IRYTSKLLVRPALENSLKKAQLDYVDYCGLAXXXX	1
GAGVNLILDCIGGSYWEKNVNCLALDGRWVLYGLM	EATLKGVILDIGGSYWEKNVNCLAWGINGPLKLKG	0
ESSQTCHSEQGDKKMEEKNSGNFQKKAANMLQQSG	ESSQTCHSEQGDKKMEEKNSGNFQKKAANMLQQSG	1
VRVLVVPAENYDYQILHKKSMDKSLEFITNCGKNS	TPHCHVLGCRDDYQILHKKSMDXXXXXXXXXXXXX	0
DLNSTAAPHPRLSQYKSKYSSLEQSERRRRLLELQ	DLNSTAAPHPRLSQYKSKYSSLEQREWIDSPXXXX	1
VKVLGILAMIDEGETDWKVIAINVDDPDAANYNDI	IDVCEVLGILAMIDTDWKVIALTVWFFAAEFKAII	0
QFRTEMEDLMSSKDDVGKSVHELEKSKRALEQQVE	QFRTEMEDLMSSKDDVGKSVHELEKSKRALEQQVE	1
IAYEQHGFFEQAQESYEKAMDKAKKEHERSNASPA	ATAIAYEFFEQAQESYEKAMDKAKKEHEYQLWEDH	0
LQDHTPLPGIIIGDIGPKMDFDQTDNGFLQLNHVR	ERYLWWPGDLGRGDIGPKMDFDQTDNGFPSLVTKL	0
EAVRNFLAFIQHLRTAKKEEILQILKMENKEVLPQ	XXXXSLSWFIQHLRTAKKEEILQILKMLVAVTSAQ	1
AEMFEHLSGKLQQFMENKSRMLASGNQPDQDITHF	XXXXXXXXXKLQQFMENKSRMLASGNFQIQELNLE	0
SQRSPKASLRRVELSGPKAAEPVSRRTELSIDISS	XXXXXXXXLRRVELSGPKAAEPVSRRTELQEVNIN	1
AVTKAQKKDGKKRKRSRKESYSIYVYKVLKQVHPD	XXXXXXXKDGKKRKRSRKESYSIYVYKVLKGISSK	1
DFPRGHVEELSISHQSLKTAFSSLSNVSSERTKQI	RKDMKLAEELSISHQSLKTAFSSLSNXXXXXXXXX	0
IISDAMKKVGRKGVITVKDGKTLNDELEIIEGMKF	XXXXXXXXXIIIAVITVKDGKTLNDELEIIENEVA	1
LLSCSADGTVRLWNPQEKLPCICTYNGDKKHGIPT	GHYSKNQLLSRLWNPQEKLPCICTEXXXXXXXXXX	0
TEGDGVYTLNDKKQWINKAVGDKLPECEADDGCPK	TEGDGVYTLNDKKQWINKAVGDKLPECXXXXXXXX	1
RREREEIEKQKAKERYMKMHLAGKTEQAKADLARL	LQEREEIEKQKAKERYMKMHLAGKTEQAKADLARL	1
KAHEGARPMRAIFLADGKVFTTGFSRMSERQLALW	HLFCSVRIARAIFLADGKVFTALWDPENLEPMAYP	0
QAESNKAFLAELEQNSPKIQKVKEALAGLLVTYPN	NSVLQWLEKAELEQNSPKIQKVKEALAGIQELNSR	0
IRDINRVYREELKRDLAKDITSDTSGDFRNALLSL	TLLIINRVYRELKRDLAKDITSDTSGFRNALLSLA	1
GNFSKTSAQVVLDGLVDKIGDVKCGNNAKEAMTAI	WKETFMQKLHVLDGLVDKIGDVKCGNNAKEAMVMA	0
GTLLKPNMVTAGHACTKKYTPEQVAMATVTALHRT	HDLEHCQMVTAGHACTKKYTPEQVAMATGMSEDAL	1
AVVTVPAYFNDAQRQATKDAGTIAGLNVMRIINEP	SALHAVVTVFDAQRQATKDAGTIAGLNVMRIINGI	1
GTYTEFLKSGIDFGSLLKKDNEESEQPPVPGTPTL	LILKDGVQFGIDFGSLLKKDNEESNVDPRTXXXXX	0
GVPMPDKYSLEPVAVELKSLLGKDVLFLKDCVGPE	PSIKLSVVLLEPVAVELKSLLGKDVLFLGSVILLX	1
DGLAVIGVLMKVGEANPKLQKVLDALQAIKTKGKR	XXPVFHFLVMKVGEANPKLQKVLDALFTNFDPSTL	1
TANILKFQDTDGKHLLPKIRDSAGQKGTGKWTAIS	TANILKFQDTDGKHLLPKIRDSAGRSSLKDRIXXX	1
SREIQTAVRLLLPGELAKHAVSEGTKAVTKYTSAK	SREIQTAVRLLLPGELAKHAVSEGTKAVTKXXXXX	1
SKAAARQKQLEDILVLAKQFHETAEPISDFLSVTE	YKVVKAQIQLEDILVLAKQFHETAEPQAIKNGQAL	0
RLTEAKPVDKVKLIKEIKNYIQGINLVQAKKLVES	XXXXVRLADKVKLIKEIKNYIQGINLVQAKKLVEQ	1
WGITSCKAPGEAQFIPNKQLQPKETQIYIKLVKYA	WGITSCKAPGEAQFIPNKQLQPKETYVFTMMNPLT	0
QKHFEQAIERVIGGLEKKTQVLQPEEKKTVAYHEA	XXXIRHQAERVIGGLEKKTQVLQPEKKVAVSIIPR	1
ITFKKLVKGHAYSVTGAKQVNYRGQVVSLIRMRNP	XXXLYQIILKALEVTGAKQVNYQVVSLIRMWWVDY	0
HRAISESGVALTSVLVKKGDVKPLAEQIAITAGCK	XFSTGDRGNALTSVLVKKGDVKPLREQLLGTVIDG	1
TKVSMSSQNDGFFAVHLKEGSEAASKGDFLFSSDH	LSEVPLVDVTKVSAVHLKEGSEAASKGDFLTTQKL	0
QDRGVGWSHPLPQCEIVKCKPPPDIRNGRHSGEEN	XXXXNCSEGFFLICEIVKCKPPPGEENFYAYGFSV	0
LPVSVADGRISVAQGASKALLVADFGLQVSYDWNW	IHKDEIGKVLPVAQGASKALLVSYDWNWRVDSAPC	0
NCPNDCCEAIYSSVSGLKAHLASCSKGAHLAGKYR	VHVNCPNCAIYSSVSGLKAHLASCSKGHAXXXXXX	0
VYTIQTNRNDKAQEFFAKQATELQNQAEWKDWFVL	TLFRYLTRNDKAQEFFAKQATELQNQWKWFVLPXX	0
GPKAVAAPRPDRLVNRLKNITLDDASAPRLMVLRQ	APKAVAAPRPDRLVNRLKNITLDDASAPRLMVLRQ	1
LPPLDWPLPAHFGQCELKIEVQPKTHHRAHYETEG	XXXXXXXXLPAHFQCELKIEVQPPVVKLLGYLQML	0
FFRELAEEKREGYERLLKMQNQRGGRALFQDIKKP	VNSLVNYLKREGYERLLKMQNQRGGRALFHLDFLT	1
KITAASKKAPAQKVPAQKATGQKAAPAPKAQKGQK	EARDKVAKAPAQKVPAQKATGQKAAPAPXXXXXXX	1
DEEEEEEEKEKSLIVEGKREKKKVERLTMQVSSLQ	DEEEEEEEKEKSLIVEGKREKKKVERLTMQVSSLQ	1
GNAMVEEGHFAAEDVKAKLHELNQKWEALKAKASQ	TQKGNAMVHFAAEDVKAKLHELNQKWXXXXXXXXX	1
SCLRPAPPLRPSAALCYKEDLSKSPKTMKKLLPKR	XXXXXXXPLRPSAALCYKEDLSKSPKTMKKLALKE	0
IVEEIQRIAEGPYIDVVKLQTMRCLFEAYEHVLSL	QIEEIQRIAEGPYIDVVKLQTMRCLFEXXXXXXXX	0
APLTPSSAPVSQESLAVKEKFIPPELSIWDYFIAK	IRGGAHVPSKEQESLAVKEKFIXXXXXXXXXXXXX	0
GRGLGKNAQGIINPIEAKQRKGKGAVGAYGSERTT	LKKGTKFGSWIINPIEAKQRKGKGAVGAYGSERTT	1
HWITIIRARFEEVLAWAKQHQQRLASALAGLIAKQ	MKKLEKRARFEEVLAWAKQHQQRLASALXXXXXXX	0
GASQEEEKGAEYVASVLKCKTLRIQEGEEPEEFWN	QNSGYIEKGAEYVASVLKCKTLRXXXXXXXXXXXX	0
SEKTKLLIAAQKQKVVEKEAETERKKALIEAEKVA	SEKTKLLIAAQKQKVVEKEAETERKKALIEAEKVA	1
MAMVFLGTRGNTAAQLSKTFHFNTVEEVHSRFQSL	DLSMAVFTRGNTAAQLSKTFHFNTVEVLARLGVQD	1
GEPIKAAILPTSIFLTNKKGFPVLSKMHQRLIFRL	XXXXXXXALPTSIFLTNKKGFPVLSKMHQRTNHHS	1
YLLQPSQFHGEPCNFSDKEVEDCVTNRPCRSQVRC	SWTKRYRYAYLLCNFSDKEVEDLPYSYGEYRDLFR	0
PQGSMRILVTGGSGLVGKAIQKVVADGAGLPGEDW	XXXXXXXXVTGGSGLVGKAIQKVVADWVFVSILAV	1
AIAKCLGEKWSHPPSCIKTDCLSLPSFENAIPMGE	KCFEGFGIDGPAPPSCIKTDCLSDVYKAGEQTCIN	0
VTSEDGITKIMFNRPKKKNAINTEMYHEIMRALKA	XXXXXXXXTLMFNRPKKKNAINMTGNGDYYSSGND	1
IPYSPFRIHALPTGDASKCLVTVSIGGHGLGACLG	XXXXXXXXXXSPTGDASKCLVTVITVDAKAAGEGK	0
DGREVVCHASAWDFYNGKDFRIKQCTTVNLEDLVV	PVPPEFWNKSAWDFYNGKDFRIMHIQYFMQYKDLP	0
DVTPMEVTAEKRSSTIFKTTKSVGSTQQTLENISN	XXXXXXXXAEKRSSTIFKTTKSVGSTQSTASGSSH	1
ARLNGSFRYVVISQGLDKPRAITVHPEKGYLFWTE	GWTDQGFDVIEISQGLDKPRAIFWTEWGQYPRIES	0
GESRSIAVKAVSSNISQKDVFDLKITAELNAFNVF	THDSTKQVKAVSSNISQKDVFDLKSVKPKQTDTLY	0
ATIGPASRSVERLKEMIKAGMNIARLNFSHGSHEY	XXARSIIASVERLKEMIKAGMNIAVAVESFASYRP	1
NVDEHSVMTYLSQFPKAKLKPGAPLRPKLNPKKAR	QQADDWLGIPLSQFPKAKLKPGAPLGQKLXXXXXX	1
PGPPVVKPQSVTVRLSSKEPNQKDDGVFKAPAPPS	EGPPVVKPQSVTVRLSSKEPNQKDDGVFKAPAPPS	1
MLDSFYRSIEGFEILVQKEWISFGHKFASRIGHGD	WRWAQTSMYEGFEILVQKEWISFGHTFCEXXXXXX	0
IMTEKELLAVACEQFLGKNVQDIKNVVLQTLEGHL	EIMLVKILAVACEQFLGKNVQDIKNVVLQMGIXXX	0
GKATLVKSTPVNVPISQKFTDLFEKMVPVSVQQSL	QICSILCKFPVNVPISQKFTDLFEKXXXXXXXXXX	0
QEMAKSLLKTASLSGRTKLLHQTGLSLYSTSHGFY	XXXXXXXLKTASLSGRTKLLHQTGLSLYSRRAKSC	1
AERILISLRPQELVDVIKKAYLQEEERENSEVSPR	XXXXXXILNPQELVDVIKKAYLQEESPREVGHNIY	0
VATENEVFRVKVFNIDLKEKFTPKKIIAIANYVCR	SFKMFHATVVKVFNIDLKEKFTPKKIIAIEVYPTL	0
DYGKKWWTQAQAHDLVIKSLDKLKEVREFLGENIS	LSELDNWTQAQAHDLVIKSLDKLKEVRELPVSFFL	0
SRQRVWGVPIPVFHHKTKDEYLINSQTTEHIVKLV	SYKDASKQWIPVFHHKTKDEYLINPEVLEVGGPDA	0
LKLGGKGYKLSPEDYTLKVSQAGKTLCLSGFMGMD	AEYMIPCEKVSPEDYTLKVSQAGKTLCLSGFVXXX	1
HLVYRSEVIKNNLNPTWKRFSVPVQHFCGGNPSTP	EFVYRSEVIKNNLNPTWKRFSVVCPIRVKICRXXX	0
MAFSPDCPKAVGWEKNQKGGMGPRMVNLSECMDPK	TFHFYYWFCYVGWEKNQKGGMGPRMVNXXXXXXXX	1
KKNDTTEIETLLLNTAPKIIDEQLVCRLSKTDIFI	NYINLHESSTEPNNTAPKIIDEQLVCRLSKTDIFI	0
EGTPPPPPPSRDLTEAYKTQALGPLKLKPAHEGLV	QHLKEEASGVSDLTEAYKTQALGPEIPREELRHTP	1
PAGLEKRLCAAAASILGKPADRVNVTVRPGLAMAL	MPFLEKRLCAAAASILGKPADRVNVISSIGVVGTD	1
GEDSPSRLDRGREDSLPKGHVIYEGKKGHVLSYEG	EIRKQRELQRMREDSLPKGHVIYETTVEHAPIWRP	1
AEVYAAGKAEVVLGNIIKKKGWRRSSLVITTKIFW	LMTYDNFKAEVVLGNIIKKKGWRRSSLVISLERLQ	0
HSEDASALQGGTSVAQIKAQLKEIEAEKVELELKV	HSEDASALQGGTSVAQIKAQLKEIEAEKVELELKV	0
VEEYLKEVVNQPFPFGDKEKNKLTFEVVHLARNLI	XXXYLKEVVNQPFPFGDKEKNKLTFEVVHILITEH	0
MKSVEVPRELQMHSHLLKTHVQSRMEKMMDGIKLD	GMKSVEVPRLQMHSHLLKTHVQSRMEKMMLDATRS	1
MILVGNKCDLEDERVVGKEQGQNLARQWNNCAFLE	NILVGNKCDLEDERVVGKEQGQNLARQCAFLESSI	1
ELVDPLTTVREQCEQLEKCVKARERLELCDERVSS	XXXXXLTTVREQCEQLEKCVKARERLELCDCTEEL	1
SVYINRNKTGEITASSNKSLNLLKIKHGDLLFLFP	LKKVSVYITGEITASSNKSLNLLKIKHDLXXXXXX	1
LCERVTKVLNWVREQPEKEPELQQYVPQLQNNTIL	VVPEVKKVLNWVREQPEKEPELQQYVXXXXXXXXX	0
RKRRWDQTADQTPGATPKKLSSWDQAETPGHTPSL	PKRRWDQTADQTPGATPKKLSSWDQAETPGHTPSL	1
AADRGLTTRPGSGLTNIKTEEISEVKMDAEFRHDS	SLDDLQTTRPGSGLTNIKTEEISEVKMDAXXXXXX	0
QELKNKYYQVPRKGIQAKEVLKKYLESKEDVADAL	CMLLKNYYQVPRKGIQAKEVLKKYLESEAAKKMLE	1
IPELMRIFVDIEKLPWSKAWELTQKTFAYTNHTVL	IPELMRIFVDIEKLPWSKAWELTQKTFIEIKHGSH	1
PEDITKGTQSLPTASASKFPSSGPVTPQPTALTFA	XXXXXXXXQSLPTASASKFPSSGPVTPQPTALTFA	0
KIKGAALKYLPSIINDVKLVFDPVELSVLFCKFIQ	IQSRVFNIRLPSIINDVKLVFDPVELSVLFIESTL	0
RGSPFQVTRGDYAPILQKVVEQLEKAKAYAANSHQ	AAWYGGLASVLYAPILQKVVEQLEKAYIFTIGFED	0
LQQLQEGTLQEYQKRMKKLDQQYKERIRNAELFLQ	LQQLQEGTLQEYQKRMKKLDQQYKERIRNAELFPK	1
EGQKALECFCQAASEVGKEEFLDRLIRSEDGEIVS	NVGSCRFMFCQAASEVGKEEFLDRLIRTPRLQYYX	0
TRFMETADSTTAAVLQGKLAEVSQRFEQLCLQQQE	ATREMVTFMTTAAVLQGKLAEVSQRFXXXXXXXXX	0
KERQSKYNLINEGSPPSKIMKAVYQNISESNPAYE	KERQSKYNLINEGSPPSKIMKAVYQNISESTEGFC	1
AVSPMQRHSISGPISTSKPLTALSDKRPNYGEIPV	XXXXXXXXXISGPISTSKPLTALSDKQLSLSSSPT	0
AEKFRQKASIHEAWTDGKEAMLRQKDYETATLSEI	XXXXXXXXXIHEAWTDGKEAMLRQKLKHEAFESDL	1
AITQEIVGCAHLENYALKMFLYADNEDRAGRFHKN	XXXXXXDVCAHLENYALKMFLYADNEDNMIKSFYT	0
NGSGADRIYDLNIPAFVKFAYVAEREDELSLVKGS	XXXXXXXXXXXXXPAFVKFAYVLSLVKGSRVTVGW	0
AKYLDQMEDLYEDFHIVKLPLLPHEVRGADKVNTF	VNQLVFQAYLDMEFHIVKLPLFSALLLEPYKPXXX	0
AFHDISPQAPTHFLVIPKKHISQISVAEDDDESLL	RKEIFEDDRCLAFLVIPKKHISQADSLLGHLVYHV	1
LRAKLYFSRLMGPETTAKTIVLVKNVLSRHYVHLE	LRAKLYFSRLMGPETTAKTIVLVKNVLLXXXXXXX	1
ALNFKVVHLSQEINHLQKLFREENDINESIRHEVT	EVRLSQVHLSQEINHLQKLFREENDINESESEVKC	0
NPFAHLAEPLDPVQPGKKFFNLNKLEDSRYGRLPF	XNFAHLAEPLDPVQPGKKFFNLNKEIRNVFDQDGY	1
PGYLTSPGYPHSYHPSEKCEWLIQAPDPYQRIMIN	XXDKCGDLTSPGYHPSEKCEWLLCKYDYVEVNEKC	0
VKAGIYSKPGGYRLFVQKLQDLKKKYYEEPRKGIQ	EVKAGIYSKGGYRLFVQKLQDLKKKYYELKEMTIL	1
SGEGVSCTIRSSLLGLEKTASISIADPFFRSAQRW	AVAAVSCTIRSSLLGLEKTASIXXXXXXXXXXXXX	0
RVTKEVDATSKEAKSFFKQNEKEKPQANVPSALPS	RVTKEVDATSKEAKSFFKQNEKEKPQALGIGAKKQ	1
ESFTDGPEKELDLFTYLKHCAKNIKAKDVAKPNED	XSFTDGPEKELDLFTYLKHCAKNIKAKDVAKPNEE	0
LHDLKIAIANIIDEIIEKLKSLDEHYHIRVNLVKT	LTTLGLAIANIIDEIIEKLKSLDEHYHIRVNIDIQ	0
LIAELQDCEGLIVRSATKVTADVINAAEKLQVVGR	QNLSKEELILLIVRSATKVTADVINAAVGRAGVDN	1
DKKSDKTGTRPEDSKALKDENLPPVICQDVENLQK	DKKSDKTGTRPEDSKALKDENLPPVICQDVENLQK	0
WKNQNSWGTGEDVKVILKNSQGEEVAQRSTVFKTT	EMIRKSVSYKYTSKVILKNSQGEEVAQRXXXXXXX	1
CTEQCTLSDQLLPKHCAKTISQAVNKKSKKQTGKK	XXXXXTLSDQLLPKHCAKTISQAVNKKSKKQTGKK	1
VRVLVVPAENYDYQILHKKSMDKSLEFITNCGKNS	TPHCHVLGCRDDYQILHKKSMDXXXXXXXXXXXXX	0
VKFRQDLMNIAGTTLSSKLLTHHKDHFTKLAVEAV	MDKVTNDGDTAGTTLSSKLLTHHKFTILDEAERSL	1
FIAPTGHSLKSLDLVTMKKLDSKVNIIPIIAKADA	YKIVCLYILKSLDLVTMKKLDSKVNIIPITELVSN	1
NLPTLPEVKFPEVDVLTKYSQPEDSLIPFFEITVP	ADKFIIQIYKKLRDVLTKYSQPIPFFEITVPSIKF	0
QKERAMSTTSISSPQPGKLRSPFLQKQLTQPETHF	XFKEAMSTTSISSPQPGKLRSPFLQKQLTQPAPST	1
ESVVPVRYARLWTEIPTKITIHEYDSITDSSRNDM	XXXXXXXXXRLWTEIPTKITIHEYDSIDYRISYML	0
LGGPGAGKGTQCARIVEKYGYTHLSAGELLRDERK	XXXLVVVKGTQCARIVEKYGYTHLQKNKFLILVDE	1
VSDADIQELFAEFGTLKKAAVHYDRSGRSLGTADV	VSDADIQELFAEFGTLKKAAVHYTADVHFERKDAA	1
IQCYLRALDRCYTSYRKKIQNQWKQAGSDRPFTLD	ERGLRGTHDRCYTSYRKKIQNQWKQAGSDRPFTLD	1
EFGLELDEITSEKEIISKEQGNVKAAGASDVVLYK	SVKRELDEITSEKEIISKEQGNVKAAGASDVVLYK	1
SDFCGLTHLVKLDLSKNKLQQLPADFGRLVNLQHL	EVLSCNKLTTLPDLSKNKLQQLPDLLNNKLVTLLK	1
DLQDDIQNRATSFATVVKDIEGFMEENQTKLSPRE	HQQLEDLCRATSFATVVKDIEGFMEENQLALREKL	0
FDFTFSPEEMKQLNALNKNWRYIVPMLTVDGKRVP	VLLEEPVVLMKQLNALNKNWRYIVFPYXXXXXXXX	1
SGGKAKKKKWSKGKVRDKLNNLVLFDKATYDKLCK	XXXXXXXKKWSKGKVRDKLNNLVLFDKATYKLTPA	1
CKSVNGSHKYKGNSKDVKPPDLWIHHERLELKPID	IPSDYFKIKYKGNSKDVKPPDLWIHHEMLNTTXXX	0
DKRGLESDVAELRAQLAKAEDGHAVAKKQLEKETL	DKRGLESDVAELRAQLAKAEDGHAVAKKQLEKETL	1
PVQVATPIVASSEAVAEKEGARKEERKPRMGLFHH	PVQVATPIVASSEAVAEKEGARKEERKPRMGLIQP	0
LEPRGEARSTAELYLTTKEIKLELKPPDIPDSRVP	NVTPDDEGVYAELYLTTKEIKLELKPXXXXXXXXX	0
GNMSQLKFLGLSTTHLEKSSVLPIAHLNISKVLLV	XXXDALPICKLSTTHLEKSSVLPIAHLLYKEDPEG	0
KIHLFSMAFRELQWLVAKRVQDHTTVVGDVVSPEM	QAGLLLVVFRELQWLVAKRVQDHTTVVLYLLVLAL	0
WGQIVLKNDHQEDFWKVKEFLHNQGKQKYTLPLYH	XNRLWGQVLHQEDFWKVKEFLHNQGYTLLYAMVAQ	1
GHVFEESQVAGTPMFVVKAYLPVNESFGFTADLRS	VLNRGHVFEESQVMFVVKAYLPAFPQCVFDXXXXX	0
NFFVDDYARFTILDSQGKTAAVANSMNYLTKKGMS	NFFVDDYARFTILDSQGKTAAVANSMFLSHAVYCR	0
EIDPYLKPYAVDFQRRYKQFSQILKNIGENEGGID	ALADVPELYAVDFQRRYKQFSQILKNISEDLTYLM	1
LPETVEQLRKFNARRKLKGAVLAAVSSHKFNSFYG	GPHTPHGTRKFNARRKLKGAVLAAVSFAVSQVLDS	1
LSEKSKLQEIYQELTQLKAAVGELPEKSKLQEIYQ	QNLTQLKAEIYQELTQLKAAVGELPKLEIYQELQL	1
QARAEQEEEFISNTLFKKIQALQKEKETLAVNYEK	QARAEQEEEFISNTLFKKIQALQKEKETLAVNYEK	1
EVIEGYRAQHSQHRTPCKGGIRYSTDVSVDEVKAL	XXXXXXXXAQHSQRTPCKGGIASLMTKCVPFGGAK	1
HDIDRELKTVQAVLTVPKLKLSYEGEVTKSLQEMK	TSLEDFRVPMMSDLTVPKLKLFEWNEDHLNFIDPR	1
KKVIQYLAYVASSHKSKKDQGELERQLLQANPILE	MYKIQYLAYVASSHKSKKDQGELERQLLQNGYIVG	1
EKFIDNPRHIEIQVLGDKHGNALWLNERECSIQRR	XXXVFIGPDTHAIVLGDKHGNALVARAVKYSSAGT	0
SPALMDVPYRLNEITKEKEQCCVSLAAGLPHFSSG	SPALMDVPYRLNEITKEKEQCCVSNAESPAGTXXX	1
KCSGQRGDRGPIGSIGPKGIPGEDGYRGYPGDEGG	XXXXXXXXXGPIGSIGPKGIPGEDGYGSRGFPGEK	0
GAGKSRGSGEQDWVNRPKTVRDTLLALHQHGHSGP	XXXXXXGSGEQDWVNRPKTVRDTLLALHQHGHGQS	1
EFQHQPSWLKNIRPPHMKADHGDELPFVFRSFFGG	EFQHQPSWLKNIRPPHMKADHGDEQLNLXXXXXXX	1
RVGTEHFPNEFTSGDGKKAHQDFGYFYGSSYVAAP	GALTEHFPNEFTSGDGKKAHQDFGYFXXXXXXXXX	1
SKSQVKPDSVTASQPPSKGPQAPAGYANVATHSTL	TLVRKDPDSVTASQPPSKGPQAPAGYANVAXXXXX	0
TTLNATIQQQDQELAGLKQQAKEKQAQLAQTLQQQ	TTLNATIQQQDQELAGLKQQAKEKQAQLAQTLQQQ	0
FQVLVKSLKSWIKETTKKVPIVQPSFGAEDLGKSL	XXXXXXXLKSWIKETTKKVPIVQDLGKSLEDTKKL	0
VDKLSGAVRIVQQLDFEKKQVYNLTVRAKDKGKPV	LPEHGEGNFIVQQLDFEKKQVYNLEVEVVDVNENA	0
LFMEMNQKLFDDCTQQFKAEKLKEKLKMKEREEAW	SLYRNSKKLFDDCTQQFKAEKLKEKLKMGPLFEDV	0
FRSTMKPVQKVLEDSDLKKSDIDEIVLVGGSTRIP	VATNMKPVQKVLEDSDLKKSDIDEIVKEFFNGKXX	1
CQVVAPSDMMDGRVEAIKEALMAHGLGNRVSVMSY	AEVALAQVVAPGRVEAIKEALMAHGLGNRVSVMSD	1
TVLVLVNTIYFKGLWKSKFSPENTRKELFYKADGE	XXXXXXXXXSSKGLWKSKFSPENTMYQEGKFLPFK	1
SWMKEHGGSIVNIIVPTKAGFPLAVHSGAARAGVY	XXXXXXXXXXXXIIVPTKAGFPLAVHSGAARAGVY	1
TKKIKEKYIDQEELNKTKPIWTRNPDDITQEEYGE	XKKHSQFIGYPIELNKTKPIWTRNPDITEEYGEFY	1
KEQLSDMMMINKQKGGLKALSKEKREKLEAYQHLF	XXXXXXXXXINKQKGGLKALSKEKREKLEAYQYIS	1
IIRPQNVSWEVVAYDDPKIPLFNTDVDNLEGKTPP	YSDFAVVLRNIVAYDDPKIPLFNTPVFGKYRALKN	0
SASADKPLSNMKILTLGKLSRNKDEVKAMIEKLGG	XXXXXXXXXXXXILTLGKLSRNKDEVKAMILTGCI	1
PNTPDILEIEFKKGVPVKVTNVKDGTTHQTSLELF	XXVEWILEIEFKKGVPVKVTNVGTTHQTSLELFMY	1
NTEERKAALKTASDFITKMDYPKQTQVSVLPEGGE	GKGKIFVALKTASDFITKMDYPKQTQVXXXXXXXX	0
YIAWGYPNLKSVNELIYKRGYGKINKKRIALTDNA	XXXFNGTPLKSVNELIYKRGYGRIALTDNCMELIL	1
PYIWEYSRLNLNNTVLSKRKLTWFVNEGLVDGWDD	YLHIGHAKEKFINTVLSKRKLTWFVNEVGWDDRFP	1
GKHLVLKRQDLIDEWIAKEAKRSNSNKTMDPSCLK	LRYLHNLRQDLIDEWIAKEAKRSNSNKTMXXXXXX	0
KAGVKLEVANMQAELVAKPSVSVEFVTNMGIIIPD	XXKNDFFPGAKAGVLVAKPSVHESGLEAPPKRPVK	0
DSACQQNTVTSSGDLVAKLCDNIVSESESTTARQP	XXXXXXXGGEGSGDLVAKLCDNIKENASSSSTDDT	0
KDISAIEEAMSASLQQHKFQYIFEGLGHLISCILI	RCLLVLHEAMSASLQQHKFQYIFETXXXXXXXXXX	0
QGVLDTGKKLSDDNTIGKEEIQQRLAQFVEHWKEL	MDVLDTGKKLSDDNTIGKEEIQQRLAQFVXXXXXX	1
TSVLSRQQVLLRYQQLIKENLKEIAKLITLEQGKT	XXXXXXXVVLLRYQQLIKENLKEIAKAEGDVFRGL	1
RTRAVRNVRRHACSSIIKMCRDYPQLVLPNFDMLY	SALFPLVFLRHACSSIIKMCRDYPQLVLALMEALV	0
KTVLMVAEKPSLAQSIAKILSRGSLSSHKGLNGAC	XXXXXXXMAPSLAQSIAKILSRGSLSSHSVHEYTG	0
TAPDASGPQKRSPGDTAKDALFASQEKFFQELFDS	PSPAPPGPQKRSPGDTAKDALFASQEKFFQELFDP	1
DSDDLPLNVSRETLQQHKLLKVIRKKLVRKTLDMI	PVDSDDLPLNRETLQQHKLLKVIRKKLVXXXXXXX	1
YLVPAAMFRDPFRKDPNKLVLCEVFKYNRRPAETN	VELPAAMFRDPFRKDPNKLVLCYAGVIXXXXXXXX	1
REGKTDYYARKRLVIQDKNKYNTPKYRMIVRVTNR	XXXXXXYYARKRLVIQDKNKYNTPKYRMIAYARIE	1
FETSLNISKNVSQSQLQKFVDLARESAWILQQEDT	FFGNFAFDPLVSQSQLQKFVDLARESAPSKTXXXX	0
EQLPAEPKELISMIQVVKQKLPQKNSSEGNKHHKS	VMKVIVYQYLISMIQVVKQKLPQKSTPLLIFCLLN	0
SVTLLIKGPNKHTLTQIKDAVRDGLRAVKNAIDDG	KETTLLIKGNKHTLTQIKDAVRDGLRXXXXXXXXX	1
YDVSRLGRGKRSLVLDLKQPRGAAVLRRLCKRSDV	XXXLSGVDRPGSLVLDLKQPRGAAVLRREFRGVME	1
FTVTRSSLQSQCLNEVLKAERPDVDEKRSDLLKLQ	XXXXXXPAQSQCLNEVLKAERPDVDEKRSDVEVSQ	0
GLSREYKLVMLGAGGVGKSAMTMQFISHRFPEDHD	XXXXXXXXVMLGAGGVGKSAMTMQFFPHPTIEDIL	0
ITSGMWIWSAKTLHTWQKCSNRLVNSGKVKREKRG	SRFGMWIWSAKTLHTWQKCSNRLVNSGKVKRXXXX	0
QDGKITRQEFIDGILASKFPTTKLEMTAVADIFDR	VDFFRRIQEFIDGILASKFPTTKLEMTVAXXXXXX	0
DDALVRQDAQDLYEAGEKKWGTDEVKFLTVLCSRN	XXXXXRQDAQDLYEAGEKKWGTDEVKFLVVFDEYK	1
LKEIFFNILVPGAEEAQKERQRQKELESNYRRVWG	NKEIFFNILVPGAEEAQKERQRQKELESNXXXXXX	0
QTSKSSGLSSSLQPAGAKADALREEMEEAANRVEI	QTSKSSGLSSSLQPAGAKADALREEMEEAANRXXX	0
DFSAFMKHLKKLWKALDKDQYLPRKLCDSARNLEW	VQGYASLHLKKLWKALDKDQYLPRKLCXXXXXXXX	0
SEDLQEIKKELSKTGEEKYVEESKASKRLTKRVQQ	SEDLQEIKKELSKTGEEKYVEESKASKRLTKRVQQ	1
AVVTVPAYFNDSQRQATKDAGTIAGLNVLRIINEP	SSLNAVVTVFDSQRQATKDAGTIAGLNVLRIINGI	1
VSRGVPEDLAGLPEYLSKTSKYLTDSEYTEGSTGK	KPDPNRFDLAGLPEYLSKTSKYLDEYIDRDSGNXX	0
DCKEPKREREQCCYNCGKPGHLARDCDHADEQKCY	SSLPNKREREQCCYNCGKPGHLARDCDHADEQKCY	1
ALEARLGGSPFGPAGTGKTESVKALGHQLGRFVLV	LTDRCYMGSPFGPAGTGKTESVKALVCFDEFFITM	0
EKFKNGMLHGDKVSFFCKNKEKKCSYTEDAQCIDG	XXXXXXKATVVRVSFFCKNKEKKCSYTEDAVPKCF	1
MVFNEGEAQRLIEILSEKAGIIQDTWHKATQKGDP	MVFNEGEAQRLIEILSEKAGIIQDTAAKKLLNMXX	1
STSGNRPPANAETFSCNKIKDNDKEDGCFYFRDKV	ISKNINPARISMTFSCNKIKDNDKEDGCFYFRDKF	0
SYGGVGPATICAKNSCQKLIGRHWNEQMLDIACRL	FGIIRELCISCAKNSCQKLIGRHWNEQMLDIACRL	1
SASRQPEYRDMRDGFRRKSFYSSHYARERSPYKRD	XXXXQPEYRDMRDGFRRKSFYSSHYARERRKDSPH	1
TFIVGYARSRLTVADIRKQSEPFFKATPEEKLKLE	KKIYPWIGSRLTVADIRKQSEPFFKATKLEDFFAR	1
GGINVDVNQHPDGGPGGKALGSDCGGSSGSSSGSG	KPYNVDVNQHPDGGPGGKALGSDCGGSSGSSSPPS	0
KPLILQHENLETIVDFIKSTLPNLGLVQMEKTINQ	ALLHKLIHNLETIVDFIKSTLPNLXXXXXXXXXXX	0
KVKGGVDVTLPRVEGKVKVPEVDVRGPKVDVSAPD	EGTLTGDVTLPRVEGKVKVPEVDVRGPKVDVSAPK	1
ILDTGAAGRNSYLEVLLKLADKYKKKMWGWLWTEA	PPELLVVARNSYLEVLLKLADKYKKKMWGWLWFSE	0
QEQQNEGHGEALLFEGIKKKKQQKIKNILSNKTLR	XXXXFENEDFALLFEGIKKKKQQKAFFPPKPFGPV	0
GKSGTEREFRGLGDCLVKITKSDGIRGLYQGFSVS	LADGTEREFRGLGDCLVKITKSDGIRGLYQMMQSG	1
ESLVDFSKALGKHPVSCKDTPGFIVNRLLVPYLME	VEVIKTPMTSQFVPVSCKDTPGFIVNRLXXXXXXX	1
IIYDRKFLMECRNSPVTKTPPRDLPTIPGVTSPSS	VQLPPKFLMECRNSPVTKTPPRDLPTIGVTSPSSD	1
IDRQLTAYMKRVEDVLGKGWENHVEGQKLKQDGDS	IRQLITAYMKRVEDVLGKGWENHVEGQLKXXXXXX	1
MDLTGDLEALKKETIVLKEGSEYRVKIHFKVNRDI	XXXLVCESAPGPITIVLKEGSEYRVEEAPKGMLAR	1
VVRALPESLGQHALRSAKGEEVDVARAERQHQLYV	XXXXXXESLGQHALRSAKGEEVDVRAPDFASKRDG	1
NVKAHYQSFPPPVADFIKQECLNNIGDASSLIRAT	NIFTGLKVYFPPVADFIKQECLNNIIGILITTIAG	0
KEIFLRELISNASDALDKIRYESLTDPSKLDSGKE	XXXXXXXXXSNASDALDKIRYESLTDKLLDTGIGM	1
ENKDREDKRSALSCVISKTARLLSSEDRARLPEEL	LHLIAYYKRSALSCVISKTARLLSSDRLLRLVQKR	0
KENDHYQLQVQELTDLLKSKNEEDDPIMVAVNAKV	XXXXXXQLQVQELTDLLKSKNEEDDPIMVQRRSGH	0
TLNSDLKYNALDLTNNGKLRLEPLKLHVAGNLKGA	NLQLSLVTTLNSDTNNGKLRLEKLHVAGNLHIYAI	0
MNPKTANVPQTVPMRLRKLPDSFFKPPEPKSHSRQ	ALFAVANVPQTVPMRLRKLPDSFFKPPEPKTWLXX	1
ESERLARDKNASLQLLQKEKEKLTVLERRYHSLTG	XXXRLARDKNASLQLLQKEKEKLTVLERRYHSPFP	0
QAQCAIIMFDVTSRVTYKNVPNWHRDLVRVCENIP	DGGTGQIMFDVTSRVTYKNVPNWHRDLCGNRKVKA	1
EKLRAPIICVLGHVDTGKTKILDKLRHTHVQDGEA	XXXXXXXXCVLGHVDTGKTKILDKLVQITGIIDTP	0
VDSSLDHIICTEPDLIGKPAEESHLSLIASVTDKD	VNVVQLASICTEPDLIGKPAEESHLSLIDITSXXX	0
KKVLTSLGDAIKHLDDLKGTFAQLSELHCDKLHVD	XMGHFSLGDAIKHLDDLKGTFAQLSELHCPFKMVT	1
FLYGTATKHLTYNDFINKELILFSNSDNERSIPSL	RPEQFLYGTLTYNDFINKELILFSNSXXXXXXXXX	0
KETDTATLRASLAQFEQKWTMLITQLPDIQEKLHQ	SSLKTVILRASLAQFEQKWTMLITQLXXXXXXXXX	0
NWSAIARMVGSKTVSQCKNFYFNYKKRQNLDEILQ	NWSAIARMVGSKTVSQCKNFYFNYKKQLDLXXXXX	1
NGIQGIVEAYRSCLPQIKLYGPTNFSPIINHVARF	WQVSHEFMFYRSCLPQIKLYGPTXXXXXXXXXXXX	0
VEIIGSRQALKVLSGALKLDSKNALNIGMVEEVLQ	IRFVHKEQALKVLSGALKLDSKNALNIMVXXXXXX	1
LRLRQLEKSLLQALNEVKGRILDDDTIITTLENLK	LSLERLEKSLLQALNEVKGRILDDDTIITTLENLX	0
PDSLPISPDDGQHADIYKLRIRVRGNLEWAPPRPQ	LESLPISPDDGQHADIYKLRIRVRGNLEWAPPRKQ	0
NFFTRYDYEEVEAEGANKMMKDLEALMFDRSFVGK	XXXXXXXXXYVEAEGANKMMKDLEALMNNGLFRLS	1
TSKEEELKDIQNMNFLLKAEVQKLQALANEQAAAA	VRMEEELKDIQNMNFLLKAEVQKLQALANEQASFS	0
MRGRVNFDDYTVNLGGLKDHIKEIQRCRRLILIAC	XXXXXXXGRVTVNLGGLKDHIKEIQRCVLTVGIST	0
IRYFPTQALNFAFKDKYKQIFLGGVDKHTQFWRYF	XXXXXXXQLNFAFKDKYKQIFLGGVDKQFWRYFAG	1
FGGRSSGPYGGGGQYFAKPRNQGGYGGSSSSSSYG	FGGRSSGPYGGGGQYFAKPRNQGGYGGSSSSSSXX	1
NETLKLLLSSSEWVQSEKLVRALQTPLMRLCAWYL	GGPITLLLLSSEWVQSEKLVRALQTPLMWMVICGX	0
PVGFMKNAISIAEDEEWKRIRSLLSPTFTSGKLKE	VFTNRKNAISIAEDEEWKRIRSLLSPETHKALEQG	1
VSYTGSRSASNMAIVDVKMVSGFIPLKPTVKMLER	XXXSVIEEGLVILIVDVKMVSGFIPEVSSNHVLIV	0
QWDNTLHLASTYLSHQEKLLLEGEKYLQSKEDLRL	EERIQIKLASTYLSHQEKLLLEGEKYLQQGYLLEC	0
LLTIPPAEAEGVPLVVDKDVFSVETPKKEHQPLRN	DRLDRPAEAEGVPLVVDKDVFSVETPKKEHQPLRN	0
SRPSLILDTVLFQIDEHKVFANEVNSHREQIIELD	ETLASRPDTVLFQIDEHKVFANEVNSHRVVQRLVE	0
AKRMKALVEQGFTVPEIKTILGTMPAFEVSLQALQ	XXXXXXXXXXXXTVPEIKTILGTMPAFEVFQTPDF	0
IAEEEETVFPKAKQVKKKAEPSEVDMNSPKSKKAK	XXXXXETVFPKAKQVKKKAEPSEVDMNSPKSKKLE	1
AVKNLYPSYKNYTSVYDKNNLLTNKTVMAHGCYLS	AKIIVYPSYKNYTSVYDKNNLLTNTEVFERAXXXX	1
PSRHSAGELQQMMVECSKYHGQLTKEAAMGQGFDR	ASVYTKRCLQQMMVECSKYHGQLTKEAXXXXXXXX	1
AENKAESEEMETSQAGSKDKKMDQPPQAKKAKVKT	VSVLTFYEEMETSQAGSKDKKMDQPPQAKXXXXXX	1
QDLDTIRSNINNFFEFSKEVDEKSSLKTAVISIGN	SVLDTIRSNINNFFEFSKEVDEXXXXXXXXXXXXX	0
RAMSAEERLRQSRVLSQKVIAHSEYQKSKRISIFL	XXXXXXXXLRQSRVLSQKVIAHSEYQKIETEEIIK	1
KNTQIQVLPEGGETPIFKQFFKDWRDKDQSDGFGK	QIFVWQVLPEGGETPIFKQFFKDWRDKQXXXXXXX	0
KYALNYLELFHTSIEQEKERNSEDAVMTAVRAWEF	EQRLNYLELFHTSIEQEKERNSEDAVMTAVRALTG	0
QLECKAAGNPVPVITWYKDNRLLSGSTSMTFLNRG	XXXXXXMLEQLECITWYKDNRLLSGSMTFIIDIQI	0
LRRELDESLQVAERLTRKYNELLKSYQWKMLNTSS	TLHPPTEFLQVAERLTRKYNELLKSYXXXXXXXXX	1
LMKSESMPVQLNKGLSSKNISSSPSVESLPGGREF	XXXXXXMPVQLNKGLSSKNISSSPSVESELEAQIS	1
KNAQLQSLELAHADQLTKEKIEELNKTREEQIQKK	XXXXXXXXLLAHADQLTKEKIEELNKTREEQIDNM	0
LVWRNNERLQEFVLVASKELECAEDPGSAGEAARA	EGYARYSVSVFWVLVASKELECAXXXXXXXXXXXX	0
SPKSSALQWLTPEQTSGKEHPYLFSQCQAIHCRAI	XXXXXFTQWLTPEQTSGKEHPYLFPELVVGALESE	0
SEFTAAFVGRLVSTLISKAGRELGENLDQILRAIL	EQVAGLVMGRLVSTLISKAGRELGNLVHLHTQDAK	0
NVEKALHQLYYDPNIENKNLAQKWLMQAQVSPQAW	NVEKALHQLYYDPNIENKNLAQKWLMQAQEIYFGS	0
AKDEVAARMNEVISLWKKLLEATELKGIKLREANQ	SANQSRIDMNEVISLWKKLLEATELKXXXXXXXXX	1
TGPLSSCHKLVDPQGPLKDCIFDLCLGGGNLSILC	KKYQKFCGLLSDPQGPLKDCIFDLCLILNIYXXXX	0
YQSEVLAERLPLTPVSLKVSTNSTRQSLHLQWTVH	XXXXXXXXXXXXTPVSLKVSTNSLHLQWTVHFIQI	0
KLKDAIEEKIIIAEVVNKINRANGKSTSRIFLLTN	XXXXXXXXXXXXXEVVNKINRANGKSTSRIFLLLA	0
HFRQGIPFFGQVRLVDGKGVPIPNKVIFIRGNEAN	KSEITRTITKLSRLVDGKGVPIPHGEEHEFYESXX	1
STEERDDMIHQLPLLTEKQYIATIHSRLQDSQLWK	LGKETLCFIHQLPLLTEKQYIATIHSRWALISLDV	0
AQDEGLLSDVVPFKVPGKDTVTKDNGIRPSSLEQM	DLARAAGLSDVPFKVPGKDTVTKDNTDGAXXXXXX	1
IQLQLATQFENWYKKYQKPIIQSEYGAETIAGFHQ	YVDVICLQFENWYKKYQKPIIQKRKYVVGXXXXXX	0
AVTLDGGFIYEAGLAPYKLRPVAAEVYGTERQPRT	AENDAVLFIYEAGLAPYKLRPVVVARSVNGPRIDS	0
LDRNNPSKPLHVIKGHSKSIQCLTVHKNGGKSYIY	LPQVETNGKCSGYKGHSKSIQCSGSHDGHINNQVH	1
NFERVLGKITLVSAAPGKVICEMKVEEEHTNAIGT	XXXXXXTMTLLVSAAPGKVICVNISTMALLCTERG	1
PVKKQKTGETSRALSSSKQSSSSRDDNMFQIGKMR	XXXXXXXGETSRALSSSKQSSSSRDDNMFQIGKMR	1
IWGGEPRAHAMAQVDAWKQLQTFFHKHLGGHEGTI	FLIYIEPPYAMAQVDAWKQLQTFFHKHEGTXXXXX	1
ASDVAGAEALLDRHQEHKGEIDAHEDSFKSADESG	EMKALINDALLDRHQEHKGEIDAHEDFRAALLELW	1
LGPVPEIGGSEAPAPQNKDQKAVDPEDDFQREMSF	LGPVPEIGGSEAPAPQNKDQKAVDPEDDFQREMSF	0
NKSHPISAKLDVLESLIKDHKDFSKTLTAQSHMYE	NKSHPISAKLDVLESLIKDHKDFSKTLTVKERENK	0
RDKVSSKNSLESYAFNMKATVEDEKLQGKINDEDK	XXXXXXXXSLESYAFNMKATVEDEKLQINDEDKQK	1
KCSGQRGDRGPIGSIGPKGIPGEDGYRGYPGDEGG	XXXXXXXXRGPIGSIGPKGIPGEDGYREGGPGERG	0
ANTLRDAAPKMYKEEGLKAFYKGVAPLWMRQIPYT	RIYLRDAAPKMYKEEGLKAFYKGVAPLWXXXXXXX	1
ALKVDVANSLPELLEQQKTYKMLEAEVSINQTIAD	SPDIEHAVALPELLEQQKTYKMLEAEVRRKGDVDV	0
YRVTTEQYQKAAEEVEAKFKRYESHPVCADLQAKI	YRVTTEQYQKAAEEVEAKFKRYESHPVCADVHAKQ	1
GLVWGASKLVPVGYGIRKLQIQCVVEDDKVGTDLL	AQLEVASKLVPVGYGIRKLQIQIEHVQSVDIAXXX	1
DAVAARVQTAVTMGKVTKSMAGVVKSMDATLKTMN	MEKHLRVQTAVTMGKVTKSMAGVVKSMDATFQFET	1
AGAARIIGVDVNKEKFKKAQELGATECLNPQDLKK	LSVVMKIIGVDNKEKFKKAQELGATECLNLDPLIT	1
ALNKNWRYIVPMLTVDGKRVPRDAGHPLYPFNDPY	RDPDEWRYIVPMLTVDGKRVPRDAGHYFNXXXXXX	1
VSITEHPKINEWLTLVEKEMRVTLAKLLAESVTEV	VMFKTPVSHNEWLTLVEKEMRVTLAKDVLQGFEYV	0
DESTPVQTRQHLNPPGGKTSDIFGSPVTATSRLAH	XXXXGVQTRQHLNPPGGKTSDIFGSPVTATSRLAH	1
HGQARHMGPSRNLLLNGKSYPTKVRLIRGGSLPPV	KVAPVINGPSRNLLLNGKSYPTKVRLKRRRMNWID	1
YLSYMNGTKALAIEEFCKSLGHACIRFDYSGVGSS	GKSPGIIFKALAIEEFCKSLGHACIRVYIDIXXXX	1
STDGTYVWKIFSQETLTKAQILKLFLSYDYAVKKP	ILFINIVWKIFSQETLTKAQILKLFLSYDYAVKKP	1
GGHGPGGGKKDDKDKKKKYEPPVPTRVGKKKKKTK	GGHGPGGGKKDDKDKKKKYEPPVPTRVGKKKKKTK	1
ESYDKIRAAGGHLCQQPKDIECQAESFPNWTLAQV	CQWTEWFESYGHLCQQPKDIECHCDVHFGLIRVLC	0
RFIMESGAKGCEVVVSGKLRGQRAKSMKFVDGLMI	KLLGGLAVRRACVVVSGKLRGQRAKSMKFVRHVLL	1
SGLEKEAIELREAVEQQKVKNNDLREKNWKAMEAL	SGLEKEAIELREAVEQQKVKNNDLREKNWKAMEAL	1
DVTSPEPLPTNHPLLTLKNCVILPHIGSATHRTRN	ALASGIAAAGLHPLLTLKNCVILXXXXXXXXXXXX	0
ICFQEAWTMPFAFCTREKLPWTEFAESAEDGPTTR	XXXANPVAMPFAFCTREKLPWTEFAELERDVLWND	1
STEVGKHIMKSCAISNVKKVSLELGGKSPLIIFAD	VRKIGFHIMKSCAISNVKKVSLGEYLRXXXXXXXX	1
DANPLDSIDLSSAVFDCKADAEEGIFEIKTPSRVI	XXXXXXLSKFGWAVFDCKADAEEGIFEIKTRVITL	0
RKSQLARIQTDSVVATLKASYPGLQFEIIAMSTTG	MRVIRVGIQTDSVVATLKASYPGLQFEIDLVVACV	0
LKMQNQRGGRALFQDIKKPAEDEWGKTPDAMKAAM	LSLGFYFRLAKRFQDIKKPAEDEWAAAALEKLXXX	1
VVAPTSEPSSPLHTQLLKDPEPAFQRSASTAGDIA	TMNSALNELEPLHTQLLKDPEPAFQRXXXXXXXXX	0
NGVIVKINNQLTLDSNTKYFHKLNIPKLDFSSQAD	VASLTLELSNGVIDSNTKYFHKQADLRNEISSGKG	0
EIHSLIEKSRRLIIVLSKSYMSNEVRYELESGLHE	KECRPENGEEHFAIVLSKSYMSNEVRLIEFTPVTD	1
KKSAQWRTVEGALKERRKAVDEAADALLKAKEELE	QAVNAHSTVEGALKERRKAVDEAADALLKVVQAQA	1
FRDDKCANLFEALVGTLKAAKRRKIVTYPGELLLQ	EVNLLVFLFFEALVGTLKAAKRRKIVTYPGELLLH	0
GTETTSTTLRYALLLLLKHPEVTAKVQEEIERVIG	XXXXXXXXXRYALLLLLKHPEVTAKVEVYIMFDPN	1
IVEMLFTQPNIELNQQNKLGDTALHAAAWKGYADI	AGSTALYWACHELNQQNKLGDTALHAAWLRNIEKK	0
LVAAICYFRRLHLYSGHKLKWWIGYLQRKFKRNLS	XVAAICYFRRLHLYSGHKLKWWIGYLQRKFKRNLE	0
QNSTEDTWYKMVKIQTVKQVQRNDDFIELDYTILL	EAQNIEMLVLLAKIQTVKQVQRFIELDYTIWQMQV	1
TDAPKKIVAAKYEVIHSKTKVNVKSVKRNTDVPES	XXXXXXXXXAKYEVIHSKTKVNVKSKQRNKPTKQE	1
QCMNVALRPGHDLLLAVKQQQQRFSDLRELFARRL	QCMNVALRPGHDLLLAVKQQQQRFSDLRELXXXXX	0
YANMCRCLMALKVPTTEKPTVTVNFRKLLLNRCQK	RLKGVIDLMALKVPTTEKPTVTVNFRKLLLNRXXX	0
CTIRNTPSEPIHCIVWAKYLFNQLFGEEDADQEVS	XXXXXXXXXIIHCIVWAKYLFNQLFGEEDDQEVLI	0
RLTNILDGGAQNTALRRKVESIIHSYPEFSCKDNY	XXPVHRVNDAQNTALRRKVESIIHSYIIALGWGRE	1
LQEKNHTLQEQVTQLTEKLKNQSESHKQAQENLHD	KNIKNHTLQEQVTQLTEKLKNQSESHKQAQENXXX	0
HWWMKGSTPTQISEIIIKLIKDMAAGHLSEAWSRV	MFLGCIAAPTQISEIIIKLIKDMAAGHLWSTKIXX	0
QLECKAAGNPVPVITWYKDNRLLSGSTSMTFLNRG	XXXXXXXMLQLECITWYKDNRLLSGSMTFIIDIAQ	0
SYLTVCLKLHEAICSSTKLLKFYELPALSAEIVCR	QVLNTQDVVHEAICSSTKLLKFYELPAATKRWLRE	0
LASDDYGKDLTNVQNLQKKHALLEADVAAHQDRID	LASDDYGKDLTNVQNLQKKHALLEADVMVARKQKL	1
SHEEDLAKVIELQEIISKQSREQSQMKERLASLSS	SHEEDLAKVIELQEIISKQSREQSQMKERLASLSX	0
KTGIQVLLKEYSFDSRHKPAFTEEDVLNIFPVVKH	HLTPVDKLKEYSFDSRHKPAFTEEDVXXXXXXXXX	0
DQGPNVCALQQILGTKKKYFSTCKNWYKKSICGQK	XXXXLSCALQQILGTKKKYFSTNWKSICQKTTVLY	1
FFIQDTYTQKLSVPDGFKVSNSSARGWVIHPLGLR	QMGVSELLISASVPDGFKVSNSSARGWVIFGMGLS	0
KLVASVSESGLQAQHGVKIHCRLSGGLPGHSHCCA	PGGTSVSESGLQAQHGVKIHCRLSGGLPGSCRPSC	0
ANQLQQLQSQLAHQTEQKECRAVAGVIDLGTVEIF	IEKAIQLQSQLAHQTEQKECRAVAGVLLESQVIMS	0
EQNVTRPAAQPSFHQAQKTHYPAQQGEYQTHQPVY	HQNVTRPAAQPSFHQAQKTHYPAQQGEYQTXXXXX	0
DDQQKVKKTAEAGGVTGKGQDGIGSKAEKTLGDFA	VGHDKVKKTAEAGGVTGKGQDGIGSKAEKTLGQKX	1
IEPIDEYCVQQLKEFEGKTLVSVTKEGLELPEDEE	HIYYLEVIVQQLKEFEGKTLVSVLELPXXXXXXXX	1
IPEGTNGTEERMSVIWDKAVVTGKMDENQFVAVTS	PDFLNSLLSERMSVIWDKAVVTGKMDEFPFMECRG	1
KHIIGLVPASISEPPPFKCLLINKVDGSCKTFNDS	TSEIGLVPASISEPPPFKCLLICKTFNDSEQEDLQ	0
NYHLLMSVQESLERKFGKHGGTIPIVPTAEFQDRI	NYHLLMSVQESLERKFGKHGGTIPIVPTAEFQDRI	1
PDGGFRLFSKGASEILLKKCTNILNSNGELRGFRP	XXXXXRKSSKGASEILLKKCTNIGFRPRDRDDMVR	0
IAEAWARLDHKFDLMYAKRAFVHWYVGEGMEEGEF	YNSILARLDHKFDLMYAKRAFVHWYVGMEEGEFSE	1
PSTLRKHTRLAGEERVFKEENQKGDKKLRCDSADL	SRSRSKHTRLAGEERVFKEENQKGDKKLRCDHKDY	1
PVKFARLWTEIPTAITIKDYDSNLNASRDDKKNKF	XXXXXXXXXEIPTAITIKDYDSNLNARDGFYSFSE	0
VLDGRGHLLGRLAAIVAKQVLLGRKVVVVRCEGIN	XXXXXXLLLGRLAAIVAKQVLLGRKVVVFWTVRGM	1
GRILALARNKSLNLKHIKHFILDECDKMLEQLDMR	EPVQVSVLVHIVNLKHIKHFIFMTPHEKQVMMXXX	1
AYYCRLYAMQTGMKIDSKTPECRKFLSKLMDQLEA	SIQLRLYAMQTGMKIDSKTPECRKFLSKLMDQLAG	1
SMDESNTTKYAGQEVVFKCLGEGILEKAFQGYNAC	VAVRDYCFWYAGQEVVFKCLGEGILEKISMQLGLI	0
YPEEMIVALREALSTTFKTQKQLKENLNKQPNKQW	VERFKIVALREALSTTFKTQKQLKENLNNPKAXXX	1
KAYLKKISMQCFDFTDSKGEPLHIINSSNVTDEPL	XXXXLHESMQCFDFTDSKGEPLHIINSSDLVLHLE	0
SVTLRVTGESHIGGVLLKIVEQINRKQDWSDHAIW	VSVTLRVTESHIGGVLLKIVEQINRKWSHAITTLL	0
VNTDIYSKEKTISVSSSKSGPVIAKREVKKEVNEG	RPEPKEAAEKTISVSSSKSGPVIAKRESRSSSKTG	1
LDPNRYGKWTTTQYTEAKARESYGFNNIVGYPKEE	DYSPDILYWTTTQYTEAKARESYGFNERFAGRPTF	0
ASSLPADDLCTENAIMLKRFNRYPLIIDPSGQATE	TLSNERRWLCTENAIMLKRFNRYPLIAFIEYPSFV	0
DVKDGKYSQVLANGLDNKLREDLERLKKIRAHRGL	DVKDGKYSQVLANGLDNKLREDLERLKKIRGHFXX	1
PDAVARASRLASELQALKQKLATVQSRLKASAVES	LAVTERTGRLASELQALKQKLATVQSRXXXXXXXX	0
NANAIKAECSIRLPKAAKTPLKIHPLVRLPLATIV	NANAIKAECSIRLPKAAKTPLKIHPLVXXXXXXXX	1
RQCLPDQLKDTTFAQVLKDDTTTKRWLAQLVKNLQ	HVVRLDQLKDTTFAQVLKDDTTTKRWLAQLVXXXX	0
EKARGTRLDGLDLVDTWKSFKPRYKHSHFIWNRTE	IRDIDVIRMYLDLVDTWKSFKPRYKHSHFIWVDYL	0
YSLRKVAVEKFNAENYWKKKGLAMVPLKFPVGLGS	ESALEDLVEKFNAENYWKKKGVEIDCLTGDHKIAV	1
CQTVLSPTASEPDTTLTKTSPKNSLKGDKDPGEES	XXXXXXPTASEPDTTLTKTSPKNSLPQARRQPGSR	0
DYVVTGAWSAKAAEEAKKFGTINIVHPKLGSYTKI	IGGRCADYSAKAAEEAKKFGTINIASYALRECPLX	1
PFKIDRTEFIPSTDPFQKALREEEKRRKKEEKRKE	IVHYYRTEFIPSTDPFQKALREEEKRRKKEXXXXX	0
LDMLFPKFLKGLQDAGWKTEKHQLEVDEWRATWLL	GPKTILRFLKGLQDAGWKTEKHQLXXXXXXXXXXX	0
KTKVAKVSQGVEDGPDTKRAKLDSSETTMVKKKVV	KTKVAKVSQGVEDGPDTKRAKLDSSETTMVKRDXX	1
RDSNYHLLMSVQESLERKFGKHGGTIPIVPTAEFQ	RDSNYHLLMSVQESLERKFGKHGGTIPIVPTAEFQ	1
AYQTGKGISTNYHASRKKTFEINPRHPLIRDMLRR	ASQYGWSGNMEYHASRKKTFEIXXXXXXXXXXXXX	1
HEYVAEVEKHSSQTDAAKGFGGKYGVERDRADKSA	XXYVAEVEKHSSQTDAAKGFGGKYGVERDRADKSA	1
GYDVVAQTADGVDADLWKDGLFKSKVTRYLCFTRS	XXXXXXXXVVAADADLWKDGLFKSKVTRYLLDIEV	0
AARIIAVDINKDKFAKAKELGATECINPQDYKKPI	KAARIIAVDNKDKFAKAKELGATECINALXXXXXX	1
QSTMETEKTPQGLSNLAKTIGQVLARMHDEDLIHG	XXXXXXXVIPQGLSNLAKTIGQVLARMTMLEQLNI	0
KQYSHPNIVRLIGVCTQKQPIYIVMELVQGGDFLT	KVLNHEDLSCREGVCTQKQPIYIVXXXXXXXXXXX	0
QIAMMQQRIDRLALLNEKQAASPLEPKELEELRDK	XXAMMQQRIDRLALLNEKQAASPLEPKELEELRDK	0
GIKQAAENIKALIDQEVKNGIPSNRIILGGFSQGG	HIKYIPENIKALIDQEVKNGIPSNRIILTQQKLAX	1
LTNFREDPIRAGEIVVFKVEGRDIPIVHRVIKVHE	XXXXXXSESPVLNIVVFKVEGRDIPIVHRFLTKDR	0
KKGRSPDELPSAGGDGGKSKKFTLKRLMADELERF	XXXXXXXXLPSAGGDGGKSKKFTLKRLMADEKENE	1
QVAQASHSYRVYYNAGPKDEDQDYIVDHSIAIYLL	RDDAMSTKVAVYYNAGPKDEDQDYIVDHSIXXXXX	0
ERSGIPIVTSPYQIHFTKTPKYFKPGMPFDLMVFV	XXXXXXXXXXXXXIHFTKTPKYFDLMVFVTPTDGV	1
VRVLVVPAENYDYQILHKKSMDKSLEFITNCGKNS	VRVLVVPAENYDYQILHKKSMDKSLEFIFCKNSAR	0
NLRAVGWNELEGRDAIFKQFHFKDFNRAFGFMTRV	XXLNLRAVGWNELEAIFKQFHFMVPEWFNKVHITL	1
LQLNQETEAIKEELLYFKANGGGALVENTTTGISR	KLGRTLELAIKEELLYFKANGGGALVLAEETGVHI	0
DHLSSQAGGLPPQDTPIKKPPKHHRGTQTKAEGPT	CERRIQAGGLPPQDTPIKKPPKHHRGTQTKXXXXX	0
KLTREIFAQEALAPFRGKELQPGSHIQSDKEIDAF	QVVTREIFAQELAPFRGKELQPGSHIQXXXXXXXX	1
LSPEINTLDDIRKLDRFKEPPAYGPMCDILWSDPL	DACMDAFDCLPLKLDRFKEPPAYGPMCILXXXXXX	0
DAMYVKLISSDGHEFIVKREHALTSGTIKAMLSGP	GCEGPDAMYVKLIEFIVKREHALTSIKLNEVSVCM	1
MIHMLYFDFWFQIYDLKKWDQFYSEVLGRPTTLFE	SNKLCKDNPCLQIYDLKKWDQFYSEVLGRPTTLFE	1
DQLQAWESEGLFQISQNKVAVLLLAGGQGTRLGVA	XXXXXXXXEGLFQISQNKVAVLQANKCIIPWDMEQ	0
IEDVLPFFPDFVTIDHFKEAICSSLKAYNHHIQEL	IEDVLPFFPDFVTIDHFKEAICSSLKAYNXXXXXX	0
GLLDKHGKPTDSTPATWKQEYVDYSESAKKEVVAE	GLLDKHGKPTDSTPATWKQEYVDYSESAKKXXXXX	0
EWRLKLPSIPLVPVSAQKRWNSLPSENHKEMAKSK	VLQIDDNVAPLVPVSAQKRWNSLPSEXXXXXXXXX	0
NPPAEVTTKSQIPLSKIKTLFPLIEAKKKDQVTAQ	MSPAEVTTKSQIPLSKIKTLFPLIEAKXXXXXXXX	1
TRTFNTSTGGLLLPSDTKRSQIYGSRQIILEKEET	TRTFNTSTGGLLLPSDTKRSQIYSRQIILEKEETE	1
KTEGAEKKQQMAREYREKIETELRDICNDVLSLLE	VVSSIEQKQQMAREYREKIETELRDICNYLAEVAA	1
NDRFEFPEQLPLDEFLQKTDPKDPANYILHAVLVH	AGVKFLTLPPPLDEFLQKTDPKDPANYRSXXXXXX	0
FFAENGDRFISLNIEDGKLMVRYKLNSELPKERGV	XIQTTVDRGLLLNIEDGKLMVRERGVGDAINNGHS	0
ENLRLKQQSELQSQVRYKEEFEKNKGKGFSVVADT	ENLRLKQQSELQSQVRYKEEFEKNKGKGFSVVIPT	1
EAKDSKVTYADTLNHLEKSLAHLETLSHSFILSLK	RKEMTRAIVADTLNHLEKSLAHLETLDLSRSEKLV	0
EAEKKKVMSQEIQEQLHKQQEVIADKQMSVKEDLD	XXXXXKVMSQEIQEQLHKQQEVIADKQMSLNELQK	0
APAAVRAGPDEDLSHRNKEPPAPAQQLQPQPVAVQ	XXXXXXXGPDEDLSHRNKEPPAPAQQLIRMLREGL	0
DLHYENFRSERLKRGGRKVENEDMNKDQILLEKEA	ESGYENFRSERLKRGGRKVENEDMNKDQILLEXXX	1
CGAASLELSRPHGDTAKKPIIGILMQKCRNKVMKN	XXXXXXXXXXXXGDTAKKPIIGLESAGARVVKSIN	1
KDDIQALDIFLANLPEAKCSEEVSPMQLIKQNIFG	VLRFQALDIFLANLPEAKCSEEVSXXXXXXXXXXX	0
SQRRKKALEISHQWYQYKRQADDLLKCLDDIEKKL	XXXXXKEEFISHQWYQYKRQADDLLKELAVRRQAE	0
FEVIVEPTEKFYYIYNEKGLEVTITARFLYGKKVE	XXXXXEPTEKFYYIYNEKGLEVTFESKEVVLSRKV	0
LQRIATRGVVQLFNAVQKHQKNVDEKVKEAGSSMR	XXXXXXRGVVQLFNAVQKHQKNVDEKVKELISTVS	1
WIASGQTLLQASQQDLEKELGIKHSLHRKKLQLAL	WIASGQTLLQASQQDLEKELGIKHSLHRKKLQLXX	0
EVQKQVLDLLKYLVIDNKDNENLYITIKLLDPFPD	TKDLELVDLLKYLVIDNKDNENLYITIKLLDLRIT	0
VVLGKDASGQPIFNASAKHWTNFVITENANDAIGI	XXXXEDLVVLGIFNASAKHWTNFVITLNNSASFNK	0
DNTDPHAWVVQGPGGETKRAPAACFCIPAPDPDAV	VDNTDHAWVVQGPGGETKRAPAACFXXXXXXXXXX	0
AETATKPQATSAPSPAPKQSFLFGTQNTSPSSPAA	RRPPAKPQATSAPSPAPKQSFLFGTQNTSSSLPTT	0
TDCLSLPSFENAIPMGEKKDVYKAGEQVTYTCATY	XDCLSLPSFENAIPMGEKKDVYKAGEQVTYTCASN	0
YTKIFINNEWHDSVSGKKFPVFNPATEEELCQVEE	XXXXYTKIFWHDSVSGKKFPVFELCQVEEGDKEDP	1
QTDSNSWDEHVFELVLPKACMVGHVDFKFVLNSNI	XXELTPRFSAQHELVLPKACMVGVKNKAPGGMAGG	0
EAALELEELKKKREERRKVLEEEEQRRKQEEADRK	KAALELEELKKKREERRKVLEEEEQRRKQEEADRX	1
VEKPARAAEREARALLEKNRSYRLLEDSEESSEET	VEKPARAAEREARALLEKNRSYRLLEDSEEEDAAE	1
VAKVSQGVEDGPDTKRAKLDSSETTMVKKKVVFCP	VAKVSQGVEDGPDTKRAKLDSSETTMVKRDXXXXX	1
PESVSGKDNLPFLNSVLKNPVCKLYRFPTSDNKWM	XXXPNEPSELPFLNSVLKNPVCQMSESILSFHTGS	0
LDPVTGKRLQTVKLPVDKTTSCCFGGKNYSEMYVT	IPDGACYNGGRVKLPVDKTTSVTCARDGMGLQEAG	1
KAGNLGGGVVTIERSKSKITVTSEVPFSKRYLKYL	GMDAANFEQLTIERSKSKITVTLTVVANESYELRX	1
TRGAYRDCLGRLDLQYAKLLNSSKARLRSLESLHS	SIEEFRICLGRLDLQYAKLLNSSKARLRXXXXXXX	0
VADAGAFLRHAALQDIGKNIYTIREVVTEIRDKAT	MAPVEHVVAAAALQDIGKNIYTLPYELRFKTLEFV	0
LGEWVGLCKIDREGKPRKVVGCSCVVVKDYGKESQ	LGEWVGLCKIDREGKPRKVVGCSCVXXXXXXXXXX	1
DPTGMDPDDIWQLSSSLKRFDDKYTLKLTFISGRT	SLDTSYKEKSIFLSSSLKRFDDKYTLKEFTKSIAK	0
PPPPCPSQTGSPPVGLIKGEDKDEGPVAEQVKKST	APPPCPSQTGSPPVGLIKGEDKDEGPVAEQVKKST	0
SGGYSSGKQGRSDSSSKKDVIELTDDSFDKNVLDS	XXXXXSGKQGRSDSSSKKDVIELMVELEPEWAAAA	1
EEEEEEKVSQPEVGAAIKIIRQLMEKFNLDLSTVT	EEAVKKMLSQPEVGAAIKIIRQLMEKFNLDLVTFG	0
DNHASDDFFRKLRDIARKHGCAFLVDEVQTGGGCT	RTVAGIIFFRKLRDIARKHGCAFLLDPADXXXXXX	1
GWDFLYSKYQFSLSSTEKSQIEFALCRTQNKEKLQ	TLFALYSKYQFSLSSTEKSQIEFALCSKIKQEQIX	0
ATAKNLLHSLQSSGIGSKAGVPSKSSGSAALLALT	XXXXXXXXHLQSSGIGSKAGVPSSGAKVEVQCLLL	0
KKLADSDQASKVQQQKLKAVQAQGGESQQEAQRLQ	KKLADSDQASKVQQQKLKAVQAQGGESQQEARLTS	1
PGFYLYDLGSTHGTFLNKTRIPPRTYCRVHVGHVV	LKGGVAYLYDSHGTFLNKTRIPPCRVHVGHVVRFG	0
PTFKEWIQNTLGVNVEHKTTSKASLNPSDTPPSVV	FIFNGQIKIQLGVNVEHKTTSKAFREIRDLALEYY	0
NAKEEVRRILGLLDAYLKTRTFLVGERVTLADITV	XXQVWVRRILGLLDAYLKTRTFLVGERVTADVVRQ	1
GSIEVYEDAGSHYLCLLKARTRDSGTYSCTASNAQ	ENQTVKFQEGSIELCLLKARTRDSLQVERLFKDQS	0
QQNYQQASSFPPHEELLKVISEREKEISGLWNELD	KSVEELASSFPPHEELLKVISEREKEISGLWNEXX	0
VQAGACEGKLELSVDGAKQYRNGESVKLHLETDSL	XXXXXXXIYGKLSVDGAKQYRNGESVKLHATTLWL	1
TTYKTGDYWRLLVPGTYKITASARGYNPVTKNVTV	VAEINHPVWRLLVPGTYKITASPVTKNVTVKIQVN	0
WCFGPDGTGPNILTDITKGVQYLNEIKDSVVAGFQ	MKWDVAEARKIWLTDITKGVQYLNEIKVFDVHDVT	0
VQQLHGKNLVFSDGYVVKETIGVGSYSECKRCVHK	XXXXXXXXXVFSDGYVVKETIGVSECKRCVHKATN	0
QQLKIDIEKGKLSDNILKLEKQINKEKKLIRRGRT	XXXXXXXXKGKLSDNILKLEKQINKEKKEHEACFS	0
DMVSLLLGRNANVNLSNKSGLTPLHLAAQEDRVNV	AVTRQGIASVHLNNLSNKSGLTPLHLAQTKMGYTP	0
KLKGPKFKMPEMNIKVPKISMPDVDLHLKGPNVKG	DVTGKLGKMPEMNIKVPKISMPDVDLHLKVGEYDV	1
MRRKDSAIQQQVANLQMKIVQEDRAVESRTTDLLT	ASTSDAVTIQQVANLQMKIVQEDRAVEKDDREKCA	0
PSILPEGSSDSRGPAVEKHPGPSDTVVFREKKPKE	KWRYSSVTSDSRGPAVEKHPGPSDTVVFXXXXXXX	1
QMLEKVCVETVESGAMTKDLAGCIHGLSNVKLNEH	SLGLHPTSTNPIVGAMTKDLAGCIHGLSNVKLNEH	1
VLCSRNRNHLLHVFDEYKRISQKDIEQSIKSETSG	YEAGEKFLHLLHVFDEYKRISQKDIEQSIKSELVK	1
CALTLEAGEKLLLTTDLKTKESVGRRISQLQDSWK	QFTVLEAGEKLLLTTDLKTKESVGRRISQLXXXXX	0
FIPGQSLKRRQKTYNKEKLCDFTDGRDAFMQSSEL	FSEVCKETRRQKTYNKEKLCDFTDGRDAFMPEEGE	1
MGKSPLSQGDSSAPSLPKQAASTSGPTPAASQALN	XLRGGSGSSDSSAPSLPKQAASTSGPGPGICASQL	0
TTVGTLSQRITNQVHGLKGLNSKLLDIRSYLEKVA	LPTETLSQRITNQVHGLKGLNSKLLDIRSYLLVFL	1
RLTAKQVLQHPWVTQKDKLPQSQLSHQDLQLVKGA	TAKDLVVLQHPWVTQKDKLPQSQLXXXXXXXXXXX	0
ATYIRKKGGKVTGDSQPKEQGQGDLKKKKKKKKGK	ATYIRKKGGKVTGDSQPKEQGQGDLKKKKKKKKXX	1
NPSQPPSDLGYTWNIPVKWTEDNITSSVLFNRSEK	XXXMLEDWIKLKINIPVKWTENITSSVLFITLNSL	0
HQKSSNNVRISMINNPAKEISYENTQISRAIWAAL	XXVGDFDSPSGRINNPAKEISYENTQISRAMFILS	0
KLSVISVEDPPQRTAGVKVETTEDLVAKLKEIGRI	PVVIDDVEDPPQRTAGVKVETTEDLVAKLKEIGRI	1
HSFDGIWKASFTTFTVTKYWFYRLLSALFGIPMAL	DVIAEIWKASFTTFTVTKYWFYRLLSALFGXXXXX	0
PASEKHGSWGSGLDMHTKPWVRARARKEYWENLRI	EASEKHGSWGSGLDMHTKPWVRARARKEYWENLRI	1
VDCEDRRYCFQITSFDGKKSSILQAESKKDHEEWI	DNCSVMAVCFQITSFDGKKSSILINSHNXXXXXXX	0
GVAGAHGLLCLLSDHVDKRILDAAGANLKVISTMS	XXAKLERGVAGLCDHVDKRILDAAGANLKVIIDHL	1
HYFSKMKALAVEGKRIGKVLDNAIETEKMIEKYES	XXXXXMKALAVEGKRIGKVLDNAIETEKMIEKTIQ	1
RFRVRYDGIHYLDIVDCKSYDTGEVKVTAENPEGV	FYLNQISKRFRLDIVDCKSYDTGEVKLEIQQREDX	0
YSKFQPQSPDFLDITNPKAVLENALRNFACLTTGD	XXXYSKFQPDFLDITNPKAVLENALRIAINYNYEL	0
ILPDGDHDLKRCQYVTEKVLAAVYKALSDHHIYLE	AIMENAPEIKRCQYVTEKVLAAVYKAPNVTTALRR	1
KHRKYARWKATYIHNCLKNGETPQAGPVGIEEDND	IKSFYARWKATYIHNCLKNGETPQAMPSGNYTGIQ	0
HNLWFRSTLMLEHQAFEKGLSLQIKPKQTTEFYEQ	PIRPCLSTLMLEHQAFEKGLSLQIKSTPPQQEILD	0
ATDDACMELRLSNPSLVKKLSSTSVYDLTPGEKMK	LRLHILCMLRLSNPSLVKKLSSTSVLEKINASTPQ	1
LALYDYQEKSPREVTMKKGDILTLLNSTNKDWWKV	XXXLVLALYDYQEVTMKKGDILTLWVEVNFVPAAY	0
RRLEEELRQLKSDSHGPKEDGGFRHSEAFEALQQK	RRLEEELRQLKSDSHGPKEDGGFRHSEAFEALQQK	1
HLKMPKMKMPKFSMPGFKGEGREVDVNLPKADIDV	LSPKAKGEVDVLKGPKIKGDVDVLGPKVKGDVDXX	1
SPAAMTTRYVDGGFGMGKYTTPLTRGVDCPYLATY	EPFLGAFSGPDGGFGMGKYTTPWHFLLESKTIASM	1
KTVPKTVDNFVALATGEKGFGYKNSKFHRVIKDFM	XXVPKTVDNFVALATGEKGFGYKNSGDFTGGKSIY	1
VKMFITKMISSLPIEADKYRVALAQYSDKLHSEFH	GPEYADVVISSLPIEADKYRVALSTFKGRNGRDKK	0
FKIEESSSQVVPQGISVKHLDALTLFSSKQANEGK	FKIEESSSQVVPQGISVKHLDALTLFSSKQAXXXX	0
GDMVMATVKKGKPELRKKVHPAVVIRQRKSYRRKD	SVMVMATVKKGKPELRKKVHPAVGVIVNNMKGXXX	1
APGIPPAVESIQDSPLPKKAEGDLGPSWVCGFSNL	XXXXXXXVESIQDSPLPKKAEGDLGPSWVCGFSNL	0
LSNLGSPVVLCHNDLLCKNIIYNEKQGDVQFIDYE	IQGEALDPKHVIHDLLCKNIIYNVQFIDYHFNEFA	0
VVTGLRWQAPSGTPGDPKRTIGQILASTEAFSRFE	XXXXXXXXXXSGTPGDPKRTIGQILASTPSILDGP	0
RVSLELHIERIPLNTEQKALKVLRICEQRQMTEQV	LWQLGVHIERIPLNTEQKALKVLRICEQVSICILA	0
AVDWVSRNLFWTSYDTNKKQINVARLDGSFKNAVV	XQADLPNAHGWTSYDTNKKQINVKNAVVQGLEQPH	0
PGAMRRSLPSTSSTSSTKRLKSVEDEMDSPGEEPF	PGAMRRSLPSTSSTSSTKRLKSVEDEMDSPGEEXX	1
SLVKSSLADSDHLQDWLKKLTLLIPETAVRHESCS	XXXXMSAYYDDHLQDWLKKLTLLIPRSCLAASTLL	0
KNNELLKNIQDVQSQISKIGLKDPTVPAVKHRKKS	XXXXXXXNIQDVQSQISKIGLKDAVHRKKSLIRLD	0
VLQSKHRDKYLLFNLSEKRHDLTRLNPKVQDFGWP	XXXXXXXXERLLFNLSEKRHDLTRLNPKVQDFGWP	0
HSEDASALQGGTSVAQIKAQLKEIEAEKVELELKV	HSEDASALQGGTSVAQIKAQLKEIEAEKVELELKV	0
ENPGFEASPPAQGIPEAKVRHPLSYVAQRQPSESG	ENPGFEASPPAQGIPEAKVRHPLSYVAQRQXXXXX	0
QQQYLQINQEITELHPLKAQLQEYQDKTKAFQIMQ	DQQYLQINQEITELHPLKAQLQEYQDKTKAFQIMQ	0
RIGVFLCGPEALAETLSKQSISNSESGPRGVHFIF	EFKIGVFLPEALAETLSKQSISNSEHFIFNKXXXX	0
EISDKWQYIRLMDSVALKGGRGSASMVQKCKLCAR	XXXXMGCGNILMDSVALKGGRGSASMVQKCKLCAR	1
GKFPQTATEWAEILALQKQFHSVEVHKWRQILRAS	KKFPQTATEWAEILALQKQFHSVEVHKWRQILXXX	0
VNPFGETPEGQVVCFDAKINFDDNAEFRQKDIFAM	DLLFATQVEVNPFCFDAKINFXXXXXXXXXXXXXX	0
FANLGEHEFVEEKTKVAKVSQGVEDGPDTKRAKLD	XXXIRLWGFVEEKTKVAKVSQGVEDGPDTKRAKLD	1
SKQKESQRKFEEETVKSKVTVDTGVIPASEEKAET	SKQKESQRKFEEETVKSKVTVDTGVIPASEEKAET	1
KQKFSMKAQNGFNKKRKKNVFNPKRVVEDSEYDSG	VQKFSMKAQNGFNKKRKKNVFNPKRVVEDSEYDSG	1
TLVDWFPVFRDLVNIGLKAFAFCVATSLTLLTVAA	MTRILYTVFRDLVNIGLKAFAFCVATSPIVARXXX	0
LVRADAPEEEDHVLVLRKSNFAEALAAHKYLLVEF	XXXXXXXXADAPELVLRKSNFAEALAALVEFYAAK	1
ADAECYTAMKIAEANKLKLTPEYLQLMKYKAIASN	ADAECYTAMKIAEANKLKLTPEYLQLMKYKAIASN	1
ESLPKIGDLHPQIVNLLKSVHNGAPAPVSGEKDVV	RLQFLVVFFHPQIVNLLKSVHNGXXXXXXXXXXXX	0
IPPPPMDEKHPYYNSISKERRYAGLKPGELPTCES	YGGTPMDEKHPYYNSISKERRYAGLKPGELPTCXX	1
QQLFQKWTASNRTSGLGKTHTVGSVAKVEQVKFDA	SSLSRGATASNRTSGLGKTHTVGSVAKVEQVKTSG	1
INYGGDIPRKYYVRDQVKQQYEHSVQISRGSSHQV	ASKQWKPAVEAYVRDQVKQQYEWQFMSDSHLVPED	1
LREFFSQYGDVMDVFIPKPFRAFAFVTFADDQIAQ	CTEDMTEDELRMDVFIPKPFRAFAFVTIIVHISAE	0
SSSSTPSSKTKDLGHNDKSSTPGLKSNTPTPRNDA	XXXXXXSSKTKDLGHNDKSSTPGLKSNTPTPRSNP	1
SGHLHAKGKEEKMSKSLKNYITIKDFLKTFSPDVF	REHLHAKGKEEKMSKSLKNYITIKDFDYSXXXXXX	1
KPKIKEEAVKEKSPSLGKKDARQTPKKPEAKFFTT	KPKIKEEAVKEKSPSLGKKDARQTPKKPEAKFXXX	1
EGEGKNPVDYIQGLLDLKSRFDRFLLESFNNDRLF	XXLSLRQGLYIQGLLDLKSRFDRFLLFKTIAGDFE	0
QEQAHDDAIWSVAWGTNKKENSETVVTGSLDDLVK	XXXXXXXXXXXXAWGTNKKENSETVVVWKWRDDIS	0
EKEASKMQQSGHPWSGPKPRLTSSVKELGGVDLVI	NKMITSVLEKEAPWSGPKPRLTXXXXXXXXXXXXX	1
GKGDALVAGGICQTSIYKYQKDEARIKKLFRQQLE	XXXXXXLSSDNCQTSIYKYQKDEARIKKLFEYFEH	1
LADTAVTSGRHYWEVTVKRSQQFRIGVADVDMSRD	XXXXXXXXXGVKYEVTVKRSQQFRITYAQRKWIGQ	1
ARFYFQCEGHEPTLLLIKTTQKEVCGAYLSTDWSE	XXXXXXSEIVSSSLLLIKTTQKEVCGAFRLQPLIL	0
GLCKGRSVLGTDTKPGSKAGSSVDRKVPAESMPTL	SLADDSSVLGTDTKPGSKAGSSVDRKVPAGEGAHE	1
LSISEDVPRPPDTVSTGKGGKNSEAQLEDEEEEEE	XXXXXDVPRPPDTVSTGKGGKNSEAQLEDEEPTRG	0
MDSTEPPYSQKRYEEIVKEVSTYIKKIGYNPDTVA	GITRIVGVSQKRYEEIVKEVSTYIKKIYNPDTVAF	1
GSLTMSEKREFPTVPLVKLGSSFTKVQDYLRRFES	XMAVKTTSDLLLVVPLVKLGSSFTKYMLDHLTVSG	1
AEMFEHLSGKLQQFMENKSRMLASGNQPDQDITHF	XXXXXXXXXKLQQFMENKSRMLASGNFQIQELNLE	0
RRNFCPPNHWLSEQEDIKADKVTQLYVPASRHVWR	XXXXXXXXXXLSEQEDIKADKVTQLYSEERQLAVL	0
DSGEVREDLRLPEGDLGKEIEQKYDCGEEILITVL	IQDGYLSLLRLPEGDLGKEIEQKYDCGEEILITVA	1
AEYEDGFSLPYGWTPGVKRNGFPVALARAVSNEIV	XPEYEDGSLPYGWTPGVKRNGFPVALAKQRDGLPG	0
SVTTFTGEPNTCPRCSKKVYFAEKVTSLGKDWHRP	SVTTFTGEPNTCPRCSKKVYFAEKVTSLGKDWHRP	1
TDENKVPYFNAPVYLENKEQIGKVDEIFGQLRDFY	ERVVLLGEFPAPVYLENKEQIGKVVKLSNMFQKFY	0
GSSKSGKLKGDDLQAIKKELTQIKQKVDSLLENLE	GSSKSGKLKGDDLQAIKKELTQIKQKVDSLLENLE	1
LEEVKAKVQPYLDDFQKKWQEEMELYRQKVEPLRA	LEEVKAKVQPYLDDFQKKWQEEMELYRQKVEPLRA	1
NEFASMWIERTSFVTAYKLPGILRWFEVVHMSQTT	LDFYKSNYVQRFFVTAYKLPGILRWFEVVHXXXXX	0
QLQELCWEYYDYSNKLCKDAVLNKKLMMKLQESKF	WLTSYPTSLYDYSNKLCKDAVLNKKLMNPCGELLL	1
VISYQGIEPKLNILEIVKPADTVEVVIDPDAHHAE	GVKTDGTVQLSVILEIVKPADTVRYDCKVQGKRVY	0
QFGDLWPSIRVSLLSEQKYGALVNNFAAWDHVSAK	XXXXXXXXXXXSLLSEQKYGAACFTFDRGDISRFP	0
ERVAQQCRENIFAIQTLKDFQYIDRDGKDQGINVR	GWVYKALTDNIFAIQTLKDFQYIDQGINVREKSKQ	0
VLDQSDVYTHVLSAFVEKKEMPHKFVIAVLMEYIR	LSESDRVYTHVLSAFVEKKEMPHKFVIAVLLVKTL	0
LEQCEHSFLPPTSPGVPKCLEEMKREARTIKIDRR	XXXCEHSFLPPTSPGVPKCLEEMKREARTILSDDE	0
ALIYTSVKEEKNLDLLYKYIVHKTYGFHFTTPALV	DTCLLVALITKNLDLLYKYIVHKTYGFHFTTPAFI	0
VGKNKRLTKGGKKGAKKKVVDPFSKKDWYDVKAPA	XXXXXXXTKGGKKGAKKKVVDPFSKKDWYKTLVTR	1
VGSALCALEGRDPELGLKSVQKLLDAVDTYIPVPA	VGSALCALEGRDPELGLKSVQKLLDAVXXXXXXXX	1
THNIALLREVIINSRFVKGDISTKFLSDVYPDGFK	DRTEALKAEVIINSRFVKGDISTFLDVXXXXXXXX	1
YTRLKSRVLGPKIEAVQKVNKAGMEKEKAEEKLAG	YTRLKSRVLGPKIEAVQKVNKAGMEKEKAEEKLAX	1
NVSDSSALNLAKNIGLTKARDINAVLIDMERQGDV	KIYDSSALNLAKNIGLTKARDINAVLIDTPPIWXX	1
SGETLHSLIQQGQQIASKLQCVFLDPASAGIGYGR	LPLTLILLIQQGQQIASKLQCVFLXXXXXXXXXXX	0
KVKIPEGTILTMDMLTVKVGEPKGYPPEDIFNLVG	LGKSVVAKVKIMDMLTVKVGEPKGYPPEDIFLVEE	0
LYITIKLLDPFPDHVVFKDLRITQQKIKYSRGPFS	LVIDKIKLDPFPDHVVFKDLRITQQKIKYXXXXXX	0
FGISREKQDTFALASQQKAARAQSKGCFQAEIVPV	XXXXXXXXXTFALASQQKAARAQSKGCFDGIRPST	1
SDDSDIWDDTALIKAYDKAVASFKHALKNGDICET	XDDSDIWDDTALIKAYDKAVASFKHALKNGDICET	1
NGQNVEGLRHAEVVASIKAREDEARLLVVDPETDE	EVNGQNVLRHAEVVASIKAREDEARLLXXXXXXXX	0
GSKTSSTIKSTPSGKRYKFVATGHGKYEKVLVEGG	KKSLWETIKSTPSGKRYKFVATGHGKYEKVLVEGG	1
GTGKTALALAIAQELGSKVPFCPMVGSEVYSTEIK	XXKGVIKALAIAQELGSKVPFCRAIGLRIKIIQDV	0
NWSKLVAEDLSQDCFWTKVKEDRFENNELFAKLTL	NWSKLVAEDLSQDCFWTKVKEDRFENNLFXXXXXX	0
LVSVEDLLKFEKKFQSEKAAGSVSKSTQFEYAWCL	XXXXXDLLKFEKKFQSEKAAGSVSKSTQFEYAWCL	1
VFNPFQKEIFTYLVEGFKVSIGSSKASGSKQQWTK	XXXXXXXXIFTYLVEGFKVSIGSSKWTKILWSCKE	0
AGPMAAFKWQPTASEPVKDADPHFHHFLLSQTEKP	XXXXXXFKWQPTASEPVKDADPHFHHFLLSQTEKP	0
LNPTSNKSSRKLFDQANKLKKTCAHLFTATINLNS	FFNPDSRVSRKLFDQANKLKKTCAHLFTSRLISDF	0
WIPAPRCTLKPCDYPDIKHGGLYHENMRRPYFPVA	XXXXXXXXXXXXDYPDIKHGGLYEYSYYCDEHFET	0
GKNMSFVNDLTVTQDGRKIYFTDSSSKWQRRDYLL	RGPFLFELLLTVTQDGRKIYFLLEYDTVTREVKVL	1
YIDKWFLYKMRDILNMEKTLKGLNSESMTEETLKR	RAKAIDDNKMRDILNMEKTLKGLNSMTLRAKIFSQ	1
VLHQPPPPAGSEEGSAWKSKDILVDLGHLEGADAG	XVLQPPPPAGSEEGSAWKSKDILVDLDLEQQFHYH	0
RINAWNSPTLPIYEPGLKEVVESCRGKNLFFSTNI	VAHAWNSPTLPIYEPGLKEVVESCRGLFFEGTAIK	0
KTSLSFLNRPDLPNLAYKKLKGKSPGIIFIPGYLS	XXXXXXQKTSLSFLLAYKKLKGGIIFIYMNGALIE	0
FLYWGDIIQNSEDGVECKIHVIEQTEFIDDQTFLP	ISFVYWGDIIQNSGVECKIHVIMPLNVDGEFTALV	0
TIEKRLVNCEPIGTQASKLEEQIAQHKALEDDIIN	XXXXXXXXCEPIGTQASKLEEQIAQHKRSLLQQAL	0
SLCRHPAGVYQVSGLHNKVATTPGSPSLGRHPGAH	SPPGPPAGVYQVSGLHNKVATTPGSPSLGRPATSP	0
LEEELHPGEVLVMLVGNKTDLSQEREVTFQEGKEF	SSLRFVYDITRKSFVGNKTDLSQEREVTFMETSAK	0
VLPYEYTAFDFCQASEGKRPSENLGQVLFGERIEP	EIELFVNREYTCQASEGKRPSENLQVERIEPSPYK	0
FHVFVGDLSPEITTEDIKSAFAPFGKISDARVVKD	XXXXHVFVGLEITTEDIKSAFAPFGKISDARVVYG	0
EEGLILFDQIPVSSGFSKNGVLVSVLGTTTMRVDI	MDIVILFDQIPVSSGFSKNGVLVSRVDIPALSQLX	0
IVHMQAAPKEECALEIIKGGALRQEEVYYDSSLWT	IVVVSITLCEECALEIIKGGALRQEEVYYXXXXXX	1
RRSKTFNPGAGLPTDKKKGGPSPGDVEAIKNAIAN	XXXVSKTFNAGLPTDKKKGGPSPGDVEAIKGLLQS	1
LSGKLDRTFAVTDELVFKDAKKDDAVRKAYKYLAA	LSGKLDRTFAVTDELVFKDAKKDDAVRKAYKYLAA	0
HAYTDTGKASGNLETKYKVCNYGLTFTQKWNTDNT	XKTKSCSGVEFSLETKYKVCNYGLTFTQKGTEISW	1
PAHFYATNDHYFSDPFLKYLETYLNLHWANVVYYS	NLPSVNTNDHYFSDPFLKYLETYLNLHWANFDSAN	0
WKRRYFLLRASGIYYVPKGKTKTSRDLACFIQFEN	LKEWKRRYFLLGIYYVPKGKTKTSRDLACFILEPP	1
APFIGFIQERAWLRQQGKEVGETLLYYGCRRSDED	TTPVGFIQERAWLRQQGKEVGETLFHDGALTGAHX	1
AKKQSGGKVADYIPQLAKFSPDLWGVSVCTVDGQR	XXXXXXGKVADYIPQLAKFSPDLWDVPFCLQSNAT	0
AYEAELGDARKTLDSVAKERARLQLELSKVREEFK	AYEAELGDARKTLDSVAKERARLQLELSKVREEFK	1
SQRQRRTFKFHDKGKFEKIAQRLRTKAQLEKLQAE	AQLALKPFKFHDKGKFEKIAQRLRTKAQLEKLQXX	1
MLGLREEKSEDQDLQGLKDKPLKFKKVKKDKKEEK	XXXXXXXKSEDQDLQGLKDKPLKFKKVQPYRKLKQ	1
PSNTKALYRRAQGWQGLKEYDQALADLKKAQGIAP	NWQGAIDYRRAQGWQGLKEYDQALADLELLKVKQK	0
NQHIYQPVGKPDPAAPPKKPPRPGAPGHLGSLASL	NQHIYQPVGKPDPAAPPKKPPRPGAPGHLGSEKQX	0
EVPEPESEMKMRLPRRAKTAALEKSKLNLAQFLNE	IDTNVAELLDMRLPRRAKTAALEKSKXXXXXXXXX	1
PGKGLEWVANIKQDGSEKYYVDSVKGRFTISRDNA	YWMSWVWVANIKQDGSEKYYVDSVKGRFTISRDNS	1
QKQMGMTDDVSTIKAPRKDLSLGLDDSRTNTPQGV	XXXXXXXDDVSTIKAPRKDLSLGLDDQSKQKDVLL	1
PQPRMGPNIYELRTYKLKPGTMIEWGNNWARAIKY	XXXXXXXMAPHSRTYKLKPGTMIEWGNNWFFSQGE	1
TFTCSGEKEVNLAVQNAKAAFKIWSQKSGMERCRI	XXXXXXXRGVNLAVQNAKAAFKIWSQPLGVCVALG	1
VIVVTTRDVQKALCAEFKMKMKPDIVCIPDDADMG	RGFEEVIVVQKALCAEFKMKMKPDILCEEXXXXXX	0
TPFPGFYPCSEIEDPAEKGDRKLNKGLNRNSLPTP	YGSPGFYPCSEIEDPAEKGDRKLNKGLNRNHHVGL	0
AEAVRNFLAFIQHLRTAKKEEILQILKMENKEVLP	XCPSLSELWFIQHLRTAKKEEILQILKLVAVTSAQ	1
EKQARDMAEAHKEAMSRKLGQSESQGPPRAFAKVN	XXQARDMAEAHKEAMSRKLGQSESQGPPRAVEFGS	1
QLTRMAGAIPLVTAGSQKKLQMAEKLGAAAGFNYK	XXHAGLSGGTLVTAGSQKKLQMAEKLGAAAGFNYK	1
LVGVLQFARWFTSLELTKIAVTVAVCSVPLLLRWW	LVGVLQFARWFTSLELTKIAVTVAVCSVPLLLRWW	0
VSKQLLQTVNVPIIDGAKEVSSLEGSPPPCLGQEE	XSKQLLQTVNVPIIDGAKEVSSLEGSPPPCLGQEE	0
VDDLNLHSYSNLPIWVNKLDMEIERILGVRLQAGL	DVRLVQAVLSNLPIWVNKLDMEIERILGRIQSEYA	0
LTRRGQPRQYNVGPSVSKYPLRNLQPASEYTVSLV	TPPGYRLTVYNVGPSVSKYPLRVSLVAATGXXXXX	1
RAVALDEAISQSTQFHDKIDQILESLERIVERLRQ	XXXXXXEYISQSTQFHDKIDQILESLEKLQPLYET	0
HPVAPQMFGYAGKEHMEKYGTKIEHFAKIGWKNHK	XXXXXKYFGYAGKEHMEKYGTKIHFEKSIIKMVFT	1
KVSYSHIQSKCGSKDNIKHVPGGGNVQIQNKKVDI	KVSYSHIQSKCGSKDNIKHVPGGGNVQXXXXXXXX	1
GATSALAPKIGPLGLSPKKVGDDIAKATGDWKGLR	GATSALAPKIGPLGLSPKKVGDDIAKATGVLIRQA	1
EIRRLERLDHLAEKFRQKASIHEAWTDGKEAMLKH	XXXXXXXXXHLAEKFRQKASIHEAWTHQDRVEQIA	1
TVYYASLNFRDIMLATGKLSPDAIPGKWTSQDSLL	PTTRGDLNFRDIMLATGKLSPDAILLLAEGKFDLS	1
PQDFHPDRVKARGPGLEKTGVAVNKPAEFTVDAKH	XXXXXXXXKDARGPGLEKTGVAVPAEFVDNYPPVK	1
PDMKRESEKEWYFGNADKERSGPYGFHEMQELWTK	XXXXXXXXKEWYFGNADKERSGPYGEMLWGMLNAK	1
GQIIDIESAQISDAGIYKCVAINSAGATELFYSLQ	TWYKDNRLLGQIIAGIYKCVAIATELFYSLXXXXX	0
QAQAGQVFENFVQASTCKGTLQAFNILTRHLDLDP	XXXXXXXXXNFVQASTCKGTLQAFNILGVEKRDSF	0
KLQDKATVLTTERKKRGKTVPEELVKPEELSKYRQ	XXXXRRTVLTTERKKRGKTVPEELVKPPDSENGYY	1
VRVLVVPAENYDYQILHKKSMDKSLEFITNCGKNS	PHVLGCRDQLYDYQILHKKSMDXXXXXXXXXXXXX	0
REGMKNTSYVLKHPSTSKVNSVTPKKPKTSEDVPQ	LNRGKNTSYVLKHPSTSKVNSVTPKKPKSKEAEAX	1
RVGIFPRTYIELLPPAEKAQPKKLTPVQVLEYGEA	MRPARIVYIYELLPPAEKAQPKKLTPVQVLXXXXX	1
AFEKVLKSHGQDYLVGNKLSRADIHLVELLYYVEE	KEKLIYVLHGQDYLVGNKLSRADIHLVLKRINLXX	1
ENSLTDNLNDLNNELQKKQKAYNKILREKEEIDQE	XIVLTDNLNDLNNELQKKQKAYNKILREKEEIAKE	1
SDTQTSLYKGLEAFGGLKLEDTYTNKDLDKALLKA	FNDFLSASSQLEAFGGLKLEDTYTNKDLDALXXXX	1
HGAGVAMDGQDVQLPLLKGDLRIQHTVTASVRLSY	NSLVKVAMDQDVQLPLLKGDLRIQHVRLSYGEDLQ	0
CTGSSTRHIVTFDGQNFKLTGSCSYVLFQNKEQDL	CTGSSTRHIVTFDGQNFKLTGSCSYVLFVILHNGX	0
YKTHFAASVTDPERFWGKAAEQISWYKPWTKTLEN	XXXTHFASVTDPERFWGKAAEQISWPWTKTLWFGG	1
CAYVYQNEHEVGEAIQEKIQEKAVKREDLFIVSKL	DAGYRHIEHEVGEAIQEKIQEKAVKREDLFIDLKL	1
SSLSFDREQQSTYTFQLKAVDGGVPPRSAYVGVTI	QLSVEQDFVIQNGIFQLKAVDGPRSAYVGVXXXXX	0
EVPAKSDVYCEVCEFLVKEVTKLIDNNKTEKEILD	XXXXXXDVYCEVCEFLVKEVTKLIDNNKIAFILSI	0
SSCRVPGPKQDTVSNFSKTKKPPTHITVVHNYQFF	TMNQYYQILSSCVSNFSKTKKPPTHQKSIFAXXXX	1
ICKEIVERWSETQNVVTKVKKEDEVQAIATLIEKQ	QEEEIVERWSETQNVVTKVKKEDEVQAIATLXXXX	0
QRHMIDGRWCDCKLPNSKQSQDEPLRSRKVFVGRC	GFVRFTEYQVMCKLPNSKQSQDEPLRSRDPXXXXX	1
RNEQLEEIEKLYTQLEAKKAAIKPLEQTECLNKTE	MKNTEDEVEKLYTQLEAKKAAIKPLEIGYSAQHLD	0
DENLNYPEQKVVTVGQFKIGLIHGHQVIPWGDMAS	XXXXMVHLQKVVTVGQFKIGLILQRQFDVDILINK	0
VPIQHELFERFLLYDQTKAPPFVARETLRAWQEKN	TSTDQVPIFEFLLYDQTKAPPFVARELXXXXXXXX	0
SQGTESSLYAHGYLKGTKGPGITGTKGDPTGAGPE	DGGQILGLYAHGYLKGTKGPGITGTKGDSGLGRKK	1
IRQILDEAGKVGELCAGKERREILGTCKMLGQMTD	XXXXXXXAGKVGELCAGKERREILGTCKLKVENAA	1
NSAKVMVTNVTSLLKTVKAVEDEATKGTRALEATT	TQVLINAVNVTSLLKTVKAVEDEATKVXXXXXXXX	1
NIKEVYTFASEPNDVFFKLVDKSTELNEEPLMRFG	GRVIKVYTFASPNDVFFKLVDKSELEPLMRFGXXX	0
DWRKYYKVEPLDFGGTQKQKQLFIGGEACLWGEYV	ASGFPVILEPLDFGGTQKQKQLFIGGKXXXXXXXX	1
AVNALGLPKGVTPAGFPKKASRTARIASDEEIQGT	EPNGESSSPGVTPAGFPKKASRTARIXXXXXXXXX	1
GFVYFQNHDAADKAAVVKFHPIQGHRVEVKKAVPK	LFVGGLHFFAADKAAVVKFHPIHRVEVKKAXXXXX	1
TYLDDLRSKFLLENSVLKMEYAEVRVLHLAHKDLT	RDPLLYEKKFLLENSVLKMEYAEVRVLHLAKHQLV	0
GKAVGVAVATGLHTELGKIRSQMAAVEPERTPLQR	ADILNFSGATGLHTELGKIRSQMAAVEPAHSVNDA	0
QAAAAHELEKMQQSVYVKDDKIRLLEEQLQHEISN	QAAAAHELEKMQQSVYVKDDKIRLLEEQLQHEISN	1
PANEDQKIGIEIIKRTLKIPAMTIAKNAGVEGSLI	GGCALLRCIPEIIKRTLKIPAMTIAKGSLIVEKIM	1
FSIQEKYVAADTLYSQIKEDVKKRAVALDEAISQS	IAEHKPHIAADTLYSQIKEDVKKRAVAXXXXXXXX	0
LHVALRNRSNTPILVDGKDVMPEVNKVLDKMKSFC	VLHVALRNSNTPILVDGKDVMPEVNKVEFWDWVXX	1
ASQHPATGTGAVQTEAMKQILGVIDKKLRNLEKKK	XXXXXXXGTGAVQTEAMKQILGVIDKKLAKLQRSF	0
GVPLDATEDSKKNEPIFKVAPSKWEAVDESELEAQ	LQGDSPTKWSKKNEPIFKVAPSKWEAVXXXXXXXX	1
DAGNYVCETALQEVEGLKKRESLTLIVEGKPQIKM	TVVWMVCETALQEVEGLKKRESXXXXXXXXXXXXX	0
QDRKSASREKRSVVSFDKVKEPRKSRDSESHSRVR	QDRKSASREKRSVVSFDKVKEPRKSRDSESHSRVR	1
RRWLLLCNPGLADTIVEKIGEEFLTDLSQLKKLLP	XXXXXXLLPGLADTIVEKIGEEFLDLSQLKKLLPL	0
GSIWNPDGIDPKELEDFKLQHGSILGFPKAKPYEG	GESDGSIWIDPKELEDFKLQHGSILGFPKAKPXXX	1
GKTITLEVEPSDTIENVKAKIQDKEGIPPDQQRLI	XXXIFVITLEVDTIENVKAKIQDKEGIPPDQQRLI	1
ENWLKIQPTTPSEPTAIKSQLKICKDEVNRLSDLQ	XXXXXLQPTTPSEPTAIKSQLKICKDEVNVQAREK	0
GGVSAPDISLGEGHLSVKGSGGEWKGPQVSSALNL	LSGVAPDISLGEGHLSVKGSGGEWKGPQXXXXXXX	0
LAFTSVGDGPLSDPIQVKTQQGVPGQPMNLRAEAR	IYTMELLEDETYTVIQVKTQQGVPGQAARSQGLGA	0
HTFVVDCSNREDIYSSAKKVKAEIGDVSILVNNAG	WHTFVVDCNREDIYSSAKKVKAEIGDVSLWTTKAF	1
DTGKLNTLLQRAPQCLGKFIEIAARKKRNFILDQT	MESFALLGTIRAPQCLGKFIEIAARKLRKLFPWXX	1
GPGNKRAAGDGGSGPPEKKLSREEKTTTTLIEPIR	XXXXXXXAGDGGSGPPEKKLSREEKTTTSSETKVL	1
AVKVLSIGEGGFWEGTVKGRTGWFPADCVEEVQMR	PLHRGEAVKVLSWEGTVKGRTGWFPCVEVXXXXXX	0
SIGVSNFNRRQLEMILNKPGLKYKPVCNQVECHPY	VEKIGVFNRRQLEMILNKPGLKYKPVCCKDINXXX	1
IDCNDKDLFKAVDAALKKYNSQNQSNNQFVLYRIT	XXXXXXXXXKAVDAALKKYNSQNQSQFVLIVTWCT	1
GKCFHSRDYKEPGVFNGKRVLVVGLGNSGCDIATE	XXXXXKGKCYEPGVFNGKRVLVIATELSRTAEQVM	1
EHLEKKGPQVRDWSHYFKIIEDLRAQIFANTVDNA	AGAGGSGPQVRDWSHYFKIIEDLRAQIFANTVDNA	0
MRIINEPTAAAIAYGLDKREGEKNILVFDLGGGTF	XXXXXXXRAAAIAYGLDKREGEKNILLTIDNGVFE	1
EQLNEYKGHLSGLAKRAKAVVQLKPRHPAHPMRGR	AYFQFFDVHLSGLAKRAKAVVQLPLVPPPNQEAQE	1
GEEWRGGDGINSIGGGQKVRLMKEVMEHYADQDDL	VATVLGQEEWRGGGGGQKVRLMKEVFTECSGVWLQ	1
RSEEERVTETQKNERVKKQLQALSSELAQARDETK	HEHEIDVTETQKNERVKKQLQALSSELAVKGDXXX	1
APVLPNTTPDLLLATTAKPSVPSADSETPLTQDRP	PDESGRPTPDLLLATTAKPSVPSADSETPEGQPIP	0
YFARDCHHLGIQNNFDYKRFIKFARVCEVDNELRI	LIIDVDKWDYFANNFDYKRFIKFARARENLMXXXX	0
ELAVEGNGPVESNAVLTKAVKRPNEDSDEDEEKGA	AVVLMKLLPVESNAVLTKAVKRPNEDXXXXXXXXX	0
SVQSATPTTIKVINSSAKAAKVQRAPRISGEDRSS	HVWMKEPTTIKVINSSAKAAKVQRAPRISGSPGNR	1
KTVTSLGVMADGVAPVFKKRRTENGKSRNLRQRGD	KTVTSLGVMADGVAPVFKKRRTENGKSRNLRXXXX	1
VYEEIASTSSGQVFHLDKKQVNEVLKWVEEAVQAS	XXXXXXXXXXXXXXXXDKKQVNEVLKWVEEAVSLS	0
SSLEARSPSDLHISPLAKKLPPPPGSPLGHSPTAS	XXXXARSPSDLHISPLAKKLPPPPGSPLGHKSKPC	1
SAKNPSIKSAEQLTTFLKHVVSVFKQSSSEGIHLE	QKVTLMFISAEQLTTFLKHVVSVFKQSXXXXXXXX	0
KLGELTGTVKESLHEVSKSDLGRKIKEGVEEAAKT	KLGELTGTVKESLHEVSKSDLGRKIKEGVEEAAKT	1
TEMVTISDASQRTEISTKEVPIVQTETKTITYESP	TEMVTISDASQRTEISTKEVPIVQTETTSESVSTT	1
TSVESIMATEDRQLFSDKLNEINEKIAPSFAVESI	XXXESIMATEDRQLFSDKLNEINEKIASATSINVV	1
VWAEAGFLAEAELLNLRKISSDLDGHPVPKQAFTD	HAAPIYALAEAELLNLRKISSDLDGHPVPKQPXXX	1
SSKQSSSSRDDNMFQIGKMRYVSVRDFKGKVLIDI	XSSKQSSSRDDNMFQIGKMRYVSVIDIREYWMDPE	1
GLLKEASKQADVNLVNAKLLVKEAGLNVTTSHSPA	SPAVIVGLLKDVNLVNAKLLVKEAGLNVTTXXXXX	1
ENKKLTAENEKLCSFVDKLTAQNRQLEDELQDLAA	XXXKLTAENEKLCSFVDKLTAQNRQLEDELQDLDF	0
LDIAIKLLPEEPFLYYLKGRYCYTVSKLSWIEKKM	GFKEHLDIAIEPFLYYLKGRYCYTVSTVQEALHNF	0
PFAGPPDTISLASERYDKDDEAPSDGAQFPPIAAQ	XXXXXXXXXXLASERYDKDDEAPSAQFPPIAKRRK	0
PKSRVLKFSPGVDHIFFKVEILSNEDREWHESFSL	RCSTRYYPKSRVLHIFFKVEILFSLVLATVXXXXX	0
NTDSPLRYVDIAIPCNNKGAHSVGLMWWMLAREVL	GQTDPRALCNTDSPCNNKGAHSVGLMFYXXXXXXX	0
IKLKDIEHALSVSVFNNKNSGFWHSSLIDRNLIDY	NAGAEREHALSVSVFNNKNSGFWHSSLIDRNXXXX	0
GSAKPGLQKVVDVLDSIKTKGKSADFTNFDPRGLL	LNNGHAFNVVVDVLDSIKTKGKSADLKFRKLNFNG	1
YFLLVRIKIQHMELQLIKKEITGIGPSTTTETETI	XXXXXXXXIGANLLQLIKKEITTETETIAKLYDPT	0
EQKLLTPITTLTSEQIQKLLASTRYPPPAVESDAA	APSLSPEYPTLTSEQIQKLLASTRYXXXXXXXXXX	0
SASTSQSTRAASIFGGAKPVDTAAREREVEERLQK	SWADSQSTRAASIFGGAKPVDTAAREREVEERLQS	1
FLGLPRFEARKAVLVALKERGLFRGIEDNPMVVPL	IHPFLPFEARKAVLVALKERGLFRGIEXXXXXXXX	1
KPKMFAKGTEITHAVVIKKLNEILQARGKKGTDRA	XXXXKMFATEITHAVVIKKLNEILQARQLLLLVIA	1
RGLPLVDDGGWNTVPISKGSRPIDTSRLTKITKPG	MAKGSDKDGGWNTVPISKGSRPIDTSRLTLFAPGG	1
QASKKLKGPQKFQFDGDKKSFLEDIRKALYASKII	MAQEMAQAFDWFQFDGDKKSFLEDIRKASWRATGA	1
KTIKAELDAAEKLRKRGKIEEAVNAFKELVRKYPQ	XXXXAELDAAEKLRKRGKIEEAVNAFKELARYGKA	1
LNEEQRKRLCENIAGHLKDAQIFIQKKAVKNFTEV	XDPDMVWDSCENIAGHLKDAQIFIQKKAVGHIQAL	1
LSELVQAVSDPSSPQYGKYLTLENVADLVRPSPLT	LSELVQAVSDPSSPQYGKYLTLENVHKAAARGLTR	0
QAGQLKVPPGYHPLDVEKEWGKLHVAILEREKQLR	EDKNSKYPPGYHPLDVEKEWGKLHVAILLXXXXXX	0
NSSRHDGKEVDEGAWETKISHREKRQQRKRDKVLT	NSSRHDGKEVDEGAWETKISHREKRQQRKRDKVLT	1
AKHIFDHVIGPEGVLAGKTRVLVTHGISFLPQTDF	DADIFLLVIGPEGVLAGKTRVLTDXXXXXXXXXXX	0
ERHLLASKPLGGLPETAKEQLNVHMEVCAAFEAKE	XXXXXXSKPLGGLPETAKEQLNVHMEVCRKTKLEE	0
EAGGNFETTKPGELYIHKGITHIGYTDLPSRMATQ	KEGSVVVFETTKELYIHKGITHIGXXXXXXXXXXX	0
LGKSTLINTLFKSKISRKSVQPTSEERIPKTIEIK	XXXXXXINTLFKSKISRKSVQPTSEITHDIEEKGV	1
ELSRALSRLLPGLEADSKPGRRRALEALRRALEEP	XXXXXXXXLLPGLEADSKPGRRRALEALRRLLRCL	0
TRSISNKELSELIEQLQKNADQVEKNIVDTEAKMQ	XXXXXXXELSELIEQLQKNADQVEKNIVKDSEKLL	0
QISESNHLIHLSNTNNVKLLSEIEFLVNHMDLAKG	XXSESNHLIHLSNTNNVKLLSEIEFLVNHMDCVAL	0
YGSHIQALLDKYNAEKPKNAIHTFVQSGSHLAARE	QKKVIQALLDKYNAEKPKNAIHTFVQXXXXXXXXX	1
IKIDIIAELRYDLPASYKFHKKKSVDIEVDLIRFS	DDAPFGTKNNYDLPASYKFHKKKSVDIXXXXXXXX	1
ETKALQGQISSQQVAVEKLKKTAEVLLDARGSLLP	SCGLLAGLISSQQVAVEKLKKTAEVLLIQTLDIVG	0
AAIESCNKALELDSNNEKGLFRRGEAHLAVNDFEL	CLAISCNKALELDSNNEKGLFRRGEADFKVLLYNA	1
ILVGTKLDLRDDKDTIEKLKEKKLTPITYPQGLAM	SFEGTKLDLRDDKDTIEKLKEKKLTPITYQSLXXX	1
DRVDKSAVGFDYQGKTEKHESQRDYSKGFGGKYGI	XXVDKSAVGFDYQGKTEKHESQRDYSKGFGGKYGI	1
SVAGAVGATAVYPIDLVKTRMQNQRGSGSVVGELM	XXXXXXXXXXVYPIDLVKTRMQNQYNSFDCFVLIQ	0
RKKILSKLSEETKVALTKLHNSLNEKSIEDFISCL	IFSRKILSLEETKVALTKLHNSLNEKSIEDFISCL	1
AEMFEHLSGKLQQFMENKSRMLASGNQPDQDITHF	XXXXXXXXXKLQQFMENKSRMLASGNQFQIQELNL	0
STKESYPHIKTVCDAAEKGVRTLTAAAVSGAQPIL	STKESYPHIKTVCDAAEKGVRTLTAAAVSGAQXXX	1
DGKNYCGLPGEYWLGNDKISQLTRMGPTELLIEME	VTVIQDPYKQGFWLGNDKISQLTRMTVQNEYKIXX	0
QELRIKSGLEKAIKHKDKLLEFDRTSIRRTQVIDD	XXLRIKSGLEKAIKHKDKLLEFDRTSIRRTQVLRI	1
VVSVLNKEKGSSASLVLKRLGFKGVWKGLFARIIM	VVSVLNKEKGSSASLVLKRLGFKGVWKGLFARXXX	1
RPQAPLVSASAVNEEVSKIKSTAKFPEQKLFAALL	GETAPLVSASAVNEEVSKIKSTAKFPEQKLFAALW	0
ADRYERLQKICSIALVGKYTKLRDCYASVFKALEH	XXXXXXXXSPYGEALVGKYTKLRDCYYIDSIDLEA	0
YALDGKIYELDLRPVDAKSPYFLSQLWTAAFKPHG	ILGKDGLAQELARPVDAKSPYFLSQLWCVFSESLS	0
AAYRAKGKPDAAKKGVVKAEKSKKKKEEEEDEEDE	APKYRKGKPDAAKKGVVKAEKSKKKKEEEEDEEDX	1
PAMTVKKEPREERKGPKKGTAALGKANRQVSITGF	GKGNVKKEPREERKGPKKGTAALGKANRQVSITGQ	1
IDSLSAQLSQLQKQLAAKEAKLRDLEDSLARERDT	XXXLSAQLSQLQKQLAAKEAKLRDLEDSLAREEST	1
GRGHKYHLKFAVEEIIQKQVKVNCTAEVLYPSTGQ	TPHRVFEVQKAVEEIIQKQVKVNCFGETGKNPDED	0
DRVMRVEYHFLSPYVSPKESPFRHVFWGSGSHTLP	ELEGLSPAYSLSPYVSPKESPFRGSGXXXXXXXXX	0
AQKKKSDLEIELLKRQQKLEQLELEKQKLQEEQEN	AQKKKSDLEIELLKRQQKLEQLELEKQKLQEEQEN	1
TPENLHEMAKHNLLLHLKKLEKEGKIFSNTDPDKK	RREILFTVLKHNLLLHLKKLEKEGKIFSNTKKWKA	1
QCEPVNDAVRRAVDAMNKHGCQVHFGRWLIEGSPY	XXXXEPDAVRRAVDAMNKHGCQVHFVLFDIGYSAW	1
SKDIVLVAHSALGTQRHKLWVDPNSPVLLEDPVLC	PEVPLYLEHSALGTQRHKLWVDPNSPVLLKSYYRY	1
GFILFKDAASVEKVLDQKEHRLDGRVIDPKKAMAM	KFGFGFIAASVEKVLDQKEHRLDGRVIDPKKAXXX	1
QNIRPLFINKPLIVVANKCDVKRIAELSEDDQKIF	SSFYVMDLSEQCLVVANKCDVKRIAELVIETSTLT	0
RSPDPRSPKGWLVDLLNKFGTLNGFQILHDRFING	CESVELFARGWLVDLLNKFGTLNGFQFLTXXXXXX	0
PYTIITTPPLKDFSLWEKTGLKEFLKTTKQSFDLS	IPLTIPTPPLKDFSLWEKTGLKEFLKTTKQXXXXX	0
GIRPQQMTKEVWDYVFFKEAPFPKTQIAKEKLDQL	XXXXTATVKEVWDYVFFKEAPFPKLDQLKQEFEFW	0
KDITELFSQLHVSSKPEKLARARNTAHEWIRKSLT	FEFQGHFTKITFSSKPEKLARARNTAHRSLAELTA	0
IHNMSVKAMRFPPKSYNKDLESAEERREREQQDLE	RAQMSVKAMRFPPKSYNKDLESAEERREREQQDXX	1
MEKPPAPPSLPAGPPGVKRPPPPLMNGLPPRPPLP	MEKPPAPPSLPAGPPGVKRPPPPLMNGLPPRPPLX	0
MDVELTVEERNLLSVAYKNVIGARRASWRIISSIE	EERYDEMVMRNLLSVAYKNVIGARRALICDILYKM	1
TKLSTPSTGGSVDIISVKEQSKTVVTTTVTDSLTT	TVTKLSTPSTGVDIISVKEQSKTVEYSTRDXXXXX	0
TKSKITHPVYSLYFPEEKQEWWWLYIADRKEQTLI	VQFKITHPVYSLYFPEEKQEWWCTSDSYXXXXXXX	0
KRLYKALSLLKKEFELSKLQQRLGREVEEKIKQTH	RGLTGALSLLKKEFELSKLQQRLGREVEEXXXXXX	1
VKEPPVFSSFPPIVETLKNAEVSLECELSGTPPFE	XXXXXXXXXXXXIVETLKNAEVSLKKYKIHILNVD	0
PSPERLDKVVDSMDALDKVVQEREDALRLLQTGQE	LHLWYLLKVVDSMDALDKVVQEREDALRERARXXX	1
APGRPTAPGLAAAAAADKLEPPRELRKRGEAASGS	XPGRPTAPGLAAAAAADKLEPPRELRKRGEAASGS	0
HGNDIASLFELDPTTLQKTDSFVPRNSYVRLRHLC	GAGHWNGLYELDPTTLQKTDSFVPRNSYVRLRAIT	0
LRELESKILTHVAEMQGKSAREAAASLSLTLQKEG	QIQAVSKILTHVAEMQGKSAREAAASLSLTXXXXX	0
AFNALIHRHRPELIEYDKLRKDDPVTNLNNAFEVA	LAFNALIHRRPELIEYDKLRKDDPVTNLNNAFEVA	1
NQKEGHFPRVTTVSELTKRNNLDFSISISNITPAD	GPIMYNQKEVTTVSELTKRNNLDFSISCKFKXXXX	1
DEEQATGLEREIMLAAKKGLDPYNVLAPKGASGTR	DEEQATGLEREIMLAAKKGLDPYNVLAPKGALVPS	1
QQQYLQINQEITELHPLKAQLQEYQDKTKAFQIMQ	VQQYLQINQEITELHPLKAQLQEYQDKTKAFQIMX	0
DMMKKLWGDRYFDPANGKFSKSATSPEGKKLPRTF	KDMMKKLWDRYFDPANGKFSKSATSPEGKKLPRTF	1
LFSKVPSLVGSFIRSQNKEDYAGLKEEFRKEFTKL	XXXXVPSLVGSFIRSQNKEDYAGLKEEFRKRLEAM	1
GRKLAEVCCTSIVYATEKKQTKVEFPEARIYEETL	SDDHLEICCTSIVYATEKKQTKVEVKRYSTYDDRX	0
EDEARLLVVDPETDEHFKRLRVTPTEEHVEGPLPS	IENVEGLVVDPETDEHFKRLRVTPTHLPSPVXXXX	0
EPELPMQLVSQDDESGQKKLHGLQAILVHEASGTT	RRFDNFSLVSQDDESGQKKLHGXXXXXXXXXXXXX	0
LQNLENSAFTADRHKKRKLLENSTLNSKLLKVNGS	XGSLENSAFTADRHKKRKLLENSTLNSKLCGQTAF	1
QTSIETDRVSKEFIEFLKTFHKTGQEIYKQTKLFL	XXXXXXDRVSKEFIEFLKTFHKTGQEIYKQTKVMG	0
ETEKSLHLIQESLTFIDKQLAAYIADKVDAAQMPQ	XXXXXXXLIQESLTFIDKQLAAYIADKVDAMEAKI	0
SGLYLGELVRLILLKMAKAGLLFGGEKSSALHTKG	VFLEFEELVRLILLKMAKAGLLFGGEKSSALHTKL	1
PIKFDNNSGQSAIKHNVKSLITGPSKLSRGMPPLE	STEPVGTSGQSAIKHNVKSLITGPSKLSRGIVPEN	1
RVEEMRQSLRIIAQCLNKMPPGEIKVDDAKVSPPK	VYDQVEFSLRIIAQCLNKMPPGEIXXXXXXXXXXX	0
IFCNACSDNELPLPSSPKPVRVCDSCHALLIQRCS	EIFNACSDNELPLPSSPKPVRVCDSCHALLIQRCS	0
FMEMDEIKPGPIVIELYKKPTDFKRKKLQLLTKKP	KFFEFKSTKCFAFIELYKKPTDFRKKLQLLTKKLY	0
TAAWTGTTFTKKAPFQNKQLKPKQPPKPPQIHYCD	AAAAATGTFTKKAPFQNKQLKPKQPPKXXXXXXXX	1
LIEEAASRIVDAVIEQVKAAGALLTEGEACHMSLS	XXEEAASRIVDAVIEQVKAAGALLTEGEAIQIQDT	0
ESWEMNSEEKLEQSTIVKERGTVYFKEGKYKQALL	XXXXXXXXXKLEQSTIVKERGTVYFKYQALLQYKK	1
FGRKTGQAPGYSYTAANKNKGIIWGEDTLMEYLEN	FGRKTGQAPGYSYTAANKNKGIIWGTLYPKKYIPG	1
EQAEKRGISDPDTLHIWKTNSLPLRFWVNILKNPQ	VKYFFDFLEAPDTLHIWKTNSLPLRFWCSIVQYYK	0
WNYGAIPQTWEDPGHNDKHTGCCGDNDPIDVCEIG	XXXXXXXXXWEDPGHNDKHTGCCGDILAMIDGETD	0
NTAKDKCKKAASSSKAPKNGGKAKDSAKTTEETSK	DSKKPKCKKAASSSKAPKNGGKAKDSAKTXXXXXX	1
QQLKIDIEKGKLSDNILKLEKQINKEKKLIRRGRT	XXXXXXXEKGKLSDNILKLEKQINKEKKEHEACFS	0
FIRILGADLIFACGETEKPEVRKSIDEMNNAWENL	WIRILGADLIFACGETEKPEVRKSIDEMXXXXXXX	0
LEPRGEARSTAELYLTTKEIKLELKPPDIPDSRVP	TPDDEGVYSVIELYLTTKEIKLELKEEGYDEGEEE	0
FQATSSGPILREEFEARKSFLHEQEENVVKIQAFW	FQATSSGPILREEFEARKSFLHEQEENVVKIQAFW	1
VPEPYNHVSKYCASLGHKANHSFTPNCIYDMFVHP	NGNTLDVYNHVYCSLGHKANHCIELTVYXXXXXXX	0
VMGNLDRERWDSYDLTIKVQDGGSPPRASSALLRV	SYELQAGLVKQPQLLTIKVQDPRASSALLXXXXXX	0
VLDYLNETQQLTPEIKSKAIGYLNTGYQRQLNYKH	PNIYVLDLNQLTPEIKSKAIGYLNTGYAYIXXXXX	1
EPYCSTACMNSHKTKYAKSQSLGIICHFCKRNSLP	PNGEYTACMNSHKTKYAKSQSLGIICNSLPQYQLY	1
AKIAVYHLQELASAELAKEWPKRKVLQDLVPDDRK	LKIAVYHLQELASAELAKEWPKRKVLQDLVPDTTK	0
RDLNCVPEIADTLGAVAKQGFDFLCMPVFHPRFKR	SSGRDLVEIADTLGAVAKQGFDFLCDTLIIINKEF	0
DKKNLVDPFVEVSFAGKKVCTNIIEKNANPEWNQV	DDVESFLLFVEVSFAGKKVCTNVVNLQICKIKLTI	1
VRAVFDNLIQLEHLNIVKFHKYWADIKENKARVIF	VVWNFDNLIQLEHLNIVKFHKYFITEYMAYLTIFQ	0
AQAVEHRKKAQAELASFKVLLDDTQSEAARVLADN	KLAVEHRKKAQAELASFKVLLDDTQSEAARVLAXX	0
DLMDTVPAEQLYEAHLEKLRNERKRVEMRRAFKEN	IDHLSCAAEQLYEAHLEKLRNERKRVEMQWLXXXX	0
HKRTGFSTSPESPYTHWKQTVFYMEDYLTVKTGEE	VAYFNFSTSPESPYTHWKQTVFXXXXXXXXXXXXX	0
ELKLKHLIIENFIPLEEKSKIMNRAFFDEEEDHWK	ELKLKHLIIENFIPLEEKSKIMNRAFFDEDHWKLH	0
SNIYLQNGPDRIGRLYKKALYLQYTDETFRTTIEK	XXXXXIIETTWDYRLYKKALYLGFLGASRKDIASG	1
DSDRRRMSVIVQAPSGEKLLFAKGAESSILPKCIG	RYKLLHISVIVQAPSGEKLLFAYRKFTSKEYEEID	0
VSLATRLLAQCSEVQLGKTTTAQDLVQHFKKLSTQ	VSLATRLLAQCSEVQLGKTTTAQDLVQHFKLLAXX	0
HSKHHAAYVNNLNVTEEKYQEALAKGDVTAQIALQ	GSRQKHAYVNNLNVTEEKYQEALAKGDVTAQIALQ	1
REPLPSRPLNARPGPGKKEVQVSQYRHHPLRTRRR	REPLPSRPLNARPGPGKKEVQVSQYRHHPLRTRRR	1
EVPVSLKEAVCEVALDYKKKKHVFKLRLNDGNEYL	HEWKARSWHNCEVALDYKKKKHVFKLREYLFQAKD	1
IEGRWKKLSSQLVEHCQKLEEQMNKLRKIQNHIQT	QRLGELQQSSQLVEHCQKLEEQMNKLRKINEAEXX	0
NNEVHFFENNNFNTIANKLHLQKINDFVLSPGPQP	RNVNNEVHFFEFNTIANKLHLQKIFLYKVAVYQYP	0
ASTNRGKDLIGVQNLLKKHQALQAEIAGHEPRIKA	IAASTNRGLIGVQNLLKKHQALQAEIAKASQRRQD	1
FNLTTSRHNFPALFGDVKFVCVGGSPSRMKAFIRC	XXXXXXXDCPVPLFGDVKFVCKVGPVLSILLYARC	0
VPQFTSAGENFDKLLAGKLRETLNISGPPLKAGKT	IVPQFTAGENFDKLLAGKLRETLNISGRTFYGLHQ	1
DEDEKAFTISSNPYENQKIPTKENVYEAKSYERSV	FKMEKAFTISSNPYENQKIPTKENVYEAKSYERSV	1
ALLKFVQLEGAHPLEKSKWEGNYLFPRELFKLVVG	LFVGQLPVEGAHPLEKSKWEGNYLFPRELDHVKRA	1
SISGSSARHMVMQKLLRKQESTVMVLRNMVDPKDI	DLSLGGQRHMVMQKLLRKQESTVMEFSIASETHEV	1
KTIAEQAVAAGVPVEVIKESLGEEVFKICYEEDEN	LHFEKTIAEQAVPVEVIKESLGEEVRTTSLILPGI	0
MFKKFDEKENVSNCIQLKTSVIKGIKNQLIEQFPG	XXXXXXXXXXXXNCIQLKTSVIKGIKNQLLNIMPK	0
LRLRQLEKSLLQALNEVKGRILDDDTIITTLENLK	VDQVKSLKSLLQALNEVKGRILDDDTIITTLEXXX	0
KSSLIHRFLTGSYQVLEKTESEQYKKEMLVDGQTH	DARSGKSSLIHRYQVLEKTESEQYIREEAGAVFSS	0
YQLGLRMQHNLEQQIQAKDIKGVSEETLKEFSTIY	TLESQLEQHNLEQQIQAKDIKGVSEETLKEFSTLE	0
KDAKSHGLIDEQILCQLKELSKAKEIISAASPTTI	FDLKDAKLIDEQILCQLKELSKAKEIIITMAKVGX	0
TTLTAAITKILAEGGGAKFKKYEEIDNAPEERARG	TTLTAAITKILAEGGGAKFKKYEEIAHVEYSTAHY	1
QPQNPPAQPAPNAWQVIKGVLFRIFIIWAISSWFR	XXXXXXXXXXPNAWQVIKGVLFRIFIIYQSEQDSV	0
TLQRASAAPKPEPVPVQKGEPKEVVKPVPITSPAV	XXXXXXAAPKPEPVPVQKGEPKEVVKPVPIETEDW	1
GFKVPPFVDLNVNSNEGKQKKRGGGGGFGYQKTKK	QIFNVNNLDLNVNSNEGKQKKRGGGGGFGYQKTKK	0
LAWCQEEHKNQGYYDYVKPRLRTTISRAKPVWYAG	PFLLAWCQKNQGYYDYVKPRLRTTISRKPVWYAXX	1
STILGDITSIPELADYIKVFKPKKLTLKGYKQYWC	XXXXXXXXXXXXXADYIKVFKPKGYKQYWCTISCY	0
QKQIRLCRELSDLVSICKSVQYRDFELSMKSQNYW	KGKKLPVTELSDLVSICKSVQYQNYWEMCSFLSRX	0
SASRDRRRRSKPLTRGAKEEHGGLIRSPRHEKKKK	SASRDRRRRSKPLTRGAKEEHGGLIRSPRHEKKKK	1
ENSKVLGEAMTGISQNAKNGNLPEFGDAISTASKA	XXXXXXXGAMTGISQNAKNGNLPEFGDAILIQTAR	0
PTNGAIYALRSFNFEQTKAFEFKVLAKDSGAPAHL	NNHIGIYVARSFNFEQTKAFEFVRVTVLDVNDNSD	0
HTSAVSIAGKETLSSAAKSGTEKKKEKPQGQREKK	XXXAVSIAGKETLSSAAKSGTEKKKEKPGTDGNES	1
SNFNCRQLEMILNKPGLKYKPVCNQVECHPYLNQS	GAKSIGVLEMILNKPGLKYKPVCKDIXXXXXXXXX	1
DFSAFMKHLKKLWKALDKDQYLPRKLCDSARNLEW	VQGYASLHLKKLWKALDKDQYLPRKLCXXXXXXXX	0
LDCAKKLYQEFGIRGIYKGTVLTLMRDVPASGMYF	ERIKCLALYEFGIRGIYKGTVLTLLKSRFQTAPPG	1
YQESDGKAQVTGPSQISKTDKSFQGTTRQETNYQD	PQGISVKHLDTGPSQISKTDKSFQGARGLKLEEIT	0
RAAERREKYGIPEPPEPKRRKYGGISTASVDFEQP	IAAERREKYGIPEPPEPKRRKYGGISTASVDFSKE	1
VGDEGEFKLNQPELVAQKWGQRKNKPTMNYEKLSR	LDDARDCILNQPELVAQKWGQRKNKPTMNYEKLSX	0
KTEQENEAKCRNSKPGKKKNDFEQGELYLREKFEN	KKVKEEKAYKKNSKPGKKKNDFEQGELYVYNKKKR	1
GTRSQRPEESEPLEKKGKYEGPKAKPLNTSSKKWG	RGDEGTRSQREPLEKKGKYEGPKPSIEAIAELPNX	1
PFYQKQGGHYFPKDHLKKAVAEIEEMCNILKTEGV	XXXGRAENAYFPKDHLKKAVAEIEEMCNAHPLWDA	1
SPNETKYIISLDQDSVVKLENWTDASRVDGVVLEK	VLIMAKYIISLDQDSVVKLENWTDARVDGVVLEKF	0
EPEVFHLNPAKSDTITFKRLIRFVPSSLSWYGAYL	YLLEPEVHPAKSDTITFKRLIRFVPSSWGAYLVNA	1
GGSFENNWNIYKLLAHQKPPKEKSNFSLAILNVGA	RLGETRSRNIYKLLAHQKPPKEKSSVRTGISHGHT	1
VCVRSLEEAIQFINQREKPLALYMFSSNDKVIKKM	SPCCVDQEEIQFINQREKPLALYIETSSGGVGGVG	1
PTAIRAIRQQDPGAALGKQYSLTRFKTLFVAGERC	LAEGVIIRQQDPGAALGKQYSLTRFLWSKNVFRVX	1
PDSPRVKQGDSNKSRSDKLGFKSPTSKDDKRTEGN	SSSPRVKQGDSNKSRSDKLGFKSPTSKDDKRXXXX	1
DKEKIDQLQEELLHTQLKYQRILERLEKENKELRK	DKEKIDQLQEELLHTQLKYQRILERLEKENKELRK	1
SGSHNWGTVKDELTESPKYIQKQISYNYSDLDQSN	SGSHNWGTVKDELTESPKYIQKQISYNYSDLDQXX	1
LRAVDFAERHGYIKGIVKDIIHDPGRGAPLAKVVF	XXXXXXXKGALRIKGIVKDIIHDPLAKVVFRKKRT	1
ESLNRELQERNRILENSKSQTDKDYYQLQAILEAE	XXXNRELQERNRILENSKSQTDKDYYQLQAILEMK	1
FIVPLTDLRIPSVQINFKDLKNIKIPSRFSTPEFT	QALQKATFQTPSVQINFKDLKNIKIPLAALFISQS	0
EDLNMYEASKDGLFRVDKGAGNNPEFEETRRVFAT	EDLNMYEASKDGLFRVDKGAGNNPEFEETRRVFAT	1
WFQSVREKYLKEIRAVAKQQNVQSASQDEKLLQTM	XXFSVREKYLKEIRAVAKQQNVQSASQDEKLLQTM	1
ERKKANEVDRMVLVGDVKDRVAILVDDMADTCGTI	TIVSAVDFALIVLVGDVKDRVAILAADKLLSAGAT	1
QVEEVEEEEDEAAREVRKQQPNPGNELCYKVIVTR	QVEEVEEEEDEAAREVRKQQPNPGNELCGILPWAP	1
ATGHPGGGQGAENPAGLKSQGNELFRSGQFAEAAG	XXXXXXXXXXAENPAGLKSQGNELFRFAEAAGKYS	0
RVIGNMGQTMEQLTPELKSSILKCVQSTKPSLMIQ	DDLIGMGQTMEQLTPELKSSILKCVAIQALRKMEP	0
QEEQLMKLNSGLGQLILKEEMEKESRERSSLLASR	QEEQLMKLNSGLGQLILKEEMEKESRERSSLLAPE	0
QQADSFKATRFNLETEWKNNYPRLRELDRNELFEK	XXXXXFKATRFNLETEWKNNYPRLRELDRELEDDI	0
LKKAAEVPNEELINLLLKFEIKEVILEFTKQQKEE	XMARFKVSGGLPINLLLKFEIKETQLGTEATMRLT	0
FSEQSTLIRSLQSQLQNKESEVLEGAERVRHISSK	XXXQSTLIRSLQSQLQNKESEVLEGAERVRHISKA	0
HKLQDLRDENFPLFVTSKQLLLLLDASLPKPFFLR	XXXXXFVTKNHCHFVTSKQLLLLLDAFFLTIIGWS	0
ETKERNRYCLELTEAGLKVVGYAFDQVDDHLQTPY	VAYINVRYCLELTEAGLKVVGYQVDDHLQTPYHET	0
SSKESSPIPSPTSDRKAKTALPAQSAATLPARTQE	SSKESSPIPSPTSDRKAKTALPAQSPSQNASASSD	1
FAMDDKSENEPIENEAAKYDLKYIGLDGNIACFVN	EFFADDKSNEPIENEAAKYDLKYILDLGVKAQVYQ	1
GGPGSTLSFVGKRRGGNKLALKTGIVAKKQKTEDE	GGPGSTLSFVGKRRGGNKLALKTGIVAKKQKXXXX	1
GFQGGQNKYVGTGGIDQKPRTLPRNRTFPIRGFQI	ESRNYGFQYVGTGGIDQKPRTLPNRTKYVPTPDRS	0
ELTKKSEEVFQLQEQINKQGLEIESLKTVSHEAEV	ELTKKSEEVFQLQEQINKQGLEIESLKTVSHEAEX	0
KSQEGKPKEHTEPKSLPKQASDTGSNDAHNKKAVS	XXXXXXPKEHTEPKSLPKQASDTGSNDAHEEDDET	1
RIVGDWTEGLFNACGCDKQEFQDAWKLPKIAVDGP	VIRIDWTEGLFNACGCDKQEFQDAWKLPKXXXXXX	0
EIKLSDDFDSPVKGPLCKSVTPTKEFLKDEIKQEE	XXXXXXXXXSPVKGPLCKSVTPTKETSLPTEKSQT	1
VSITEHPKINEWLTLVEKEMRVTLAKLLAESVTEV	VMFKTPVSHNEWLTLVEKEMRVTLAKDVLGFEYFV	0
GAKEVVIFGAASELFTKKNINCSIEESFQRFDAIL	XXVWVPNFGAASELFTKKNINCSIEESFRYVSCAG	1
PSGRNCFPKQTAAQVTLKAISAHFDDSSASSLKNV	LEETIKNLFQTAAQVTLKAISAHFDDVFIYVQEMA	0
VLQQLLVLQPEQQLNIYKTLKTHLIEKGILQPTLK	VLQQLLVLQPEQQLNIYKTLKTHLIEKGILQPTLK	0
RQETVDCLKKFNARRKLKGAILTTMLATRNFSAAK	GYPWDEDQKKFNARRKLKGAILTTMLAAKQEIIKV	1
SIVEKTLVDAVAKLPAQKTEVFRGVLEQLRWFAGK	GPDGITLVDAVAKLPAQKTEVFRGVLSAEIPYSRE	1
CRVFKTDMELEVLRYTNKISSEAHREVMKAVKVGM	XXXXXXETLLEVLRYTNKISSEAHREYCRGGMMGG	1
RTVSKVDDFLANEAKGTKVVGAQSLKEMVSKLKKP	FVVCAFVDFLANEAKGTKVVGAMKLKXXXXXXXXX	1
SQETQGGPLAPMTGTIEKVFVKAGDKVKAGDSLMV	XXXXXXEKSPAMTGTIEKVFVKADSLMVMIAKMEH	0
DCIRLSVENVPCIVTLCKIGYRHVVDATLQEEACS	XXXXXXXXIVVQCETLCKIGYRHVVDATEEACSLA	0
NRFSLVPHNYGLVLYENKAAYERQVPPRAVINSAG	QWRNRFSLVPGLVLYENKAAYERQVPPRAVFCMME	0
VLKKVQPWHAGQYEILLKNRVGECSCQVSLMLQNS	PTVHWLGKAQDVFEILLKNRVGECSCQXXXXXXXX	0
SSTIDPAVSKELAKEVEKMGAVFMDAPVSGGVGAA	KKGSLLIVSKELAKEVEKMGAVFMDGVEVXXXXXX	1
HRYRPGTVALREIRRYQKSTELLIRKLPFQRLVRE	XXXYPGTVALREIRRYQKSTELLIRKGALQEASEA	1
TLPSQGVDDFLQAKAKSKTLDFIDVLLLSKDEDGK	IKCVFSVDDFLQAKAKSKTLDFIDVLSWFXXXXXX	1
RPGHPMGKFFWGNAETLKHEPRKNNIDTHARLREF	DREVEAVDSYWGNAETLKHEPRKNNIDTHARLXXX	0
IKRARLAKVHAYIISSLKKEMPSVFGKDNKKKELV	XXXXXXHYRHAYIISSLKKEMPSVFGKDNKKKELV	1
SYLPSFFTKLENTSPMVKSKKQEIFRKLNSSGGGD	QQMQVNFTKLENTSPMVKSKKQEIFRKLNSTTSGS	1
KKAREEKQKKLIELQAGKKSLEDQVEMLRTVKEEA	XXXXXEKQKKLIELQAGKKSLEDQVEMLRKFEEAE	1
KDDIRYLLTMDKLWRKRKPPVPLDWAEVQSQGEET	EAFIRYLLTMDKLWRKRKPPVPLLRMHIFSMNMXX	0
DFVTRYLNIFGESQPNPKTVELLSGVVDQTKDGLI	XXXSPNDFVTIFSQPNPKTVELLSGVVDGLLFKQV	0
ATLPNIMKAKKKKIEVIKPGDLGVDLTSKLSVISV	EALQVARVLAKLKIEVIKPGDLGVDLTXXXXXXXX	1
PSQQAPSGSDLANPQAQKLLTQMTRLDGDLGQIER	XXXXXXXXXDLANPQAQKLLTQMTRLDEKETAQKE	0
RNQELEKERLKIVQEFGKVDPGLGGPLVPDLEKPS	RNQELEKERLKIVQEFGKVDPGLGGPLVPDLEKPS	0
SDATVKILITTVPPNLRKLDPELHLDIKVLQSALA	PTLEAVTGITTVPPNLRKLDPELHLDIKVLQSALX	1
SRIEEGVPQFLVLISSGKSDDEVDDPAVELKQFGV	SAFSDRQINVGALISSGKSDDEVDTIARNADQEEL	0
PLVSDPKRTIAQDYGVLKADEGISFRGLFIIDDKG	ASVDDPKRTIAQDYGVLKADEGISFRGLTVNDLPX	1
QCKEVDILISTALIPGKKAPVLFNKEMIESMKEGS	NVGYAKEMISTALIPGKKAPVLFNDLAAEAGGNFE	1
RMVVPAALKVVRLKPTRKFAYLGRLAHEVGWKYQA	RNKLKYALKVVRLKPTRKFAYLGRLAEXXXXXXXX	1
AHEVVAHWIAESRIAIEKIRLLTLKAAHSMDTLGS	ECMTVGAEIAESRIAIEKIRLLTLKAAEMIKVAAP	1
YSFGCPEYGQLGHNSDGKFIARAQRIEYDCELVPR	EFFGCPEYGQLGHNSDGKFIARAQRIEYDCELNGF	0
SLGSPSNLCGSPPGSIRKPPNLEGIVFPGESGLAP	RKHKYDALCGSPPGSIRKPPNLEGIVFPGESGSXX	0
LRVSLTTRVMLTTAGGTKGTVIKVPLKVEQANNAR	XXXDVSTRVMLTTAGGTKGTVIKVPHMSLESLICE	1
KRFQNVAKEGVKFDESEKTKESREAVEKEFEPLLN	EKQRLKKGYGVKFDESEKTKESREAVEKEFEVVSQ	1
TDRGGDSIGETPTPGASKRKSRWDETPASQMGGST	XXXXXXXXGETPTPGASKRKSRWDETPASQLPPPA	1
NALKTVINDPLYKENAMKLSRIHHDQPVKPLDRAV	MKAKGAAVDPLYKENAMKLSRIHHDQXXXXXXXXX	1
VGSHAVNGVAKIHSDIVKTKVFKDFSELEPDKFQN	MAHIAVNGVAKIHSDIVKTKVFKDFSELEPDKFQN	1
SQTSAPVWDESASFLIRKPHTESLELQVRGEGTGV	QAELAAALLVGDSFLIRKPHTESLPLSELLLGILX	0
RVHIGQVIMSIRTKLQNKEHVIEALRRAKFKFPGR	VKSCGGFHISIRTKLQNKEHVIEALRIHISKKWGX	1
SLVKSSLADSDHLQDWLKKLTLLIPETAVRHESCS	XXXXMSAYYDDHLQDWLKKLTLLIPRSCLAASTLL	0
RNLCSDDTPMVRRAAASKLGEFAKVLELDNVKSEI	CGLFSVFRLCVRRAAASKLGEFAKVIMFLVLAVEA	1
NYLKKVISYWRNEFDWKKQVEILNRYPHFKTKIEG	TSDEIHLHYWRNEFDWKKQVEILNRYPYYKSLDDL	1
WNAQTGEKLLELNGHTQKITAIITFPSLESCEEKN	FLSAGDDGIVVLNGHTQKITAILTASADRTVISTV	0
PSGDRSQQKDKQSYRDLKEVTPEGLQMVKKNFEWV	GSDRRSQQKDKQSYRDLKEVTPEGLQMVKKNXXXX	1
GKSVASDVPEELDFLVPKAGFFCPICSLFYSGEKA	CVLQFGTDPEELDFLVPKAGFFCPICSLFYSGEKA	0
TRGAYRDCLGRLDLQYAKLLNSSKARLRSLESLHS	SIEEFRICLGRLDLQYAKLLNSSKARLRXXXXXXX	0
GGVEPSLEHLLDIQGLPKRQAGAGSSSPEAPLRSE	XXXXXSLEHLLDIQGLPKRQAGAGSSSPEAPLRSE	0
PAGSGLKRSSGMSSLLGKIGAKKQKMSTLEKSKLD	KEKPGLKRSSGMSSLLGKIGAKKQKMSTLEXXXXX	1
QPSSNKLHNCRIFGLDIKGRDCGNEAAKWFTNFLK	GHMQSNKLHNCRIGLDIKGRDCRLVQFETNMKGRT	1
LSSRFSKSQLDIIIHSLKKCDISLQFFLPFSLGKE	QFEKRHIEQLDIIIHSLKKCDISLQVMVMISLEGD	1
QKLQELENRLSLQDGTLKKILALAKSVKQNTSSVG	CVTDLNTLRLSLQDGTLKKILALAKSVKIKDIKSL	0
KLTGVEGNLEALAEYACKLSEQKEQLVETCRLLRH	VVLKALKTLEALAEYACKLSEQKEQLVFQGQQIIS	0
KNCQDKLETSLHVLNQIKSQLQQPLLINLEIKHIQ	XXXXXXXXTSLHVLNQIKSQLQQPLNCEAFQEQVW	0
YGYIHDPSGGPVSLDFVKSGDYALERMGVTYGAQA	NGVYGYIHDGPVSLDFVKSGDYAGAQAHLKSPXXX	0
RKGAAPAPPGKTGPAVAKAQAGKREEDSQSSSEES	XXXXXXXPPGKTGPAVAKAQAGKREEDSAVTSAQV	1
ALERLEGVEGVAHIIDPKAISKDHLYGTLDPNTRE	XXXXXXXXXXXXXIIDPKAISKDHLYLFDGDVDPE	0
RQNKELKVKLQEMEGTVKSKYKASITALEAKIAQL	FLNKELKVKLQEMEGTVKSKYKASITALEAKIAXX	1
RSGREITWKDFVNNYLSKGVVDRLEVVNKRFVRVT	XXXXXITWKDFVNNYLSKGVVDRLVTFTPGKTPVV	0
RRYLSAQKPLLNDGQFRKTEQFCKSFENGIGKELH	RRYLSAQKPLLNDGQFRKTEQFCKSFENGGLPELY	1
SIEKSHKTVFVLSENFVKSEWCKYELDFSHFRLFD	XXSYSERDAFVLSENFVKSEWCKYELFILLEPIEK	0
QITDQEGKPKRAIVHDNKDGTYAVTYIPDKTGRYM	IDARDAGEGLLAIVHDNKDGTYAVTYPSEVGLVNY	1
KDQECDKFNQCGTCNEFKECHAIRNYTLWRVGDYG	KDQECDKFNQCGTCNEFKECHAIRNYXXXXXXXXX	0
ATGSDDNCAAFFEGPPFKFKFTIGDHSRFVNCVRF	IKPYRLATAAFFEGPPFKFKFTKTGXXXXXXXXXX	0
DNATDSVPLRTGIGVQLKDIKVFNRDRQKGTNVCA	DRTHNGSIKRTGIGVQLKDIKVXXXXXXXXXXXXX	0
PSLDIEVDGGVGPDTVHKCAEAGANMIVSGSAIMR	PKVHIEVDGGVGPDTVHKCAEAGANMILRNVCSEA	0
KTTYMDPTGKTRTWESVKRTTRKEQTADGVAVIPV	LISEGKWVKLEKTWESVKRTTRKEQTADGLVCMDP	1
IYKKGDIVDIKGMGTVQKGMPHKCYHGKTGRVYNV	MFSRGVVTYIKGMGTVQKGMPHKYHVTQHAVGIIN	1
IRVLLEAAIRNCDEFLVKKQDIENILHWNVTQHKN	PFALLEAAIRNCDEFLVKKQDIENILHIEVPFKQP	1
TVRPGELLAVVGPVGAGKSSLLSAVLGELAPSHGL	XXWTLQLLAVVGPVGAGKSSLLSAVLSQLLDDILV	0
QLASKDRVSERSSAGAHKTDCLKLAEAGETGRIIL	SLASKDRVSERSSAGAHKTDCLKLAQAVSQGSVPS	1
FLRLREGLKNQSPTEAEKPASSSLPSSPPPQLLTR	XXXXREGLKNQSPTEAEKPASSSLPSSPPPQLLEE	0
VINTHTKVLANNSLSFEKAYCEYRLNRIENALKTI	EALNVINHTLNNSLSFEKAYCEYRLRINALKTIES	0
LRNACRGGGVGGFLPAMKQIGNVAALPGIVHRSIG	PMGVFMFELRACFLPAMKQIGNVAASGVHSGGFAN	0
DAGRYSCKAINIAGTSQKYFNIDVLVPPTIIGTNF	KDNGKILRYSCKAITSQKYFNIXXXXXXXXXXXXX	0
DNVDARMYMDRRCVYYRKPLLESGTLGTKGNVQVV	QNLDGVANMDRRCVYYRKPLLEVVIPFLTESYLVV	1
LHLQFLIRNNNTDLMILKNTKDAVRNSVCHTATVI	XXXXXXXXXXXTDLMILKNTKDAVRCHATVANSMH	0
EDQTEYLEERRVKEVVKKHSQFIGYPITLYLEKER	NEIFLREISRRVKEVVKKHSQFIILNKTSLTNIKL	1
KCGIRLASVPGSQTVVVKEITIHTKLPAKDVYERL	ICAVCGIRLASVPTVVVKEITIXXXXXXXXXXXXX	0
IDRLILELKLPPTDAYYKLRHIVDEVNGLISMYST	NKIDRLILKLPPTDAYYKLRHIVDEVFGFVLPIPG	0
LPGGVVPRMLITILGTVKPNANRIALDFQRGNDVA	XXXXXXPLIVPYILGTVKPNANRIANPRFNRFPFE	1
DTTESKLRREFEVYGPIKRIHMVYSKRSGKPRGYA	LFVESKLRREFEVYGPIKRIHMAFIEYEHERDMHA	1
TARITELMQVLKDLNHGKYERTMVSQQEKGIEGVQ	LDNRIELMQVLKDLNHGKYERTMLIPGAPLWPLFX	1
MKENVAFEQEKEGKSNEKNDFTKFKTEQENEAKCR	MKENVAFEQEKEGKSNEKNDFTKFKTEQENEAKCN	1
AMEYVQKTLTDEELADWKRRQQIACIGGPPNICLD	XXXXXXXXLTDEELADWKRRQQIACIPPNICLLSA	1
RPCRRYSTSGSSGLTTGKIAGAGLLFVGGGIGGTI	XXXXXXXTSGSSGLTTGKIAGAGLLFVGITIRESV	0
PKCDKTVYFAEKVSSLGKDWHKFCLKCERCSKTLT	PKCDKTVYFAEKVSSLGKDWHKFCLKLTPGGHAEH	1
GTTQPKSPCLTALDTTGKAVYTLTYGKLWSRSLKL	XXXXXXXXXLTALDTTGKAVYTLNSDPVTNVVVSV	0
SPRIPIDDLTMVVYDPDKGSNGTFLLSLGGPDAEA	DEERVMDVNDHKPYDPDKGSNGTFAVGSADSVSXX	0
ELTKKSEEVFQLQEQINKQGLEIESLKTVSHEAEV	ELTKKSEEVFQLQEQINKQGLEIESLKTVSHEAEV	0
IEDPVTKKRLSVGEAVQKGWMPRESVLPHLQVQHL	IEDPVTKKRLSVGEAVQKGWMPRESVLDALSGMIS	0
RDKTEFAQDKYIKKKKKKYEAIITVVKPSTRILSI	EEIVQQLIDKYIKKKKKKYEAIIXXXXXXXXXXXX	1
QDGKGDVTITNDGATILKQMQVLHPAARMLVELSK	KMIQDGVTITNDGATILKQMQVLHARMLVELSKAQ	1
VEKMAAMKEKPAENTLFKAYPNKGVGQANKPDETS	SVFAEEMKEKPAENTLFKAYPNKGVGQANKPDEEG	1
MPKRGLEVSKCEIARFYKLHERKCEPIVMTVPRKS	DSSISEPQRGMGSMRFYKLHERKCEPIVXXXXXXX	1
FPTTSKTDQRWSSTSSSKIMSQSQVSKGVDFESSE	VTLEGTTDQRWSSTSSSKIMSQSQVSKGVXXXXXX	1
TEYSFLKEVRNCLTNTAKCKILIFQTDFEDGIRSA	VTGRAPKPTRNCLTNTAKCKILIIRENEDRIFVXX	0
DDVFGYPQQFEDKPALSKTEDRKEYNIGVLRHLQV	XXXXXXXXTFEDKPALSKTEDRKEYNIGVLKQFRL	0
NLDRSNDKVYENVTGLVKAVIEMSSKIQPAPPEEY	XXPQEISPVYENVTGLVKAVIEMSSKMVKEVGLAL	0
DDVFLRELAKVKQENKLKFSQFLETEYKVKINPSS	XXECNPGLAKVKQENKLKFSQFLETEYKVKINPSS	1
ASAGIQVVGDDLTVTNPKRIAKAVNEKSCNCLLLK	YEAENQDWGDDLTVTNPKRIAKAVNEKSCLLLQIE	1
TPVKKKAKKAGATAGKRKASGPPVSELITKAVAAS	XXXXXXXXKAGATAGKRKASGPPVSELITKLAGYD	1
PRHRGASAINWTLIHGDKKGGFSIFWADDGLDTGD	XPSLLRHAINWTLIHGDKKGGFKECEVLPDDTVTL	1
PEDENLYEKNPDSHGYDKDPVLDVWNMRLVFFFGV	PEDENLYEKNPDSHGYDKDPVLDVWNMRLVFFFGV	0
CTRSVTVRLPGLHNSLVKLKHGAGVAMDGQDVQLP	XSIVIETRSVTVRLSLVKLKHGAGVAMDGQDVQIV	0
LSPKTGGKEAASGTTPQKSRKPKKGAGNPQASTLA	PAAPAAMTAAASGTTPQKSRKPKKGAGQTVXXXXX	1
LSQVLAAKEKHLAEIKRKLGINSLQELKQNIAKGW	LSQVLAAKEKHLAEIKRKLGINSLQELKQNIAKGW	1
RAIELWYHDPACTTPVLKLMAELVHNRSQRLQFDV	RDLRGAFLIPACTTPVLKLMAELVHTMIYKGISIC	0
GQSPGKAIENLIGKPTEKSQTPKDNSTASASLASN	TNGQSPGKANLIGKPTEKSQTPKDNQAGXXXXXXX	1
TVWGALRGLETFSQLVWKSAEGTFFINKTEIEDFP	YPLLFGWPRPYLSQLVWKSAEGTFFINHCERCEQX	0
FILVLNEKKTKIRSLHNKLLNAAQEREKDIKQEGE	FILVLNEKKTKIRSLHNKLLNAAQEREKDIKQEGE	1
TWRKAASLKSNYNLPMHKMINTDLSRILKSPEIQR	YAICSALAATWRNLPMHKMINTDLSRILXXXXXXX	1
FQPTLRTLAHPISQEYLKDTLQKWIHMCNEDIKNG	QAHALFYTLPPISQEYLKDTLQKWIHMVLCRRLLE	0
DLLKTENLNDDEKLNNAKYAISMARKIGARVYALP	SSTSLVLLLDDEKLNNAKYAISMARKVYALPEDLV	1
SGSVKTVNVPFHLALSDKKSERAKDMHLVKKLAAL	QQGPRVGAVPFHLALSDKKSERAKDMHLIKYXXXX	0
KLKGPKFKMPEMHFKTPKISMPDVDLHLKGPKVKG	LKGPKMKGDYDVKAPKLKTDVDKGPKVKGDMDLKG	1
GVFHRARGRTLAAFPAEKESEWKGPFYFILGADPQ	XXXXSARARTLAAFPAEKESEWKGPFYKFAIPSFW	0
AKGRQNISPDKIPWSALKTLMAQSIYGGRVDNEFD	LFHSACDTVWLIPWSALKTLMAQSIYGGQRLLNTF	0
QGKEAAQRVLSQIDVAQKKLQDVSMKFRLFQKPAN	ISLEEMKRVLSQIDVAQKKLQDVSMKFRXXXXXXX	0
NVNHKPSNTKVDKRVELKTPLGDTTHTCPRCPEPK	CVSSSLGTQTYTKRVELKTPLGDTTHPPELXXXXX	1
GGVSAPDISLGEGHLSVKGSGGEWKGPQVSSALNL	KGVSAPDISLGEGHLSVKGSGGEWKGPXXXXXXXX	0
HVNGYGKITGKNQVTATKADGGTQVIDTKNILIAT	ETLVHVNGYGKITVTATKADGGTQVINLXXXXXXX	1
QAWKLGPALATGNVVVMKVAEQTPLTALYVANLIK	FGDDVACGQIIPWQVVMKVAETPALVNIVPGFGTA	0
IFVYDVKPGAEEQTQVAKAAFKRFKTLRHPNILAY	GPWFVYDVKAEEQTQVAKAAFKRFKTGLETEKCLH	0
LQNKLEVLNQRWQNVLEKTEQRKQQLDGALRQAKG	HVLQNDVLNQRWQNVLEKTEQRKQQLDXXXXXXXX	0
QGAELSNEERNLLSVAYKNVVGARRSSWRVVSSIE	ERYDDMAAMRNLLSVAYKNVVGARRSLICDVLFYK	1
EEEELEETAQEKKLRLAKLYLEQLRQQEEEKAEAR	EEEELEETAQEKKLRLAKLYLEQLRQQEEEKAEAR	1
KSNSLAFIKRTPVIDADKPVSSQLRVLTLSEDSPY	FLSDPHFIKRTPVIDADKPVSSQLRVXXXXXXXXX	0
ESEEKGDPNKPSGFRSVKAPVTKVAASIGNAQKLP	THLLILEEPKPSGFRSVKAPVTKVAASIGNATGVX	1
VAPLAPDTQVLVMPLADKEAGAVAAVILVHCGQLS	DSREAIISQKRVMPLADKEAGAVAAVIQAVEKHTL	0
EGKIDGIIDKTIIGDFQKEQKKFVEEQHTKKSEAA	VGKIDGIIDKTIIGDFQKEQKKFVEEQHTKKSXXX	0
TEQSHEVQPGVPPPPLPKEQSHEVQPGAPPPPLPK	LERQVSDQPGVPPPPLPKEQSHEVQPGPGNLQGEG	0
TKMILDELQICCHSTCFKCEICKQPLENLQAGDSI	TYCTKMILLICCHSTCFKCEICKQPLENLQSIWIY	0
KGGVHLTKDPNVVGQLAKQMIGYNLATKQTPKEGV	FNSGLKGVHPNVVGQLAKQMIGYNLKVNKVMVXXX	1
ISINQTPGKSLDFGFTIKWDIPGIFVASVEAGSPA	XXXXXXXXXXXDFGFTIKWDIPGIFVASVEALQVD	0
KQLRRFSIATLRDFGVGKRGIEERIQEEAGFLIDA	XXXXXXSIATLRDFGVGKRGIEERIQEVISIDPKF	1
REEQIRRWKEREAAMERKESLPVKPRPKKENGKSV	XXEQIRRWKEREAAMERKESLPVKPRPKKGKSVHW	1
HNPKIALLNVELELKAEKDNAEIRVHTVEDYQAIV	XXXXXXXXXVELELKAEKDNAEIRVHTVEDYQAIV	1
TGKKAVAGQQQASVTAGKVPEVVALGAAEKKVKML	XXXKAVAGQQQASVTAGKVPEVVALGAAEKKVKML	0
KVFNDMKVRKSSTPEEVKKRKKAVLFCLSEDKKNI	XVFNDMKVRKSSTPEEVKKRKKAVGKEILVGDVGQ	1
ITVSADQKYVYVADVAAKNIHIMEKHDNWDLTQLK	VNMDRFCSANGVADVAAKNIHVIQLGTLVDNLAGC	0
DLQLKDMSVVEGGLRARKLEELIQGAQCVHSPRFP	DLVGDPVSVVEGGLRARKLEELIQGAXXXXXXXXX	0
VLGHEASGTVEKVGSSVKHLKPGDRVAIEPGAPRE	PNEVLLRGTVEKVGSSVKHLKPGDRVAIEAKHNAA	1
REKQDETQTKIKRASQKKHVNPVQALSEFKAMDSI	IDIRTEELPEKKRASQKKHVNPVQAXXXXXXXXXX	1
KGTMKMLVSGAGDIKLTKDGNVLLHEMQIQHPTAS	LRTNLGPKGTMKMLKLTKDGNVLLEDGTTSLRTKV	1
GHVTQDAPIPGSPLYTIKAFIPAIDSFGFETDLRT	YVLAGHVTQDAPILYTIKAFIAFSLSVFHXXXXXX	0
SEMKSQYSKVLNELTQLKQLVDAQKENSVSITEHL	AEMKSQYSKVLNELTQLKQLVDAQKENSVSIXXXX	0
SHGTVADCAVVGKEDPLKGHVPLALCVLRKDINAT	VAGHRISAIVVGKEDPLKGHVPLAVRIGPVAAFRN	1
TPRLPMNKEWPSNLDLRKELSEPSSTRIYAIAKAI	XXGDSSRIGWPSNLDLRKELSEPSSTRIYAIAKAI	1
LAKGFSEGTASTFDYSLKDRAPFTVKNAVGVPIKV	IICGLGHRTGEGFDYSLKDRAPFTMGELEEGNXXX	0
AKYKEDFSTTGTAYFEVKEYVLPHFSVSIEPEYNF	VDPIPSNPRYGMWYFEVKEYVLDVVQVSKPEIRSY	0
LEELRARLLPHANEVSQKIGDNLRELQQRLEPYAD	LEELRARLLPHANEVSQKIGDNLRELQQRLEPYAD	0
GMKFDRGYISPYFINTSKGQKCEFQDAYVLLSEKK	XXXXKRGYISPYFINTSKGQKCEFQPVVRLGLQVV	1
EQKLLTPITTLTSEQIQKLLASTRYPPPAVESDAA	FSLSPEYPITLTSEQIQKLLASTRYXXXXXXXXXX	0
EQRRPQLEELITAAQNLKNKTSNQEARTIITDRIE	ADFNAWLEELITAAQNLKNKTSNQEARTIITDRIE	0
SVFSPSFGLKQTDKVPSKTVAAKKGKPSSDTVPKP	EDDSASFGLKQTDKVPSKTVAAKKGKPSSDTVPKP	1
SNRTSGLGKTHTVGSVAKVEQVKFDATSMHVKPQV	DFLKGRAGKTHTVGSVAKVEQVKFDSXXXXXXXXX	1
VVKDLKDKAKETADAITKEAKKATVNLLGEEKKST	VVKDLKDKAKETADAITKEAKKATVNLLGEEKKST	1
LKKYEKNVYATTVGTPYKGGNLYHTDVSLFGEPTE	VAELKQKILLGCVGTPYKGGNLYHXXXXXXXXXXX	0
AVEASFKCCSGAIIVLTKSGRSAHQVARYRPRAPI	XXXXXXXXXXXXNIVLTKSGRSAHQIAVTRNPQTA	1
MEMYIKKLMEIITVENPKMPYEMKEMALEAIVQLW	LNLYASKLMEIITVENPKMPYEMKEMALNYTXXXX	0
AEPQEAPDSTAAGGSASKRMALVLERVCSTLLGLE	XXXXXXXXXTAAGGSASKRMALVLERVCIQWLKEG	1
LRIRSHPSLQSEQIGIVKVNGTITFIDEIHNDDGV	FVAKDSAGLRIRQIGIVKVNGTITLETIKKYVPWC	0
KDENLPPVICQDVENLQKFVKEQKQVQEEISRMSS	KDENLPPVICQDVENLQKFVKEQKQVQEEISRMSX	0
AAQLREERLRQYAEKKAKKPALVAKSSILLDVKPW	AAQLREERLRQYAEKKAKKPALVAKSSQLDGLVVV	1
ELKSSTVGLVTLNDMKAKQEALVKEREKQLAKKEQ	ELKSSTVGLVTLNDMKAKQEALVKEREKQLAKEEN	1
SRMAAAGGTVSGPSSACKPGRSTTGAPSTTADSKL	EELSRAAGTVSGPSSACKPGRSTTGAPSTASEDSS	0
IPHCVLLREFSVLTELLKKLCSGPEGGLRKLDVET	ELFSGKTIVFSVLTELLKKLCSGPEGGLRSWGLDL	0
PVLISQKLSPIYNLVPVKMKNAHLKKQNLERAIED	TTFVDDIKALTYNLVPVKMKNAHLKKQXXXXXXXX	1
LTVPWVELGGECNINCSKTGYSANIIFHTKPFYGG	VSCLDYDEHYILNINCSKTGYSAIFSPNDXXXXXX	0
NLLRAGRIFVFEPPPGVKANMLRTFSSIPVSRICK	XXXXXXXXXXXXPPPGVKANMLRTFSFLLAWFHAI	0
TAAPQRKSEDDSAVPLAKAAPKSGPSVPVSVQTKD	PGPPPGRSEDDSAVPLAKAAPKSGPSVPVSVXXXX	1
GVMAGDIYSVFRNAASFKEVSDSLLTSSKGQLQKM	HIESRTLAAVFRNAASFKEVSDSLLTXXXXXXXXX	1
NGRCIQANYSLMENGKIKVLNQELRADGTVNQIEG	YLGRWQANYSLMENGKIKVLNQQIEGEATPLEVKF	1
VTGSADRTIKIWDLASGKLKLSLTGHISTVRGVIV	NQWFVTGTIKIWDLASGKLKLSLRLTAKTIKVXXX	0
AMTKEYSFLRTSVPRGPKVGSLGLPAHPREKKTSK	XXXXXXSFLRTSVPRGPKVGSLGLPAHPSGGNVVD	1
KCSGQRGDRGPIGSIGPKGIPGEDGYRGYPGDEGG	XXXXXXXXXGPIGSIGPKGIPGEDGPGDEGGPGER	0
EHIFPALVGRPIIRSTTKVGNIEIKDLMVGDEASE	XXXXXXLVGRPIIRSTTKVGNIEIKDLMVGDEASE	1
DIPERELVRALQSLACGKPTQRVLTKEPKSKEIEN	XXXLQVQVRALQSLACGKPTQRVLTKKSKEIVNQF	0
SGGNSRVTRMRFNYQGNKFGIVDADGYLSLYQTNW	HPTLYYLMFMRFNYQGNKFGILSLYQTNWPKPYLV	0
IESGEVSILIRSRTKSNKDGGNQEVEIARCHKGQY	TQGEKVSILIRSRTKSNKDGGNQEVEIARKPRAAS	1
KYKVLPRIHDVLCKLVEKGETDLIQKAMDFVSQEQ	GDLSTALIHDVLCKLVEKGETDLIQKAMDLFFAFL	1
LQERGGNNSFTHEALTLKYKLDNQFELVFVVGFQK	PVLIVLGGNNSFTHLTLKYKLVFVVGFQKTLTYVD	0
AEAARIEGEGSVLQAKLKAQALAIETEAELQRVQK	AEAARIEGEGSVLQAKLKAQALAIETEAELQRVQK	1
DQDEMNLERGAVVEVIQKNLEGWWKIRYQGKEGWA	EFSLQPEEEEKYVEVIQKNLEGWWKIREGWAPASY	0
VIETKKPPLKKGEKEKKKSNLELFKEELKQIQEER	EGSDVSSPLKKGEKEKKKSNLELFKEELKQIQEER	1
NVSLGQGQETVAEVALEKASKGGHWVILQNVHLVA	ISGKFHNVETVAEVALEKASKGGHWVILLLLRFSQ	0
ITSSRNPACSGANICQVKPNDQHFSRKVGTSDKTK	DNYLYEISRNPACICQVKPNDQHFSRKVFQGKEGQ	0
PYTIITTPPLKDFSLWEKTGLKEFLKTTKQSFDLS	TIPEMTTPPLKDFSLWEKTGLKEFLKTTKQSVVIX	0
NSPTFKSFEEKVENLKSKVGGTKPAGGDFGEVLNS	NSPTFKSFEEKVENLKSKVGGTKPAGGDFGEVLNS	1
KPRLKATVTPSPVKGKGKVGRPTASKASKEKTPSP	QRELMVTVTPSPVKGKGKVGRPTASKASXXXXXXX	1
EKVIYPGLPSHPQHELVKRQCTGCTGMVTFYIKGT	QRLFYPGLPSHPQHELVKRQCTGCTXXXXXXXXXX	1
FEKPTENSSAVLLQWHEKALAVGGLGSIIRVLTAR	VDLLMKYIYAVLLQWHEKALAVGGLGSIXXXXXXX	0
DFFHTHPKVQEVQVVGVKDDRMGEEICACIRLKDG	XKDMIIRGGENIPVVGVKDDRMGEEICAPKYIKFK	0
KYVNKEIQNAVNGVKQIKTLIEKTNEERKTLLSNL	XXXXXXXXXAVNGVKQIKTLIEKTNESIIDELFQD	1
SLVEASSSGVSVLSLCEKGDAMIMEETGKIFKKEK	VLRSLVEASVSVLSLCEKGDAMIMEEIPTSISPLK	0
FLRCHEERILRGHGADVKCVDWHPTKGLVVSGSKD	AIREATCSDDGTVHADVKCVDVSGSKDPIKTVMEV	1
KYIYVADILAHEIHVLEKHTNMNLTQLKVLELDTL	EINISPDDKYIYVHVLEKHTNMNLTQLKLXXXXXX	0
MVSRSEIDLFNIRKEFRKNFATSLYSMIKGDTSGD	ETLYYMKDLFNIRKEFRKNFATSLYSMICEDDXXX	1
VGKPIKLLANYFEVDIPKIDVYHYEVDIKPDKCPR	XXXXXXXXXXXXXVDIPKIDVYTVTIVSWRMLHEA	0
TESPRLFSSHLPIQLFPKSFFSSKAKVIYLMRNPR	DDILVEYSSHLPIQLFPKSFFSSKAKVGWMNFXXX	1
HQAADGIQEQQRQEQAGKNLGTTKKGIGPVYSSKA	XXXADGIQEQQRQEQAGKNLGTTKGTYPFVTRVGI	1
LDDLKGTFAQLSELHCDKLHVDPENFKLLGNVLVT	GKVSKGTFAQLSELHCDKLHVDPENFASALSSRYH	1
IPPQEASARRREIEDKLKQEEETLSFIRDSLEKSD	IPPQEASARRREIEDKLKQEEETLSFIRDSLEKSD	0
SHLPLALLPQTLLDQKVKVVYVARNPKDVAVSYYH	LINLPRLIKSTLLDQKVKVVYVWLSRTHPVLYILE	1
GFEDPRTKTKMSAAQALKKGWLYYEAGQRFLEVQY	XXXKAGFEDKMSAAQALKKGWLYYEAGQRFLLIEA	0
TLFVADAYKGLFEVNPWKREVKLLLSSETPIEGKN	IRAGPNGTLFVFEVNPWKREVKLLXXXXXXXXXXX	1
KNLKNLHALILVNNKISKVSPGAFTPLVKLERLYL	VKITEIKDGDLVNNKISKVSPGAFLSKNQLKELPE	1
PQLSSGADKKLLEELLNKFKSSMHLQLTCFQAASS	CALRDTADKKLLEELLNKFKSSMHLQLTXXXXXXX	0
DIQTERAYQKQPTIFQNKKRVLLGETGKEKLPRYY	XXMAIQAYQKQPTIFQNKKRVLLGETGKEKLPRYY	1
DFPRGHVEELSISHQSLKTAFSSLSNVSSERTKQI	KDMKLAEEELSISHQSLKTAFSSLSNVXXXXXXXX	0
PVTAQETTRPVPAPTNLKITEVTSEGFRGTWDHGA	XXXXXXXXXXXXAPTNLKITEVTGFRGTWDHGYIT	0
SVEDRFDQQKNDYDQLQKARQCEKENLGWQKLESE	SVEDRFDQQKNDYDQLQKARQCEKENLGWQKLESE	1
GDAKMMEILRYTHQFLQKFCAGNPGNQALLHKHLH	RKQQRLKAHRYTHQFLQKFCAGNPNQLETMQHILX	0
AEGNIRFRYIVLQDTCSKRNGNVGKTVFEYRTQNV	MDDQAKNLKKAVQDTCSKRNGNVGKTVPVDVGDQE	0
PAGAAKKPKKVAGAATPKKSIKKTPKKVKKPATAA	PAGAAKKPKKVAGAATPKKSIKKTPKKVKKPATXX	1
ALAIMGDKLWWADQVSEKMGTCSKADGSGSVVLRN	XXXXXXXXXXWADQVSEKMGTCGGSVVLRNSTTLV	0
FVHKVDPRKDAHSTLLSKKETSNLYKIQFHNVKPE	XXXXXXXXXDAHSTLLSKKETSNLYRFSGGYLLLE	1
TRFRVSWDPSPSPVLGYKIVYKPVGSNEPMEAFVG	XXXXXPPIVSWPSVLGYKIVYPMEAFVGEMTSYTL	0
IDNGRAAEFIRRRNYFDKSKCYECGESGHLSYACP	XXXGRAAEFIRRRNYFDKSKCYECGESGHLSYACP	1
MDVQAFERLLGPCMEIMKRNIATYEEQLVALFGTN	ALVTNKAFELGPCMEIMKRNIATYEEQNDIVEPTX	1
ASKGRYIPPHLRNREATKGFYDKDSSGWSSSKDKD	ASKGRYIPPHLRNREATKGFYDKDSSGWSSSKRDQ	1
ENFEELLKVLGVNVMLRKIAVAAASKPAVEIKQEG	ENFEELLKVLGVNVMLRKIAVAAASKPSTTVRTTV	1
RRGMDIKQMKNFVSQELKGLKQEHRLLSLHIGACE	DRRRMIKQMKNFVSQELKGLKQEHRLLSLXXXXXX	0
IWELLNQAQEHFGKDKSKEFQLFSSPHGKDLLFKD	HMKSVIQAQEHFGKDKSKEFQLFSSPHGKDLFDSA	1
DLRVEVQKVYELIDALSKKILTLGLNQDPPPHPSN	KLYEKLRCVYELIDALSKKILTLGLNNLRLQRMIR	0
TAPDALPPEKTLELTQYKTKCENQSGFILQLKQLL	TAPDALPPEKTLELTQYKTKCENQSGFILQLKQLL	0
DELKEVFEDAAEIRLVSKDGKSKGIAYIEFKTEAD	NLPYKVTQDELEIRLVSKDGKSKGIAYIISLTPQN	1
EGVTHYKAGDPVILYVNKVGPYHNPQETYHYYQLP	XXXXXXXXXXXXXXYVNKVGPYPQETYHYYQLHEV	0
RLLTTILHSDGDLTEQGKISKPDMSRLRLAAGSAI	SPETMVKISDGDLTEQGKISKPDMSRLRXXXXXXX	0
KSHKLESIKEITNLKDAKQLLIQQKLELQGKADSL	SIHKLESIKEITNLKDAKQLLIQQKLELQGKADXX	1
RSAINEVVTREYTINIHKRIHGVGFKKRAPRALKE	XXXXXXXXXXXYTINIHKRIHGVGFKKRAPRALKE	1
KDNPKIVHAFDMEDLGDKAVYCRCWRSKKFPFCDG	XXXXXIVHAFDMEDLGDKAVYCRCWRSKKFPFCDG	1
MKPMTKEEWDARQSIIRKVVDPETGRTRLIKGDGE	ALEVGAEEWDARQSIIRKVVDPETGRTRLIKGDGE	1
VRQLYHLGVVEAYSGLTKKKEGETVEPYKVNLSQD	WTLENAKARQLAYSGLTKKKEGETHNEGRDWXXXX	1
TCSSTFPEELSPPSHQAKREIRFLELQKVASSSSG	XXXXXXXXXXSPPSHQAKREIRFLERLQAQLNELQ	0
PQARPGEGTAPLPPPGQKVGGSQPPFQGQREPGPH	GDGHPEEGTAPLPPPGQKVGGSQPPFQGQRXXXXX	0
KVLSTTKPFEYETPEMEKKIMFHATVATQTQFFHV	XXXXXTKPFEYETPEMEKKIMFHKVLNTSLKEVNE	0
ILCYHPAKPFQSQLPSVKEGISEDLPVKMPCLYLQ	FPLTHPAKPFQSQLPSVKEGISEDLPVKMPCXXXX	0
AVPDVYSACKRFEELGVKFVKKPDDGKMKGLAFIQ	VLNHIVYACKRFEELGVKFVKKPDDLAFIQDPDGY	1
YTEVRELVSLKQEQQAFKEAADTERLALQALTEKL	XXEVRELVSLKQEQQAFKEAADTERLALQALTEVL	1
KIAAEYYDNLPHYNSWIKVLYDFVMDDTISPYSRM	FLYSYYGPLGPHYNSWIKVLYDFVMDDIXXXXXXX	0
EKTQKQLPLKFSNTLELKLKKENWGPWSAGGSRQV	LFILHEQEYDSLLTLELKLKKESAGGSRQVQKVLX	0
ELEGQIAKLEEQWLSLNKKIDHELHRLQALLKHLL	IKRNIGHKLEEQWLSLNKKIDHELHRLQXXXXXXX	0
KYALNYLELFHTSIEQEKERNSEDAVMTAVRAWEF	LYALNYLELFHTSIEQEKERNSEDAVMTAVRXXXX	0
SSTSPVEISEWLDQKLTKSDRPELTGAKVVVSGGR	XXXXXXHANDSADQKLTKSDRPELTGAGFKLYDAD	1
ASNRQRLDEYKRLMSLGKAYGVESHVLSPAETKTL	XQLRPSDVEYKRLMSLGKAYGVESHVVLEAIWGQV	1
AKGTFKVDGKEYHLAINKEPNSLHGGVRGFDKVLW	YIGVANRIAKGTHLAINKEPNSLHGGVRGEGVDET	1
NHLQLEGLFFTNGEHTSKATLELSPWQMSALVQVH	ENFAGYSLWEHSTEHTSKATLESALVQVHASLGQE	0
SSSSDSDTDVKSHAAGSKQHESIPGKAKKPKVKKK	SSSSDSDTDVKSHAAGSKQHESIPGKAKKPXXXXX	1
YFSTFGEVLMVQVKKDLKTGHSKGFGFVRFTEYET	LPWKTTEQDLVQVKKDLKTGHSKGFGFVPNRQLER	1
SSSLSPEGTLTVEAPMPKLATQSNEITIPVTFESR	PGVDPTQVSSTVEAPMPKLATQSNEIXXXXXXXXX	0
RPRCKFVWGPQDKLRRFKPSSLPHPLEGSRKVEEE	LVHFAWEHGPQDKLRRFKPSSLPHXXXXXXXXXXX	0
IRQKLQCVASKLQVLPQKASERLQFETADDEDFIW	ESQKLQCVASKLQVLPQKASERLQFETADDEDFIW	0
VQEATRLKAEAELLQQQKELAQEQARRLQEDKEQM	RQEATRLKAEAELLQQQKELAQEQARRLQEDKEQX	0
LNGNTKSKPTVSSSMEFKYDFNSSMLYSTAKGAVD	KAQIILRMNFKQESMEFKYDFNTAKGAVDHKTKGD	0
AQSLGAETCPLPSFQVFKFIYSCRLAEMGLATQAF	NAIQRTEAEPLPSFQVFKFIYSCRLQAFHYCEAIA	0
APDTGYLWHVPLTFITSKSDMVHRFLLKTKTDVLI	XXXXXXVRGRNVTFITSKSDMVHRLILPEEVEWIK	0
SKGDFLFSSDHLIEMATKLYRTTLSQTKQKLNIEI	ALLTNNNLLVHLIEMATKLYRTTLSQKLIXXXXXX	0
KETDTATLRASLAQFEQKWTMLITQLPDIQEKLHQ	SSLKTVILRASLAQFEQKWTMLITQLXXXXXXXXX	0
QYTPKAKYHGNVMLLRAKTGGAYGEDLGADYNLSQ	XXXXXXNDSLFDGLLRAKTGGAYGEDLGADYVHVI	1
KSRSSLKPIKNKPSKSNKGSIDQSVLKELPPELLA	MVSIDLHSLPNKPSKSNKGSIDQSVLKIEMPLCER	1
QEGIANITALKDQLLAAKHVQSKAIEARHASLMKR	NWKAANITALKDQLLAAKHVQSKAIEARHAXXXXX	1
TKKKMEIYQKENKDVIQKNKLKLTREQEELEEALE	YFLVMEIYQKENKDVIQKNKLKLTREQEELXXXXX	1
RLPPQDFLDRLSSLDNLKASVSQVEADLKMLRTAV	LVPPQDFLDRLSSLDNLKASVSQVEADLKMLRTAV	0
DPKRRMTIAQSLEHSWIKAIRRRNVRGEDSGRKPE	KDFIRMTIAQSLEHSWIKAIRRRNVRXXXXXXXXX	0
TLRKDQVELVENMVTVGKTILERNNFTDFTNVRMG	CENCHHYLVVENMVTVGKTILERNNFTDFTNVRMG	0
DAGRYSCKAINIAGTSQKYFNIDVLVPPTIIGTNF	KDNGKILRYSCKAITSQKYFNIXXXXXXXXXXXXX	0
ILDRTISVIMKNQTPTKKYDGYTSCPLVTGYNRVI	AQSGILDRTISVITPTKKYDGYTDYKGGAXXXXXX	1
RLCSDLMNCLHERARIEKAYAQQLTEWARRWRQLV	XXXXXXXNCLHERARIEKAYAQQLTEWAAERVSEL	1
MQPLKSAEGGEMEEREKKKANAPKKEKSVLQGKLT	GEEMQPLKSGEMEEREKKKANAPKKEKEELAEGEE	1
FAERGALVVVNDLGGDFKGVGKGSLAADKVVEEIR	XXXXXXXXXGADLGGDFKGVGKGSAGILRDRISDE	1
QKLLEPLEAEIQQGVNLKEEDFNKDMNEDNEGTVK	XXXXXXXXXEIQQGVNLKEEDFNKMLRSQRRKKAL	0
RKCEHNLSKPEFNPTSIKFKIQLVAVNYIPEVRIM	KRSLRNLSKPEFNPTSIKFKIQLVAVNXXXXXXXX	0
PIAFVKDILFPYIEENVKEYLQTHWEEEECQQDVS	XXXXXXXXXFPYIEENVKEYLQTHWECQDVILQQM	0
EHGSDSFLAEHKLLGNIKNVAKTANKDHLVTAYNH	LQEHGDFLAEHKLLGNIKNVAKTANKDHLVAYXXX	1
SRIEDGVPQHLVLVLGGKSQDDVSRFAQVIRSSGI	VFSNSPLNTGKALVLGGKSQDDVSGVGDRNIDRTE	0
PTFRKPELWSDNFTDFVKQCLVKSPEQRATATQLL	IPPPPTFPWSDNFTDFVKQCLVKSPQRATQLHPFV	0
PQYYKLIEECISQIVLHKNGADPDFKCRHLQIEIE	EELDFRVHECISQIVLHKNGADPDFKCRHLQIEIE	0
VSVKVGDKVLLPEYGGTKVVLDDKDYFLFRDGDIL	KVLQATVVAVLPEYGGTKVVLDDKDYFLFRDIXXX	1
IIPRHLQLAIRNDEELNKLLGRVTIAQGGVLPNIQ	AAPRHLQLAIRNDEELNKLLGRVTIAQGGVLPNXX	1
SPSPEAEMLKFNLECLHKTFGPGGLQGDTLIDIGS	XXXXXXXXXKFNLECLHKTFGPGGLQYQVLAACDS	0
RLTPEWKKAATALKDVVKVGAVDADKHHSLGGQYG	LWLVEWKKAATALKDVVKVGAKIFGIVAALALXXX	1
AMFYTNRVLKEYKDVDKKHVDWVKAYLSIWTELQA	KLNHTNRVLKEYKDVDKKHVDWVKAYLSXXXXXXX	1
LLARKATKGIVEHDFVIKKIPFKMVDVGGQRSQRQ	RLVKIMRIIHGRHDFVIKKIPFKMRFVFHAVKDTI	0
ESEEQKRNRVRGILRIIKPCNHVLSLSFPIRRDDG	MVEGFFDRGARGILRIIKPCNHQHSQHKALASLMT	1
VILERVGILLDEASGVNKNQQPVLPAGLQVPKTVV	XXXXRVGILLDEASGVNKNQQPVLAKNIIRPQLKF	0
SSFEEKSIIKMVGFDMSKEAARKCYEKSGLTPNDI	XEMMTDLSSIKVGFDMSKEAARKCYEPLTYEALGL	1
IVAKSKELDNFCNPIIYKPKPKAEVPEDKPKANSE	EMEKVECLDNFCNPIIYKPKPKAEXXXXXXXXXXX	0
RLYLSHNQLSEIPLNLPKSLAELRIHENKVKKIQK	KAFLTTKKLRRLPLNLPKSLAELDTFKGMNALHVL	0
NAIQFVPVRIFQDCRSLKFLDIGYNQLKSLARNSF	VDLRKLTTLHFQDCRSLKFLDIFAGLFKLTELHRL	1
AFNRTVSKVDDFLANEAKGTKVVGAQSLKEMVSKL	VCAFNVSKVDDFLANEAKGTKVVGARXXXXXXXXX	1
GAPQHYPKTAGNSEFLGKTPGQNAQKWIPARSTRR	XXXXXXPKTAGNSEFLGKTPGQNAQKWIPARSTRQ	1
QKLQELENRLSLQDGTLKKILALAKSVKQNTSSVG	VCVTDLNTLLSLQDGTLKKILALAKSVIKDIKSLQ	0
QDRDKPAQIRFSNISAAKAVADAIRTSLGPKGMDK	XXXXXXXXXRFSNISAAKAVADAIRVHPAARMLVT	1
KRAISTSVCVRAHESVVKSEDFSLPAYMDRRDHPL	XXXXXTSVCVRAHESVVKSEDFSLPAYMDRHPLPE	1
ALDLITSGRRILADEALKLGILDKVVNSDPVEEAI	LTGVPAADLRILADEALKLGILDKVVQSGHXXXXX	1
DVETWQQEQPVVLHTWTKESAHNYENNCHEVSVFV	XXXXXXXXXXXXXHTWTKESAHYHEVSVFVFEVEF	0
LKVNTENLLQVENTGKVKGLILTLKGEPGGQTQAF	TQKLLVTLLQVENTGKVKGLILYFAPWVGVAEDTS	1
PYKCTICGKAFLLESLLKNHVAAHGQSLLKCPRCN	PYKCTICGKAFLLESLLKNHVAAHGQSNFPRXXXX	0
QVAEGSEPDGFWEALGGKAAYRTSPRLKDKKMDAH	GVAEGSEPDGFWEALGGKAAYRTXXXXXXXXXXXX	0
FRLLGNVLVCVLAHHFGKEFTPPVQAAYQKVVAGV	VEVEANVLVCVLAHHFGKEFTPPVQAAYQKVXXXX	1
GNSASNIVSPQEALPGRKEQTPVAAKHHVNGNRTV	XXXXXXXXXPQEALPGRKEQTPVVEVGFAGGYTSN	1
CALGWDHQEKLQLHESQKDYKTGFGGKFGVQSERQ	KCLGWDHQEKLQLHESQKDYKTGFGGKFGVQSERQ	1
TEEQGRDYHAEVFQTCSKVMMHIRNHPVPVIAMVN	SLQSDILHHAEVFQTCSKVMMHIRNHAGQLVASCT	1
SNVPYVMNRGSTPYGGVKLEDLIVKDGLTDVYNKI	SNVPYVMNRGSTPYGGVKLEDLIVKDGLTDVYNKI	1
SAIDHAGNYIGISLRIRKEPLEFEQYLNLRFGKYS	SRLHLREIIKAISLRIRKEPLEFQYLGXXXXXXXX	0
RKLALQWHPDNFQNEEEKKKAEKKFIDIAAAKEVL	RKLALQWHPDNFQNEEEKKKAEKKFIDIAAASWNF	0
FDCHYCRDPLQGKKYVQKDGHHCCLKCFDKFCANT	XXXFDCHYCRDLKKYVQKDGHHCCLKCFDKFCANT	1
QLEGDHQLIQEALIFDNKHTNYTMEHIRVGWEQLL	QANVGLDHLIQALIFDNKHTNYTMEHXXXXXXXXX	1
RFGMAAALAGTMRGIIAKAVDHATNRTQFGEKIHN	XXXXXXXMHGTMRGIIAKAVDHATNRHIKLMVVTD	1
KLLEDDFWADVSTLHVQKIISAISELLERLKSYGE	AIRAILCAINVSTLHVQKIISAISELLLYSVADXX	0
PKPALKEGNPEEDLTADKANAQAAALYKVSDATGQ	KNIRATDENPEEDLTADKANAQAAALADSSPFDNL	1
DVGPGKAVPREELFVTSKLWNTKHHPEDVEPALRK	XXXXXWDCAAIYGEVTSKLWNTKHVALRKTLLDLY	1
ELRESCLEAYTGIVQGLKGDQENVHPDVMLVQPRV	LAIGGEFKLYTGIVQGLKGDQENVHPDVMLVQVLG	0
DVQGPGSKLNVPKMKVPKFSVSGAKGEETGIDVTL	GQGGPGSKLNVPKMKVPKFSVSGAKGEETGXXXXX	1
ADQEEVRTIFINQPQLTKFCNNHVSTAKYNIITFL	XXXXEVRTIFINQPQLTKFCNNHVEKVAVGEADRI	0
YFLHQSHEEREHAEKLMKLQNQRGGRIFLQDIKKP	NRQINELEEREHAEKLMKLQNQRGGRIFLHLFITH	1
GEKSSIKRSVIGSSCLIKDRVTITNCLLMNSVTVE	SLETQIGEKSSIISCLIKDRVTILSVTVEEGSNIV	0
DQTKGDHCRPSRRGRYEKIHGRSKEKERASLDKKR	XXXXXDHCRPSRRGRYEKIHGRSKEKERASLDKKR	1
EPTSQKPGVGAGHGGDPKLSPHKVQGRSEAGAGPG	XXXSQKPGVGAGHGGDPKLSPHKVQGRSEAKAKKP	1
KIQHLEQLLESITESENKIQILNNWLEAQEERLKT	XXXXXXXXLESITESENKIQILNNWLELIKSKALD	0
YVERKNSLKKGSLVKNLKDTLGLGKTRRKTSARDA	XXXXXXSLKKGSLVKNLKDTLGLGKTRRKDVAERE	1
RSLGETQLVLYGDVEELKRSVGELPSTVESLQKVQ	SKSQHTQLVLYGDVEELKRSVGELPSTVEXXXXXX	0
EDIQERRQQVLDRYHRFKELSTLRRQKLEDSYRFQ	EDIQERRQQVLDRYHRFKELSTLRRQKLEDSYRFE	1
LRDLQKSVEEEEQVWRAKVGAAEEELQKSRVTVKH	LADLQKSVEEEEQVWRAKVGAAEEELQKSRVTVXX	1
SCRKRITVEYLQHIVEQKNGKERVPILWHFLQKEA	LSPLEHLDEYLQHIVEQKNGKERVPILWHLQEFDL	0
DSVELNCKMKFAVYLPPKAETGKCPALYWLSGLTC	XXXXKCFGGLQKVYLPPKAETGKCPALHQSASEHG	0
KDVQKEYEKTQTVLSELKLKFEMTEQEKQSITDEL	KDVQKEYEKTQTVLSELKLKFEMTEQEKQSITDEL	0
LEEEAKTHEAQIQEMRQKHSQAVEELAEQLEQTKR	XXEEAKTHEAQIQEMRQKHSQAVEELAEQLEQTAE	1
TPSPVDFTITPETLQNVKERALLPKFLLRGHLNST	XXXXXXXTITPETLQNVKERALLPKFLLSEAAIRV	0
LAIRLHVAALPPVIHQEKLENISLPPGLSIHIHCT	XXXXVFLNYVGPVIHQEKLENIIHCTAKVRWVGTR	0
PEPVYKLTQRQVNITVQKKVSQWWERLTKQEKRPL	LLEFLDLVKPEPVITVQKKVSQWWERLTKLXXXXX	1
PAPVEIPVTPPTLVSGLKNVTVIEGESVTLECHIS	XXXXXXXXXXXXLVSGLKNVTVSVTLECHIWYREI	0
VYVAQMIQKFLGYVDQIKELVEVMVDMASNLMLVD	XASNALTAHFLGYVDQIKELVEVMVDLRIGGAALS	0
ASLLQNESTNEQLQIHYKVCYARVLDYRRKFIEAA	RINASLLQNNEQLQIHYKVCYARVLDEAAQRYNEL	0
VALGKSWHPEEFNCAHCKNTMAYIGFVEEKGALYC	CAHCLAWHPEEFNCAHCKNTMAYIGFVEEKGALYC	0
NKGTYIPVPIVSELQSGKWGAKIVMREDRSVRLSI	YENGYIPVPIVSELQSGKWGAKSIQSSPKCIICED	0
KGPSYGLSAEVKNKIASKYDHQAEEDLRNWIEEVT	XXXXXXLSAEVKNKIASKYDHQAEEDLFQHDIFED	1
SDIKGQHTETLLAGSLAKALCYIHRMNKEVKDNQE	ASHESRFLYPLLAGSLAKALCYIHRMRILVNFNVI	0
IICGKSLSVNEMTLSTLKEKGYKAAFIGIGLPEPN	ALFDITFLSVEMTLSTLKEKGYKAAFIALSPITEA	0
PDQCHTVTCQPDGQTLLKSHRVNCDRGLRPSCPNS	WTLPDQCHTVTCQQTLLKSHRVNCGVGXXXXXXXX	0
MVQQCCTYVEEITDLPIKLRLIDTLRMVTEGKIYV	LNVQCCTYVEEITDLPIKLRLIDTLRMRLTKTLAT	0
TGLNKAETAAKHGEAQVKIWRRSYDVPPPPMEPDH	FYLNKAETAAKHGEAQVKIWRRSYDVPPPSLNEIM	1
CALNRPAFFAERLYYAMKGAGTDDSTLVRIVVTRS	FSSYPVFFFAERLYYAMKGAGTDDSTLVFAMYQKT	1
GSPSTSTMRLDLQFQAIKIISIIVKNDDSWLASQH	SFLKRLFLLLDLQFQAIKIISIIVKNLNWKEPKLL	0
NMIKGKTPEEIRKTFNIKNDFTEEEEAQVRKENQW	NMIKGKTPEEIRKTFNIKNDFTEEEEAQVRKENXX	1
KKARAYGRGIEPTGNMVKQPAKFTVDTISAGQGDV	XXXXXXXXXXRGTGNMVKQPAKVDEAQEYLPKVTG	0
PEPLISFRLYHELVGLAKDSLKAEAEAKAASRGRQ	XXXXXXXSLYHELVGLAKDSLKAEAEASVAALARL	0
LGLEMLAKQLEALGLAEKPQLVTRFQEVFRSMWSV	SSLEMLAKQLEALGLAEKPQLVTRFQEVFRXXXXX	0
RLIPAPRGTGIVSAPVPKKLLMMAGIDDCYTSARG	IGYVTVRLTGIVSAPVPKKLLMMAGIDDCYTSALF	1
VLQQGRKQLLEKWLKEDKLECSEELGDLVKSVDPT	SLELCVKQLLEKWLKEDKLECSLSVRAXXXXXXXX	1
LVKHLPEQKILNELAELKNEYDDLCEPEQFGVVMS	YEIRLPEQKILNELAELKNEYDDLCEPEQFGVVMS	0
QVYVDKLAELKNLGQPIKIRFQESEERPKLFEELG	YEKFVSDRFLKNLGQPIKIRFQESEERLTMDPKSX	1
MSSVEAKIEDKKVQRESKLTSGKLENLRKEKINFL	MSSVEAKIEDKKVQRESKLTSGKLENLRKEKINFL	1
LNGDTEEGFNRLSDEFSKSHKSRRKDLPNGDIDEY	XXXXXXEGFNRLSDEFSKSHKSRRKDLPNGGTSYQ	1
KQIEICNRLEEPGNFVLKELHPFDLHAMQNIILKY	LRLVICNRLEEPGNFVLKELHPFDLHAMQNIIXXX	0
TPELQRIKKTQDQISNIKYHEEFEKSRMGPSGGEG	TPELQRIKKTQDQISNIKYHEEFEKSRMGPSGGYR	1
PKGRPRTAPLKVGQSVLKDVSKVKKLKQSGEPFLQ	XXXXXXXXXLKVGQSVLKDVSKVKKLKQPFLQDGS	1
LLDLGLEAEYRIQVHPYKSILSELKALCADLSPRE	FFSYAIMLFIDGQVHPYKSILSELKASAVTXXXXX	0
IDVSSNGEDWITIKEGNKPVLFQGNTNPTDVVVAV	RKTYKIDVSWITIKEGNKPVLFQGAVFPKPLVRIK	0
IALSLGCRVFTTVGSAEKRAYLQARFPQLDSTSFA	HSGSGGVGQITTVGSAEKRAYLQARFPLDSSFANS	1
EAKKEENLADWYSQVITKSEMIEYHDISGCYILRP	XTRLGLEAKDWYSQVITKSEMIEYILRPWAPTGDN	0
CVQQLKEFEGKTLVSVTKEGLELPEDEEEKKKQEE	XXXXXYYITAFVLVSVTKEGLELKVSNRLCIVTST	1
FTVTRSSLQSQCLNEVLKAERPDVDEKRSDLLKLQ	XXXXXQPAQSQCLNEVLKAERPDVDEKRSDVEVSQ	0
ERHYGGLTGLNKAETAAKHGEEQVKIWRRSFDIPP	RFCYGGLTGLNKAETAAKHGEEQVKIWRRSIPPPP	1
FTRQKDMAKVFVEYIQPKDPTNGQMYQKTLLGVIL	XXXXIPFDLVFVEYIQPKDPTNGQMYQKTLLGVCI	0
YLAKLAKFFAPKMVSEKKIYDVEQTRYKKSGLHFR	YLAKLAKFFAPKMVSEKKIYDVEQTRYHFRHTDNT	1
TDYQLVSPAKNPSSLFSKEAPKRKAQAVSEEEEEE	TDYQLVSPAKNPSSLFSKEAPKRKAQAVSXXXXXX	1
GVLTVKLGGDLGTYVINKQTPNKQIWLSSPSSGPK	ETLDLAFGSGVLTYVINKQTPNKQIWLSPKRYDWW	0
KSNGREQDLPLAEAVRPKTPPVVIKSQLKTQEDEE	KSNGREQDLPLAEAVRPKTPPVVIKSQLKPGVEFX	0
NKSHPISAKLDVLESLIKDHKDFSKTLTAQSHMYE	NKSHPISAKLDVLESLIKDHKDFSKTLTVKERENK	0
VISLGLPFGKVTNLLMLKGKNQAFIEMNTEEAANT	KLPIDVTEGEVINLLMLKGKNQAFILRQIYITDSP	1
LGAHQSIGFKGILLFGTKAQKEKYLPKLASGETVA	VPSELGGGFKGILLFGTKAQKEKYLPKLAITAFVV	1
KEALRAGLNCSTENMPIKINLIAPPRYVMTTTTLE	IKALRAGLNCSTENMPIKINLIRYVMTTTTGVLSA	0
SPGGHNRPGTLMAADRAKQMFGPQVLTTRHYVGSA	LLEKLNRPGTLMAADRAKQMFGPQVLTTRHQPTQT	1
KTVISFHSKDQLNITLSKCGLVMLNNLVKAFTEAA	XXXXYYNEMFEPLITLSKCGLVMLNNISLVNNYTK	0
KPTNPAAQKALTTPTHYKLTPRPATRVRPKALQTT	AAQVLQHQKALTTPTHYKLTPRPATRVQGLVPREK	1
CAQLKEKNQWQLSADDLKKLKPGLEKDFLPLYFGW	CAQLKEKNQWQLSADDLKKLKPGLEKXXXXXXXXX	1
QQDPKYQGLRARGREIRKELVHLYPREAQLEEQFY	VTEAVYQGLRARGREIRKELVHLYPREAQLXXXXX	1
KSIFSLDTPEQYQEAFQKLQNIKYPSATNNTPAKQ	GQRLVFFLPEQYQEAFQKLQNIKYHDLTLAVLSMX	0
VQQVADFCSYIFSNSKTKTLSGGIQVNGPRLESLV	AVLLSSTFSFFPDNSKTKTLSGGIQVNGPRLELXX	1
VDEVGVDVAKHVAEDLGKVFGERFGGGNPELLTQM	RCLAPMSVAKHVAEDLGKVFGERFGGGNPELTKQX	1
KGVKHLKDFPILPGEIFKYKWTVTVEDGPTKSDPR	LYSRRLPLKFPILGEIFKYKWTXXXXXXXXXXXXX	0
SSAGNRGPRPLEQVTCYKCGEKGHYANRCTKGHLA	DKSGAPRGLCKKGVTCYKCGEKGHYANRCTKGHLA	0
KAYFKRYQVKFRRRREGKTDYYARKRLVIQDKNKY	XXXXXXXXVKFRRRREGKTDYYARKRLVRMIVRVT	1
CKKGTVACGQPPVVENAKTFGKMKPRYEINSLIRY	XXXXXXDSHQPPVVENAKTFGKMKLIRYHCKDGFI	0
VRVLVVPAENYDYQILHKKSMDKSLEFITNCGKNS	TPHCHVLGCRDDYQILHKKSMDXXXXXXXXXXXXX	0
RRAAMDFPGAKVIVPQLKGRVQRRRVGLMCEGAPM	GKRRRAAMGAKVIVPQLKGRVQRRRPCESRXXXXX	1
RKEIRDLYVNIQPVQEPKDQAFGNGNGIIIIAETS	AFVAGVLPFKVAPVQEPKDQAFGNGNGXXXXXXXX	0
VPHNINFREKKPKPSKKKAEGGGAEEGAGARGRVA	GYREDDQREKKPKPSKKKAEGGGAEEGAGARGRVP	1
ACPVQCVEGCHAHCPPGKILDELLQTCVDPEDCPV	QVTCQHPEPLHAHCPPGKILDELLQTCVDPEDCPV	0
KYSGKEGDKFKLNKSELKELLTRELPSFLGKRTDE	XXXTFKYSKEKLNKSELKELLTRELPSFLGKRTDE	1
QAHTQQNMVEKFSQLPFKVEAKPCTSNCRINTFRT	GTVTQQNMVEKFSQLPFKVEAKPCTSNERXXXXXX	0
LSRIKPSQNTETLELLLKEFFEYFGNFAFDKNSIN	LALSVWVFLRETLELLLKEFFEYFGNLARESAWIL	0
EPLLNWMKDKALKDKIEKAVVSQRLTESPCALVAS	EPLLNWMKDKALKDKIEKAVVSCALVASQQKKTFE	1
ELAEDKENYKKFYEQFSKNIKLGIHEDSQNRKKLS	FDLFEYLNFKKFYEQFSKNIKLGIHELSLLRYMIE	1
FKQNKVVHVNGYGKITGKNQVTATKADGGTQVIDT	XXXXXDADVTVIGKITGKNQVTAVIDTKNILILGL	1
EVGSKIYVDDGLISLQVKQKGADFLVTEVENGGSL	ICKVVEVGSKIYISLQVKQKGADFLVTEVENLAXX	1
ISAARVLVDGEEHVGFLKTDGSFVVHDIPSGSYVV	VKPQDWISAARVLVGFLKTDGSFVVHVEVVSPLQM	0
PVQSGKTWQDCEYKDAAKAATGECTATVGKRSSTK	EIKEGDCPVWCEYKDAAKAATGEQITPAEGPVVTP	1
NLPTLPEVKFPEVDVLTKYSQPEDSLIPFFEITVP	ADKFIIQIYKKLRDVLTKYSQPIPFFEITVPSIKF	0
VELRILLQSKNAGAVIGKGGKNIKALRTDYNASVS	XXXXXXLQSKNAGAVIGKGGKNIKALRTDVSVPDS	1
SKAYQSTFTGETNTPYSKQFVHSKSSQYRRLRTEW	XXXXXXTFTGETNTPYSKQFVHSKSSQYRRLENKD	0
HLNRAVHEDIVAVELLPKSQWVAPSSVVLHDEGQN	TVENKEIILQGHVELLPKSQWVAPSLKTAVSEKML	0
TKKELSAVTFPDIIRNYKVMAAENIPENPLKYLYP	TWVEHAVEVFPDIIRNYKVMAAENIPENPLKKELI	1
FESFGDLSTPDAVMGNPKVKAHGKKVLGAFSDGLA	FESFGDLSTPDAVMGNPKVKAHGKKVLXXXXXXXX	1
YDNDALRDRYLGLQMGYKALGMLLLCFISWRVKKN	MILCVVSACSLGLQMGYKALGMLLLCXXXXXXXXX	0
GTIQTGVDTTKIVLTGTKDTVCSGVTGAANVAKGA	KDTMATGTKDTVCLTGTKDTVCLTGTKDAVSLTGT	1
SVKGGGGNEKKSGPTVTKVVTVVTTKKAVVDSDKK	KVKGGGGNEKKSGPTVTKVVTVVTTKKAVVDSDKK	1
STGGKAPRKQLATKAARKSAPSTGGVKKPHRYRPG	STGGKAPRKQLATKAARKSAPSTGGVKKPHRYRPG	1
LKRVENLNIHQIFNPETKENISLPKAIKLDLITSD	XXRVENLNIHQIFNPETKENISLPKAIKLDLITSD	0
ENEERWVGPLPVEATLAKKRKVLEFERVYLDNLPS	XXXXXXXGPLPVEATLAKKRKVLEFERRIFRKLMR	1
AGAPGGGRLLLSTSLDAKDELEERLERCMSIVTSM	AGAPGGGRLLLSTSLDAKDELEERLERCMSLGTTK	0
SKVYSYFECREKKTENSKLRKVKYEETVFYGLQYI	XXXXXXXXXREKKTENSKLRKVKYEERTNEQIVDI	1
VVGSDSGRIVILEYQPSKNMFEKIHQETFGKSGCR	XFSGTELLLTVLEYQPSKNMFEKIGGTEKQDRGSI	0
SFDKEWVAKQTKRMLDMKVNPIQGLASKWDYEKNE	SFDKEWVAKQTKRMLDMKVNPIQGLASKWDYEKNE	1
SLMTYKCAVVDVPFGGAKAGVKINPKNYTDNELEK	RVVDEVKALASLMTGGAKAGVFIDVPAPDXXXXXX	1
AVLLHFKGYSHCVDVYIKQCQEGAYLRNDIFEDAG	IQFTSAQRYSHCVDVYIKQCQEGAYDALCRVVVLA	0
KCGEDYKLHFIFRHKNPKTGIYEEKHAKRPDADLK	XXXXXXXXXPTFRHKNPKTGIYEEKLLPPVNPSRE	1
LMCNKSYCAEIAHNVSSKNRKAIVERAAQLAIRVT	VHNVKELEAEIAHNVSSKNRKAIVERAAQLVTNPN	1
LRVNQNLVYESGSLNFSKLEIQSQVDSQHVGHSVL	TSFGLNLVYESGSLNFSKLEIQTAKGMALFGEGKA	0
TEQSHEVQPGVPPPPLPKEQSHEVQPGAPPPPLPK	SVSKAGMPVSVPPPPLPKEQSHEVGASEAAXXXXX	0
KCLELFTELAEDKENYKKFYEQFSKNIKLGIHEDS	RAPFLFTELAEDKENYKKFYEQFSKNILLRYEMVS	1
PCGVIRVHLLEAEQLAQKDNFLGLRGKSDPYAKVS	XXXXXXXXXXXXEQLAQKDNFLGLRGKSDPYTIYR	0
QAFQFTDKHGEVCPAGWKPGSDTIKPDVQKSKEYF	QAFQFTDKHGEVCPAGWKPGSDTIKYKQXXXXXXX	1
KSVRRLREKFHGKVSSKKAGALMRKFGSDHTGVGR	LESVRRLREKFGKVSSKKAGALMRKFGSDHVGIDR	1
TSKKPPGELLVSLEELEKTLDVFNITIARQTAEVE	KELYKKGELLVSLEELEKTLDVFNITIARQXXXXX	0
QRPKNLMQTLMEDYETHKSKRRERMDDSSVLEATR	TTNKNLMQTLMEDYETHKSKRRERMDDSSVLEATX	0
SSPEVKEAYGEKFVADYKKSAEQMEQKCTQDLSLV	KSFLEIWDYGEKFVADYKKSAEQMEQKVSPSPXXX	1
TFQKRPKEEEWDPEYTPKSKKYFLHDDRDDGVDYW	SPQKRPKEEEWDPEYTPKSKKYFLHDDRDDGVDYX	1
EKGSIKMPFINIPVLDIKKCQPEMWKAIACSLQIK	NDMKLWEKGSIIPVLDIKKCQPEMWKAIACEILKK	0
SGTWWDEHLSEENVPFIKQLVSDEDKAQLASKLCP	XXTWWDEHLSEENVPFIKQLVSDEDKAQLAKTVSR	0
TSGSTTTTRRSCSKTVTKTVIGPDGHKEVTKEVVT	NVSPGTRREYHTSKTVTKTVIGPDGHKEVTKEVVT	1
RLCRPKAKAKAKAKDQTKAQAAAPASVPAQAPKRT	RLCRPKAKAKAKAKDQTKAQAAAPASVPAQAPKRX	1
FEQLLCRIFGEDFIATFKRQRPAAWVDLTIAFEAR	NGKLEQLCFGEDFIATFKRQRPAAWVDLTLPSFIF	0
EKALNSIIDVYHKYSLIKGNFHAVYRDDLKKLLET	XXXXXXIIDVYHKYSLIKGNFHAVYRDDLKKLLET	1
AKAYARIGNSYFKEEKYKDAIHFYNKSLAEHRTPD	XXRYARIGNSYFKEEKYKDAIHFYNKSLVLKKCQQ	1
GEMTLKSALALAIKVLNKTMDVSKLSAEKVEIATL	AAAVSMLQDALAIKVLNKTMDVSKLSKVIHEEEXX	1
EVGDGRACYGHLLHEVQKATQTGRVFLQLRVAVAM	XDRSEVACYGHLLHEVQKATQTGRVFLQLRAVAMD	0
ETQVQTRLQTSLANLHQKSSEIEILAVDLPKETIL	TVVPIVQLQTSLANLHQKSSEIEIIKKKVSVLFLY	0
KREFPTVPLVKLGSSFTKVQDYLRRFESIPDMLEL	GVVKTTSDLLKLGSSFTKVQDYLRRFVSGDVTXXX	1
LIIDPSGQATEFIMNEYKDRKITRTSFLDDAFRKN	SSLALKGQATEFIMNEYKDRKITRTNAFGNPLLVS	0
GNSLIERGACAGSEDAVKARLAALADQWQFLVQKS	GNSLIERGACAGSEDAVKARLAALADQXXXXXXXX	1
NKDPLPPLDPQAIKPILKALLDNTKDKNTVVRAYS	SSFVKCLQEPQAIKPILKALLDNTKSDAILLLSIL	0
GLQCNEACHPGFYGPDCKLRCSCNNGEMCDRFQGC	WKGLCEACHPGFYGPDCKLRCSCDRFQGXXXXXXX	0
ELEGQIAKLEEQWLSLNKKIDHELHRLQALLKHLL	NIGKHLAKLEEQWLSLNKKIDHELHRLQXXXXXXX	0
AVSTHPDAMNQQLETAQKMKQEIQQEKKQIKVAQA	DNKLSSSLMNQQLETAQKMKQEIQQEKFVEQKAEN	0
AGAISASGPELQGAGHSKLQVTMPGIKVGGSGVNV	XXXXXXXXXELQGAGHSKLQVTMPGIKVGGSGAVE	0
TGALGLPAVNNDPFVQRKLGTSGLNQPTFQQSKMK	XXALGLPAVNNDPFVQRKLGTSGLNQPTFQQSKMK	1
LRGAAAEAAGILQDAVSKLDDPLHLRCTSSPDYLV	XXXXXXXXAGILQDAVSKLDDPLHLRCTSHAADTI	0
CALTLEAGEKLLLTTDLKTKESVGRRISQLQDSWK	WQFTVLAGEKLLLTTDLKTKESVGRRISQLXXXXX	0
YRIVSLEPAYPPVFYLNKDTGEIYTTSVTLDREEH	NATLSKISYRIVSFYLNKDTGEIYTLTVEARDGNG	0
LQWILETRAYFLDGSLLKETGTLESQLEANKRKQK	XXXXLETRAYFLDGSLLKETGTLESQLEANKRKQK	0
IDYHTTDYVDEIKKISPKGVDIVMDPLGGSDTAKG	LVTVFHDYVDEIKKISPKGVDIVAKGYNLLKPMGK	1
VRGYRCIIVMPEKMSSEKVDVLRALGAEIVRTPTN	GNTGIGAIVMPEKMSSEKVDVLRALAEIREGDSVR	1
KPRIDYPPEFHQRPGYLKDPRYQEVDRRFSGVRRD	XXXTENEPEFHQRPGYLKDPRYQEVDRRFSGVRRD	1
YNLNSHPPLNVLEQATIKQCVVGPNHAAFLLEDGR	XXXXXXXMTSILEQATIKQCVAFLLEDGRVCKFIC	0
NRQIAVKVEKCGKSPIEKSGVLKSNCIMDVLEDES	XKNLLKHDSNYGKSPIEKSGVLKSSAAMDEKVIGS	1
LKVVKKNILDSKPTANKKCDLISIPKKTTDTASVQ	EEEFEGKILDSKPTANKKCDLISIPKKTTDTASVQ	1
SCHARATKVPLVAEKPLKEPKTVNVVQFEPSKGAI	FFVDPSEKDHPVAEKPLKEPKTVNVQKTLYVEEVV	1
YIVNKAELSLVFVDKPEKAKLLLEGVENKLIPGLK	DTLGNEITVLVFVDKPEKAKLLLEGVIIVVMDAYL	1
ISEGLHPRIITEGFEAAKEKALQFLEEVKVSREMD	XXXXXXXXLITEGFEAAKEKALQFLEMAALHKGVQ	1
FLEVQEEYIKDEQKNLKKEFLHAQEEVKRIQSIPL	ILEVQEEYIKDEQKNLKKEFLHAQEEVKRIQSILS	1
CRSTSFNVQDLLPDHEYKFRVRAINVYGTSEPSQE	WDSANKTWKELVLLHEYKFRVPSQESELTTVXXXX	0
KLESTVGSPEKPLSDLGKLSYRSYWSWVLLEILRD	ILTGKLISPEKPLSDLGKLSYRSYWSDISTSQYXX	0
PDICGPGTKKVHVIFNYKGKNVLINKDIRCKDDEF	XKLFPDSEYNIMVIFNYKGKNVLINLEWDFLPEYS	1
IHHYPNGIVTVNCARLLKADHHATNGVVHLIDKVI	VGSIFAPSLTIVTARLLKADHHVVHLIDXXXXXXX	1
KPGQVCQPSGGILSCVNKDPCHGVTCRPQETCKEQ	KPGQVCQPSGGILSCVNKDPCHGVTCTCKEQGGQG	0
FSETYERYHTESLQNMSKQELIKEYLELEKCLSRM	ESQPPERYHTESLQNMSKQELIKEYLELEKCXXXX	0
ALDMMLTGRSIRADRAKKMGLVDQLVEPLGPGLKP	GLMVGPAAMSIRADRAKKMGLVDQLVKRDKGLVEK	1
SLDEIEKLTYIDKWFLYKMRDILNMEKTLKGLNSE	SFQFTIIAILIDKWFLYKMRDILNMEEIGXXXXXX	1
LCVIGGDGSLTGANLFRKEWSGLLEELARNGQIDK	RRLAATNLSLTGANLFRKEWSGLLEEYAYLNVVPD	0
YVRIVEAILSHPAFAEGKRLATSPSQSELQQDDFY	XXXXVGLILSHPAFAEGKRLATSPSQSELQDFYDV	0
GCHTNFSTKAMREENGLKYIEEAIEKLSKRHQYHI	XXXXQFSTKAMREENGLKYIEEAIEKLSAGVIRIP	1
EQTGNLKQELDDKSATCKAYPKRPLLGLVLTPTRE	KEQTGNLKELDDKSATCKAYPKRPLGIKQRMLNRR	1
DFPRGHVEELSISHQSLKTAFSSLSNVSSERTKQI	DMKLAEELELSISHQSLKTAFSSLSNVXXXXXXXX	0
IIPRHLQLAIRNDEELNKLLGKVTIAQGGVLPNIQ	AAPRHLQLAIRNDEELNKLLGKVTIAQGGVLPNXX	1
SAKNPSIKSAEQLTTFLKHVVSVFKQSSSEGIHLE	YNFTAGKVLAEQLTTFLKHVVSVFKQGILEHLSQI	0
ERGLGPSPAGDGPSGSGKHHRQAPGLLWDASHQQE	XXXLGPSPAGDGPSGSGKHHRQAPGLLWDATEDDE	1
LLKEKSGVIQDALKKSSKGELTTLIHQLQEKDKLL	LLKEKSGVIQDALKKSSKGELTTLIHQLQEKDKLL	1
GLAANLDRAKAGLLERVKELQAEQEDRALRSFKLS	KMVDIIDRAKAGLLERVKELQAEQEDRALXXXXXX	1
DKEKDKGKWKGPPGSADKAGKRFDGKLQSESTNNG	DKEKDKGKWKGPPGSADKAGKRFDGKLQSESTNNG	1
ALALESARLLTWRAAMLKDNKKPFIKEAAMAKLAA	TLDMGRIGALTWRAAMLKDNKKPFIKEAAMAXXXX	1
PCKGGIRYSTDVSVDEVKALASLMTYKCAVVDVPF	LSYRAQHSGGIVSVDEVKALASLMTGAKAGNGXXX	1
TARDKAYKAVVNDATIFKLELPLKQKGVGLKTQPE	VAEITTSYAVVNDATIFKLELPLKTQPESKCPELL	0
NRISHLPSGFLSEVSSLKHLDLSSNLLKTINKSAL	TSSLRTLLLFLSEVSSLKHLDLLTTTTKLSMLEHN	0
HQKIAREMNLSETAFIRKLHPTDNFAQSSCFGLRW	XXLPVCLLENELDAFIRKLHPTDNFAQSSCFGLRW	1
DEERVLRFAVTNQIGPVKEDSDPTPGNPCYDGSHM	HSFPTTQQLNVNQIGPVKEDSDPTPGNPCYDGSHX	0
DVETWQQEQPVVLHTWTKESAHNYENNCHEVSVFV	XXXXXXXXXXXXXHTWTKESAHYHEVSVFVFEVEF	0
NLSSRLRMPPLIPAEVDKIRECISDNKSATVELEK	XXXXXXXXXPLIPAEVDKIRECISDNKSREKFLDV	0
GHKYGPEDKENMSRVLKKIDDLIGDLVQRLKMLGL	WEEPDASGKENMSRVLKKIDDLIGDLVXXXXXXXX	0
WAQGMDGWRPLQSIPQLKWCLLASGQAVLNETDLA	LNAKTRCWRPLQSIPQLKWCLLASGNTRXXXXXXX	0
RELCISYGGVGPATICAKNSCQKLIGRHWNEQMLD	SSGMRVRELCISYTICAKNSCQKLIACRLILNEVS	1
PALRSGVQQLIQYYQDQKDANISQPETTKEGLRAI	AILRSGVQQLIQYYQDQKDANISQPETTKXXXXXX	0
KSSADKIGEVSSPKASSKLAIMKRKEESSYKEIEP	DEQSSSIGEVSSPKASSKLAIMKRKEESKGETKTP	1
VTGASKGIGREMAYHLAKMGAHVVVTARSKETLQK	EMLQGKKVGREMAYHLAKMGAHVVVVSHCLELGAA	1
LETDSDLRFLTFDSPEGKAVFWHSSTHVLGAAAEQ	XXTAVAAPFLTFDSPEGKAVFWHSSTPSTEYGFGP	0
KAFTISSNPYENQKIPTKENVYEAKSYERSVIHSL	XLEMISSNPYENQKIPTKENVYEAKSYERSVIHSS	1
LSLEGDHSTPPSAYGSVKAYTNFDAERDALNIETA	XXXXXXXXTPPSAYGSVKAYTNFNILTNRSNAQRQ	1
EAPETNIDKTPKKAQVSKSLKERLGMSADPDNEDA	AQRLGKKVKTPKKAQVSKSLKERLGMSADPDEIHV	1
AETEERSLDNFFAKRDKKKKKERSNRAASAAGAAG	AETEERSLDNFFAKRDKKKKKERSNRAASAAGAAG	1
YNLPMHKMINTDLSRILKSPEIQRALRAPRKKIHR	LPALMHKMINTDLSRILKSPEIQRALRAPRKKIXX	1
EGVTVRRPDPIDWSLKYKTPDFESTGLYSAMPRDI	XXCPPFTGGHIDWSLKYKTPDFESTGLYPMAWRSR	1
PEDLAVICFTSGTTGNPKGAMVTHRNIVSDCSAFV	IVNKAVICFTSGTTGNPKGAMVQTEFQGYLKDPAK	1
ILCYHPAKPFQSQLPSVKEGISEDLPVKMPCLYLQ	XXXXXXXXXXQSQLPSVKEGISEDLPVKMPCLLQL	0
AKQVAQQEAERARFVVEKAEQQKKAAIISAEGDSK	AKQVAQQEAERARFVVEKAEQQKKAAIISAEGDSK	1
AEQLEQTKRVKANLEKAKQTLENERGELANEVKVL	AEQLEQTKRVKANLEKAKQTLENERGELANEVKVL	1
FNNAERAKFLSHLVDGVKRILENPQSLSDPNNYHE	XLQFDYHLLLSHLVDGVKRILENPQLFCLLLLVEN	0
KRKLQKDLEGLSQRHEEKVAAYDKLEKTKTRLQQE	KRKLQKDLEGLSQRHEEKVAAYDKLEKTKTRLQQE	1
LIFGATNWDLIGRKEVPKQQAAYRNLGQNLWGPHR	ELDGATNWDLIGRKEVPKQQAAYRNLGAGRNEKGT	1
ESDNNVKLIVLDRLIELKEHPAHERVLQDLVMDIL	SPIKAAQYIVLDRLIELKEHPAHERVLQDLVIKTQ	1
LKARKRVLEAKELALQPKDDIVDRAKMEDTLKRRF	SMDGAGAEEAKELALQPKDDIVDRAKMDKKTSYGW	1
KHLTPSTLTQIDYNEKEKGAITQSPLSDCLTRSHS	KQDTSTQLTQIDYNEKEKGAITQSPLSDCLRPSPG	0
FHRGLTSELQALGKTGIKTSCLCPVFVNTGFTKNP	VTHRGLTSELQLGKTGIKTSCGILTNKKMXXXXXX	1
GVNNNQGVNIFNYQVATKQLLFRLLDMLSKEPPWC	GNACRLGVNIFNYQVATKQLLFRLLDMCNICFDVL	0
RNIGGKHARLYQTLNEGKQLVASVSCPELEGQIAK	KWEEFDNYRLYQTLNEGKQLVASVSCPELEGQIAK	0
KIQTGLKKLTELGTVDPKNKYQELINDIARDIRNQ	EIQTGLKKLTELGTVDPKNKYQELINDIXXXXXXX	1
HPAPNFKATAVMPDGQFKDISLSDYKGKYVVFFFY	XXXXXFKATAVMPDGQFKDISLSDYQVIGASDSHF	1
ARPSSVPHGAGYELLIQKFLSLYGDQIDMHRKFVV	ARPSSVPHGAGYELLIQKFLSLYGDQIFVVQVCKV	0
RMCHPSIEGFTPRLPMNKEWPSNLDLRKELSEPSS	DRSHPSIEGFTPRLPMNKEWPSNLSTRIYAAKSAE	1
QVKRLVPQKQASVAKKKKLEKEEEEIRASVRDKSP	KPPVEEEQKQASVAKKKKLEKEEEEIRXXXXXXXX	1
AELAKAGGCKHFNLLSSKGADKSSNFLYLQVKGEV	XXXXXXXXXXXXXLLSSKGADKSFLYLQVKGEVEV	0
PVWLGFLGPIIKAETGDKVYVHLKNLASRPYTFHS	XAWAKEKHYYIKAETGDKVYVHSGITYYHTYMLLA	1
NPNLQSLLSTDALPSASKGWSTSENSLNVMLESHM	NPNLQSLLSTDALPSASKGWSTSENSLNVMLESHX	0
EDSLSSAYIQRVNTELMKAAARGLTLLFASGDSGA	NVALVTLMLSRVNTELMKAAARGLTLYVGFXXXXX	0
KPEYLDAYNSLTEAVLPKLHLDEDYPCSLVGNWNT	XXXXXXXXNSLTEAVLPKLHLDEDYPCSLVGNHLW	0
VEEYLKEVVNQPFPFGDKEKNKLTFEVVHLARNLI	DLRASYLEVVQPFPFGDKEKNKLTFEVVILEHEDV	0
QPNPASRAKLTMLNTVSKIRGQVKNPGYPQSEGLL	XXXXXSRAKLTMLNTVSKIRGQVKNPGYPEVKDSL	1
HEIGFGSKVTTHPLAKDKMMNGGHYTYSENRVEKD	TALLAHEFVTTHPLAKDKMMNGGHYTYSRXXXXXX	1
SAIAAMNEPKTCSTTALKKYVLENHPGTNSNYQMH	LEVLPLAFRLCCSTTALKKYVLENHPGNSNYQMHL	1
GNDHGTQYRSAIYPTSAKQMEAALSSKENYQKVLS	QPEMSFEELLKIYPTSAKQMEAALSSKEIREGQVG	0
SKREKREVIVEESIRTCKPAFLSEEKLYQETAIRD	XXXXXREVIVEESIRTCKPAFLSEEKLYQETAIRL	0
SQAKKALDVLEPLLCSLKETESLTQRGVIYNLLGL	EQESFESLVLEPLLCSLKETESLTQRGVIYNLLSR	0
PGKLPKGISAGAVQTAGKKGPQSLFNAPRGKKRPA	XXXXXKGISAGAVQTAGKKGPQSLFNAPRGEDEEG	1
FAKNDLAVVDVRIGMTRKFGYVDFESAEDLEKALE	SAPELKTGISVRIGMTRKFGYVLKVFGNEIKLEPX	1
SEYNIMFGPDICGPGTKKVHVIFNYKGKNVLINKD	GGGYVMFGPDICGPGTKKVHVILINKDIRCKDDHY	1
HGHAKVHLVGIDIFTGKKYEDICPSTHNMDVPNIK	IVEMSVHLVGIDIFTGKKYEDICMDVPAEVXXXXX	1
KNGRYDISKIPDIYDCIKYDVQHNGSLKLENTMEL	XXDRTPKYWIPDIYDCIKYDVQHNGNTMELYRLSK	0
DVHGPDWHLKMPKMKMPKFSVPGFKAEGPEVDVNL	XXXXXXXHLKMPKMKMPKFSVPGFKAEPDVEVQGP	1
PAIYGVDTRMLTKIIRDKGTMLGKIEFEGQPVDFV	TGEVVFNQTMLTKIIRDKGTMLGDNYKMSMANRHG	1
HTANERRLKELIGATAGKLHTGRSRNDQVVTDLRL	DQILGLERLKEIGATAGKLHTGRSLVXXXXXXXXX	1
VELFENLSEKLQTFLETKTQALTEVDVPGKDVTEL	XXXXXXXXEKLQTFLETKTQALTEVDYMQESTSEF	0
EIRRGVMLAVDAVIAELKKQSKPVTTPEEIAQVAT	XXXXXXXXXVDAVIAELKKQSKPVAAVEEGIVLGC	1
FSGQKGPVGLAIDFPESKLYWISSGNHTINRCNLD	VHLRKLYMLLAIDFPESKLYWINRCNLDGSGLEVI	0
KAAAAASAAGPGGLVAGKEEKKKAGGGVLNRLKAR	XXXXXXXXAGPGGLVAGKEEKKKAGGGVLTRFKRG	0
QNTDRGTVQGQLQGPISKVRHMQEWLETRGSPKSH	AEGKKLGLVGQLQGPISKVRHMQEWLEEKVILFXX	0
GGGDDSFNTFFSETGAGKHVPRAVFVDLEPTVVDE	DKTIDSFNTFFSETGAGKHVPRAYRQLFHPLXXXX	1
LYQGLLLQRVPFNVDFDKLPRHKKLERLCLTLGIP	FIGFHSHLTGPFNVDFDKLPRHKKLERLCDKTYEL	0
LQAATGMYEQLKGEWNRKSPNLSKCGEELGRLKLV	XXXXXXMYEQLKGEWNRKSPNLSKCGEELDIEIGA	1
VNPPTVQNAYIVSRQMSKYPSGERVRYQCRSPYEM	RDTSCVNPPTIVSRQMSKYPSGERVRYEVMCLNGN	1
GYASEGVKQVAELGSPVKMEEEIRQQSDEVLTVIK	LWASEGVKQVAELGSPVKMEEEIRQQSVIKFLTMD	0
LLNYLPLERASWTSILAKQRELYAQFLREMIIQPG	KINYLPLERASWTSILAKQRELYAQFLREEWKEHA	0
HMFQREKVEVQLPELFHKIGVGAMTWSPLACGIVS	TPPICEKVEVQLPELFHKIGVGAEGVKXXXXXXXX	0
ALVPLDLVKCRMQVDPQKYKGIFNGFSVTLKEDGV	XXXPLDLVKCRMQVDPQKYKGIFNGFSVTLKEDGG	1
DPNSPVLLEDPVLCALAKKHKQTPALIALRYQLQR	XXXXPLLLEDPVLCALAKKHKQTPALIALRYENQV	1
DFPRGHVEELSISHQSLKTAFSSLSNVSSERTKQI	KDMKLAELELSISHQSLKTAFSSLSNVXXXXXXXX	0
EFYEVTLLDNPKCIDRSKPSEPIQPVNTWEISSLP	XXXXVTLLDNPKCIDRSKPSEPIQPVNTWENSKTR	0
VEEGTGLRLLEAAAQSTKGYYSPYSVSGSGSTAGS	LKISDADRSLEAAAQSTKGYYSPYSVRGSXXXXXX	0
KLGGNYGPTVLVQQEALKRGCEQVLWLYGPDHQLT	ADPAFIGPTVLVQQEALKRGCEQVLWVGTVHRILY	0
ADNFNDILKHLLTLADVKHVFRLCGTDEKILANVT	SILQGLVISHLLTLADVKHVFRLCGTIADLHKNQF	0
YTNFDAERDALNIETAIKTKGVDEVTIVNIVTNRD	XXXXXXERDALNIETAIKTKGVDEVTIVNIVVYQR	1
DDSHLEGRDPDIWHVGFKISWDIETPGLAIPLHQG	KYPKLEPYFMSWHHVGFKISWDIETPGLAILNATH	0
HNETILFKEKFLDWTELKRSNEKNPGELAQHKEDP	SLEHNETIKEFLDWTELKRSNEKNSSSSGDFAXXX	0
GIGQPEKVGLLLEYEAQKLSLVDVSQVSVVHTLQT	ASWVFTMLGLLLEYEAQKLSLVVVHTLQTDFRVVP	0
IKGPSYGEDVSNTTTAQKRKCSQTQCPRKVIKMES	ASGPSYGEDVSNTTTAQKRKCSQTQCPRXXXXXXX	1
VEMKNDKSEEEQSSSSVKKDETNVKMESEGGADDS	VEMKNDKSEEEQSSSSVKKDETNVKMESEGGADDS	1
ANVVALVAVAEHSGEFEKIMQLSERYNGFVLPCLG	DFDRLDVAVAEHSGEFEKIMQLSERYNVLPCLGAI	0
PPSPEKKTKPLATTQPAKTSTSKAKTQPTSLPKQP	XASPIKMDLAPATTQPAKTSTSKAKEAAATTRKPE	1
LQHPNIVRFYDSWESTVKGKKCIVLVTELMTSGTL	KTVYWCELQDRKWESTVKGKKCIVNSFNSSXXXXX	0
VVIPQKKGKKAAATSAKKVVVSPTKKVAVATPAKK	XXXXXKKGKKAAATSAKKVVVSPTKKVAVKAAATP	1
SHGQASITTDDGVVFQFKSSKKSNNGTDVNAGQIP	DHEWWYVAWGQASIFQFKSSKKSGTDVNAGIPXXX	0
VLKVQQLLHICSEHFDSKEKEEDKDKKEKKDKDKK	XXXXXXEPHICSEHFDSKEKEEDKDKKEKKDKDKK	0
QHENIKNEIDNYEEDYQKMRDMGEMVTQGQTDAQY	LDDFQWLEIDNYEEDYQKMRDMGEMVTQLRRLQAL	1
MKVQGSPLKKLFTSTGLKKLSGKKQKGKRGGGDEE	XXXXXSPLKKLFTSTGLKKLSGKKQTPKKRVGEGV	0
LDNPTPFPNLGPSENPLKRLLVPGEEWEFEVTAFY	XXXXXXXXXXXXSENPLKRLLVPGEEWGQLGICLL	0
GFILKAQNKIAESIPYLKEGIESGDPGTDDGRFYF	NGFAKVHYGFAESIPYLKEGIESGDTDDRFYFHLG	0
EKLLEAISETSSQLEHAKVTQTELMRESFRQKQEA	SSLLEAISETSSQLEHAKVTQTELMRESFRQKQKN	0
AGITAISGKPGDKKKEKKSLTPAVPVESKPDKPSG	XXXXSESGKPGDKKKEKKSLTPAVPVESKPDDIDT	1
STVTSETLPSSLSPSVEKYRYQDEDTPPQEHISPQ	XXXXXXXXPSSLSPSVEKYRYQDEDTPPPQITNEV	0
GAAGGGGRNRPAPYSRPKQLPDKWQHDLFDSGFGG	PAIAGGGRNRPAPYSRPKQLPDKWQHDLFDSGFGG	1
KDLEEKLAAEEQFQALVKQMNQTLQDKTNQIDLLQ	KDLEEKLAAEEQFQALVKQMNQTLQDKTNQIDLLQ	0
GIVESVGEGVTTVKPGDKVIPLAIPQCGKCRICKN	MVAAAGIVESVTVKPGDKVIPLVAKIDAASPLEKV	1
ASQFQEVIRQELELSVKKELEKILTTASSHEFEHT	XXXXXXXIRQELELSVKKELEKILTTATKDLDGFR	1
TYNCRIAEYSHPQLGGGKGKKKKINKNDIMLVQSE	TDRCRIAEYSHPQLGGGKGKKKKINKNFADVRESV	0
NPNAKEFNPTKPLLSVNKSTSTPTSPGPRTHSTPS	PRRIDFRNVDYPLLSVNKSTSTPTSPXXXXXXXXX	0
GKSHRDPYATSVGHLIEKATFAGVQTEDWGQFMHI	XXXXXXPYATSVGHLIEKATFAGVQTEDWGQFMHI	0
VGDRLDTDILLGATCGLKTILTLTGVSTLGDVKNN	ERTVMVGDILLGATCGLKTILKMVPDFYXXXXXXX	0
MEIGWLKPVIGSQYPLEKVAEAHENIIHGSGATGK	ACGVTPGGYAESQYPLEKVAEAHENIMILLLXXXX	0
FSQKIQAQNRVVSAPVGKETPSKRMKRDKTSDLVE	SESEIQAQNRVVSAPVGKETPSKRMKRDKTSDXXX	1
SLVSDKTSISEKVLASEKTSLSEKIAVSEKRNSSE	WALERETSISEKVLASEKTSLSEKIAVSEKXXXXX	1
NMEIGTSLFDEEGAKIVKDLMSKAEKNGVKITLPV	TFLKVLNNMDEEGAKIVKDLMSKAEKNGVKITLXX	1
MGKAEAERMKLKAEAYQKYGDAAKMALVLEALPQI	MGKAEAERMKLKAEAYQKYGDAAKMALVLEALPQI	1
ENLFIFGMRIDDVAALDKKGYEAKEYYEALPELKL	YTAGTDGMRIDDVAALDKKGYEAKEYLFYHDRFKV	1
LMKAAAGEFADDPCSSVKRGNMVRAARALLSAVTR	LMKAAAGEFADDPCSSVKRGNMVRAARALXXXXXX	1
RRQFASQANVVGPWIQTKMEEIGRISIEMNGTLED	XXXXXXXXXVVGPWIQTKMEEIGRISHLKQYERSI	0
RVRVDSTAKVAEIEHAEKEKMKEKVERILKHGINC	DTDKIVTAKVAEIEHAEKEKMKEKVERILLIYNYP	1
LSEKEKKQISEQLNALNKAYHDLCDGSANQLQQLQ	VSEAIKSQISEQLNALNKAYHDLCDGSAXXXXXXX	0
RLSLPPNVRIMFEVQDLKYATLATVSRCGMVWFSE	GPGDVDPEWVEFEVQDLKYATLATVSMWMDKYGTS	0
ASASSTNLKDILADLIPKEQARIKTFRQQHGKTVV	XXRHASALKDILADLIPKEQARIKTFRQETRVTGH	1
RTNQELQEINRVYKEMYKTDLEKDIISDTSGDFRK	ASMKGLQEINRVYKEMYKTDLEKDIISDAKXXXXX	1
EKLGEWNEKVTQSDLYKKTQETLSQAGQKTSAALS	EKLGEWNEKVTQSDLYKKTQETLSQAGQKTSAALS	1
HGHKVAKFCYADKSLLNKAIEAALAARKEWDLKPI	CVVGDEEVWTADKSLLNKAIEAALAAFVVLWPNII	1
KLPILELSHIWELSDFDKDGALTLDEFCAAFHLVV	PGSAAKLSHIWELSDFDKDGALTLDEFCAAKLMPF	0
GQSARAIMAQLPQEQKAKIAEQVASFQEEKSKLDA	XXXXXXXMAQLPQEQKAKIAEQVASFQETDFTRGK	1
LRIRSHPSLQSEQIGIVKVNGTITFIDEIHNDDGV	FVAKDSAGLRIRQIGIVKVNGTITLTIKKYVPAWC	0
VVEEYYEVLDHCSSILNKYDDNVKAYFKRGKAHAA	QITPLLLVLDHCSSILNKYDDNVKAYFKRDKLXXX	0
SQADSLMTSSAFDTSQVKDKRDTINGRFQKIKSMA	SQADSLMTSSAFDTSQVKDKRDTINGRFXXXXXXX	0
EDGSKDTSKEMENLWGIKSINDYNTWFLGVDTATE	XXXXXXXXXXMENLWGIKSINDYNTLNGEAALIMN	0
VETIAQEHSTLSQQVDEKCSFLETKLQGIGHFQNT	LTMLQTQQKTLSQQVDEKCSFLETKLXXXXXXXXX	0
APSGNGVHLRGAGGGREKGSVGAVPSGTSPGGVAT	XXXXXXVHLRGAGGGREKGSVGAVPSGTSKANQAA	1
VYNPRIRVESLLVTAISKASAQQRAGRAGRTRPGK	EATLDIYEDPGFATAISKASAQQRAGCRLYTEKAY	0
DPDAQPGGELMLGGTDSKYYKGSLSYLNVTRKAYW	FYLSAQPGGELMLGTDSKYYKGSLGRYYTVFAEAA	1
CIVTSTYGWTANMERIMKAQALRDNSTMGYMMAKK	EEPIDEYGWTANMERIMKAQALRDNSTMGYMMAKL	1
RIARKIASLSRPVVSLGKATFYKQLPQDLGTAYYL	PVISCDIILSRPVVSLGKATFYKQLPALTAMDNXX	1
GYLSSERLIPQRVMDQHKLTRDQWEDRIQVWHAEH	PPETAVRLIPQRVMDQHKLTRDQWEDRITLSSELS	1
TNEEMTLVKPDGTVLHPKDFNHTDHFSVAIFTIHR	KAPTNEEMTLVKTVLHPKDFNHSVAIFTIHRIVCS	0
FYPGAVTVAWKADGSPVKAGVETTKPSKQSNNKYA	ATLVCVTVAWKADGSPVKAGVETTKSSYLSLTQWH	1
TLSQAIQLGKVDFASTLKVLEAQANTGGIIDTATG	IVDPNCRIPFVDFASTLKVLEAQANIMVIIHGMXX	0
ETIRSICKASGAKITCDKESEGTLLLSRLIKISGT	SVGRIIGRGGIRKITCDKESEGTLLLSRLIKIHAD	1
PATTPALEKAPCFPVESKEEEQIEKVKATGEESTQ	ELEPKESKPAPCFPVESKEEEQIEKVSEYKTETYD	0
KKRKPQAEKVDVIAGSSKMKGFSSSESESSSESSS	PPPKPQAEKVDVIAGSSKMKGFSSSESESSSESSX	1
RFYGAEIVSALDYLHSGKIVYRDLKLENLMLDKDG	XTERVLNTRALDYLHSGKIVYRFLCKEGITDAATM	0
CEQALQHPWIAGDTALDKNIHQSVSEQIKKNFAKS	WDDISDSAKWIGDTALDKNIHQSVSXXXXXXXXXX	0
KEARKEIKQLKQVIDTVKNNLIDKDKGLQKYFVDI	KEARKEIKQLKQVIDTVKNNLIDKDKGLQKYFVDI	1
LNEVIEKLQQELANIGQKTSMNAHSLSEEADSLKH	GNEVIEKLQQELANIGQKTSMNAHSLSEEAXXXXX	0
AGACTAAAFLKEFVTHPKWAHLDIAGVMTNKDEVP	SSWLWNKLLLKEFVTHPKWAHLFFXXXXXXXXXXX	1
DGEAALAAKVAVLETQLKKALQELQAAQARQADPQ	KRQLTLAAKVAVLETQLKKALQELQAAQARXXXXX	0
HSANKCRLRLLLPGKPDKSGRPISFMVVFITPNPL	AQVGGYDVQNLLPGKPDKSGRPISFMVXXXXXXXX	1
GTEQEVESSSVKLNISSKDNRGGIKSKTTAKVTKE	TDKISGSGSSVKLNISSKDNRGGIKSKTGADCQEV	1
FSSHDEINNYLQQIDQLKERIAGLEEEKQKNKEFS	FSSHDEINNYLQQIDQLKERIAGLEEEKQKNKEFS	0
ERILKPHAFYQVHRITGKTVTTTSYEKIVGNTKVL	VGSRGAVKGGHPHRITGKTVTTTSYELEIPATIDC	1
ESNAEYLAHLVPGAHVVKAFNTISAWALQSGALDA	IILVDISNSNAELAHVVKAFNTVFVCGNAKVMDQG	0
EITAVQARMQASYREHVKEVQQLQGKIRTLQEQLE	EITAVQARMQASYREHVKEVQQLQGKIRTLQEQLE	1
ARLRSLESLHSFVAAATKELMWLNEKEEEEVGFDW	XXXDLPVELHSFVAAATKELMWLNEKEELLKEKKI	0
LKTGNWVRYCIFDLATGKAEQENNFPTSSIAFLGQ	KGVHAVLRYCIFDLATGKAEQENXXXXXXXXXXXX	0
AEAICSLCTSLSTQQIVKILNLYTPLNEFEERVTV	DVCSPQALLCLSTQQIVKILNLYTVTVFIRIQLQQ	0
LNRVLHDEILNKPMETLKLAIPSGIYTLQNNLLYV	XXXXXXXEILNKPMETLKLAIPSGIYFAGVYFEKI	0
KTKDEYLINSQTTEHIVKLVEQHGSDIWWTLPPEQ	TFYVPIPVNSQTTEHIVKLVEQHGSDIWLQLLPKX	0
VETQRFQSISTEFLALMKKVSKSPLVMDVLNIQGV	CRLIRWQWISTEFLALMKKVSKSPLVDVLNIQVSL	0
TRFRVSWDPSPSPVLGYKIVYKPVGSNEPMEAFVG	XXXXXPPIVSWPSVLGYKIVYPMEAFVGEMTSYTL	0
LKEKIDRRSGKKLEDGPKFLKSGDAAIVDMVPGKP	AKFAELKEKIDKLEDGPKFLKSGDAAIVDMAXXXX	1
ENAIIYNNNEDFQVGQAKVVLKSKDDQVTVIGAGV	YPSDVAIYNEDFQVGQAKVVLKTVIGAGLRVLDPF	1
LAGGLLTGKYKYEDKDGKQPVGRFFGNSWAETYRN	RAGGLLTGKYKYEDKDGKQPVGRFFGNSWAETYRN	1
VRNLKWLGFRVPLAIVNKAHQANQLYPFAISLIES	IITLSKEVRKVPLAIVNKAHQANQLYWEXXXXXXX	0
PAVGDIDAFLKVPRPDGKPDNLGLLVLDEPSTKQS	XXVGDIDAFLKVPRPDGKPDNLGLLVLDEPSTKQS	0
RIYLYHNSLDEFPTNLPKYVKELHLQENNIRTITY	SDLKNLLKVERIPTNLPKYVKELDSLSKIPYLEDS	0
LDPLVNTSSLIMRKCFPKNRLPLPTIKSSFHFQLP	XXXXXXKRKIIMRKCFPKNRLPVVDESDDDIRLIN	0
DIASDAFATFKDLLTRHKLLSAEFLEQHYDRFFSE	EPLAKILWTFKDLLTRHKLLSAEFLEQLLGELLLD	1
SQVKYAGSQVASTSEVLKYTLFQIFSKIDRPEASR	VLVYHDGSHAASTSEVLKYTLFQIFSTLMSRNFVR	0
LGANGKVAVIVSNDHAGKLCGACGNFDGDQTNDWH	TIPWYRAGVIVSNDHAGKLCGACGNFDGDNDXXXX	0
AKFTAGDFSTTVIQNVNKAQVKIRAKKDNVAGVTL	XXXXXXXFSTTVIQNVNKAQVKIRAFEHYHEGTDS	0
SKSVNVKPLVTHRFPLEKALEAFETFKKGLGLKIM	HSVGIVLGLCRHRFPLEKALEAFETFKIMLKCDPQ	1
VFITFKEEEPVKKVLEKKFHTVSGSKCEIKVAQPK	EFGFVFIEEPVKKVLEKKFHTVSGSKCEIKVAQXX	1
KRCRRMVVVVSDDYLQSKECDFQTKFALSLSPGAH	VWSIASIVVVSDDYLQSKECDFQTKFALSKFPSIL	0
SAGSARTSPSSDKVQKDKAELISGPRQDSRIGKLL	XXXXXXXXXXSDKVQKDKAELISGPRQRPTDNAHE	1
DMREPVFEFVRPPPYHPKQKRFPHRQPLRYLDRYR	YYFGEKFEFVRPPPYHPKQKRFPHRQPLRYLDRYR	0
KLKSLIRLVKHWYQQCTKISKGRGSLPPQHGLELL	QWDVMLLYVKHWYQQCTKISKGRGSLPPQRLLKEA	0
EHLHPDLWQIFDNPVDWKEQYIHENYSRALEGEGI	PFRHLDLWQIFDNPVDWKEQYIHENYSPLLSEQMC	0
SFTETMSSLSPGKPWQTKLSSAGLIYLHFGHKLLA	QRSFTETMSSLSKPWQTKLSSAGLLYEVEEVDAVD	0
KKVKFQAKLEHEYIQNFKILQAGFKRMGVDKIIPV	SIALKKVKAEHEYIQNFKILQAGFKRVKIIPVDKL	0
LNIIEDEVSQPLAAPPSKIHVLLLVLHGGTILDTG	XXXXXXXXXXXXAAPPSKIHVLLDMYPSALGRLAI	0
LAADESVGTMGNRLQRIKVENTEENRRQFREILFS	XXXXXEVGTMGNRLQRIKVENTEENRRQFRRQASA	1
ITSKEDLNCQEEEDPMNKLKGQKIVSCRICKGDHW	TISKEDLNCQEEEDPMNKLKGQKIVSCRICKGDHW	1
DEDVGRVIFGLFGKTVPKTVDNFVALATGEKGFGY	XXXXXXXVTVLFGKTVPKTVDNFVALAKSIYGRFP	1
LFPVGREIAGIVLDVGSKVSFFQPDDEVVGILPLD	PVTEDNFVKLIVLDVGSKVSFFQPDDEVGLVRVHE	0
AEGQWRAVDVVLDCFLAKDGAHRGALASSEDRARA	XXXXXXXXXXXXXCFLAKDGAHRGALASSEDRARA	0
APGFSNTSLIILHQLEDKMKAHSFLMDFIHQVGLF	DYPGFSNTSIILHQLEDKMKAHSFLHAEKLSAIFR	0
SEDTQQQIIRETFHLVSKRDENVCNFLEGGLLIGG	FNNHGKQIIRETFHLVSKRDENVCNFLEGGKLIYR	0
QADRRQSMAFSILNTPKKLGNSLLRRGASKKALSK	XRRLQQSMAFSILNTPKKLGNSLLRRGASKKALSK	1
ETKALQGQISSQQVAVEKLKKTAEVLLDARGSLLP	SCGLLAGLISSQQVAVEKLKKTAEVLLIQTLDIVG	0
LQNKLEVLNQRWQNVLEKTEQRKQQLDGALRQAKG	HVLQNDVLNQRWQNVLEKTEQRKQQLDGXXXXXXX	0
TPPNQRRRTLENLIPDTKYEVSVIPEYFSGPGTPL	RPVAGGESRLENLIPDTKYEVSTGNAATEEVSXXX	0
EEKTGLAVTVGQAKSVGKGLQVKAASVPVKGSLGQ	XXSVSTKVTVGQAKSVGKGLQVKAASVPRSPSKVT	1
TSVSRHRDTENTRSSRSKTGSLQLICKSEPNTDQL	XXXXXXXCTENTRSSRSKTGSLQLICKEEIPFKDD	1
ITPDEKRVEEFKLKQMWKSPNGTIRNILGGTVFRE	KAATITPDEKRVLKQMWKSPNGTIRNIYRAXXXXX	1
FQECCPHSTDRVVLIGGKPDRVVECIKIILDLISE	ELRLRENTQTTIKLIGGKPDRVVECIKXXXXXXXX	1
ARPSDNCVFSVELQLPPKAAALAHLDRGSPPPARE	XXXXXXXXXXXLFQLPPKAAALAHLDRSPPPARFD	0
KERTHFTVRLTEAKPVDKVKLIKEIKNYIQGINLV	XXXXXXXXXLTEAKPVDKVKLIKEIKNYINLVQAK	1
GKLKVPEWVDTVKLAKHKELAPYDENWFYTRAAST	XXXXXXXXVDTVKLAKHKELAPYDEWFRMTKIYGG	1
FRPHFLQAPGDLTVQEGKLCRMDCKVSGLPTPDLS	XXXXXYTSVSDLTVQEGKLCRMDSAHKSLIIEPVT	0
FLPLWMRSLKPWDAVVSKFTGCFQMRCCCCCRVCC	WFAVFLWSLKPWDAVVSKFTGCFQMRCCCCCEDLE	0
NPQAVLDVLKFYDSNTVKQKYLSFTPPEKDGFPSG	XXXXXQWVLKFYDSNTVKQKYLSFKGASGNLQKQP	0
VVGIKLDQGGAPLAGTNKETTIQGLDGLSERCAQY	XXXXXXXXGGAPLAGTNKETTIQAVLRIADQCPSS	1
LHKFVSRATAELIWLNEKEEEELAYDWSDNNSNIS	XXXXXXXXTAELIWLNEKEEEELAYKYFSELTMEL	0
EKLDGGIEPYRLPEVIQKCNARWTTEEQLLAVQAI	XXXXSNDNSIASPEVIQKCNARWTTEEQLAFQAIS	1
SKMNAQNKLSLTQDPVVKVSEIVAKSKELDNFCNP	WLSKMNAQNLLTQDPVVKVSEIVAKSXXXXXXXXX	0
VQTNCSKENFLFLTPDCKSLWNGDTGECTDNAYID	EIVQTNCSKNFFLTPDCKSLWNGDTIPTNSPLDNV	0
KCQNLLRHQVKDLLDLIKQPKTDASVKAIFSKVMV	XXXXXXXHQVKDLLDLIKQPKTDASVKAIFSKVKF	0
ELMRLISEILDKPHEASKLDDHVKKFKLPKKHMQL	LNRRMRTDILDKPHEASKLDDHVKKKGTXXXXXXX	0
AARTFAQGLAVAGDVVSKVSVVNPTAQCTHALLKM	QCNHLQAFAAVAGDVVSKVSVVNLNQLWWDILILR	0
RKKHIFKLAQGEYIAPEKIENIYMRSEPVAQVFVH	DIGKIIDRKHIFYIAPEKIENIYMRVFVHMLGSGL	1
KIDTASPLNPEAAVLYEKDIQLFKSKVVDSVKVCT	KIDTASPLNPEAAVLYEKDIQLFKSKVVDSVXXXX	0
AVKFPSQGTIFDYYVDHKTKKLLPWADKIAQFTMD	EVYEVYFVFAVFYYVDHKTKKLLPWADKYLXXXXX	0
IPGGDRSTPAAVGAMEDKSAEHKRTQYSCYCCKLS	AQGPKQSTPAAVGAMEDKSAEHKRTQYSSMKEGDP	1
SEEEDSRREEPSLLLVLKWGGELTPAGRVQAEELG	LEMFSGINRKVQLLLVLKWGGEEGRXXXXXXXXXX	0
AAMTAAQAKPALKIPQTKACPKKTNTTASAKVAPV	XXXXXXXXXPALKIPQTKACPKKTNTTVKAEKQEV	1
ASFNPELLTHILDGSPEKTRRRREIENMILNDPDF	XXXXPELLTHILDGSPEKTRRRREIENMIADPDEI	0
PDTPQTSGTFVPVANELKRKDKYMNVLFSCHVRKV	XXXNLASGTFVPVANELKRKDKYMNVLFSIFVTDR	0
DIQTIQPSLNSVNEGGQKIKNEAEPEFASRLETEL	KLRKIQHILNSVNEGGQKIKNEAEPFASRLETELK	0
ENEDKKGVQLQTHPNVDKKLFTAESLIGLKNPEKS	IRLHVENVQLQTHPNVDKKLFTAESLIGLKNPEKF	1
IQHYAGKVLYQVEGFVDKNNDLLYRDLSQAMWKAS	QFILLDECTDQVEGFVDKNNDLTAGSQFXXXXXXX	0
PAIKLRNSDVEIFAVGVKDAVRSELEAIASPPAET	YSIGNFKVITDGKAVGVKDAVRELVFTVEDFDAFI	0
GGTTRHCFYGLQPDSEYKISVYTKLQEIEGPSVSI	ESLQDRQKQECFLQSEYKISVYSVSIMEKTGNPGX	0
PFDQMTIEDLNEAFPETKLDKKKYPYWPHQPIENL	PFDQMTIEDLNEAFPETKLDKKKYPYWPHQPIENL	0
GTCRISMSEVDLNVAAPKVKGGVDVTLPRVEGKVK	CSSEVVREGVDLNVAAPKVKGGVDVTLAPDVEAHG	1
KSLCIPFKPLCELQPGAKCVCGKNPAKYYTLFGRS	CGEIDCEWIICELQPGAKCVCGKNPAKYYTLFXXX	0
EADKIKVAQGVSGAVQDKGSIHKFVPYLIAGIQHS	EAPGEYFIRLKKYAVQDKGSIHKFVPYLKRLFXXX	1
QVSCSAWVTVHEKKSSRKSEYLLPVAPSKPTAPIF	VIEGQDFDAVHEKKSSRKSEYLLPEVIWLGNEEAW	1
ISESLDNLESMMPNKVRKIGELVRYLNTNPVGGLL	XXXXXXXXESMMPNKVRKIGELVRYLNGLLEYARS	1
TAENFRALSTGEKGFGYKGSCFHRIIPGFMCQGGD	AGRVFRALSTGEKGFGYKGSCFGGDFTRHGSQITI	1
LLDTAMINNSRNLNIQLKWKRPPENEAPPVPFLHA	ITYNETLEVHPPPNIQLKWKRPPXXXXXXXXXXXX	0
IDEAKKWERKFSDAIQSKEEEIRLKEDNCSVLKDQ	VDEAKKWERKFSDAIQSKEEEIRLKEDNCSVLKDQ	0
DQLLPKHCAKTISQAVNKKSKKQTGKKGEPEREKP	DQLLPKHCAKTISQAVNKKSKKQTGKKGEPEREKP	1
SALRTRVPQFSFLDIFPKVTCRPPKEVIDMELSAL	KYVYIVEILESFLDIFPKVTCRSDTEPXXXXXXXX	0
PQEYTLLKLKVLEPYPSKLSGLKGKNIFLVAATLR	XXXXXXXXXXVLEPYPSKLSGLKGKNIFLPKYIGF	0
SRAIRADLTHLLSPQMGKDIVWFLKRWAKTYLLVD	YEIHWILGVSELSPQMGKDIVWFLKRKVNWEQDLA	0
IDAAFTRINCQGKTYLFKGSQYWRFEDGVLDPDYP	FRGQIIEGPIDAAFYLFKGSQYWRYPRNISIPDNV	1
KQIEICNRLEEPGNFVLKELHPFDLHAMQNIILKY	LRLVICNRLEEPGNFVLKELHPFDLHAMQNIIXXX	0
GWGDQLIWTQTYEEALYKSKTSNKPLMIIHHLDEC	XXXXLLIWTQTYEEALYKSKTSNKPLMIIAEQFVL	0
LELRDNDKTRYMGKGVSKAVEHINKTIAPALVSKK	VEVLELRDNDRYGKGVSKAVEHINKTIDKSKFGAN	1
IAECSNRRLQEVPQTVGKYVTELDLSDNFITHITN	PCDEKKSVIAEVPQTVGKYVTELDESFQGLQNLTK	0
LPEDAIHTMIENLQPETKYRISVFATYSSGEGEPL	IWKSLYDDVDTILQPETKYRISTGDATTELAPGKY	0
CDEAKAVDIPHMDIEALKKLNKNKKLVKKLAKKYD	XXXCVLGDQCHMDIEALKKLNKNKKLVKKLAFASS	1
TGDIKVIGGDDLSTLTGKNVLIVEDIIDTGKTMQT	ALSIPMTVDDDLSTLTGKNVLILLVRQYNPKMVKV	0
KQPPPKESKPKRMPRVKKNAPQISDGSEVVVVKEE	XXPPPKESKPKRMPRVKKNAPQISDGSEVVVVKEE	1
KVIGVKLTGSLSGWSSPKDVILKVAGILTVKGGTG	XXXXXXXXXXXXLWSSPKDVILKVAISTGMATICN	0
RSIHLFIDSLLNEENPSKAYRCSSKEAFEKGLCLS	XXXXXXXIYPLSEENPSKAYRCLSCNRCNNLGYEI	0
TSNFKVSASPLLYTLIEKTMQNVKHPVTGQFLYQD	XXXXWDKFVPLLYTLIEKTMQNVKHFLYQDSNWAE	0
NIEEVLQRGEALSALDSKANNLSSLSKKYRQDAKY	LFRKELQRGEALSALDSKANNLSSLSKKYRQXXXX	1
FSHEAVKTHIDTVINALKTERDVSVRQRAADLLYA	XXXXXLQRLIDTVINALKTERDVSVRQRAADLLIV	0
NSGYLKAKQYMEEENYDKIISECSKEIDAEGKYMA	NSGYLKAKQYMEEENYDKIISECSKEIALLLRATF	1
LRELPLAADALTFAEVSKDPKGLEWLWSPQIVGLY	VTNALRLADALTFAEVSKDPKGLEWLWSPQIVGLW	0
SVKAPVTKVAASIGNAQKLPMCDKCGTGIVGVFVK	XXXXPVTKVAASIGNAQKLPMCDKCGTGIVGVFVK	1
LINRLEKHYLDINTVLEKWQKSIVEELCAWVEKFI	XXXEEVSPMLDINTVLEKWQKSIVEELCDCASVVL	0
VPRGSDEGQFNEQNFVSKSDIKSMSSPTIMAIGAA	XXXXXRGSQFNEQNFVSKSDIKSMSSPTIMAIGAE	1
FINCQSLLQDRDTLNFFKESKFDALFTDPALPCGV	IVVVKYLLQDRDTLNFFKESKFDALGILAEYLGLP	1
EVLWEKELPPGVEELLNKGQDPLADRGEKDTAKSL	XXXXXXXXPPGVEELLNKGQDPLADRGEKDTAKSL	0
VMLVHFRNVDFNYATKDKFTDSAIAMNSKVNGEHK	XXXXXXXXVDFNYATKDKFTDSAIAMNSKVNGETS	1
DIRVNCVVPGIIKTDFSKVFHGNESLWKNFKEHHQ	GSIAVALYPGIIKTDFSKVFHGNESLWKNFKRIGE	1
TLTSQPNNRLKEAISTSKEQEAKYQASHPNLRKLD	KVGVASSERLKEAISTSKEQEAKYQASEMGLGRLK	1
DQKMSSFKEEKDIKPIIKDEKGRVGSGSGRNLWVS	KILDILGEEEKDIKPIIKDEKGRVGSGSGRVMSTS	1
EVLTGNDEVIGQVLSTLKSEDVPYTAALTAVRPSR	ELKLNALEVIGQVLSTLKSEDVPYTAXXXXXXXXX	0
KVLGVQRPLLQSTIIVEKTVQDLLNLMHDLSAYSD	IGVATMVLLLQSTIIVEKTVQDLLNLMVKLYSWLA	0
AIKVLNKTMDVSKLSAEKVEIATLTRENGKTVIRV	SEKIILNTMDVSKLSAEKVEILKQKEVELIXXXXX	1
FGGQKRQLEDGDQPESKKLASQGDSISSQLGPIHP	XXXXXXXLEDGDQPESKKLASQGDSISSQLGPIHP	1
PGDKEFVSWQQDLEDSVKPTQQARPTVIRWSEGGK	XXXXXXXSWQQDLEDSVKPTQQARPTGSFNNLDLP	0
NSRSSCTLFQDIFQHLDKAVEQKQRSQPISSPVIL	PVQLVRLRFQDIFQHLDKAVEQKQRSQPISSPVIF	0
NLPYLTMDSSGPKHLNMKLTRAQFEGIVTDLIRRT	CELSSVQTDINLPHLNMKLTRAQFEGIXXXXXXXX	1
SGKTDSGGGSRRSLHLDKSSSRGGSREYDTGGGSS	XXXXXXGGGSRRSLHLDKSSSRGGSREYDTGQLSE	1
TVLAPCSPNPCENAAVCKESPNFESYTCLCAPGWQ	TVLAPCSPNPCENAAVCKESPNFESYTCLCAPWQG	0
EEVSFPLTGCLGQVVEDKKSIQLKDLTSEDVQQLQ	XXLLVELTGCLGQVVEDKKSIQDLCVPVISRATDQ	0
QLEETRHLYHSSQNELAKLESELKSLKDQLTDLSN	QLEETRHLYHSSQNELAKLESELKSLKDQLTDLSN	0
RPAPGTPASQLLQELHAKISELQPSLPPGSLQPLL	LPRPATPASQLLQELHAKISELQPSLPPGSLQPAX	0
APLTPSSAPVSQESLAVKEKFIPPELSIWDYFIAK	IRGGAHVPSKEQESLAVKEKFIXXXXXXXXXXXXX	0
SALRTRVPQFSFLDIFPKVTCRPPKEVIDMELSAL	KYVYIVEILESFLDIFPKVTCRSTEPXXXXXXXXX	0
LKFGVLELQEHLDTYNVKREAAEQWLDDCKRTFGA	QKFGEITAQEHLDTYNVKREAAEQWLDDELCRRLY	0
VSETESRGSESGIFTNTKESSSHHPGIAEFPSRGK	FFSPMGEGSESGIFTNTKESSSHHPGIAXXXXXXX	1
IKYTRISTGGGETEETLKKLLQEEVTKVTKFIEGG	EPEFRLITGGGETEETLKKLLQEEVTKVTKXXXXX	1
QSDDYGKDLTSVNILLKKQQMLENQMEVRKKEIEE	IQSDDYGKLTSVNILLKKQQMLENQMPLNERKHNL	1
YSNNQRPSGVPDRFSGSKSGTSASLAISGLRSEDE	SNYVYWIYSNNQRFSGSKSGTSASLACAAWXXXXX	1
TGRYESDVRNTVTYTSLKTKLSNVINSATDTEEVH	RKTMHAFPGYNVTYTSLKTKLSNVINSATNPXXXX	0
ILKRAAAEVNQDYGLDPKIANAIMKAADEVAEGKL	XXKRAAAEVNQDYGLDPKIANAIMKAAISNRAIEM	1
YNWRENLDRDIALMKLKKPVAFSDYIHPVCLPDRE	VRIEKISMLEKILMKLKKPVAFIIFGXXXXXXXXX	0
IVSNDNKLNNEYLELNYKEDEYFENIIQNLKFSQS	ESAIRPSCVNMYLELNYKEDEYFENIIQNXXXXXX	0
CTVHLPNDFPTCLTSESKVYQPVSCPLSDLSENVE	ESEISENDFPTCLTSESKVYQPVSCPLXXXXXXXX	0
YYFFPKRTTSLILPGIIKAAAHVLYETEVEVSLMP	EEVFKLKFLLVILPGIIKAAAHVLYETEVEVSYSV	0
DIQTIQPSLNSVNEGGQKIKNEAEPEFASRLETEL	KLRKIQHILNSVNEGGQKIKNEAEPFASRLETELK	0
DVDPYYYKKKNTFIVLNKNRTIFRFNAASILCTLS	YGNLSQGMVSEPLIVLNKNRTIFRIKVLVHPFFQL	0
RCSDSDEEKKARRGRSPKGEFKDEEETVTTKHIHI	PKSDSDEEKKARRGRSPKGEFKDEEETVTTKHMMG	1
AVQSAQTIQQLEDQLQQKSKEISQFLNRLPLQQHE	AVQSAQTIQQLEDQLQQKSKEISQFLNRLPLQQHE	0
AVDDISINNHISQEDCAKPADLDKKNPEIKIDETG	RVLLHSINNHISQEDCAKPADLDKKPXXXXXXXXX	0
THPKGYTEYKVTAQFISKKDPEDVKEVVVWKRYSD	QAKDDFLRHYTTAQFISKKDPEDVKEVLRFTVHIP	0
RPPLSKELWFSDDPNVTKTLRFKQWNGKERSIYFQ	PELYPLELWFSDDPNVTKTLRFKERSIYPPKIGDF	1
VQQHGGVSLVEQLLQDPKLSQNKQALEGLGDLKLL	DRIGDYVQLVEQLLQDPKLSQNKQALEGLGLXXXX	0
DIQTIQPSLNSVNEGGQKIKNEAEPEFASRLETEL	KLRKIQISLNSVNEGGQKIKNEAEPFASRLETELK	0
ARSGLIFYRKGVKAVDPKTGREIPYTFEDRINFAV	AHLKHADYRKGVKAVDPKTGREIPYTFEXXXXXXX	1
GFGDQSNLRKLRNVSNLKPVPLIGPKLKRRWPISY	XXELQLHLRKLRNVSNLKPVPLIKVSVVRRTQRYL	1
SGAPAPWVEQCICPVGYKGQFCQDCASGYKRDSAR	CYGHSASCEQCICPVGYKGQFCQDCASGYKRGPFG	0
SMSYYFDRDDVALKNFAKYFLHQSHEEREHAEKLM	YLSMSYYFDRVALKNFAKYFLHQSHEGAMYFDKHT	1
TMTGEKVKTVVQLEGDNKLVTTFKNIKSVTELNGD	QGKHFFTVGVVQLEGDNKLVTTKSVTELNGDIITN	1
IICSRTNQELQEINRVYKEMYKTDLEKDIISDTSG	SELKAMKQELQEINRVYKEMYKTDLEKDIISVAKG	1
TVMRDVTISKSEYAPSEKMITKVQDFQEDKELFRY	KVMRDVTISKSEYAPSEKMITKVLINKPPDSNTQG	1
ASFLRSLEDSEWLIQIHKLLQVSVLVVELLDSGSS	SLAGIEVFEVEWLIQIHKLLQVSVLVITQVLQFDC	0
ELCIVMCLKDLTSIVDIKTSSRPAMIGSLTDGSTE	XXXXXXXXXXXTSIVDIKTSSRPAMIGSLTWESGD	0
DIPENVDITLKGRTVIVKGPRGTLRRDFNHINVEL	XXDIPENVDITLKTVIVKGPRGTLRRLKKKRLHVQ	1
PSGSSQSLYEICVCPDGKLYLSVAGVSTTCQEHNH	LDAETVCLYEICVCPDGKLYLSVTTCQEHNHICLX	0
RAAKVLEQLTGQTPVFSKARYTVRSFGIRRNEKIA	GESGDRLTRAALTPVFSKARYTVRSFGIRRNEKIA	1
DVTSLRPFDLVIPFTIKKGEITGEVRMPSGKVAQP	AAVEEGPYEPLEAFTIKKGEITTDNKGTVIRYDNM	1
TRRLKSIKNIQKITKSMKMVAAAKYARAERELKPA	XXXXXXXXNIQKITKSMKMVAAAKYARRGLCGVIT	1
TGESTVLSSIPLPSDDFKGTGIKVYDDGQKSVYAV	QNRKALYAMEPLPSDDFKGTGIKVYDGQKSVYAVS	0
QDLDTIRSNINNFFEFSKEVDEKSSLKTAVISIGN	XXWLSTLWNINNFFEFSKEVDEKSSLWLILPQHLQ	0
ENAVYLCDREACFKWYSKLMGDEPDLDPDINKDFF	RFLLKWLAWEACFKWYSKLMGDEPDLDNNGMKCFE	1
AVEQHNGKTIFAYFTGSKDAGGKSWCPDCVQAEPV	XXXXVSVSGFEFYFTGSKDAGGKSWCPDCVQAEPI	1
KFREYKVFVRKLRKAYGKSEWNTVERLKDNKPNYK	KFREYKVFVRKLRKAYGKSEWNTVERLKDNKPNYG	1
AQFMAHKVVLASSSPVFKAMFTNGLREQGMEVVSI	DVTLAHKVVLASSSPVFKAMFTNGLREQGMEVILI	0
VLDRYHRFKELSTLRRQKLEDSYRFQFFQRDAEEL	XXXXYHRFKELSTLRRQKLEDSYRFQFFQRDETGN	1
WLEPRTTAAMWALQTVEKERGLGGEVPGSHQGPDP	RHTFGLTAAMWALQTVEKERGLGGEVPDPYRQLRK	1
EADVTRPFVSQAVITDGKYFSFFCYQLNTLALTTQ	LFLLHLLPDRREVITDGKYFSSKPLYETIVKGFNV	0
EWTCSSSPSLPRSCKEIKDECPSAFDGLYFLRTEN	XXXWTCSSSLPRSCKEIKDECPSAFDGLYFLTFCD	0
GIWKPETPQDSSGLAPFKTKEPSTRIGKIQANLAI	XXXXXXXXXXSSGLAPFKTKEPSTRIGKIGSGEAG	0
VQRFNRDVDETISWIKEKEQLMASDDFGRDLASVQ	XXXXXXXXDETISWIKEKEQLMASKHEGLERDLAA	1
ELNLVLSVREVRQLTLRKLQELSSKADEASELACP	VRTLELLLREVRQLTLRKLQELSSKATXXXXXXXX	1
KWSGQSAGGCGNFQETHKNNPIYQFHIEKTGPLLI	KWSGQSAGGCGNFQETHKNNPIYQGFEVVRSNIIP	0
EPFPVGRSSLLVGNLKKKYAQGFLPEKLPQQDHTT	SPFPVGRSSLLVGNLKKKYAQGFLPEKLPSKLQKA	1
IPHCVLLREFSVLTELLKKLCSGPEGGLRKLDVET	XXLEFSGKIVSVLTELLKKLCSGPLSWGLDLQLLV	0
LSKLMLESQEFDHFLATKFSTVKRYGGEGAESMMG	XXXXXXXXQEFDHFLATKFSTVKRYGLPELMFRKM	0
YLRLLAGPDTEVLSFVLKENETGEVEWDAFSIPEL	PQKFALFKRFQKLSFVLKENETGEXXXXXXXXXXX	0
GKKYKLFYGMSSEMAMKKYAGGVAEYRASEGKTVE	SDGGELFYGMSSEMAMKKYAGGVAERASEGKTVXX	1
RSEGEDGKLFIGTAVDGKQDYFPTLSSRKLPRDPE	PSQGKEYLSSVNTAVDGKQDYFPTLIKIPSDTLAV	0
KDLEQKLSLQEQDAAIVKNMKSELVRLPRLERELK	KDLEQKLSLQEQDAAIVKNMKSELVRLPRLERELK	0
YVMPEYRGQGIGSKIIKKVAEVALDKGCSQFRLAV	IYYIYLDIYGIGSKIIKKVAEVALDKCFRLXXXXX	1
VNRVRLQELKALLLEAQKGPVSLQEAIREQASSYS	XNRVRLQELKALLLEAQKGPVSLQEAIREQASSRR	0
KSKGKQAPKGRPRTAPLKVGQSVLKDVSKVKKLKQ	GAVDITRLSVDLRTAPLKVGQSVLKDKLQDGSDST	1
ACCTLRIDFSKLTSLNVKYNNDKSRDYTRPDLPSG	KIITFTALLQYLTSLNVKYNNDKSRDYTRPDLPSG	1
SRTYNRVPLHKPTDWQKKILIWSGRFKKEDEIPET	XXXXXXXXXHKPTDWQKKILIWSGRFKKEDEIPET	1
TLISQQATLLASNEAFKKQAESASEAAKKYMEEND	KLISQQATLLASNEAFKKQAESASEAAKKYMEEND	1
YSTDKDEPPKDVFDELFKLAPEKVNAVKEAIVNFV	XXXXXXEPPKDVFDELFKLAPEKVNAVKEAILDSC	0
LIISTDPAHNISDAFDQKFSKVPTKVKGYDNLFAM	LIISTDPAHNISDAFDQKFSKVPTKVKGYLFAMEI	0
RLMLWDTAGQEEFDAITKAYYRGAQACVLVFSTTD	VGGVWDTAGQEEFDAITKAYYRGACSWREKVVAEV	0
GAETYVNGKLVTEPLVLKSGNRIVMGKNHVFRFNH	FRSIEVVVTLYVNPLVLKSGNRIFRFNHPEQARLE	0
NEKVEIQKHATGKKSPAKSPNPSTPRGKKRKALPA	EKSAAIQKHATGKKSPAKSPNPSTPRGKKRXXXXX	1
FETIGQNKLIGTATVALKDLTGDQSRSLPYKLISL	KLIPLDFSSSLGATVALKDLTGDQSRSLPYILVIG	0
ENFTTVKPEDAYEDFIVKPPVRKLVHDKELAAEDE	HDYREHLFIDAYEDFIVKPPVRKLXXXXXXXXXXX	0
GESEKVQQLEEQVQSLTKELQGLRGVLQGLSGRLA	PESEKVQQLEEQVQSLTKELQGLRGVLQGLSGRLA	0
MVGGLFRNIKYNLDFWRKNVHMNDNVLHSAFEVGA	TTLAAMVGRNYNLDFWRKNVHMNDNVLNFGYSYAK	1
VHRITPEEAKYKLCKVRKIFVGTKGIPHLVTHDAR	XXXXXXXXXXXXPCKVRKIFVGIPHLVTHDARTIR	1
VDSSLDHIICTEPDLIGKPAEESHLSLIASVTDKD	TDSVKGKDECTEPDLIGKPAEESHLSLDLIKGRDG	0
ALSERAVAVVVDPIQSVKGKVVIDAFRLINANMMV	AVSHPGFGCVVDPIQSVKGKVVIDNYQLLNLHKXX	1
ICKAVLNPTNADILIETKLVLSRFEFEGVSSTGEN	XXXXXXXXXXXXXLIETKLVLSRFEFEEEVWLFWI	0
PVIFLGADVTHPPAGDGKKPSITAVVGSMDAHPSR	XMEAGPGAVTHPPAGDGKKPSIVQRPRQERLVDEG	0
LDHVRAEAETLPSLSITKLDLQWVQVLSEGWATPL	XXXXXXXXXXXXXLSITKLDLQWVQVIVLPVLAHG	0
DIDGVLVRGHRVIPAALKAFRRLVNSQGQLRVPVV	XXXXXXLVLVRVIPAALKAFRRLVNSGLRLSLLGC	1
NKKITEVALMGHLSCDTKEERKIKGVISIPRLQAE	DESTEGKTSYRHLSCDTKEERKIKEILAHWSPAKL	0
AKRMKALVEQGFTVPEIKTILGTMPAFEVSLQALQ	XXXXXXXXXXXFTVPEIKTILGTMPAFEVFQTPDF	0
FMCDEMERSLHDALCVVKRVLESKSVVPGGGAVEA	IKYPRYPVNVHDALCVVKRVLESKSVEPIVXXXXX	1
DSATYTCHVANVAGTAEKSFHVDVYVPPMIEGNLA	KDGGQYLTYTCHVATAEKSFHVXXXXXXXXXXXXX	0
ASEDYGDTLAAIQGLLKKHEAFETDFTVHKDRVND	VASEDYGTLAAIQGLLKKHEAFETDFTLEAAAQRK	1
VKEAEEREPKIQVSELCKKAILRVAELSSDDFHLD	CLEKGLVKEAIQVSELCKKAILRVAELIQDVEXXX	0
SAPSADAPMFVMGVNHEKYDNSLKIISNASCTTNC	XXXXXIAPMFVMGVNHEKYDNSLKIISNAAPKAVG	1
EKVRIINMYKEIDQTPYKQEINAKNLIQCWRECMA	KMDYKFPNLRYIDQTPYKQEINPSDMNWEKGEGQP	1
KVNWMVRLPVSEGVFVVKDPNGRTVPSDVVIFPSS	XXXXARFQVIVMVVFVVKDPNGRTVPSDLLFSASL	0
SQSSSSVSSQVTTAGSGKASEAEAPDKHGSASFVS	XXXXXXVSSQVTTAGSGKASEAEAPDKHGLTSKST	0
DHILSTGCAPPGKNIYYKSDLTKDVTTSVLIVNNK	TAEYVGNRAPPGKNIYYKSDLTKDVYTVQVDCYXX	1
IKLFVESYELILQEGTFKAVARGPGGDPPYKIRYM	EAIKLFVYELILQEGTFKAVARPYKIRLVIWRXXX	0
PCRLTIGSNLSIRIAAYKSILQERVKKTWTVVDAK	XXXXERHSIHWPCIAAYKSILQERFMGNQVLKVFA	1
VDGRGKATISNDGATILKLLDVVHPAAKTLVDIAK	KLIVDGATISNDGATILKLLDVVHAKTLVDIAKSQ	1
RHNADDIVATGLAVESIKTVYRGRIAVFSVSVFYD	XXXXXXRDERGLAVESIKTVYRGRIAEQRPDASEE	0
FYALVAQRLEQLVQEQLKSPPSPELQGPPSTEKEA	FYALVAQRLEQLVQEQLKSPPSPELQGPRVAEXXX	0
VDYEEMKNLDFSVIVANKAAFHKSIRSKYKPTPIP	ANFTIETDAQNEGIVANKAAFHRPXXXXXXXXXXX	0
EEQEQALQEMGLHLSQSKLKMEDIKEVNQALKGHA	EEQEQALQEMGLHLSQSKLKMEDIKEVNTASXXXX	0
TRALCATRQEPLLIGSTKSNMGHPEPASGLAALAK	AFYCRSEGEAHGTGGSTKSNMGHPEASGAAKNLHS	1
RALYKAISVPRVRRASSKGGGGYTCQSGSGWDEFT	XXXXXXXXGPRVRRASSKGGGGYTCELRLARDANS	1
ESPAEKVPEESVLPLVQKSTLADYSAQKDLEPESD	PPNTDADTEESVLPLVQKSTLADYSAQXXXXXXXX	0
KEKEPEKLDKLENSAAPKKKGFEEEHKDSDDDSSD	KLTDDVKKDKLENSAAPKKKGFEEEHKDSDXXXXX	1
GWNTCSSCFGDSTKSRTKLVLPSLISSRIYVVDVG	XXXXXPYSGWNTCKSRTKLVLIYVVDVGSEPPKLH	1
HTAACLHSLALEEPTVIKKYLLKVAELFEKLRKVE	HTAACLHSLALEEPTVIKKYLLKVAELFEKLLLQS	0
DRMHVRDNVKIAMDQYGKFNKVPEWQRLAGKAAKE	DLRQEQDNVKIAMDQYGKFNKVPEWQRNINQKPVV	1
KIQHLEQLLESITESENKIQILNNWLEAQEERLKT	XXXXXXXALESITESENKIQILNNWLELIKSKALD	0
ADYNKIHPVDKLTIQGLKDFTPGKPLKCIIKHPNG	WDGKDLERAGLLTIQGLKDFTPGKPLKCLLNHFNE	1
QAGLRAWTQVLLGQAEDKAEVDMDTDAPQVSHKPG	YAGLRAWTQVLLGQAEDKAEVDMDTDAPQVSHKPG	0
NVVGQLAKQMIGYNLATKQTPKEGVKVNKVMVAEA	KGVFNGLKGGVMYNLATKQTPKEGVKVGVDEEENE	1
FIDIFARPAAGFVAGLGKVRPYSVYLFSFSMFFNG	XXXPMARPAAGFVAGLGKVRPYSVYLFSFSMVALQ	0
PIARVRQASVADYEETVKKAREAWKIWADIPAPKR	XXXXVYNGSVADYEETVKKAREAWKIGLVGNVCLP	1
RQAQKTIVKETYGAFLQKFGSVPFTKNPEKYIKYG	LERIIKRFKETYGAFLQKFGSVPFTPYIGVXXXXX	0
IERGDVVKEIFFHYSEFKGDLETLQPGDDVEFTIK	QGVVMAFGFIFFHYSEFKGDLETLQPDDVEFTIKV	0
TADPCCYGHTQFHLLPDKLRRERLLRQNCADQIEV	TFALHRYEESESHLLPDKLRRERLLRQNCAQIEVV	0
EARRRKEDEVEEWQHRAKEAQDDLVKTKEELHLVM	RKRAQKEDEVEEWQHRAKEAQDDLVKTKEEXXXXX	1
LVLLELNFLPTTGTKLTKQQLILARDILEIGAQWS	VLQATLLNFLPTGTKLTKQQLILARDILCYYFDYK	1
ELQAYIKEFHTTGLAWSKTGPVAKELSGLPSGPSA	EKLLVAAEFHTTGLAWSKTGPVAKELXXXXXXXXX	1
RLFIHESIHDEVVNRLKKAYAQIRVGNPWDPNVLY	PSALFAVIHDEVVNRLKKAYAQIRVLYVVYGGEPT	1
FELLEAQAATGYVIDPIKGLKLTVEEAVRMGIVGP	RLSVYQALQAGYVIDPIKGLKLTVEEAVRMGIVGX	0
EIYFKVTHVEPWEKGSRKTAGQTGMCGGVRGVGTG	XNPMITNISEPWEKGSRKTAGQTGMCGGVGVGTGG	1
CDPAGYYCGFKATAAGVKQTESTSFLEKKVKKKFD	LTSVAVTQTGCATAAGVKQTESTSFLAITCLSTVL	1
DVETWQQEQPVVLHTWTKESAHNYENNCHEVSVFV	XXXXXXXXEPWTRHTWTKESAHYEVSVFFEVEFDR	0
TEKVMRIAIKEILTQVQKTKDLLNNVASDEANLEA	TEKVMRIAIKEILTQVQKTKDLLNNVASDEANLEA	0
STAKNLLLLANSTEEQQKWVSRLVKKIPKKPPAPD	VPRIFQILLANSTEEQQKWVSRLVKKIXXXXXXXX	0
RPPVKDEDLKGARGNLTKNQEIKSKTYQVMRECEQ	RPPVKDEDLKGARGNLTKNQEIKSKTYQVMRECEQ	1
KANLKKFMDYVQLHSTDKVARLLDKGLDPNFHDPD	HANLKKFMDYVQLHSTDKVARLLDKGLDPPLLAAD	0
ARAHSIQIMKVEEIAASKCRRPAVKQFHDSKIKFP	RDLTTAVCMKVEEIAASKCRRPAVKQFHDSIXXXX	1
GPKPFACSDCGLSFGWKKNLATHQCLHRSEGRPFG	APKPFACSDCGLSFGWKKNLATHQCLHRCERSFFC	1
EEEEPVKKAGPVQVLIVKDDHSFELDETALNRILL	XXXXXXXXXXXXQVLIVKDDHSFELDERETTGIQT	0
AVAFKSKATNDEIFSILKDVPNPNQDDDDDEGFSF	SVALCLAATNDEIFSILKDVPNPNQGFSFNPLKIE	0
AFVTFDDHDTVDKIVVQKYHTINGHNCEVKKALSK	FVGGIYFYFTVDKIVVQKYHTIHNCEVKKAXXXXX	1
IDSEMSKLAVSHEEFLHKLKSFSDWVSEKSKSVKD	XXXXXXXXAVSHEEFLHKLKSFSDWVSTKMQLETT	0
SYKKTMLHLTDIQLQDNKTFLAMLNHVLNVDGFYF	VLSKTMLHLTDIQLQDNKTFLAMLNHVFDSLFVSP	0
LYAAVGKVIYEGLTNYEKATNANPSQLFGTLMILK	XXXXXXKVIYEGLTNYEKATNANPSQLFGTLRLIS	0
KNEDADKLIQVVGVETDKVSREKAMADEEEQKVAV	KNEDADKLIQVVGVETDKVSREKAMADEEEQKVAV	0
FNALVTFCIRDLIGCLQKLLFGKVAKDSSRMLQPS	AKQRLTPLFRDLIGCLQKLLFGKVAKSMLQPSSSP	0
FKRLFAKYGEPGEVFINKGKGFGFIKLESRALAEI	ADITEDEFKRLFEVFINKGKGFGFIKTPMRGRQLR	1
GARGPSGPQGPGGPPGPKGNSGEPGAPGSKGDTGA	XXXXXXXXXXPGGPPGPKGNSGEPGAGEAGKPGEQ	0
IMTERSVPHLQKVFDRYKSYSPYDMLESIRKEVKG	LYDAGVKWHLQKVFDRYKSYSPYDMLESIRKEVQI	1
LNAFGSGDYTAAIAFLDKILEVCVWDAELRELRAE	RLRSQALAYTAAIAFLDKILEVCVWDAELRLRDXX	0
VDKKKYAAELHLVHWNTKYGDFGKAVQQPDGLAVL	KGGPLDGTYRLIVHWNTKYGDFGKAVQQPDGLAVC	1
YPLHDVFVRKVKMLKKPKFELGKLMELHGEGSSSG	KTTDGYLLDLKKMLKKPKFELGKLMELHXXXXXXX	1
DAVRLRGRSFAGNLNTYKRLAIKLPDDQIPKTNCN	LSPPEWQMKFAGNLNTYKRLAIKLSRVADTKAXXX	1
GCSKTHLPGFVEQAEALKAKGVQVVACLSVNDAFV	FGKKGVLFGFVEQAEALKAKGVQVVACAEGKVRMV	1
LRSHLKITDSAGHILYSKEDATKGKFAFTTEDYDM	EISLRSHLKITDHILYSKEDATKGKFAFEVCFESK	1
PTYMYEFQYRPSFSSDMKPKTVIGDHGDELFSVFG	MSYLSGDLYRPSFSSDMKPKTVIGDHGDXXXXXXX	1
AEGKIIKKSSGFSGKGFKFDETEQALANERKKLQK	VMADKGSVANHFSGKGFKFDETEQALANERXXXXX	1
ETLRLFPIAMRLERVCKKDVEINGMFIPKGVVVMI	CYSVFTNRRPEDERVCKKDVEINGMFIPKGVVVMX	1
KFICTVTGTPVIETIWQKDGAALSPSPNWRISDAE	XXXXXXXPSLAKFTIWQKDGAALSPSNWRIILELL	0
DLQLERINVYYNEAAGNKYVPRAILVDLEPGTMDS	HGQLERINVYYNEAAGNKYVPRAFGQIFRPXXXXX	1
DKVLIRIMVSRSEVDMLKIRSEFKRKYGKSLYYYI	PLYFADLIMSRSEVDMLKIRSEFKRKSLYLCGGDD	1
KEKCGQIHKALQGISGLKVVGESLSPAFHLQLEES	XXXXTGIHKALQGISGLKVVGESFHLQLEESTDLL	0
VTRAVFGELPSGGGTVEKFQLQSDLLRVDIISWGC	XXXXXXVTRAVFGETVEKFQLQRVDIISWGCTITA	0
YLEKKINQRFDHEMFGLKPKHRALSQHPTLNDDLP	KLEKKINQRFDHEMFGLKPKHRALSQPTPIVKGXX	1
VGTAESNSEHPLGTAITKYCKQELDTETLGTCIDF	VGTAESNSEHPLGTAITKYCKQELDTETLIAIADX	0
RPTLAWLEDSSSCSDIPKLEGDSDDLLEDSDSEEH	XXXXXXKEDSSSCSDIPKLEGDSDDLLEMELDSQE	0
CRASQSVSSSYLAWYQQKPGQAPRLLIYGASSRAT	XXXXGTLSLPALAWYQQKPGQAPRLLIATGIPRFL	1
VLSGGTTMYPGIADRMQKEITALAPSTMKIKIIAP	HETTFYATLPGIADRMQKEITALAPSMKIKIIAXX	1
DIPCIFRVTASLLGAPSKTSSLLILTENENEKRKW	XSDDEFSVTASLLGAPSKTSSLVPLEADSIGLRLC	0
CTSCKKSCCSCCPLGCAKCAQGCICKGASEKCSCC	CTSCKKSCCSCCPLGCAKCAQGCICKGASEKCSCC	1
LYLYRNNLQKYIEIYVQKVNPSRLPVVIGGLLDVD	VCDRVLVLQKYIEIYVQKVNPSRLPVNLILVVRGQ	1
KFGSRHSAESQILKHLLKNLFKIFCLDGVKGDLLI	XXXXXXXXXSQILKHLLKNLFKIFCLDYQLLSAVV	1
DDKGPVAGWINALEAYQKTGQEIPVNVRFCLEGME	VKQLGGLGWINALEAYQKTGQEIPTKAAXXXXXXX	0
PSSAKRASSSGSASKSDKDLETQVIQLNEQVHSLK	PGEQIFNSSSGSASKSDKDLETQVIQLNEQVHSXX	0
PREPQVYTLPPSREEMTKNQVSLTCLVKGFYPSDI	XXXXXXXTLPPSREEMTKNQVSLTCENNYKSKLTV	1
MAKAPSAARSLPSASTSKATISDEEIERQLKALGV	MAKAPSAARSLPSASTSKATISDEEIERQLKALGV	1
GLIDEVNQDFTNRINKLKNSLFEYQKNNKDSHSLT	GLIDEVNQDFTNRINKLKNSLFEYQKNNKDSHSLT	1
LLSVRFRYGGAPQALTLKLPVTINKFFQPTEMAAQ	TVVHPLLTPPLLSVLTLKLPVTXXXXXXXXXXXXX	0
GTQHAGDFICTVYLEEKKAETEQHIKVPASMTAEE	XXXXXXXXTCTVYLEEKKAETEQHITILRRNVTCF	0
TEPQFIIPSCIAIKESAKVGDQAQRRVMKGVDDLD	XXXXXXXXXCIAIKESAKVGDQAQRRVMKGVDDLD	1
DEEDEMEESTNRPRKKQKTEQLGLTRTPIVTLSGH	ALHCCRGEEMSRPRKKQKTEQLGLTRTXXXXXXXX	1
SDSVDRYKVEYYPVSGGKRQEFYVSRMETSTVLKD	DDINRSFKVEYYPVSGGKRQEFYLKDLKPETEYVV	0
VKKAREAWKIWADIPAPKRGEIVRQIGDALREKIQ	XXXXXXXXXIWADIPAPKRGEIVRQIGCDYAVGLS	1
LTAEAFGFKVNASASSLKKKQIWTLEQPPDEAGSA	QFGLIKYLTAEASASSLKKKQIWTSHLHIAMRGEH	0
VDYLHRNKHTFLQHHSDKRRPPSAELYSNALPVGL	XXXXIENKHTFLQHHSDKRRPPSAESPVLSYMDLV	0
DVAPPPNPGDQIFNKSKKLIGTAVPQRTSPTGPKN	DVAPPPNPGDQIFNKSKKLIGTAVPQRTSPSNAPX	1
SIQEVLGDYRACHGTLIKWIEETTAQQEMMKPGQA	XXXXXXXDYRACHGTLIKWIEETTAQQELEIRNQT	0
KAYLKKISMQCFDFTDSKGEPLHIINSSNVTDEPL	XXXXLHESMQCFDFTDSKGEPLHIINSSNDLVLHL	0
YPISPIIDLHECNIYDVKNDTGFQEGYPYPYPHTL	TFSATWNLLQVRGIYDVKNDTGFQEGSALAQARLL	0
PGEFSVSVNYGDQVQHFKVLREASGKYFLWEEKFN	ESESSPGEFSVSVVQHFKVLREKYFLWEEKFLLVY	0
TSCVHWKSIIDHLLTHEKTMFKDLMNMQSSSLKLF	AYKRRKLSIIDHLLTHEKTMFKDLMNMQAVSGEDQ	0
VEKNNSRIKLGLKSLVSKGTLVQTKGTGASGSFKL	ITKAVARIKLGLKSLVSKGTLVQTTGASGSFKLNK	1
INVHLSARYLLQETWLEKKWGHNITEFQQRFDGIL	TGYHLSARYLLQETWLEKKWGHNITECKCXXXXXX	1
IRKGKLSVQGEVSTFTGKLYIEFVKGYYDNPKVCA	HMSIRKGKLSVVSTFTGKLYIEYIMXXXXXXXXXX	0
RTGGTIKGSKVTLLLSSKTEMQNMIELSRRRFETA	EAFIVFATDARMLLLSSKTEMQNMIELSXXXXXXX	0
DVKSRGDGTKFPELVIQKALDREQQNHHTLVLTAL	FLRDDHGLFGLDELVIQKALDREQQNHHTLVKVIS	0
YPNLQVIGGNVVTAAQAKNLIDAGVDALRVGMGSG	NSIQIIIGGNVVTAAQAKNLIDAGVDALRVAKVSE	0
PPQQRSAPDISFTIDANKQQRQLIAELENKNREIL	QPPQRSAPDISFTIDANKQQRQLIAELENKNRXXX	0
DKCKKAASSSKAPKNGGKAKDSAKTTEETSKPKDD	KKSEDSASSSKAPKNGGKAKDSAKTTEETXXXXXX	1
KKTMENVDSLDKLECRFKLNSYKMVYVIKSEDYMY	SDEARWSYVYDKLECRFKLNSYKMVYVIKSEDXXX	1
STGKSASSVKSVVTVAVKGNKASIKTAKSGGKKSL	XXXKSASSVKSVVTVAVKGNKASIKTAKSAKEFGL	1
EYELEVKRVQDILSGIEKPQVSNIQARAVVLSWAP	XXXXXXXXXXXILSGIEKPQVSVLSWAPPVYEVAL	0
DLIGRADVDKIIQEPPHKKGMEELKKLRHPTPTML	GDERVFDVDKIIQEPPHKKGMEELKKLXXXXXXXX	0
SSLGAQCVIASRKMDVLKATAEQISSQTGNKVHAI	GGKTTSCVIASRKMDVLKATAEQISSQNKVHAIQC	1
EVSGNLRDLYDDKDGLRKEELNAISGPNEFAEFYN	YHSGNLRDLYDDKDGLRKEELNAISGPNEFAEFNR	0
GGLTQIDKYLYSSEDYIKSGALLACGIVNSGVRNE	AAALGIDKYLYSSEDYIKSGALLACLLYHSNTMRL	0
NRIIKNEVKKLQKAALLKASPKKAPGTKGTAAAAA	NRIIKNEVKKLQKAALLKASPKKAPGTKGTAAAAS	1
QRITADLLSNGIDVYPQKEFDEDSEDRLVNEKFRE	SKVNIVTLLSGIDVYPQKEFDEDSEDRLVNEKFRE	0
MGKLGPNGERSAELLLGKSKGKQAPKGRPRTAPLK	SSKLVSGGERSAELLLGKSKGKQAPKGRXXXXXXX	1
VNGLVLASDGQKMSKRKKNYPDPVSIIQKYGADAL	TYTLVLASDGQKMSKRKKNYPDPVSIINLRFKEEX	1
RRFDAERPVDCSVIVVNKQTKDYAESVGRKVRDLG	XXXXXXXXXXXSVIVVNKQTKDYAESVGRDLIFLN	0
RIVTENIPCGTTGTTCSKAIKLFVESYELILQEGT	SCEYIVTENIPCGTTCSKAIKLILQEGTFWDRKTS	0
DKLVSSTSDLPKRLASRKCVSPEEFTEIMNQREQF	RMGFCSGAHNPKRLASRKCVSPEEFIGDTNSLFPX	1
KKQPSLPLSEDAHPSVAKINFVMCEVNKARGVLIA	XXXXGLPLSEDAHPSVAKINFVMCEVNLGLIADLD	0
PARVPPPPPIARAVVPSKRQRVSGNTSRRGKSGFN	PARVPPPPPIARAVVPSKRQRVSGNTSRRGKSGED	1
LQEELQLCKGLVQALQTKVTQQGLKMVVPGLDGAQ	XXXXXXXCKGLVQALQTKVTQQGLKMVVLQILLSA	1
NENTFLDLTVQQIEHLNKTYNTDVPLVLMNSFNTD	SVLNLVVLTVQQIEHLNKTYNTDVPLYNHCRVKIT	0
IPYSPFRIHALPTGDASKCLVTVSIGGHGLGACLG	XXXXXXXXXXSPTGDASKCLVTVAITVDAKAAGEG	0
TDGRDAFMQSSELSEHQKIHSRKNLFEGRGYEKSV	EDGRDAFMQSSELSEHQKIHSRKNLFEGRGYEKSV	1
EKSLGNILQAKPTSSPAKGPPQKAGPVAVQVKAEK	XXXXXADSSAKPTSSPAKGPPQKAGVATAAQAQTG	1
DQASQLLAGTEATLGHAKTLLAAIRAVDRTLSELM	XXXXXLLAGTEATLGHAKTLLAAIRAVDRTLGAPQ	0
EKKKLTQIQESQVTSHNKERRSKRDEKLDKKSQAM	EKKKLTQIQESQVTSHNKERRSKRDEKLDKKSQAM	0
VINPGECKIGIMPGHIHKKGRIGIVSRSGTLTYEA	DYGVINPGECKMPGHIHKKGRIGITYEAVHQTTQV	1
TRGAYRDCLGRLDLQYAKLLNSSKARLRSLESLHS	SIEEFRICLGRLDLQYAKLLNSSKARLRXXXXXXX	0
RAVIPMSCITNGSGANRKPSHTSAVSIAGKETLSS	RAVIPMSCITNGSGANRKPSHTSAVSIAGKETLSS	1
LLRFIQEIEHALGLGPAKQCPLREFLTVYIKNIFL	LLRFIQEIEHALGLGPAKQCPLREFLTVYIKAYXX	0
ATCHACIGGTNVRNEMQKLQAEAPHIVVGTPGRVF	ATCHACIGGTNVRNEMQKLQAEAPHIVVGRVDMLR	1
ELSSKADEASELACPTPKEDGLAQQQTQLNLRSLL	KARSGSLEASELACPTPKEDGLAQQQXXXXXXXXX	1
RILEAHQNVAQMSLIEAKMRFIQAWQSLPEFGITH	AALQYHINLSVMSLIEAKMRFIQAWXXXXXXXXXX	0
AIGPSRFGLKRAEVLGHKTPEPAPRRTEITIVKPQ	AIGPSRFGLKRAEVLGHKTPEPAPRRTEITDAAPK	1
TEYRRQVQSLTCEVDALKGTNESLERQMREMEENF	RAYRRQVQSLTCEVDALKGTNESLERQMREMEXXX	1
EPKEVVKPVPITSPAVSKVTSTNNMAYNKAPRPFG	XXXXXXXXVPITSPAVSKVTSTNNMAYNKSALGQT	1
LEDFKLQHGSILGFPKAKPYEGSILEADCDILIPA	DGIDPELFKSILGFPKAKPYEGSIADXXXXXXXXX	1
LKDQNIFVQKLLGQFSEKELAAEKKRILHCLGLAE	VSGENIFVQKLLGQFSEKELAAEKKRILHCXXXXX	1
KVGKKKPKLQNATPTNFKTKTIHLPEQLKEDGTLP	KVGKKKPKLQNATPTNFKTKTIHLPEQLKEDKLKD	1
EDMRGKELEVKNLLEKGKTEQQTADQLLARADAAK	VTDYPKELEVKNLLEKGKTEQQTADQLLARXXXXX	1
AKFYRRKDEPDKAIELLKKALEYIPNNAYLHCQIG	TDVLRSAAKPDKAIELLKKALEYIPNNAYLHCQIG	0
SAGIKVIMVTGDHPITAKAIAKGVGIISEGNETVE	KGGLGEIMVTGDHPITAKAIAKGVGIISENETEDA	1
GHCKRLAPEYEAAATRLKGIVPLAKVDCTANTNTC	GSAGLMLVEYEAAATRLKGIVPLAADIVSHLKKQA	1
NLNLNDESQHGLLMQLLKLTHNCLNFDFIGTSTDE	LTNIFSCLLHGLLMQLLKLTHNCLNFFSPLVLSCL	0
SAKNPSIKSAEQLTTFLKHVVSVFKQSSSEGIHLE	IFLQKVTLSAEQLTTFLKHVVSVFKQGILEHLSSQ	0
KFHTVSGSKCEIKVAQPKEVYQQQQYGSGGRGNRN	PMDPRGFVFITIKVAQPKEVYQQQQYGSGXXXXXX	1
QPKGVRVKETADFKVYTKGAGSGELKVTVKGPKGE	XXACNPSACRAVFKVYTKGAGSGELKKDLGDGVYG	1
DLFDSGFGGGAGVETGGKLLVSNLDFGVSDADIQE	XXXXXXXXXXXXVETGGKLLVSIQFFGTLKKAAVT	0
ERDGKHATDTNLVECLTKINRMDIVHLMETNTEPL	FTSLLWATDTNLVECLTKINRMDIVHLMEXXXXXX	0
AAQVVVTDLSATRLSKAKEIGADLVLQISKESPQE	VAKQVVVTDSATRLSKAKEIGADLVLQNVPLLXXX	1
REMKNYVPPKGDKKGKKKDPNAPKRPPSAFFLFCS	XXXXXGGPPKGDKKGKKKDPNAPKRPPSLKEKYEK	1
KGGNMKEVFRRFCVGLQKIEEIFKKAGHPFMWNQH	GNFLVLVISRRFCVGLQKIEEIFKKAHPFXXXXXX	0
WEQDPETFLIIIKGAGGKAFCAGGDIRVISEAEKA	XTLNRPKFLNAIKGAGGKAFCAGLIHGITMGATEK	1
RLLSTKGTLQKFLDDLFKAILSIREDKPPLAVKYF	CLTVGEPFLQKFLDDLFKAILSIRPWFACEIEYRK	0
TQKLISSTESELQQSYAKQRRSKSAALLHKELNCK	QLVTWLRDESELQQSYAKQRRSKSAALAIYSSQDL	0
FGKATSIDPNTYITWIDKYQAQLVVLSAQIAWSEN	SVTEVEIFPNTYITWIDKYQAQLVVLSAXXXXXXX	0
SDLNSTRGDADMYDLPKKEDALLYQSKGYNDDYYE	SSLNSTRGDADMYDLPKKEDALLYQSKGYNDDYYY	1
FYSKDNEGSWFRSLFVHKVDPRKDAHSTLLSKKET	XXXXXXXGSWFRSLFVHKVDPRKDAHSTLLSLKPG	1
QKQNSLGSNEEKSKTLKKSNPYGEWQEIKQEVESH	QKQNSLGSNEEKSKTLKKSNPYGEWQEIKQEVEXX	1
RLIESLFTIQKMIMDQEKQEGVSTKCCKKSIVRLV	KRRNLIFTIQKMIMDQEKQEGVSTKCCKEKFKSLE	0
KANSRFATTFYQHLADSKNDNDNIFLSPLSISTAF	XXXXXXXXTFYQHLADSKNDNDNIFLADLAEKIED	0
LNTSGQQWYEVERTERIKNCLNPQFSKTFIIDYYF	DKDIGSKSDPLCRTERIKNCLNPQFSKVYDIDNKT	1
ACPVQCVEGCHAHCPPGKILDELLQTCVDPEDCPV	CQVTCQHPEPHAHCPPGKILDELLQTCVDPEDCPV	0
HKDKSKRSAVASSVVKQKLAEVILKKQQAALERTV	XXXXXXRSAVASSVVKQKLAEVILKKQQAALELPT	1
LIDNHQVTVISGETGCGKTTQVTQFILDNYIERGK	LPSYGMQLVISGETGCGKTTQVTQFCVVVLDEILM	0
LESEGTRESAINVAEGKKQAQILASEAEKAEQINQ	LESEGTRESAINVAEGKKQAQILASEAEKAEQINQ	1
THLLEHITTNEDFRAAGKSGSALELSVENVKNGIR	EDWLEHITTNEDFRAAGKSGSALELSVENVKNGIR	1
ITGVMDKTKGAVTGSVEKTKSVVSGSINTVLGSRM	XTGVMDKTKGAVTGSVEKTKSVVSGSINTVLGSRM	1
TPYVARKLAVASVTEILKMLNSNTESPYLIWNNST	NSAKSVLVKLASVTEILKMLNSNTELIWNNRXXXX	0
SIVGRPRHQGVMVGMGQKDSYVGDEAQSKRGILTL	XIVGRPRHQGVMVGMGQKDSYVGDEAQSKRGILTL	1
IVAVEQEEIPRLQALYEKGLQNGVPGLRLIQQEDI	SLKAKCVIIPRLQALYEKGLQNGVPGLRLAIDCVP	0
KKVAVATPAKKAAVTPGKKAAATPAKKTVTPAKAV	XXXXXXXXXKKAAVTPGKKAAATPAKKEPTTAFNS	1
KKQEAKKVVNPLFEKRPKNFGIGQDIQPKRDLTRF	XXQEAKKVVNPLFEKRPKNFGIGQDIQPKRDLTRF	1
KLSESGAIMTDLEENPKKPIEDVLLSSVRRSVLMK	DELEWKLSETDLEENPKKPIEDVLLSSVRXXXXXX	0
INQKAAFPQYQPVVMLEKGYTIHWNGPAPRTTFLY	HGTYAQITRDEYVVMLEKGYTDWIRVGQLYLKYYR	0
TPLLETVSSFRPNEFESKFLPPENKPLETAMLKRA	XXXXXXXXXXRPNEFESKFLPPENKETAMLKRAKE	0
SERPPGSQELELVESLLKSMPEESEDCWEARSLGA	XXXPPGSQELELVESLLKSMPEESEDCLWKIKYEE	0
GPMQPRLEQLKTHVQVIKRSAKPSEKPRLRQIPSA	XXXXXXLEQLKTHVQVIKRSAKPSEKPRRLQERGL	1
TAADTLVTKFNQLPVELKKEVEMKGVWSMPSKYSE	XXTDTLVTKFNQLPVELKKEVEMKGVWSMPSVYNV	0
WRQKLDSQRGAVIATELKNNSYKLARWTCCALLAG	LNESHCNGVGAVIATELKNNSYKLARFAQINLXXX	0
DPCCRKILQDGGLQVVEKQNLSKEELIAELQDCEG	XKVLISDSLDPCRQVVEKQNLSKEELIAELQDCEG	1
GTNDMKQQHVIETLIGKKQQISLATQMVRMILKID	ISNDRVVAECLETLIGKKQQISLATQXXXXXXXXX	1
RSWKDSSLPPHILEVIDKCGYKEPTPIQRQAIPIG	XXSWKDSLPPHILEVIDKCGYKEPTQGTAALILVT	0
DKMMNGGHYTYSENRVEKDGLILTSRGPGTSFEFA	GFGSKVTTYTYSENRVEKDGLILTSREFALAIVEA	1
RQEELRRMEELHNQEVQKRKQLELRQEEERRRREE	RQEELRRMEELHNQEVQKRKQLELRQEEERRRREE	1
KIIEEAPAPGIKSEVRKKLGEAAVRAAKAVNYVGA	EVQVVYLFEAIKSEVRKKLGEAAVRAAVEFIMKHN	1
ILCYHPAKPFQSQLPSVKEGISEDLPVKMPCLYLQ	YSDAAKLRSDQSQLPSVKEGISEDLPCLYLQTLRH	0
SGMKYIQHTYRKGVKIDKTDYMVGSYGPRAEEYEF	DEHSKYIQHTYRGVKIDKTDYMTEAPYSIKSRFTE	1
PTSGGKTNQLNLQNTATKAIIQGLMPDQNYTVQII	WKAPGYKLLLNLQNTATKAIIVQIIAAKDVNXXXX	0
IMLIGNKSDLESRREVKKEEGEAFAREHGLIFMET	LMLIGNKSDLESRREVKKEEGEAFARELIFMETSN	1
EDQTQLLTLVCQLYQGKKPDVCPSSTSSLRSVCFK	MEILNLLTLVCQLYQGKKPDVCPSSTSXXXXXXXX	0
MEENCRKCSETAKVCLPKNFSIKEIFDKAISARKI	MEENCRKCSETAKVCLPKNFSIKEIFDKXXXXXXX	1
TKVFFRPGKFAEFDQIMKSDPDHLAELVKRVNHWL	NMYKKYLFLFAEFDQIMKSDPDHLAELVXXXXXXX	0
TVTAGHLGRFQTGFEILKQMLSEERVVPHLPLAKI	QLLMALACMFQTGFEILKQMLSEEVVLLIWLLKAI	0
KGSLTEGALAHSGNPVSKGVHEDHQLDTEAGAPHC	RRLETEGALAHSGNPVSKGVHEDHQLDTEAGAPHC	0
LEKAFSQFGKLERVKKLKDYAFIHFDERDGAVKAM	RNLANTVTEEILEVKKLKDYAFILEGENIEIXXXX	1
ALALHGTCTGEHGIGMGKRQLLQEEVGAVGVETMR	EQLGRLTCTGEHGIGMGKRQLLQEEVGKVLXXXXX	1
ELTKKSEEVFQLQEQINKQGLEIESLKTVSHEAEV	XXTKKSEEVFQLQEQINKQGLEIESLKTVSHEASW	0
LAPSATRTRRSASQAGSKSQAVEKPPSEKPRLRRS	XXXXXTRTRRSASQAGSKSQAVEKPPSEKCSICKK	1
NGVIVKINNQLTLDSNTKYFHKLNIPKLDFSSQAD	TVASLTLELSNGVDSNTKYFHKQADLRNEISSGKG	0
EEIIQRTRLLDSEIKIMKSEVLRVTHELQAMKDKI	EAIIQRTRLLDSEIKIMKSEVLRVTHELQAMKDXX	1
KSAYHQYLQTSQSHSSEKGARFGGIFQEPVSKYFR	VGLWPEKLQTSQSHSSEKGARFGGIFQEPVSPNLE	0
VHQDLPLGLMDDIYQFSKNFSLRLDELEELLTNNR	LEERKMFGLMDDIYQFSKNFSLRLDELMRQSLRII	0
RQAQRLRERRAASGYPVKVPLEVQEADEAKLQQTE	LKKKRLRERRAASGYPVKVPLEVQEADEAKLXXXX	1
FLRQALEARLVSLYFDTKRYQEALHLGSQLLRELK	ATGQEVEARLVSLYFDTKRYQEALHLGLLESKTYH	0
KIQLEHHISPGDFPDCQKMQELLMAHDFTKFHSLK	KLILKLPVIFGDFPDCQKMQELLMAHXXXXXXXXX	0
SDGIWGEHEIDYILLVRKNVTLNPDPNEIKSYCYV	LIPLEEVPPEEINLLVRKNVTLYVWLNLXXXXXXX	1
IQSQVDSQHVGHSVLTAKGMALFGEGKAEFTGRHD	VYESFSKLEIQSQVLTAKGMALKAEFTGRHDNSLF	0
KLPNTVLGKIWKLADVDKDGLLDDEEFALANHLIK	ITGAAKLGKIWKLADVDKDGLLDDEEFALAADLPP	0
AQVKDILADVVQKLPEEKTQMYHALLKHLGTLAGS	HAYNGLLADVVQKLPEEKTQMYHALLGNNIPYSRK	1
QWDNTLHLASTYLSHQEKLLLEGEKYLQSKEDLRL	EERIQIKLASTYLSHQEKLLLEGEKYLQQGYLLEC	0
RGEEGRPGKKLKKVKLRKLERPPETPTVDPTVKYE	ELMRGEEGRKLKKVKLRKLERPPEEYATKAPDMYX	1
RKRVLERKRRYHFDTDGKGSIHDQKGCPRKKPFEC	VYEGNAFRGRYHFDTDGKGSIHDQKGSSVPGEGSG	1
KASIQECILPDSPLYHNKVQFTPTGGLGLNLALNP	PVLVKICILPDSPLYHNKVQFTLNLALNPEYPPRT	0
HRENLRISKSSFQVTTCKLHGGSPWPPCQYRATAG	ESIMLTCKDINTFVTTCKLHGGSPCQYRATAGQSI	0
CAFSILFKLFSEGLFSAKLFLTATLHEPIMQLLVE	XXXXXXXKLFSEGLFSAKLFLTATLHNTCFPHSLF	0
ASRIDCFSEVPTSVFGEKLREQVEERLSFYETGEI	SALILNKCIAITSVFGEKLREQVEERPRKNLDVMK	0
DRMDKSAVGHEYQSKLSKHCSQVDSVRGFGGKFGV	DRMDKSAVGHEYQSKLSKHCSQVDSVRGFGGKFGV	1
KKVKLAVLKYYKVDENGKISRLRRECPSDECGAGV	XKVKLAVLKYYKVDENGKISRLRRECPSDECGAGV	1
DAIRRLRLRGGSPLNTGKALEFVARNLFVKSAGSR	SVQFSNDVFPGSPLNTGKALEFVARNLLKSQDDVS	0
HCKNLEPKYKELGEKLSKDPNIVIAKMDATANDVP	VKINKDVLYKELGEKLSKDPNIVIALFILQATNPP	1
EERAEFLNKSVQKSSGVKSTHQAAIVSKIDSRLEQ	EERAEFLNKSVQKSSGVKSTHQAAIVSKPVPAEGV	1
EESTNGSLAAEFRHLQLKEQKNAGTRTNEGPLIVT	LFDFRKFNILGTHHLQLKEQKNAVHSLVVVISNXX	1
TAMRASQKDFENSMNQVKLLKKDPGNEVKLKLYAL	XXXXXXXXDFENSMNQVKLLKKDPGNVKLKLYYYV	1
KLNSNDEDIHTANERRLKELIGATAGKLHTGRSRN	KVAFKLNDIHTANERRLKELIGATAGKLHXXXXXX	1
TIKKENIQQKAQLDSFVKSMSSLQNDRDRIVGDYQ	TIKKENIQQKAQLDSFVKSMSSLQNDRDRIVGDYQ	0
VEYKNISFTVWDVGGQDKIRPLWRHYFQNTQGLIF	AKTIPTIGFNWDVGGQDKIRPLWRHYFRVNEAREE	1
EILVTGIKVVDLLAPYAKGGKIGLFGGAGVGKTVL	XXXMSVEQEILVTDPYAKGGKIVHGRQDVLLITTT	1
KAFEIELRSKAGKSSGEKIGCGRATLRLRSKGPAT	TRQLGLEDFIAGKSSGEKIGCGRATLRVEEMPSEA	1
EWEAFARGTKALMDEVVKATSRGCITIIGGGDTAT	TRAKQIVWTKALMDEVVKATSRGCITIICWNTEDK	1
LQYMFNVPYGVGKAACDKLAADCAHELRRHGVSCV	VVISSPGSLGVGKAACDKLAADCAHECVSLWSGKV	1
DIQTIQPSLNSVNEGGQKIKNEAEPEFASRLETEL	KLRKIQHILNSVNEGGQKIKNEAEPFASRLETELK	0
TLAIVKGETVPLDVLQIKGEKEQPVFAMTGLRWGS	XXXXXXXXXQTLRVLQIKGEKEQPVFAMGLISISQ	0
VYTAGKCGLVPVLAENYKSQQSSDPDPNCVDRPVE	XXXXXXXXXXXXXAENYKSQQSSDPDPNCVDRPVE	0
SETEIHQGFQHLHQLFAKSDTSLEMTMGNALFLDG	XXXXSHSGFQHLHQLFAKSDTSLEMTMGYYETIFF	0
AYSASKFALDGFFSSIRKEYSVSRVNVSITLCVLG	XXXXXXSILDGFFSSIRKEYSVSRVNVSITLRQEE	1
VQREAQSTARELEVMTAKYEGAKVKVLEERQRFQE	SLNRVLETARELEVMTAKYEGAKVKVLEEXXXXXX	1
RELTVVQGEKLEVLDHSKRWWLVKNEAGRSGYIPS	MQVFARNRELLEVLDHSKRWWLVKSGYIPSNILEP	1
LLGASAPLKIKCQSGFRKALHSDRPPSASQPRGEL	TLHRKAPLKIKCQSGFRKALHSDRPPSAAKTFQMD	1
RVPELQGLVTEHVFLLDKCLRENSDVKTHGPFEAV	SRIFSTAFVTEHVFLLDKCLRENSDVGPFEAVMRT	0
SQPDTIDHDLLLLQLSEKATLGPAVRPLPWQRVDR	GSKRLYDVLRALLQLSEKATLGAVRPLLAXXXXXX	0
LHTDGDKAFVDFLSDEIKEERKIQKHKTLPKMSGG	XXXXFGKAFVDFLSDEIKEERKIQKHKEQEELAEH	1
NEEKKSGLSVRFADMPGKSRKKKKNMKELTPLQAM	XXXXXXDESVRFADMPGKSRKKKKNMKELIPEEGR	1
VLKALQDGRAYGSPWCNKQITRCLIECRDEYKYNV	LGLQVLKLQDYGSPWCNKQITRCLIECLINHLVNM	0
NEFGWLIPKVMRIYDTQKEMDREASQAALQKMLTL	XEFGWLIPKVMRIYDTQKEMDREASQAALGDPQTL	1
GNEPEIGEALKEDVGPGKAVPREELFVTSKLWNTK	YRHIEIGEALKEDVGPGKAVPREELFVLQLEYXXX	1
AQGRIPPLNPGQGPGPNKGDSRGPPNHHMGPMSER	GMIMGHPPQPGQGPGPNKGDSRGPPNXXXXXXXXX	1
DKPMRIQYAKTDSDIIAKMKGTFVERDRKREKRKP	FKEVSSAYAKTDSDIIAKMKGTFVERDRXXXXXXX	1
AQVLAGGRGKGTFESGLKGGVKIVFSPEEAKAVSS	IKAQVGGRGKGTFESGLKGGVKIVAAVSSQMIKKL	1
EGKGKDASGNKVKAEPAKIEAFRASLSKLGDVYVN	RFHVEEEGKGKVKAEPAKIEAFRASLSKAHSSVGV	1
RQVASEFGLKISFVDCSKIKLLEAAITPETKLVWI	XXXXXICMDDVSFVDCSKIKLLEAAIVWIETPTQK	1
FVCGGCSTALGGSSFFEKDGAPFCPECYFERFSPR	HFVCGGCSTALGSSFFEKDGAPFCPECYFERFSPP	0
LFQKHKLSVDEDFCHYLKNDNCWTTKNENLDCNSD	NLELFKLSVDEDFCHYLKNDNCWTTQFHIFICXXX	0
FFKDMPQPRLALNCVGGKSSTELLRQLARGGTMVT	VRDTEEELRRALNCVGGKSSTELLRQMTGGMAKQP	1
VLGLYRGLSSLLYGSIPKAAVRFGMFEFLSNHMRD	AAAGGGGISSLLYGSIPKAAVRFGMFEGGAGVAEA	1
HCPNCRHSDLEALFQDFKDCDFFSKTYTSFPKSCD	XXXXXXXXDLEALFQDFKDCDFFSKTYNLLHPIFQ	0
VTKTAGPIASAQKQPAGKVQIVSKKVSYSHIQSKC	QPGGGRPIASAQKQPAGKVQIVSKKVSYINXXXXX	1
SAALIQQATTVKNKDIRKFLDGIYVSEKGTVQQAD	YDEAIQQATTVKNKDIRKFLDGIYVSXXXXXXXXX	1
LPEKDCRYALYDASFETKESRKEELMFFLWAPELA	XXXXXXXDPFYDASFETKESRKEELMIKHENRACI	1
GQSAIKHNVKSLITGPSKLSRGMPPLEIVPENIKV	SAKSAKHNVKSLITGPSKLSRGMPPLEIVPXXXXX	1
ASWALESDNNTALLLSKKLIYFQLHRALKMIVDPV	ASWALESDNNTALLLSKKLIYFQLHRALKMIVXXX	1
AGYALAQMGRLKGPLLNKFLTTAKDKNRWEDPGKQ	TVAIAGYLARLKGPLLNKFLTTAKKRWEAAALLXX	1
ALNPRTQTHATLCSTSAKKLDKKHWKRNPDKNCFN	XXXALPRQHATLCSTSAKKLDKKHWKRNPDKNCPS	0
SLKDIIDPAFRASWIAQKLNLAKTQYMDGINIDIE	XTYVLKGDVFRASWIAQKLNLAKTQYMDGINILVE	0
HQFFRDMDDEESWIKEKKLLVGSEDYGRDLTGVQN	XXXXXXXXDEESWIKEKKLLVGSEDKHKRLEAELA	1
LCHALRWYNHIKSYEKEKASLPGVKKALGKYGPAD	AVSSPRWYNHIKSYEKEKASLPGVKKALXXXXXXX	1
LSSLGGFKLAHGLLEELKTVLSSHKVLPLEALVTD	XXXQHRVALAHGLLEELKTVLSSHKPLQALISLQE	0
LLLESQSQLDAAKSEAQKQSDELALVRQQLSEMKS	XXXXXXXQLDAAKSEAQKQSDELALVRQLEQTQRQ	1
VILGLLKTPAQYDASELKASMKGLGTDEDSLIEII	XXXXXXXXXAQYDASELKASMKGLGTDEDSLIIII	1
VGKLFEDTKYTTLIAKLKSDGIPMYKRNVMILTNP	VGKLFEDTKYTTLIAKLKSDGIPMYKRNVEWPAQD	1
KREDLRRGLVMVKPGSIKPHQKVEAQVYILSKEEG	LGHSKNIRLVMVKPGSIKPHQKVQPMILEKQVNTL	1
GELNKGRRIAFSSTSLLKMAPSAEERTTIHEMFLS	XXXXXGRRIAFSSTSLLKMAPSAEERIDIMQRHTN	0
KTALLGLTRTLALELAPKDIRVNCVVPGIIKTDFS	NRRGAVITRTLALELAPKDIRVNCPSYVNGXXXXX	1
SGAGEHLKTDLLLEPYNKYRFLSNGHVTIPGQQDK	IRTFYLLSKTLLLEPYNKYRFLSNGHVISGVLQLG	1
YLQEVIDVLETDGHFREKLQAANAEDIKSGKLSRE	XXXXVIDVLETDGHFREKLQAANAEDIKSGKLSRE	1
NPKAWNTMVLKNIAASGKFSSDRTIKEYAQNIWNV	MKMLAEMAEEANIAASGKFSSDRTIKEXXXXXXXX	1
MDTWLNADPHNVVVLHNKGNRGRIGVVIAAYMHYS	NLSERRIFGWPDLHLHNKGNRGRIGXXXXXXXXXX	0
HTVVLVDQTEDILAKSKKGIEESLRKVAKKKFAEN	IAQVALVDTEDILAKSKKGIEESLRKVVEKTLSTI	1
LEVCSRDFASEVSNVLNKGHPKVCEKLKALMVEWT	HVAMALDFASEVSNVLNKGHPKVCEKLKALQGVTF	0
EWTSDTVDNEHMGRRSSKCCCIYEKPRAFGESSTE	VEWTDTVDNEHMGRRSSKCCCIYEKPEEEGCGHTH	1
VFQTEAELQEVISDLQSKLRLAPDKLKSTESELKK	QLTCPVELQEVISDLQSKLRLAPDKLKSXXXXXXX	0
LEGIVFPGESGLAPGSYKKAPGFEREDQVGAEYLK	CENACQYCESGLAPGSYKKAPGFEREDQVGASLLQ	0
TAGKVIKCKAAVLWEVKKPFSIEDVEVAPPKAYEV	XXXXXXXXXAAVLWEVKKPFSIERTDDHVVSGNLV	1
KSYERSVIHSLASVEAQKSHSVAGPSKPKVMAEST	KRVLRSVIHSLASVEAQKSHSVAGPSKPKXXXXXX	1
GIEPRLKDFHQLLLNPPKKKAILTTIGVLEEPLGN	RTESCLVDFHQLLLNPPKKKAILVLEEPLGNARLH	0
QKNAFRKNPSDPKLAHLKTIHTSTGKNLLVSGWWG	NGQKAFRNPSDPKLAHLKTIHTKNLLVSGWWGFVR	1
DVKSHAAGSKQHESIPGKAKKPKVKKKEKGKKEKG	SSSSDSTGSKQHESIPGKAKKPKVKKKEXXXXXXX	1
VHCLRQKTEEELLETTLKMKFLSLDLQGDPRESQP	AITAGCLKEEELLETTLKMKFLSLDSQPLLMXXXX	1
GVYSCEGCKGFFKRTIRKDLTYSCRDNKDCTVDKR	XXRRRYGCKGFFKRTIRKDLTYSCQYRYQCLMKRE	1
NRLFGATNPKNFNETFLKRNSDSLPHRLSAAKMVY	HPHEIFTNPKNFNETFLKRNSDSLPHRLSAAKMVR	0
RAVALDEAISQSTQFHDKIDQILESLERIVERLRQ	XXXXXXEYISQSTQFHDKIDQILESLEKLQPLYET	0
REIISFGSGYGGNSLLGKKCFALRIASRLARDEGW	GQVSMIMTCIGGNSLLGKKCFALRIAAEHDDIANP	1
YVVDKAQLLRKGVSGDWKNHFTVAQAEDFDKLFQE	YFWEYFFYERKGVSGDWKNHFTVAQAEDFDKFPWE	1
SRAFYNNVLGEYEEYITKLFNYHKVLPMNTGVEAG	XXXXXXXXLGEYEEYITKLFNYHKVLPLWLRPDIV	0
GEAAPDQDEIQRLPGLAKQPSFRQYSGYLKGSGSK	XXXXXXXXEIQRLPGLAKQPSFRQYVESQLGPFLV	1
ERSAAETVTKGGIMLPEKSQGKVLQATVVAVGSGS	ERSAAETVTKGGIMLPEKSQGKVLQATLLPEYGGT	1
VVEDNDSGVPVEETKKQKLSECSLTKGQDGLQNDF	XXMVDDSGVPVEETKKQKLSECSLTKGQKDGEPKS	1
ATWKIKGPIYLGGVAPGKAVKNVQINSIYSFSGCL	EENDFMTGPIYLGVAPGKAVKNVQISIYSXXXXXX	0
IFPVSTPSSEDPVAGDIKGCDCNLEGVLPEICDAH	XXXXXXXXXXXPVAGDIKGCDCNLEGVLPEICDAH	0
SSSSSSSCSSRKVKLQSKVAVLIREGVSSTTPAKD	YSPPPAPEQKRKVKLQSKVAVLIREGXXXXXXXXX	1
LTAIVKCATSKPAFFAEKLHQAMKGVGTRHKALIR	IEISKTAKCSKPAFFAEKLHQAMKGTRHKALIRIM	1
QWIPLMEENCRKCSETAKVCLPKNFSIKEIFDKAI	FQKGLMEENCRKCSETAKVCLPKNFSIXXXXXXXX	1
GFTPGGGGSSVSMIASRKPTDGASSSNCVTDISHL	GFTPGGGGSSVSMIASRKPTDGASSSNCVTDXXXX	1
YLGYKNKKLRVNINVPMKTEQKQEQETTHKNIEED	QILLKSVDEVELINVPMKTEQKQEQETTXXXXXXX	0
IFHAPNASAPSSSLSTFKDKNKNDGLKPKQADSVE	XXXXXNASAPSSSLSTFKDKNKNDGLKPKQADSVP	1
NRFATASADGQIYIYDGKTGEKVCALGGSKAHDGG	FIVRFSPDGNRFAIYDGKTGEKVXXXXXXXXXXXX	0
ARGLQVYIRQLRLALQGKTGEALKTEENKIKVVAL	XXXXXXYIRQLRLALQGKTGEALKTEENKIKVVAL	1
EEKRVNSKFDTIYQILLKKKSEIQTLKEEIEQSLT	XXKRVNSKFDTIYQILLKKKSEIQTLKEEIEQKLR	0
VTHPVVRNALFCLESAWKTAQEGDHGSHVYTKALL	NGCEVTSAALFCLESAWKTAQEGDHGSHTKLLAAF	0
SYQVCVTDLNTTLDNFSKEFVSFSDKPVDQIAVEE	XXXXXXTDLNTTLDNFSKEFVSFSDKKLQELENRL	0
GKCCLFPFGLHCTGMPIKACADKLKREIELYGCPP	XXXXXXYMNGHCTGMPIKACADKLKRQKFSEAEHW	0
KLLDEAIQAVKVQSFQMKRCLDKNKLMDALKHASN	XXXXXXXXAVKVQSFQMKRCLDKNKLMDALKHASN	0
ELPQKMKGKLKNVQSETKGRAKAGSSKVIEDVAFA	LYYSEKDRKLKNVQSETKGRAKAGSSKXXXXXXXX	1
FGVEKLVLSKLYEEGSNKRLFNVDRHVGMAVAGLL	SSTAFGVEKLVYEEGSNKRLFNVGMAVAGLLAARA	1
LSDNDFEILPPDIGKLTKLQILSLRDNDLISLPKE	FFYLTTLRALYDIGKLTKLQILSEIGELTQLKELL	1
LVKQTVQSKILTTGENYKTVNDIVSALLNAEDEKR	SALVTVQSKILTTGENYKTVNDIVSALXXXXXXXX	0
EYSSELKSGRLEWSPVHKSEKFWRENAVRLNEKNY	XXXSFEYSELLEWSPVHKSEKFWRENAQVLAVAAH	0
LMKHYSPTDYVNWLEEYKVRQKAGLEARKIVASFS	VWKEQFRRWLVNWLEEYKVRQKAGLEAEGPEIFFD	0
PEFYNRFKGRNDLMEYAKQHGIPIPVTPKNPWSMD	LKLGFRFKGRNDLMEYAKQHGIPIPVTPXXXXXXX	1
ISPRPQPESVSCILQEPKRNLAFFQLRKVWGQVWH	XXXXDLNESVSCILQEPKRNLAFFQLRKVWGQVLY	0
VLTGKRLMQCLPNPEDVKMALEVYKLSLEIEQLEL	VLTGKRLMQCLPNPEDVKMALEVYKLSLEIEQLEL	0
RTFIQPNMRLRQLGVAKKFGVLSDNFKGKRIVLVD	RYVGRTFIQLRQLGVAKKFGVLNTISPIIKLLXXX	1
QEIFQDNHEDGPTAKKLKTEQGGAHFSVSSLAEGS	AEIFQDNHEDGPTAKKLKTEQGGAHFSVSSLERVK	1
LSDLPGPPSKPQVTDVTKNSVTLSWQPGTPGTLPA	XXXXXRDQIKAQVTDVTKNSVTLASSVVTVRGLRP	0
PENHPETPKKKSDPELSKSEMKQSESRLAESKPNE	YTTHPQMQQAKSDPELSKSEMKQSEDTNKAHPEKI	1
ARLRQYKDVAKPVIELYKSRGVLHQFSGTETNKIW	LVISLNKDVAKPVIELYKSRGVLHQFSXXXXXXXX	1
GKREGFFLKSVENAPLAKRRKQKLRSATASRRGSP	EEREGFFLKSVENAPLAKRRKQKLRSAXXXXXXXX	1
DKDVFHMVVEVPRWSNAKMEIATKDPLNPIKQDVK	XXPFSLYRVEVPRWSNAKMEIAIKQDVKKLRYVAN	1
VCSNQFLVQRGIHDAFVKAFAEAMKKNLRVGNGFE	QAVAAMFVQRGIHDAFVKAFAEAMKKTVVTGTLLC	1
LIFSNEYTQAENQNWHLKHFCCFDCDSILAGEIYV	CDELIFSNEYTQANWHLKHFCCFCDSILAGEPCXX	0
LTQYDAKKKAAHAAKTVKHGAGAEISTVHPEQYAK	MMDYDAKKKAAHAAKTVKHGAGAEISTVHPEQYRX	1
HRDLKVENLLLSNQGTIKLCDFGSATTISHYPDYS	TCRAVVENLLLSNQGTIKLCDKPXXXXXXXXXXXX	0
TVAHDVSARDWQMRRNGKQWLLGKTFDTFCPLGPA	QEVDDVSARDWQMRRNGKQWLLGKTFVFXXXXXXX	1
IPPSYADLGKAARDIFNKGFGFGLVKLDVKTKSCS	XXXXXXXXXKAARDIFNKGFGFLKDTSAAKYQSIS	1
GGSTMYPGLPSRLERELKQLYLERVLKGDVEKLSK	LFNIQSYKIPSRLERELKQLYLERVLKGDVEKLSK	1
CRGESPPTPPGQPPISPKKFLPSTANRGLPPRTQE	PKTLKSLTPPGQPPISPKKFLPSTANRGXXXXXXX	0
LYLRKMPRLTTLEGDIFKMTPNLQQLDCQDSPALA	WIRDLPKLTSLLEGDIFKMTPNLQLATHIFQDTPH	0
WRRKMAPSETHGAAAIFKLEGALGADTTEDGDEKS	KGWEMAPSETHGAAAIFKLEGATPVXXXXXXXXXX	0
AVKFPSQGTIFDYYVDHKTKKLLPWADKIAQFTMD	EVYEVYFVFAVFYYVDHKTKKLLPWADKYLXXXXX	0
ATLDNKIHETIETINQLKTQREFMLSFARDPQGFI	ESQYMKIHETIETINQLKTQREFMLSFARFWXXXX	0
GNETWGVTKAAEKQMKDKQDEEQRLKEEEEDKKRK	DEFTWGVTKAAEKQMKDKQDEEQRLKEEEEXXXXX	1
HYARLCGALEPALPAQAKEELAAAMVRVLRATGRA	AAYALCGALEPALPAQAKEELAAAMVLENTLATKA	0
DQLTKWLESSQHTLNYWKEQSLNVSQDLDTIRSNI	XXXXXXXXSSQHTLNYWKEQSLNVSQTISNINNFF	0
SSRPVAPSGTALSTTSSKLETPPSKLGELLFPSSL	XXSCKDDEATALSTTSSKLETPPSKSGVPSGFNFT	1
FAPQYLAVERSLDLDISKTNVNGGAIALGHPLGGS	LKDMDLVEVNELDLDISKTNVNGGIHLELRRRGGK	1
QETAKLFSVPDFVGDACKAIASRVRGAVASVTFDD	VITILQLAYVDFVGDACKAIASRVRGAVAFLVXXX	0
EKEVQIPELSQVFVEDVKDILKSRLKEGHMNPQEV	XXXXXXXELSQVFVEDVKDILKSRLKEGHCADTKI	0
PRERDCHDIYNSLLQLSKQAKYEDLYAFSYNPKQN	HHHIASVCKYNSLLQLSKQAKYEDLYSECGQLDGD	0
IHETTYNSIMKCDIDIRKDLYANNVLSGGTTMYPG	PIYETYNSIMKCDIDIRKDLYANNVQITLAPSTMK	1
LEPRGEARSTAELYLTTKEIKLELKPPDIPDSRVP	NVTPDDEGVYAELYLTTKEIKLELKPPXXXXXXXX	0
SKLKEKTKIGKLIITLGKKQKRKNESSDEISDAEQ	GLQNKSFVAGKLIITLGKKQKRKNESSXXXXXXXX	1
RLSKEEIERMVQEAEKYKAEDEVQRERVSAKNALE	KEPVIAGLRMVQEAEKYKAEDEVQRERXXXXXXXX	1
DSACQQNTVTSSGDLVAKLCDNIVSESESTTARQP	XXXXXQNTVTSSGDLVAKLCDNIVSESESTTARQP	0
LEDVVSVVTHEDCITEVKMAYVNFVNHCYVDTEVE	SVDVVSVVTHEDCITEVKMAYVNFVNLNFDTLEKY	0
KDGLWAVLAWLSILATRKQSVEDILKDHWQKYGRN	VINIFSILAWLSILATRKQSVEDILKDHXXXXXXX	1
PPAPEKSIVGMTKVKVGKEDSSSTEFVEKRRAALE	YMAYFKSIVGMTKVKVGKEDSSSTEFVEKRRXXXX	1
TRLKAFAKLPPNALRISKEVIRKREREKLHAVNAE	GLFDAVFALPPNALRISKEVIRKRERELXXXXXXX	1
FYSCFKKEGIMNPEVGMKYRNLILKPGGSLDGMDM	MFSCFKKEGIMNPEVGMKYRNLILKPMLHNFLKXX	1
AAQYQSLLNSYGEPVDDKSATLLQLITKFATEYCN	XXXXXXXXXXYGEPVDDKSATLLQLITKELRFPKL	0
ACTIAIRYSAVRHQSEIKPGEPEPQILDFQTQQYK	XPDLREIYSAVRHQSEIKPGEPEPQILDFQTQQYK	0
ESLPKIGDLHPQIVNLLKSVHNGAPAPVSGEKDVV	RLQFLVVFFHPQIVNLLKSVHNGTQVXXXXXXXXX	0
DLDNQRQLVSNLEKKQRKFDQLLAEEKNISSKYAD	HLEEQRQLVSNLEKKQRKFDQLLAEEKNISSXXXX	1
RIKEGSSRPVWSDDDWLKKFSGKTLEENKEEEGSE	XXXXXXGRPVWSDDDWLKKFSGKTLEERIIPQFMC	0
SVTISFRIYKSVIQAVQKSEEGHPFKAYLDVDITL	SVTISFRIYKSVIQAVQKSEEGHPFKAYLDVXXXX	1
TMLRAKVAQLQTDYDALKRQISTERYERERAIQEM	TMLRAKVAQLQTDYDALKRQISTERYERERAIQEM	0
FNRKALERPYTSKHSWGKTYGEHKRHLEFSHDQYR	FNRKALERPYTSKHSWGKTYGEHKRHLEFWKGSDX	1
ARTKGGQQVDRGPQPALKSRQSVVTLQGSAVVANR	VSILLPQQVDRGPQPALKSRQSVVTLQGSAXXXXX	1
LQYQDTKGFSTWLKLNKKVTAQDVRKESPLLFKFR	QLFDQGLQYDTWLKLNKKVTAQDVRKLFENGAXXX	1
VVDQATEAGQKAMDQLAKTTQETIDKTANQASDTF	VVDQATEAGQKAMDQLAKTTQETIDKTANQASDTF	1
AVHVKAQEDERIVLVDNKCKCARITSRIIRSSEDP	XXXXXXXXXXXXVLVDNKCKCARITIRIIVPNIFV	0
YYKLRTEGDGVYTLNNEKQWINKAVGDKLPECEAV	PEIVHSVRYGVYTLNNEKQWINKAVGDKLPXXXXX	1
ELLDLAKFHFGDSLCTHKGEIPALPPCKFTGSEIR	HYKGPRIVKFGDSLCTHKGEIPAXXXXXXXXXXXX	0
LENVIRDAVTYTEHAKRKTVTAMDVVYALKRQGRT	LENVIRDAVTYTEHAKRKTVTAMDVVYALKRFGGX	1
LCAQSKEKTHLPDFLICKLKNTWLSGVNLLVHQTD	LTLFQLCAKTLPDFLICKLKNTWLSGADXXXXXXX	0
VIEPFSRVQIEHISSLIKLSKADVERKLSQMILDK	QNLIRVIVQIEHISSLIKLSKADVERKLGXXXXXX	0
VSRFLHTYSAATQDLQAKELHQLQNLFSKASADYQ	VSRFLHTYSAATQDLQAKELHQLQNLFSKQFLRGA	0
GSDVHYWEYGRIGNFIVKKPMVLGHEASGTVEKVG	ESDVHYWEYGRIGNFIVKKPMVLGSFFCATPPDDG	1
KKKREMAEKEKEKIEREKEELMERLKQIEEQTKKA	XKKREMAEKEKEKIEREKEELMERLKQIEEQTKKK	1
HHNCTPEFQANEVRKVKKYEQGFITDPVVLSPKDR	XXXXAGAIAANEVRKVKKYEQGFITDPVHGFIIAT	0
IPYSPFRIHALPTGDASKCLVTVSIGGHGLGACLG	XXXXXXXXXASPTGDASKCLVTITVDAKAAGEGKV	0
FYTELLNLCEAEDSALTKLPCYKSLPSLVPLRIAA	VFTELLNLCEAEDSALTKLPCYKSLPSLVPLRIAX	0
EGHEAMERLKMLALLKRKDLANLEVPHELPTKQDG	EGHEAMERLKMLALLKRKDLANLEVPHEIIVLSIK	1
ACKFAELKEKIDRRSGKKLEDGPKFLKSGDAAIVD	IIISAELKEKIDRRSGKKLEDGPKFLKSGDAAIVD	1
VSITEHPKINEWLTLVEKEMRVTLAKLLAESVTEV	VMFKTPVSHNEWLTLVEKEMRVTLAKDVLGFEYFV	0
FTSEDDLVKLQILNLGAKLYLTNSKQTKLLTQYIL	GENCEPAPLLQILNLGAKLYLTNSQTKLTIRLIVA	0
TSEEEKKLLVYEALEYAKRALEKNESSFASHKWYA	AELLWRLARVYEALEYAKRALEKNESFASHKWYAI	0
ELEGQIAKLEEQWLSLNKKIDHELHRLQALLKHLL	NIGKHLAKLEEQWLSLNKKIDHELHRLQXXXXXXX	0
VETQRFQSISTEFLALMKKVSKSPLVMDVLNIQGV	CRLIWVQWISTEFLALMKKVSKSPLVDVLNIQVSL	0
LSHEALRQIYLSGLHSWKKKFIRFKNGIITGVYPA	XXXXXXRQIYLSGLHSWKKKFIRFKNGIILLYRRK	1
TYYKQLREKLKTAKIKVKENIDALEELKILVDYDE	EDIITYLRKLKTAKIKVKENIDALEILVDYDEKGY	1
AFVVFDISRSSTFEAVLKWKSDLDSKVHLPNGSPI	RFGTAFVVFSSTFEAVLKWKSDLDSKALFCEHGFX	0
TIEVEVPFDLHRYVIGQKGSGIRKMMDEFEVNIHV	QESFAEHFDLHRYVIGQKGSGIRKMMDENIHVPAP	1
GAVEKTKQGVTEAAEKTKEGVMYVGAKTKENVVQS	GAVEKTKQGVTEAAEKTKEGVMYVGAKTKENVVQS	1
FLQNFCRGNPQNQVLLHKHLNLFLTPGLLEAETMR	KGHSVLDLCPQNQVLLHKHLNLFLTMHIFNHLCEI	0
DLRDETRNVGSQTLQTFKARQGLGASVVSWSDVIV	SQEETGGFDLRDETQTFKARQGLCAPWQHWNKTPV	0
KMEEFKDQLPADECNKLKEEISKMRELLARKDSET	TETKMEFKLPADECNKLKEEISKMRELAASLQQAS	1
SKREKREVIVEESIRTCKPAFLSEEKLYQETAIRD	VTLVEAEVCQEESIRTCKPAFLSEXXXXXXXXXXX	0
ETPSDPFAIWQITDRDYKPQVGVIADPSSKTLSFF	XXXXNPTFAWQITDRDYKPQVGVIFNKDGEVQNIT	0
CVRAVQAAVQYPYEVGIKKEEELFLYLLQSGQARA	ACRAVQAAVQYPYEVGIKKEEELFLYLLXXXXXXX	1
GPGQFFDLSIRCGLDRFKVYANGQHLFDFAHRLSA	FLHIRITLSIRCGLDRFKVYANGQHLFDFAHXXXX	1
LEGHLRFLKNIILPVYDKSLWDFLKLDVTTSIGRR	XXXXLRFLKNIILPVYDKSLWDFLKLDVSITVYHW	0
GKARNKDKRNVKKLAVTKPNNIKSMFIACAGKKTA	XXXXXXXXXNVKKLAVTKPNNIKSMFITGPIDGDT	1
KFQQKQKIQQQQPPPGEKKPKPEKREKRDPGVITY	KFQQKQKIQQQQPPPGEKKPKPEKREKRDPGVSLQ	1
LANVILGGYGTTSTAGGKPMEISGTHTEINLDNAI	VKQKTVLGYGTTSTAGGKPMEISNSAAQEDPNSII	0
IIPVDHYPKALQIEACNKEAEKIESLINSDSPTLA	GMLVSVCIIPLQIEACNKEAEKIESVQVSSXXXXX	0
FEKGMKFFADDTQAALTKHLLKSVCTDITNLIFNF	XIFEGMKFADDTQAALTKHLLKSVCTDNSLNEKSI	0
ISDIVEKHTASTFDPYVKYCTNEVYQQRTLQKLLA	HLFSNITDVCATFDPYVKYCTNEVYQPMVLVRLCN	0
LLDQEQKKRALDVIQAGKEYVEHTVKERKKQLKKE	XNFEDPEKRALDVIQAGKEYVEHTVKEEDDPELFK	0
ANPFKERICRVFSTSPAKDSLSFEDFLDLLSVFSD	QILFKERICRVFSTSPAKDSLSFEDFLDLYRIFDF	0
FDHMGCLKKYETVQDILKEFFDLRLSYYGLRKEWL	LDPHPMDHKYETVQDILKEFFDLRLSXXXXXXXXX	0
DLTVRETVNVITLYKDLKPVLDSYVFNDGSSRELM	EQLMVETVNVITLYKDLKPVLDLMNLTGTINIPIC	0
KDTLLRLRHPLGEAYATKARAHGLEVEPSALEQGF	XXXXXXXXHPLGEAYATKARAHGLEVEPSALEVLT	0
VHVIKAALLNFDEFAVSKDGIEKLLTMMPTEEERQ	LTTLPVIALNFDEFAVSKDGIEKLLTMMAARLQLW	0
VDWEHIRERPAAIPIEIKSIDDTSNFDDFPESDIL	LPGGDLLDAKGHIPIEIKSIDDTSNFDDGSIPXXX	0
EYPTGSGNVYSSASGVAKQMYQDCMKDFGRGLSSG	LLGIEYPNVYSSASGVAKQMYQDCMKDFGRGLSSG	0
NFTGKLCQIPVHGASVPKLYQHSQQPGKALGTHVI	XSCEKNGNFPVHGASVPKLYQHSQQPYPVAQECQK	0
KSVQPTSEERIPKTIEIKSITHDIEEKGVRMKLTV	VVGSKSTLINIPKTIEIKSITHLTVIDTPGPIMKF	1
LELQKGRLALHLNLGDSKARLSSSLPSATLGSLLD	EGQRGDHITLHLNLGDSKARLSSSLPSAGKQRTKG	0
SALTQMESACVSIHEALKSVIDYQTHFRLREAQGR	EDPPLFESACVSIHEALKSVIDYQTHFRLXXXXXX	0
DVMRRAGIKVTVAGLAGKDPVQCSRDVVICPDASL	VILAKGAETVTVAGLAGKDPVQCVVICPDASLEDA	1
TSSITGDLSDNHDVISLKLFELTVERTPEEEKLHR	HFIWYFLVIRFGTVISLKLFELXXXXXXXXXXXXX	0
SQMFEGVARVHGSPLELKQDNGSIEINIKKPNSVP	TVAPAHSLRVHGSPLELKQDNGSIEINISSMXXXX	0
PNTNDLFNAVGDGIVLCKMINLSVPDTIDERTINK	NALENDPDCAVDGIVLCKMINLSVPDTIDETINKN	0
CLILGVKRPPEEKLMSRKTYAFFSHTIKAQEANMG	AVLAISEACLILKLMSRKTYAEILKQEIRLIMILS	1
QAGLRAWTQVLLGQAEDKAEVDMDTDAPQVSHKPG	YAGLRAWTQVLLGQAEDKAEVDMDTDAPQVSHKPG	0
GLLKARLAKLRRELITPKGGGGGGPGEGFDVAKTG	MSSTLKIAKLRRELITPKGGGGGGPGEGFDAGKGR	1
IPYVFKLLKENLCLNLHKFNEFIQNELQEASQELQ	AFYVFKLLKENLCLNLHKFNEFIQNELQEASQXXX	0
ETEKSLHLIQESLTFIDKQLAAYIADKVDAAQMPQ	XXXXXXXXIQESLTFIDKQLAAYIADKVDAMEAKI	0
SDLGISGTVRVCNVAFEKQVAVRYTFSGWRSTHEA	XXXXQLVCVRVCNVAFEKQVAVAVARWRGPGTEDV	0
LKSHQGVVIASDWLVGGKQAVTASWDRTANLYDVE	EQLALIWLTLSDWLVGGKQAVTNLYDVETSELVHT	0
SFEFPVGDAVSKVLQIEKEGAIHREELVYELNPLD	VRRFEGPTAATAVLQIEKEGAIHNMIPDGDFNTYN	1
KRHVEQKIQFKRETASLKLLPHQPRIVEMKKGSNG	RLCYRAGVMFLLETASLKLLPHQPRTMYFPLYYQS	1
ELHFQAATYLCLLRSIRKHVALHQEFHGKGERSVE	AATYQAATYLCLLRSIRKHVALHQEFHGKGXXXXX	1
AIGADSARFEELLLQASKELQQAQTTRPESTQIQP	XXGADSARFEELLLQASKELQQAQTTRPESRSEQR	0
GTWGSWIGPDHDKFSAMKYEQGTGCWQGPNRSTTV	SSLGTWGSWIGPKFSAMKYEQGNRSTTVRLCEYLM	1
DVHRTLVYGGIFLYPANKKSPNGKLRLLYECNPMA	ARDFDPAVTEYILYPANKKSPNGKLRTGKQRAPVI	1
ACGIDRMNYDSYLAQTGKSPAGVNLLSFAYDLEAK	NSNPELRQLDSYLAQTGKSPAGVNLHRVLPIEQSL	0
HVVISSRKQQNVDRAMAKLQGEGLSVAGIVCHVGK	ARHVVISSQQNVDRAMAKLQGEGLSVAGIEXXXXX	1
LHQDWLNGKEYKCKVSNKALPAPIEKTISKTKGQP	EVQFKRSTFRVVCKVSNKALPAPIEXXXXXXXXXX	1
GRDLLDDLKSELTGKFEKLIVALMKPSRLYDAYEL	ILLTLDDLKSELTGKFEKLIVALMKYYEDDHTLIR	1
QQNLPQTGEQELESLVLKLSVLKDFLSGIQKKALK	MVTRLLQQQQELESLVLKLSVLKDFLSXXXXXXXX	0
VLKSISVIDSPGILSGEKQRISRGYDFCQVLQWFA	PTTDSFAFRSPGILSGEKQRISRGYDFCQVLDISD	0
SKQHLRLVFDEYLKTTGKPIEASIRGELSGDFEKL	QLYEGELVFDEYLKTTGKPIEASIRGELVQMWELS	1
PKISMPDVDLHMKGPKVKGEYDMTVPKLEGDLKGP	KLKGPVVAWHLKMGPEGKLKGPKVIGPEGKLKGPX	1
KVPVPEDKYTAQVDAEEKEDVKSCAEWVSLSKARI	QKIALEDKYTAQVDAEEKEDVKSCAEWVSLSKXXX	1
VEEYLKEVVNQPFPFGDKEKNKLTFEVVHLARNLI	DLRASYLEVVQPFPFGDKEKNKLTFEVVILEHEDV	0
NNQITNNQRIKAAVPSIKFCLDNGAKSVVLMSHLG	XXLDVKVMVIKAAVPSIKFCLDNGAKSVVLLKLLG	1
AVNCAGIAVASKTYNLKKGQTHTLEDFQRVLDVNL	XXXXXXIAVASKTYNLKKGQTHTLEDFQRVLAEGQ	1
VSNMTEERANVIATALAKIPQKVLWRFDGNKPDAL	XXXSNGVVANVIATALAKIPQKVLWPDALGLNTRA	1
QTLKPGIKLTLSALLDGKNVNAGGHKLGLGLEFQA	KVNNSSLIGLGSALLDGKNVNAGGHKLGXXXXXXX	1
SSYGKVEGFWSKDQSQWKNASENDERLSNPQIEWQ	ENHDEKDSFWSKDQSQWKNASENDERLSXXXXXXX	1
GGPRVWYVSNIDGTHIAKTLAQLNPESSLFIIASK	IGLRVWYVSNIDGTHIAKTLAQLNPSSLFETTNAE	0
ETITNAETAKEWFLQAAKDPSAVAKHFVALSTNTT	ESSLFAETAKEWFLQAAKDPSAVAKHFVEFGIDXX	1
QLVHLRKQKTRTFAVSSKVTSMSTQTKVMNSQMKM	IRDRARKQKTRTFAVSSKVTSMSTQTKVMNXXXXX	1
AALRPAFSQDTPSDIIAKACQVCSTWIGSGVVSDL	QALEDALPAFTPSDIIAKACQVCSTWLMEKLAVKA	0
RQEAEKMFKGKRGAQLAKDIARRSKTFNPGAGLPT	YKVAEKMFKGKRGAQLAKDIARRSKSXXXXXXXXX	1
QLFALTGVQPARQKVMVKGGTLKDDDWGNIKIKNG	KWGKFEVLTPFKQKVMVKGGTLKDDWGNIKIKNGM	1
HETSPLDNSDAFLSTHLKLFPSASSNSFYESELPQ	EPPVILVNSDAFLSTHLKLFPSASSNSFYESXXXX	0
EWMGWINAGNGNTKYSQKFQGRVTITRDTSASTAY	RQAQRLEWMGWITKYSQKFQGRVTIMELSSLRSED	1
TREYTINIHKRIHGVGFKKRAPRALKEIRKFAMKE	XXXXXINIHKRIHGVGFKKRAPRALKEIRKITRLN	1
MAGSSDKYFFVETFGGLKGIFSDVTASVCNSSKVD	LKKIVGIDFFVETFGGLKGIFSDVTAXXXXXXXXX	0
VRSPPGLAKTPLSALGLKPHNPADILLHPTGVTRR	VRSPPGLAKTPLSALGLKPHNPADILTIQQNKXXX	0
STAVGVRGRDIVVLGVEKKSVAKLQDERTVRKICA	XXXXXXXXGSTAVLGVEKKSVAERTVRKIAFATGR	1
EDGSKDTSKEMENLWGIKSINDYNTWFLGVDTATE	EDGSKDTSKEMENLWGIKSINDYNTWFLGVDTATX	0
VTKAISSPTVSRLTDTTKFTGSHKERFDPSGKGKG	PTKAISSPTVSRLTDTTKFTGSHKERFDPSGKGKG	1
YKVETIGDAYCVAGGLHKESDTHAVQIALMALKMM	VTMCGLDVYKVVAGGLHKESDTHAQIVFAKKVGXX	0
DSEVDKKLKRKKQVAPEKPVKKQKTGETSRALSSS	XXXXXXXLKRKKQVAPEKPVKKQKTGETSLSSSSQ	1
ETRRAMGEQAVALARAVKYSSAGTVEFLVDSKKNF	LGDKHGNALAVALARAVKYSSAGMTVAGPXXXXXX	1
QRCSDTRGIVFEDVKVPKENVLIGDGAGFKVAMGA	FLLASFTGFIVETVKVPKENVLIGDGAGXXXXXXX	1
KNNELLKNIQDVQSQISKIGLKDPTVPAVKHRKKS	XXXXXXXNIQDVQSQISKIGLKDAVKHRKKSLIRL	0
EDATETADAMNREVSSLKNKLRRGDLPFVVPRRMA	EDATETADAMNREVSSLKNKLRRGDLPFVVPRXXX	1
EIVGESNDKLRGQSHWVKRTTLVDSRTSVTDVKFA	LASCTAAVWEEIVSHWVKRTTLVMNLSQWXXXXXX	0
GKILCEQCMTSNQKKALKAEHTNRLKNAFVKALQQ	PQEKLEQCMTSNQKKALKAEHTNRLKNAFVMPXXX	1
RASAVSELSPRERSPALKSPLQSVVVRRRSPRPSP	XXXXXXXXSPRERSPALKSPLQSVVVRRSPPSTGK	1
FEEIGRRLKDIGPEVVKKVNAVFEWHITKGGNIGA	XXXXXIRLKDIGPEVVKKVNAVFIDLKSGSGKVDT	1
LKIFRKGRPYDYNGPREKYGIVDYMIEQSGPPSKE	AKELSKIPLALYNGPREKYGIVDYMIEXXXXXXXX	1
PALKACLDTAVENMPSLKMKVVEVLAGHGHLYSRI	XXXXXXXLDAVENMPSLKMKVVPLSHPLLQLSYSA	1
KVKERRPFLASECTELPKAEKWRRQIIGEISKKVA	KVKERRPFLASECTELPKAEKWRRQIIGEKGHWEV	0
VSTVSVLSSGTQAVSGSKDICIKVWDLAQQVVLSS	SGAVYEHDDIVSTVSGSKDICIKYRAHAAQVTCVS	0
ARSMPTSGALDRVASATKIALYETPTGWKFFGNLM	GVRGFARGALDRVASATKIALYESKLSLCHKYGXX	1
AQKAAAFEEQENETVVVKEKMVGGIAQIIAAQEEM	AKQENEAAHASKSTVVVKEKMVGGIAQIIAAXXXX	1
LLRYFYSRRIDITLSSVKCFHKLASAYGARQLQGY	VVDAECVPMVLITLSSVKCFHKLASALQGYCASLF	0
CSKIAGVKVAEITELILKALENDQKVRKEGGKFGF	CHFHMIKKVAEITELILKALENDQKVRKSXXXXXX	0
IQDGTIVLMGTYDDGATKLNDEARRLIADLGSTSI	GGDVAPFIELTYDDGATKLNDEARRLIITNLGFRD	0
VTASSPVAVLSGHSCAQKHTTCNHVVEQLLPTSAW	XXXXTPPGTSNKHSCAQKHTTCNHVQSRYDLAELF	0
SMAEAVLREHKTLVQQLKEQNEALNRAHVQELLQC	RKAKEVLREHKTLVQQLKEQNEALNRAHVQEXXXX	0
CESDTLEALLLTASERPKPLLFKGDHRYPSSNPES	EFSVHGKKLLLTASERPKPLLFKDRNPESPVVIFK	0
HPQRVLRHVQELAEQLYKNENPYPAVAMHKVQRPG	QDKERADLVQELAEQLYKNENPYPAXXXXXXXXXX	0
TLSDVLDRVSDTPSITAKLISEQKDDKEKKNHEEK	XXXXXXYGDSDTPSITAKLISEQKDDKEKIITVPV	0
VNAAFEMTLTEGSKLEKKLFYSTFATDDRKEGMTA	VNAAFEMTLTEGSKLEKKLFYSTFATDDRKGMQXX	1
QLENVSVALEFLDRESIKLVSIDSKAIVDGNLKLI	LLLSVSVALEFLDRESIKLVSIDSAILILGLIWTL	1
KDAKSHGLIDEQILCQLKELSKAKEIISAASPTTI	FDLKDAKLIDEQILCQLKELSKAKEIIITMKVFLN	0
PSKKLKDEGVELFAIGIKNADEVELKMIATDPDDT	GNFTVTLITDGKSAIGIKNADEVELAYNVADFESL	0
YGKCSRLKSTCIYGGAPKGPQIRDLERGVEICIAT	XXXXXRAQSTCIYGGAPKGPQIRDLERGVCIATPG	1
LNYRVDLPTWEAETIIQKIKQQQYADLLSHDQLLT	XXXQVDLPTWEAETIIQKIKQQQYADLLSHDITFA	0
GVAVHPSGDIIIADYDNKWVSIFSSDGKFKTKIGS	SPGQLQRPTGIIADYDNKWVSIKIGSGKLMGPKGV	0
TIYTSYKEKSIFLVAHRKDPTGMDPDDIWQLSSSL	LLEKYKYVENFGLVAHRKDPTGMDPDDIWQLTFIS	0
RFDCKIEGYPDPEVVWFKDDQSIRESRHFQIDYDE	XXXXQEGSLKIDAFVWFKDDQSIREHFQILIIVDD	0
GLAEALGTLMRAWAGSPKGTIQVITQGTSLKNAGN	XXXXXXGTLMRAWAGSPKGTIQVVIGLLEASKLVK	1
KSGTKDGLEKTRMAVMRKVSFLHRKDVLGDSEEED	XXXXVIGLEKTRMAVMRKVSFLHRVSVSDIKPPSM	1
AKDSIPRSHWKKTPVVLKATAGLRLLPEHKAKALL	XIMFDAGSTRIHLVVVLKATAGLRALLVKGSVSIM	1
QVDETQFKKILGYINTGKQEGAKLLCGGGIAADRG	XXXXXXXXKILGYINTGKQEGAKLLCGGGQPTVFG	1
EPFHPGPSPVDHDSLESKRPRLEQVSDSHFQRVSA	XXFHPGPSPVDHDSLESKRPRLEQVSDSHFQRVSA	1
RKAEAEEAMKRLSYISQKVSDASDKTQQAERALGS	RKAEAEEAMKRLSYISQKVSDASDKTQQAERALGS	0
EKVNLQNNPGAMEHFHMKLFRAQRNLYIAGFSLLL	DVTEKVLNPGAMEHFHMKLFRAQRNLYIXXXXXXX	1
LPVSVADGRISVAQGASKALLVADFGLQVSYDWNW	IHKDEIGKVLPVAQGASKALLVSYDWNWRVDSAPC	0
LLHSNSFIRNNYIATIYKAIGTFLFGAAASQSLTD	ETLHSNSFINNYIATIYKAIGTFLFGYVAYVSDFX	0
SGLVLPTDMDLTKICTGKGAVTLRASSSYRETPSS	XXXXXXXDMDLTKICTGKGAVTLRASSSNEVSSSL	1
VETIAQEHSTLSQQVDEKCSFLETKLQGIGHFQNT	LTMLQTQQKTLSQQVDEKCSFLETKLQXXXXXXXX	0
VTSKSVKIYIDCYEIIEKDIKEAGNITTDGYEILG	IVVTSKSVKIYIYEIIEKDIKEAPXXXXXXXXXXX	0
ASFSESRADEVAPAKKAKPAMPQDSVPSPRSLQGK	XXXXXXXADEVAPAKKAKPAMPQDSVPSPRSTTSR	1
NLSGLSLQEAQQILNVSKLSPEEVQKNYEHLFKVN	XRAGSSLQEAQQILNVSKLSPEEVQKNYEHLVAKE	0
YKRVDFSKVPKLKTVFQKENGTVTAANASTLNDGA	KNIARNQDVPKLKTVFQKENGTVTAANAFLXXXXX	1
SGPINMEETRPEGSYFSKYSEAAELRSTASLLATQ	EPPQNMEETRPEGSYFSKYSEAAELRSTASLLATQ	0
ASVQGRNTDVAQSPEAPKQEAPAKKKSGSKKKGEP	XXXXXXXXDVAQSPEAPKQEAPAKKKSGQGKIRTL	1
LEAKQAKNPASPYNLAYKYNFEYSVVFNMVLWIMI	LEAKQAKNPASPYNLAYKYNFEYSVVFNMVLWIMI	0
LALALNKLSQYLDSSQVKPLFQFFVPDALNDRHPD	XXXXXAMGMLSLDSSQVKPLFQFFVPDAAALATLN	0
SRLTESRGPLSVVEAIEKRIISETVGLKILEAHLA	SRLTESRGPLSVVEAIEKRIISETVGLILGLISAW	0
PAGWQVGGAQGCGECVSKPCPSPCTPEQQESFGGP	VSYKPAQGAQGCGECVSKPCPSPCTQVHGSXXXXX	0
ITRVEELTFHLLEFPEGKGVAVKERIIPYLLRLRQ	NRTRLVLTFHLLEFPEGKGVAVKERIIILALIGYY	0
HWWMKGSTPTQISEIIIKLIKDMAAGHLSEAWSRV	SLRRLFLCITQISEIIIKLIKDMAAGHLSTKASLC	0
TTPIFANRRSQQSVSLSKSVSIQNITGVGNDENMS	ASCAKANRRSQQSVSLSKSVSIQNITGLSTSLIVN	0
GADFLVWRWIQPSASCDKILVIPSKVWQGQAFHLD	CQENKDLPWIQPSASCDKILVIPSKVMEIGWDMSH	0
LGKKAAGIDEQENWHEGKENIRAAVAAGCRQIQDL	XAGLGKKAAGIDNWHEGKENIRAAVAPCGDAQAAA	1
FPTKPLEGQAEGDSGECKGGDEEENDEPPKVVVTE	FPTKPLEGQAEGDSGECKGGDEEENDEPPKVVVTE	0
IDSDHTDNQRILEFFGLKKEECPAVRLITLEEEMT	IDSDHTDNQRILEFFGLKKEECPAVRKEHLMSQET	1
LYKLTYSTEVLLDRGKGKLQDSVGYRISSNVDVAL	XXXXXXXXEVLLDRGKGKLQDSVGYNVNQQRTHNT	1
LTIRLLMHGKEVGSIIGKKGESVKRIREESGARIN	XXXXXXMHGKEVGSIIGKKGESVKRIREEINISER	1
QLPAEGDAGAEWAAAVLKQERAHEVGAQGGPPVAQ	HIKKHQDAGAEWAAAVLKQERAHEVGAQGGISGEK	0
RLAMENNIKLSEVVGSGKDGRILKEDILNYLEKQT	AVRRLAMIKLSEVVGSGKDGRILKEDILNYLEKXX	1
KDIIIKREMVSQYLYTSKAGMSQKESSKSAMMYIQ	QMLLDMREMVSQYLYTSKAGMSQKESSNPXXXXXX	1
EREAIRLSLEQALPPEPKEENAEPVSKLRIRTPSG	XXXXXXXXXEQALPPEPKEENAEPVSKLRIFLERR	0
VIYTNNQRYMAAIILSEKQCRDQFKDMNKSCDALL	XXXXXNQRYMAAIILSEKQCRDQFKDMNKSKKEAE	0
DNVEREETWLSVWVHEAKGLPRAAAGAPGVRAELW	XXXXXXXXXXXXXVHEAKGLPRAVRARAGPGQLFW	0
QVEVKSEKLDFKDRVQSKIGSLDNITHVPGGGNKK	QIVVKSEKLDFKDRVQSKIGSLDNITHVPXXXXXX	1
NVQLETGDKINFVIDNNKHTGAVSARNIMLLKKKQ	MQTFYLTYTEDFVIDNNKHTGAVSARNIXXXXXXX	1
DTSPEPELLPGAPLPPPKEVINGNIKTVTEYKIDE	XEEDDTSPEPELPLPPPKEVINGIKTVTEYKIKFK	0
KLDGIKTRYADITVTSSKALRTLEQARQLATKFQS	KALNEIVRYADITVTSSKALRTLEQARELVXXXXX	0
KGRIAVGSDADIVIWDPKGTRTISAKTHHQAVNFN	IWEKGVHSGDEFVIWDPKGTRTMVCHGVPLVXXXX	1
VPKGYVAKSPDEAYAIAKKLGSKDVVIKAQVLAGG	XPKGYVAKSPDEAYAIAKKLGSKDVVIKIVFSPEE	1
PRVEKTRPEPTEVLHACKTQVAELELWLQQANVAV	XXXXXXXXEPTEVLHACKTQVAELELWMLTEIEHK	0
YHVKDSSRHVILGTQQFKPNEFASQINLSVENAWG	CCALLAGSEYLKLTQQFKPNEFASQINLVXXXXXX	0
SAKEGLLLWCQRKTAPYKNVNVQNFHISWKDGLAF	XXXXXXXLWCQRKTAPYKNVNVQNISWKDGLAFNA	1
ISESSGADCKGDPRNSAKLDADYPLRVLYCGVCSL	XXXXXXADCKGDPRNSAKLDADYPLRVLYCLPTEY	1
LSEVSKATLQEILPEVLKADLNIILSSPEQLELFL	XVKQARLVLQEILPEVLKADLNIILSSPEQLELFL	0
FPRGRGRFMFRKSSTSPKWAHDKFSGEEGEIEDDE	RSNDFQKFMFRKSSTSPKWAHDKFSGEEGEIXXXX	1
TGHVGFIFKNGKITSIVKDSSAARNGLLTEHNICE	HKDSTGHVGFIFITSIVKDSSAARNGLLTEHVXXX	1
MTLCDQVDIYEFLPSKRKTDVCYYYQKFFDSACTM	SSAGSLKSSYEFLPSKRKTDVCYYFDSACTMGKDI	1
FVTWADKFQMYVTYCKNKPDSTQLILEHAGSYFDE	GNMQEIYFQMYVTYCKNKPDSTQLILEHXXXXXXX	0
YVPPKDLSFSEVTSYGFKTNWSPAGENVFSYHITY	XXXXGDLSFSEVTSYGFKTNWSITYVVESTSVVLS	0
AQKIEMDKLEKAKKERTKIEFVTGTKKGTTTNATS	AQKIEMDKLEKAKKERTKIEFVTGTKKTAVADAQK	1
EELKKAYRKLALKYHPDKNPNEGEKFKQISQAYEV	VLGKKAYRKLALKYHPDKNPNEGEKFKQISQAYPM	1
GKVQIVSKKVSYSHIQSKCGSKDNIKHVPGGGNVQ	LKNVRSGKKVSYSHIQSKCGSKDNIKHVPXXXXXX	1
WNLLRQAQEKFGKDKSPKFQLFGSPSGQKDLLFKD	KVRGVQAQEKFGKDKSPKFQLFGSPSQLLFDIXXX	1
EDIANAALAASAVTQVAKVFDQYLNFITLEDDMFV	LNFIAILEIAAAVTQVAKVFDQXXXXXXXXXXXXX	0
LNLKLMCWRLVPTLDLDKVVSVKCLLLGAGTLGCN	XXXXXXXXDLKCTLDLDKVVSVKCLMGWGVRHHDV	0
SGSFEDALLAIVKCMRNKSAYFAEKLYKSMKGLGT	ILASRTRLLAIVKCMRNKSAYFAEKLVSRIDMLDI	1
STTGAPPWANLVSILEEKNGADPELLVYTVTLINK	LSRLVVKWANLVSILEEKNGADPELLVYTVQGMAL	0
NYTEWLQDLKEKGPTLLKHPPAPAEPSSDLASKLR	LRKNWAMDLKEKGPTLLKHPPAPAEPSXXXXXXXX	1
RMDKVERLKQVLLHQQAKFGRNGSDCPDKFCLFQS	SEGSVPCVKQVLLHQQAKFGRNGSDCPDKFCLFQT	1
RITQTAEGLDPENYLSIKTNIQGQVPYVSANFTAH	THDMITQTAEGLDYLSIKTNIQXXXXXXXXXXXXX	0
QMPAYQELVEEAIAYGRKLGGSQEDQIKNAIDKLF	XXXXXXELVEEAIAYGRKLGGSQEDQIKNAIDKLF	1
IERSKSKITVTSEVPFSKRYLKYLTKKYLKKNNLR	DLIKVTIITVTSEVPFSKRYLKYLTKKVVANSKES	1
IRDSLLQDGEFSMDLRTKSTGGAPTFNVTVTKTDK	LTLGGQKCSVIRMDLRTKSTGGAPTFNVTLMGKEG	1
LFDNSKLVEGFYPAPGLKTFLNMFVDSNQDARRRS	XCIDIAIRDGAYPAPGLKTFLNMFVQRSWAASIPT	0
EAQKLMKYFNEFLDGELKSDVFTNSEKIKEAADII	XXQKLMKYFNEFLDGELKSDVFTNSEKIKEAADII	0
QDTPSVKLTYTAEVSVPKELVALMSAIRDGETPDP	CSVDFTPEHPYLEVSVPKELVALGETPDPEDPSRK	0
LRHLNLEYHSSMIADAVKKVIKVGKVRTRDMGGYS	PPTAMLLSSSSMIADAVKKVIKVGKVRFISVIGHL	1
MSGIALSRLAQERKAWRKDHPFGFVAVPTKNPDGT	XXXXXLSRLAQERKAWRKDHPFGFVAVPTMNLMWE	1
NTDSKESSWVTPESCLYKESWLTGKEIEDIIEEVT	LYYYNTDSKESTPSCLYKESWLTGXXXXXXXXXXX	0
FVIATSTKIDISNVKIPKHLTDAYFKKKKLRKPRH	SGLLLVTLRRISNVKIPKHLTDAYFKQRKIDQKAV	1
GLFSAITRPTAVNSLISKYGFQEQLLYSVLEELVN	GLFSAITRPTAVNSLISKYGFQEQLLYVLVRQDKA	0
LSQRITNQVHGLKGLNSKLLDIRSYLEKVATGKLP	GLPTEHNQVHGLKGLNSKLLDIRSYLEKVIIYQLQ	1
GDTAWRSSPLVNAALEGKLVLLDGIHRVNAGTLAV	GYNIEPISPLVNAALEGKLVLLIHPSFRIIXXXXX	0
RTFAEVTDLDNEVNNMLKQLQEAEKELKRKQDDAD	STFAEVTDLDNEVNNMLKQLQEAEKELKRKQDDAX	0
FREHYSSLCSLSDQLAGKILVDVSNPTEQEHLQHR	AVSSPEVIFVLSDQLAGKILVDLALFPTCTVVGQE	0
VLEMGAARHFLRMQQLAKTQEERAQLLQPTLEINP	GSRVTAARHFLRMQQLAKTQEERAQLLQPEMIGLV	1
HEDADIRGKGFDWPLLVKDFNLLRWLGANAFRTSH	XXVKHEDADGFDWPLLVKDFNLLRWLGAEVMCRYI	0
DLQHGSLFLQTPKIVADKDYSVTANSKIVVVTAGV	VDVLEDKLKGEMMIVADKDYSVTAVTAVFIIPQIY	1
GAELEKAHLALIDYLTQKRSQLVKKLNDSDHQSST	LGTDPTHVMALIDYLTQKRSQLVKKLSSTKKLLQI	0
KLKGPKFKMPEMHFRAPKMSLPDVDLDLKGPKMKG	KGEKGPKLKGDVDGPKMKGDYDVPKLKTDVDVVLK	1
TGGRNGYGAKLCNIFSTKFTVETACKEYKHSFKQT	FSNIISFGAKLCNIFSTKFTVEKQTWMNNMMKTSC	0
FRNEPKYKVVQDTYQIMKVEGHVFPEFKESDAMFA	IQAWAHRKVVQDTYQIMKVEGHVFPEFKXXXXXXX	0
LHMEPKKEKMEPGLEQGKKPRLDSVTSSESFASSG	XXXKALEKKMEPGLEQGKKPRLDSVTKSLSDVEEE	1
LRLYVHTLTITSKGKENKPSYIHYQPAQDRLQPHL	PVLLVHTLTITSKGKENKPSYIHYLEMLIQLPASV	0
LARRLTKVKNSRRMLSNKPQDFQIRVRVIEGRQLS	XXXXXXXXXXXRRMLSNKPQDFQNVNMTPSELMDE	0
HKLQDLRDENFPLFVTSKQLLLLLDASLPKPFFLR	XXXXXFVTKNHCHFVTSKQLLLLLDAFIIGWSAEE	0
YPSWGAAQSKEIIFLPSKEPAFVTVPGNGFADPFS	MLRYVNPGTEAVIFLPSKEPAFVEGVLLDNXXXXX	0
RRIDQLNRELAEQKATEKQHITLALEKQKLEEKRA	DRIDQLNRELAEQKATEKQHITLALEKQKLEEKRX	1
TPHPNSISIDAGPRQAPKIAQIKRNLSYGDNSDPA	LSSIGIQSIDAGPRQAPKIAQIKRNLSYGDPASXX	1
KGKKAKGKKVAPAPAVVKKQEAKKVVNPLFEKRPK	KGKKAKGKKVAPAPAVVKKQEAKKVVNPLFEKRPK	1
MAAVQRTLMALGSLAVTKNDGHYRGDPNWFMKKAQ	AEDYGVILMALGSLAVTKNDGHYRGDPNWFMKKAQ	1
SRLTESRGPLSVVEAIEKRIISETVGLKILEAHLA	ISRLTERGPLSVVEAIEKRIISETVGLKILGLISA	0
EMRIAKEEIFGPVQQIMKFKSLDDVIKRANNTFYG	DEFVAKFSNVTDAQQIMKFKSLDDVIKRAXXXXXX	1
NGVSEKLSATESIVEIVKQEVLPLTLELEILENPP	XXXXXXXPYTESIVEIVKQEVLPLTLELEEADDMA	0
NTRLEIYVVTAEGLRPVKEVGMYGKIAVMELFRPK	LLIAKTRLEIYVVLRPVKEVGMLLEYKQSESIDII	0
MAPNHAVVSRMDKVERLKQVLLHQQAKFGRNGSDC	VLAEVAVVSRMDKVERLKQVLLHQQACLARLTXXX	1
LSRIHTIPTVPIVDCFQKIRQQVKCYLQLAGVMGK	LDILSRIHIVPIVDCFQKIRQQVKCYVITMFXXXX	0
AIKLRNEYGPVLHMPTSKENLKEKGPQNATDSYVH	AIKLRNEYGPVLHMPTSKENLKEKGPQNATDSYVH	0
PVLVNGMKYSDIDIILLKGDVEEDETIPDSEQDIR	XXXXXXXKYSDIDIILLKGDVEEDETIDDISDEWV	0
SRIEEGVPQFLVLISSGKSDDEVDDPAVELKQFGV	AFSDRQINVGNALISSGKSDDEVDTIARNADQEEL	0
METIKVKFIHDQTSPNPKYRGFFHGVREIVREQGL	SSTIKVKFIHDQTSPNPKYRGFFHGVREIVREQGG	1
RKNNQGNSFQAKRARLNKITGLLASKAVGVDGAEK	XXXXQGNSFQAKRARLNKITGLLASKAVGVTLLVE	1
FKAKFVGDPALVLNDIHKKIALVKKLAFAFGDRNC	YGLPDFGDPALVLNDIHKKIALVKKLCLIIVLEPD	0
RDVTHSTMNVFWEPVPGKVRKYIVRYKTPEEDVKE	TDVPLPLPRPQWEPVPGKVRKYIEVDRSETVSAVH	0
VRALELENDRLLLKISEKEEVTTREVSGIKALYES	VRALELENDRLLLKISEKEEVTTREVSGIKALYES	1
EEEEEVNRVSQSMKGKSKSSHDLLKDDPHLSSVPV	XEEEEVNRVSQSMKGKSKSSHDLLKDDPHLSSVPV	1
VAEDNERYRLVSDTITQKVEEIDAAILRSQQFDQA	PKELKKEARLVSDTITQKVEEIDAAILAXXXXXXX	0
AFTLKQFAEMYVAKFAAKGEGQLGPAERAKKVEDM	XXXXXQFAEMYVAKFAAKGEGQLGPAERAKKVEDM	1
RGVYSEETLRARFYAVQKLARRVAMIDETRNSLYQ	XXXXXXXXXRARFYAVQKLARRVAMSYLQSLLLFP	1
SLSAPAKKIKLNRETGKKIGSTENISNTKEPSEKL	DNKILPAAALANRETGKKIGSTENXXXXXXXXXXX	1
DVSLKIAEKIVKDAYQEKTATVYPEPQNKEAFVRS	ITDNITAEKIVKDAYQEKTATVYPEPQNKXXXXXX	1
LPVLDRIYPVTEIQEAHKYMEANKNIGKIVLELPQ	MQRQDRIYPVTEIQEAHKYMEANKNIKIVLXXXXX	0
LVQKYSNSALGHVNCTIKELRRLFLVDDLVDSLKF	VAISEVNSALGHVNCTIKELRRLFLVDDDSKFXXX	0
LQATFGTFESILRSSQHKQDLTEKAVKQGESEVSR	LQATFGTFESILRSSQHKQDLTEKAVKQGESEVSR	1
DEAHERTIHTDVLFGLLKKTVQKRQDMKLIVTSAT	ICPDLIIMLTDVLFGLLKKTVQKRQMKLIVFSQYF	0
EEEKLHRDVFLPSVDNMKLPEMTAPLPPLSGLALF	GGLIEVPGVRLPSVDNMKLPEMTAXXXXXXXXXXX	0
LKVREHSVLGPYVDGLSKLAVTSYKDIESLMSEGN	VEVSYMDLLDPYVDGLSKLAVDILVFKITLKEMVT	0
RKDPNAEGRYNLYTAEGKYIFKERESFDGRNILKS	QPLDNAEGRYNLYTAEGKYIFKEREAGTGVSDXXX	1
DLRTHYSELTTLTSQYIKFISETLRRMEEEERLAE	QALLEIEELTTLTSQYIKFISETLRRMEEXXXXXX	0
PGKPAGRGTITVSAQELKDNRVVTMEVEARNLDKK	XCVTLVQLQLEYRAQELKDNRVVPVQHGGETEYSF	0
IDQKVYEIQDIYENSWTKLTERFFKNTPWPEAEAI	KNFIYFEIQDIYENSWTKLTERFFKNTPWLYRHAK	0
RCRVFLQDHCLAEGYGTKKTSKHAAADEALKILQK	NRTWRCRVFCLAEGYGTKKTSKHAAADEALXXXXX	0
EIEALKSFSKSDLVNWFKAHRGPGSKMLSVHVVGY	SFEEKIENLKSDLVNWFKAHRGPGSKMXXXXXXXX	0
GQRLSVQSAISTQPEAVKQQLEETSEIRSDLEQLD	XXXXXLQSAISTQPEAVKQQLEETSEIRSAADRIN	0
GAANVAKGAVQTGVDTAKTVLTGTKDTVTTGLVGA	VLDTTKSVVITGLVDTAKTVLTTLMDTTKTVLTTT	1
EVQGPDWHLKMPKMKMPKFSMPGFKAEGPEVDVNL	XXXXXMPFLKMPKMKMPKFSMPGFKAEIKMPKFSM	1
QIAGFVKEFSHIAFLTIKGAGHMVPTDKPLAAFTM	FMRPWLVQIAGFVFLTIKGAGHMVPTDKPLAAMXX	0
NHLQLEGLFFTNGEHTSKATLELSPWQMSALVQVH	ENFAGYSLWEHSTEHTSKATLESALVQVHALGQEV	0
EQVEKELLRVAQILKEPKVAASVLNPYVKRSIKVK	XXXXXXXLRVAQILKEPKVAASVLNPYVKRSIKVK	1
NEFTVGEECELETMTGEKVKTVVQLEGDNKLVTTF	IQNEFTEECELETMTGEKVKTVVTTFKNIKSMXXX	1
RKMPFTEKIMATPEQVGKMKAIVEKLRFTYRSDSF	XXXXXXXKIMATPEQVGKMKAIVEKLRFPVEAMNK	1
APPGRRMGHAGAIIAGGKGGAKEKISALQSAGVVV	LTAPPGRRMAGAIIAGGKGGAKEKISALXXXXXXX	1
AVIGVLMKVGEANPKLQKVLDALQAIKTKGKRAPF	AKEIIFHVNFHANPKLQKVLDALQAIAPFTNFDPS	1
SSPRPHRPNNDRLSILTKLVKKGEKKGLFVEKMPA	AASQQDRPNNDRLSILTKLVKKGEKKGLFVEKXXX	1
TFPNNKHFTCPTSSFPDKLRRVLLAFSWQNPTIGY	QLGIELNTHFPTSSFPDKLRRVLLAFNRAAIALLV	0
TIKKENIQQKAQLDSFVKSMSSLQNDRDRIVGDYQ	TIKKENIQQKAQLDSFVKSMSSLQNDRDRIVGDYQ	0
CDQERFQVKNPPAAYIQKLKSYVDTGGVSRKVAAD	XXXXXXXXXNPPAAYIQKLKSYVDTGRRVQESTQV	0
DFFPILRYLPNPALQRFKAFNQRFLWFLQKTVQEH	TASLDLRYLPNPALQRFKAFNQRFLWFXXXXXXXX	1
KIQHLEQLLESITESENKIQILNNWLEAQEERLKT	XXXXXXXALESITESENKIQILNNWLELIKSKALD	0
LNRLSDYLFTLARYAAMKEGNQEKIYMKNDPSAES	GKISSALLFTLARYAAMKEGNQEKXXXXXXXXXXX	1
YNERISGLGLTPEQKQKKAALSASEGEEVPQDKAP	YNERISGLGLTPEQKQKKAALSASEGEEVPQNVTK	1
LLRATDGKKKISTVVSSKEVNKFQMAYSNLLRANM	FEPADNKCLLRSTVVSSKEVNKFQMAYSNXXXXXX	1
TQVEKEVPPGSAIIHIKKHQVSVEGTNQTDVKAVG	XXXEKEVPPGSAIIHIKKHQVSVEGTNLKQERAHE	1
FELGKLMELHGEGSSSGKATGDETGAKVERADGYE	GKNCLLMELHGEGSSSGKATGDETGAKXXXXXXXX	1
VISTMSVGIDHLALDEIKKRGIRVGYTPDVLTDTT	ANLKVISTIDHLALDEIKKRGIRVGYGLELKLXXX	1
ETKALQGQISSQQVAVEKLKKTAEVLLDARGSLLP	SCGLLAGLISSQQVAVEKLKKTAEVLLIQTLDDIV	0
GQTKPTSNPQVVNEGGAKPELASQATEGSKSNEND	CTSKPTSNPQVVNEGGAKPELASQATEGSKSNXXX	0
AHKKGQVINLDQLHSSWKNVPSVNRLKSTLDPQKM	VVHSGQVINLDQLHSSWKNVPSVNRLKXXXXXXXX	0
FQLVTGRTWKGTAFGGWKSVESVPKLVSEYMSKKI	QISVAGSTGNTTAFGGWKSVESVPKLXXXXXXXXX	1
ATIDPELNEIHVLSGLSKDKEKREENVRNSFWIYD	LNKSGVPMTGFTQSGLSKDKEKREENVRNSKNPRF	0
NVAEVLVNQGAHVDAQTKMGYTPLHVGCHYGNIKI	SNKSGLTPLHLHVDAQTKMGYTPLHVAKTKNGYTN	0
GERLIEEGCIHIISLGSKALMIQVWADPHNATLIF	XXXXXXSSWPWPHSLGSKALMIQVCMDSNDDMKAV	0
LRVNQNLVYESGSLNFSKLEIQSQVDSQHVGHSVL	TSFGLNLVYESGSLNFSKLEIQTAKGMALFGEGKA	0
ASVDSHFCHLAWVNTPKKQGGLGPMNIPLVSDPKR	AFSDRGFCHLAWVNTPKKQGGLGPMNILGXXXXXX	1
ILNNWLEAQEERLKTLQKPESVISVQKLLLDCQDI	XXXXXXXGGAERLKTLQKPESVISVQKLLDCQVQL	0
RNIPGITLLNVSKLNILKLAPGGHVGRFCIWTESA	GPCIIGITLLNVKLNILKLAPGGHVGRFCIXXXXX	1
KQIAVMRGQILNLTQALKDNKSPLHLVQMPPVIVE	ILPKISDGQILNLTQALKDNKSPLHLVQMXXXXXX	0
RDTLASVFRLLHSLDQAKEELERLAASLDGARTPL	XXXXXSVFRLLHSLDQAKEELERLAASLDGAMLQE	0
MYFMTYEWLKNIFTPEGKRVSELSAPRILVAGGIA	SYFMTYEWLKNIFTPEGKRVSELSAPRILVAGXXX	1
QCGKCRVCKNPESNYCLKNDLGNPRGTLQDGTRRF	FTPQCGKCRVCKSNYCLKNDLGNPRGTLQDGFLGT	1
SLKQDLLSTLKNKSVTQKTEAWLDNFARCWDNLVQ	YLKQDLLSTLKNKSVTQKTEAWLDNFARXXXXXXX	0
ALETDENLLLCAPTGAGKTNVALMCMLREIGKHIN	IQSKLYALLLCAPTGAGKTNVALMCILDEIIGLSA	0
AKDYADSIHAIFVETSAKNAININELFIEISRRIP	VYDITAGNKCDLIETSAKNAININLXXXXXXXXXX	0
SENLVANTARSPQFINLKRDPRQAAGRSQPVTTSE	QRNKPQQNLQEPQFINLKRDPRQADKEREKSKHKR	1
FHAEKEIIFQGPISAAGKVGDYFATEESVGTQTSV	XXXXXXEASQGPISAAGKVGDYFATTAPLSDKVEL	0
ASVRLVSQEPKALVSEWKEPQAKNISVASCNSSQV	XVIQITSASVRLLVSEWKEPQAKNISVAVVVAVAL	0
EAKKAAIKPLEQTECLNKTETGALVLHNIGYSAQH	NAKKAAIKPLEQTECLNKTETGALVLHNIGYSAQH	0
DLEEKLFGQHLATEVIFKALTGFRNNKNPKKPLTL	SALKLDLEQHLATEVIFKALTGFRNNPLTLSVVNL	0
APGVSSFTDSNQQESITKREENQEQPRNYSHHQLN	APGVSSFTDSNQQESITKREENQEQPRNYSHQEQD	0
IASAQKQPAGKVQIVSKKVSYSHIQSKCGSKDNIK	KVGSTENIKGKVQIVSKKVSYSHIQSKCGSKNIKH	1
DLKTVVPCCSGPKRPQDKVAVSDMKKDFESCLGAK	RQEYVVPCCSGPKRPQDKVAVSDMDFFKRNNYLAX	1
IQLTFKQVSKNFSEVFQKLVPGGKATLVMKKGDVE	XXXXXXXXXKNFSEVFQKLVPGGKATVSFGKLVAL	0
RGCITIIGGGDTATCCAKWNTEDKVSHVSTGGGAS	KALMDVIGGGDTATCCAKWNTEDKVVSTXXXXXXX	0
EGGKIHLELLPNQGMLIKHHTVTRGITKGVKEDFR	NFRKIHLELLPNQGMLIKHHTVTRGITKGVKEDFA	1
KIWNVIYEENCFKPQTIKRPLNPLASGQGTSEENT	KIWNVIYEENCFKPQTIKRPLNPLASGQGTSEENT	0
FPGTYTITIKYGGHPVPKFPTRVHVQPAVDTSGVK	IEILYTITIKYGGHPVPKFPTRVXXXXXXXXXXXX	0
HHLVRKTDAVYDPAEYDKHPERYISRFNTDIAPYT	HHLVRKTDAVYDPAEYDKHPERYISIYWEQNTPRL	1
VSITEHPKINEWLTLVEKEMRVTLAKLLAESVTEV	VMFKTPVSHNEWLTLVEKEMRVTLAKDVLQGFEYV	0
TPSVKKRSSTLSQLPGDKSKAFDFLSEETEASLAS	SRENPAMQSTLSQLPGDKSKAFDFLSEEGNAGSAE	1
DYASPTTAAQTLLYTAAKKRKEVLPKMMAFCYQIL	XXNQGVVHWQTLLYTAAKKRKEVLPKMMVISLAEI	0
QYVDQTDLEKYNNVEAGKYTVGLGQTRMGFCSVQE	XXVDQTDLEKYNNVEAGKYTVGLGQTRMSGNARPT	1
AVAASKERSGVSLAALKKALAAAGYDVEKNNSRIK	TKAVAASKEGVSLAALKKALAAAGYDVEKNNSRIK	1
LVQFDSGKLEALAILLQKLKSEGRRVLILSQMILM	XXXXXXXKLEALAILLQKLKSEGRRVLILHYLTIF	0
ALKKDRESMGHRYIEVFKSHRTEMDWVLKHSGPNS	SEDDVKMALKKDRIEVFKSHRTEMDDXXXXXXXXX	1
VTISSVEKKLMAFQPAPKVIRCMTNTPVVVQEGAT	IVVSISVEKKLMFQPAPKVIRCATGTHALVEDGLL	0
HLPGLEDLGIQATPLELKAIEVLRRHRTYRWLSAE	VDGPSLYIAVAATPLELKAIEVLRREIEVKPAXXX	0
VVKTGRVMLGETNPADSKPGTIRGDFCIQVGRNII	KVKTGRVMLGETNPADSKPGTIRGDFCIQVGRNII	1
QSPSRARGPGGSPGGLQKRHARVTVKYDRRELQRR	XXXXXXXXXGGSPGGLQKRHARVTVEKWIDGRLEE	0
VLSHNKLTMVPPNIAELKNLEVLNFFNNQIEELPT	LFTLSHITQLPPNIAELKNLEVLTQISSLQKLKHL	0
FPERSTEIGKLLSSYLQKKSDVEDHSVHLLFSANR	DFPERSEIGKLLSSYLQKKSDVEDHSVHLFFTKAF	1
RDRGWVVGIHTISDQDNKDPRYFFSLKTDRARQVT	XGGQRSPAIHTISDQDNKDPRYNRSYQPCKVTFVS	0
GPVEAFDFDEYQPEMLEKFRNMRSQHPYVLTEDTL	NPVEAFDFDEYQPEMLEKFRNMRSQHXXXXXXXXX	0
VQPKRAFDMIGQRSRSSKCPVEAKVTSGRETLRLR	NSHGLEDFIFGQRSRSSKCPVEAKVTSXXXXXXXX	1
VKNLEWIAGGTWTPSALKFAYDRLIKESRRQKTRV	FVVQYEGTFEAWTPSALKFAYDRLIKEAVDDDLNL	0
ISPFVGRILDWHVANTDKKSYEPLEDPGVKSVTKI	XFSFVGRILDWHVANTDKKSYEPLEDPGVKSVSFR	1
ELQAWKSPGADLLQVLTKAVKSAEAAAEATKNMEA	AGQELQAWKADLLQVLTKAVKSAEAAAAAAILRAI	1
GALYGLFLTAAAQPLKAKTSLPAWSAAMDAGLEAM	SPAQLLSLTAAAQPLKAKTSLPAWSAAMDAGLQWK	1
EVQKQVLDLLKYLVIDNKDNENLYITIKLLDPFPD	TKDLELVDLLKYLVIDNKDNENLYITIKLLDLRIT	0
LQFFKPRQPKKLYYQQLKMKITDFENRRSFKCIWL	NTDPMLLQFFPRHYQQLKMKITDFENRRSTLYPDE	0
GPSGSASSRPGVSATPPKSPVYLDLAYLPSGSSAH	LVRLQHLRLREPSATPPKSPVYLDEEFFQRVRSKH	0
RFRVRYDGIHYLDIVDCKSYDTGEVKVTAENPEGV	FYLNQISKRFRLDIVDCKSYDTGEVKLEIQQREDX	0
RVPELQGLVTEHVFLLDKCLRENSDVKTHGPFEAV	SRIFSTAFVTEHVFLLDKCLRENSDVGPFEAVMRT	0
NGKLRLEPLKLHVAGNLKGAYQNNEIKHIYAISSA	SDLKYALDLTNNGAGNLKGAYQNNEIKHIYAADTV	0
IYEALELRDNDKTRYMGKGVSKAVEHINKTIAPAL	SGATLELRDNDKTRYMGKGVSKAVGANAGEXXXXX	1
ELPEDEEEKKKMEESKAKFENLCKLMKEILDKKVE	XXXXXXXEKKKMEESKAKFENLCKLMKVTISNPEI	1
GNVVNKPDSHGGSLEWTKICEKSTKVITFIDLAGH	FDVVNKPDSHGGSLEWTKICEKSTKVIHRKRMPVX	0
ETATASSTWQKFAANTGKAKDIPIPNLPPLDFPSP	ETATASSTWQKFAANTGKAKDIPIPNLPPLXXXXX	1
TRGILTPRIKVGRDYVQKAQTKEQADFAIEALAKA	FTRGILTPRIKVGDYVQKAQTKEQAALNDNIGLDQ	1
ATFQMKPGGPALWGDAFKRAVHAHVNLGYTKLVGV	LVPWCKFMGPALWGDAFKRAVHAHVNLGVFHVHVV	1
PRFDGWDKVVFNTLQGGKWGSEERKRSMPFKKGAA	GSDVAFHFNVFNTLQGGKWGSEERYGHRLPLMVHQ	1
SPKTAVDHIREILNINQKRNDYLDIYAIGVGKLDV	WQEIRHADIREILNINQKRNDYLDISKKDEXXXXX	0
LGMAVLGGKFTTLEGLLKDIRELVTKNPFTLGDSS	LKVIFLVLKFTTLEGLLKDIRELVTKNFSQKMDQI	0
YLKVTLKPILDEICDSSKSCEIDPIKLKEGDNVEN	XXXXXXXXILDEICDSSKSCEIKLKGDNVENNKEN	0
QKYQWHVEDLVPWIEDCKAKMSELRVTLDPVQLES	XXXXXXXXXLVPWIEDCKAKMSELRSRSKAMLNEV	0
EYRLHGLVTYVIYSHAQKLGKLGFPVYSHVDYSNE	WDLMGEMRTYVIYSHAQKLGKLGFPVYXXXXXXXX	1
PPIEECRYKLYQEMFAWKMVVLSLPRIQSQRYQVG	GLRAWTGGPLYQEMFAWKMVVLSLFYRNALMALSY	0
PLHPKDNLPLQENVTIQKQKRRSVNSKIPAPKESL	XXXXXXXXPLQENVTIQKQKRRSVNSKEHRQTIFE	1
TDTADQVIASFKVLAGDKNFITAEELRRELPPDQA	XGKAADVIASFKVLAGDKNFITAEELEMPYQGPDA	1
KTPRKAEDTRENRKLENKNAFLEKKTVPKKQRNQD	KKTPKAEDTRENRKLENKNAFLEKKTVPKXXXXXX	1
GTVKAICIPEGAKYLKRKDIESIRNFAADHFNQEI	XXXXXXXXIEGAKYLKRKDIESIRNFAADEILPVF	1
IDTEYLFDSFFSLIKKGKATTITSVLPKPALVASR	HESKPFFDSFFSLIKKGKATTITSVLXXXXXXXXX	1
VDHGEPIDRDTKVILHLKEDQTEYLEERWVKEVVK	YLVAEKVASSAGVILHLKEDQTEYLEXXXXXXXXX	1
CRTQNKEKLQWLLDESFKGDKIKTQEFPQILTLIG	FKSTYDQKLQWLLDESFKGDKIKTQEFPQILFLKN	0
KHESQMDSVVKDLKDKAKETADAITKEAKKATVNL	KHESQMDSVVKDLKDKAKETADAITKEAKKATVNL	1
CARRIVQNSNGYKIVTEKSTVPVRAAESIRRIFDA	VGGTCLVFISVNTIVTEKSTVPAAVLSNPEFLVLI	1
SNEWTDSFRRFVDYCLQKIPQERPTSAELLRHDFV	LYHIAQNDSPTVDYCLQKIPQERPTXXXXXXXXXX	0
FVTSTSDHFVEGQTVAAKVTNVDEEKQRMLLSLRL	GFFIQFSGLAPIMSVAAKVTNVMLLSLRLSDCGLL	0
DNRMVNHFIAEFKRKHKKDISENKRAVRRLRTACE	XXXMVNHFIAEFKRKHKKDISENKRAVRRLRACIE	1
LSKIYEMQKTIQVLQIEKVESTKKMEQLEDKIKDI	LSKIYEMQKTIQVLQIEKVESTKKMEQLEDKIKDI	0
ASITSKPATLTTTSATSKLIHPDEDISLEERRAQL	MDIPMKPATLTTTSATSKLIHPDEDISLEERALPR	0
ESCTMKGEEKSPKTKKDKRPPILECLEKLEKSKKT	DSSISVLEIHSPKTKKDKRPPILECDSVKKVDLET	1
RNTQPAESRIYDEILQSKVLPSKEEPVNTVYSEVQ	ANTQPAESRIYDEILQSKVLPSKEEPVNTVYSEVQ	0
EYKKSRSGRHVVFYPTLKSLQVRLELARELGVGVS	LLFMVWDSASEHFYPTLKSLQVRLELLYFYDLLXX	0
LTTHHHWDHAGGNEKLVKLESGLKVYGGDDRIGAL	ARKLTTVLTAGGNEKLVKLESGLKVYIGALTHXXX	1
RFCAGILSTARHLTIEQKMADYSNKLYYQLEQETG	XXXXXXLSTARHLTIEQKMADYSNKLIGLNVIGIP	1
PLASSEKENTQPFVVLPKEFPVYLWQPFFRHGYFC	KKWKERLTSEDPFVVLPKEFPVYGYFCFHEAADQK	0
GGILMPVGDLLIQKTIKKQVVLEEGTIAFKNWVKT	XXXXXXXXDLLIQKTIKKQVVLEEGTIAFKNNFNG	1
SHQFQQMSRDFQAWLDTKKEEQNKSHPISAKLDVL	XXXXXXXXRDFQAWLDTKKEEQNKSHDHKDFSKTL	0
GERDHYGYRQSVTYACNKGFTMIGEHSIYCTVNND	IDNGIIQGERSVTYACNKGFTMIGEHSIGPPPECR	0
AGEATLQRIYSLWEHSTKNHLQLEGLFFTNGEHTS	IDDIWNLEVKENWEHSTKNHLQLFFTNGEHTSKXX	0
SLCGDKPSISAVTVELSKETLDTMLDGLGRIRDQL	RMAVPTCLLQMVTVELSKETLDTMLDGLGRXXXXX	0
KQGQELMAKALESLSCPKDMAPSHCAEHKDQFLQL	WQGLFQLYLDLESLSCPKDMAPSHCAEHKDSSWSP	0
SRQQVLLRYQQLIKENLKEIAKLITLEQGKTLADA	XXXXXXXXPQQLIKENLKEIAKLITLEKTLADAEG	1
KFVGGIAQIIAAQEEMLKKERELEEARKKLAQIRQ	HAAGKIAQIIAAQEEMLKKERELEEARKKXXXXXX	0
EAKGEPMPKVTWLSPTNKVIPTSSEKYQIYQDGTL	VTVACEAPKVTWLSPTNKVIPTSSEKYQIYQXXXX	0
CVLRDFQEYLAAVESSMKALLTDKESLKVGPLDSV	XXXXXXXEYLAAVESSMKALLTDKESLFISIEKEK	0
RGRDLRGRGRGTPRGGRKGLLPTPDEFPRFEGGRK	RFGHLRGRGRGTPRGGRKGLLPTPDEFPRFEGGRK	1
LHQQLLDCLSDSFDVTNKLTEVLNMHLGCRLASIE	XXXXXXXXXSDSFDVTNKLTEVLNMHLCRLASIEI	0
NEGSWFRSLFVHKVDPRKDAHSTLLSKKETSNLYK	XXXXXXXXXXVHKVDPRKDAHSTLLSKKETSLLEF	1
KEIRRFSLMTLRNFGMGKRSIEDRVQEEARCLVEE	XXXXXXXXMTLRNFGMGKRSIEDRVQEEVICSIIF	1
SQVKYAGSQVASTSEVLKYTLFQIFSKIDRPEASR	NVLVYHDGSHASTSEVLKYTLFQIFSTLMSRNFVR	0
PVQAFEVKLDVTLGDLTKIGKSQKFTLSVDVEGGR	XXXXXXVKLDVTLGDLTKIGKSQKFTLLRRQRDSQ	0
RFLKLSPESAEEYIEYLKSSDRLDEAAQRLATVVN	RPLPEAVYSAEEYIEYLKSSDRLDEAAQRLALELC	0
KDESLALPAVNPLVTPQKGSTLDNSLHKDLLGAIS	PFPVNAGMVVNPLVTPQKGSTLDNSLRYRMVGEND	0
NGRDPPDPYVSLLLLPDKNRGTKRRTSQKKRTLSP	XXXXXXXLSVSLLLLPDKNRGTKRRTFEWELEAQR	0
KFINLNEFTTYGSEESTKPASVRALLFDISFLMLC	KSPEGLLGTTYGSEESTKPASVRALLFDEMKLVQM	0
FIRILGADLIFACGETEKPEVRKSIDEMNNAWENL	FIRILGADLIFACGETEKPEVRKSIDEMNNXXXXX	0
GLSTFFEAQDALSAIHQKLEADGTEKVEGSMTQKL	GLSTFFEAQDALSAIHQKLEADGTEKVEGSMTQKL	0
SPSHPPPAPPLGSPPGPKPGFAPPPAPPPPPPPMI	ESSYPPPPQPLGSPPGPKPGFAPPPAQRQEKRDVV	0
ESQRDYSKGFGGKYGIDKDKVDKSAVGFEYQGKTE	ESQRDYSKGFGGKYGIDKDKVDKSAVGFEYQGKTE	1
RDEYIKRLEELQLANSAKLSDPPTSPSSPSQMMPH	RDEYIKRLEELQLANSAKLSDPPTSPSSPSQMMPH	0
EAKGEPMPKVTWLSPTNKVIPTSSEKYQIYQDGTL	XXXDGTQIKVTWLSPTNKVIPTSSEKYQIGLISDS	0
DREKRVFTEANLVSVGSKKLRESVLRMSFEFHQDP	XXXXXXXTEANLVSVGSKKLRESVLRMSFEFHQDP	0
IKLFVESYELILQEGTFKAVARGPGGDPPYKIRYM	AIKLFVSYELILQEGTFKAVARPPYKIRYLVIVSW	0
GGGGAGRGYCAPGMECVKSRKRRKGKAGAAAGGPG	CGGGGAGRGYCAGMECVKSRKRRKGGPGVSGVCVC	0
RWRDSLEFREIGELYLPKFSISRDYNLNDILLQLG	THQSRFMVPMMSLLYLPKFSILDVFEEGTEARFNV	1
ELTKKSEEVFQLQEQINKQGLEIESLKTVSHEAEV	ELTKKSEEVFQLQEQINKQGLEIESLKTVSHEAEV	0
ILPRTSIVDKIRNDFCNKQSDRCVVLSDPLKDSSR	LIVITSIVDKIRNDFCNKQSDRCVVKLTLMSXXXX	1
KIAMEKLSGHQFENYSFKISYIPDEEVSSPSPPQR	KIAMEKLSGHQFENYSFKISYIXXXXXXXXXXXXX	0
ALEPELEARLAHLGVQVKGEDEEENNLEVRETKIK	DVKRTTAEVVLAFGVQVKGEDEEENNLEVKLPVAL	0
MANAKFNYGFEYLGVQDKLVQTPLTDRCYLTMTQA	RKLEHLITELVHLGVQDKLVQTTGESVKALGHQIV	0
TQAKENAYDLEANLAVLKLYQFNPAFFQTTVTAQI	YNPENLALELEANLAVLKLYQFNPAFFQVTILLCK	0
EVWQLLAGCHNNDHLVEKYRILITKESPQDSAITR	XXXXXXXXCHNNDHLVEKYRILITKESSYKICKAY	0
NRINKLKNSLFEYQKNNKDSHSLTTNIMEILRGDF	VGINKLKNSLFEYQKNNKDSHSLTTNIMEILRGLK	1
KMGPFRVSDLAGLDVGWKSRKGQGLTGPTLLPGTP	EMTSALGNSDAGLDVGWKSRKGQGLTGPTLPIPDV	1
PRVEKTRPEPTEVLHACKTQVAELELWLQQANVAV	XXXXXXXXEPTEVLHACKTQVAELELWMLTEIEHK	0
KHEEAPGHRPTTNPNASKFAQKIGGSERCPRCSQA	XXXXXGGHRPTTNPNASKFAQKIGGSERCPRCSQA	1
DKPHDVEINKIISTTASKTETPIVSKSLSSSLDDT	DKPHDVEINKIISTTASKTETPIVSKSLSSSLDDT	1
ALQSLRDREFSTFYESLKYARVKEVEEMCKRSLES	GSGTYSLNAFSTFYESLKYARVKEVERLQAIGELE	0
LRSSLDGPIVLAIEDFHKQSFFFTHLLNISEALQQ	RTMLESLIAVLAIEDFHKQSFFFTHXXXXXXXXXX	0
SLINCSSQPPLISHGIGKDVESCHDMAALNILKLL	PKNNKNEFVSLISHGIGKDVESCHDMAALNIXXXX	0
GVGATTVMLKEKLAELRKLCQGLFFRVEERKKWPE	SGKLSAAMLKEKLAELRKLCQGLFFRVEKXXXXXX	1
VMTSGTGAPAKIITAVPKIATGHGQQGVTQVVLKG	VMTSGTGAPAKIITAVPKIATGHGQQGVTQVVLKT	1
VTALQEEGTLGLYHAQLKVKEEEVHRLSALFSSSQ	VTALQEEGTLGLYHAQLKVKEEEVHRLSALFSSSQ	0
NQAQLAMSHLNGHKLHGKPIRITLSKHQNVQLPRE	LIKKENAMHLNGHKLHGKPIRITPSVEEAVQIXXX	1
EIGGDVQKHAEMVHTGLKLERALLVTASQCQQPAE	FDSLLAVALAEMVHTGLKLERALLVTLLAPISEQI	1
TLYLDNNKISNIPDEYFKRFNALQYLRLSHNELAD	PSGLPVSLLTLIPDEYFKRFNALQYLIPGNSFNVS	1
QAYQTGKDISTNYYASQKKTFEINPRHPLIRDMLR	LVASQYGWSGENYYASQKKTFEFEATSYLLPXXXX	1
YIYFIHSLCLLGRLLIYKQGRKLFPIKLKNKKGLV	SRTTVLRLELLGRLLIYKQGRKLFPSLIILSDQKE	1
ESTEGKTSYRLTLDIQNKKITEVALMGHLSCDTKE	PDFDVDLGTILTLDIQNKKITEVALSIPRLXXXXX	0
LNEKFLYCCEKWIQLLEKIEEALKVDVANSLPELL	XXXXXXXXCEKWIQLLEKIEEALKVTYKMLEAEVS	0
AVKLHDNLIISDLENTVKKLQDQKHDMEREIKTLH	AVKLHDNLIISDLENTVKKLQDQKHDMEREIKTLH	0
IKVISYGDDYADLPEYFKRLTCEISTRGTSAGMVR	LHLMLLLYGYADLPEYFKRLTCEISTXXXXXXXXX	0
RLLKSPGCRKIPVLVQSKDDVIVTASNFSSERMCP	IILLRERRDYLGVLVQSKDDVIVTASNPIFQIENL	0
GSIALRQEQIDNQTRITKEAGSVSLRMKQVEELYH	TDDETRQEQIDNQTRITKEAGSVSLRMKQVXXXXX	1
RELRQVFEGQNRIHLEIKQLNRQLDMILDEQRRYV	TDNDYEFCGQNRIHLEIKQLNRQLDMIEMSMETVL	1
FPGTYTITIKYGGHPVPKFPTRVHVQPAVDTSGVK	FPGTYTITIKYGGHPVPKFPTRVHVQXXXXXXXXX	0
TKLSTPSTGGSVDIISVKEQSKTVVTTTVTDSLTT	TVTKLSTPSTGVDIISVKEQSKTVYSTRDKSKSKK	0
ITGRRYNCYKHHWSDSRKPVILEVTPGGFDQINPA	XXXXXYNCYKHHWSDSRKPVILEDQINPATNRVLC	0
VWYYRVYDIPPKFFYTRKLLGSALALARAPAACLN	XXXXXXYDIPPKFFYTRKLLGSALAFNWCNADPYS	1
QNTLINTLIRKHGTEEQKATYLPQLTTEKVGSFCL	GGQNINTLIRKHGTEEQKATYLPQLTTKGLLFLAN	1
WNKPLTSFGSAPSSEGAKNGQESGLEIGTDTIQFG	XXXXXXXXXXXXSSEGAKNGQESGAPASNGNENKS	0
KMYEEFLSKVSILESLDKWERLTVADALEPVQFED	KMYEEFLSKVSILESLDKWERLTVADALSRFRVLG	0
QRTHGKNSLNSGQGPSPKQLVSLGPEKSVEGQNFL	FLPESARWLNSGQGPSPKQLVSLGPEPKPLKTSGK	0
SRIEEGVPQFLVLISSGKSDDEVDDPAVELKQFGV	AFSDRQINVGNALISSGKSDDEVDTIARNADQEEL	0
YCIRFVPAEMGTHTVSVKYKGQHVPGSPFQFTVGP	DMTAQVEAEIYCITVSVKYKGQHVPGSPFGGGDPG	1
LYQKDDNGVPFVRTIQDKGIVVGIKVDKGVVPLAG	KCIGGVIDVPFVRTIQDKGIVVGGADIAXXXXXXX	1
WRVSLDVNHFAPDELTVKTKDGVVEITGKHEERQD	XXXMTERRVPFVDELTVKTKDGVVEITGFTRKYTL	1
SRLPEEIRRLEEELRQLKSDSHGPKEDGGFRHSEA	XRLPEEIRRLEEELRQLKSDSHGPKEDGGFRHSEA	1
LIEGKASAYVFASPGCKKWDTCAPEVILHAVGGKL	VWVDLIGIAGKAAPGCKKWDTCAPETDLQYHKDVK	0
PLEVDLKESGEGQGGYAKEMSKEFIEAEMKLFAQQ	TRAAALKESGEGQGGYAKEMSKEFIEETALIPGKK	1
GLRLCEKVFDPQNDKPSKWWTCFVKRQFMNKSLSG	SKGLCEKVFDPQNDKPSKWWTCFVKRXXXXXXXXX	0
EAKKAAIKPLEQTECLNKTETGALVLHNIGYSAQH	EAKKAAIKPLEQTECLNKTETGALVLHNIGYSAQH	0
GAKIVSLPECFNSPYGAKYFPEYAEKIPGESTQKL	XXXXXSSIKCFNSPYGAKYFPEYAEIPEEGKLYNL	0
PLDLRPKKTRAMRRRLNKHEENLKTKKQQRKERLY	PLDLRPKKTRAMRRRLNKHEENLKTKKQQRKERLY	1
AAIQPKKVKGVGFGDIFKDKPIKLRPRSIEVENDF	QDEQPKKVKGVGFGDIFKDKPIKLRPRSIEDIKKA	1
SGILKERYSDFVVHEIGKDGRISHLNDLSIPVDEE	XXXXXXXXXXMEMHEIGKDGRISHHFVSYMGTVQE	0
VETQRFQSISTEFLALMKKVSKSPLVMDVLNIQGV	CRLIRWQWISTEFLALMKKVSKSPLVDVLNIQVSL	0
MKGDYYRYLAEVASGEKKNSVVEASEAAYKEAFEI	LKGDYYRYLAEVASGEKKNSVVEASEAAFYYEIQN	1
TPKGSSLKIEERAEFLNKSVQKSSGVKSTHQAAIV	TPKGSSLKIEERAEFLNKSVQKSSGVKSTHQAAIV	1
SQLDCNFLKVVSSSIVDKYIGESARLIREMFNYAR	XXXXXDPLVVVSSSIVDKYIGESARLIREMIAIGG	1
DTVASDPGVLQEQLATTKQLQEELAEHQVPVEKLQ	EKLLSDVGVLQEQLATTKQLQEELAEHSLSYSLAE	0
ASCHACIGGTNVRAEVQKLQMEAPHIIVGTPGRVF	ASCHACIGGTNVRAEVQKLQMEAPHIIVGRVDMLR	1
TAENFRALCTGEKGFGYKGSTFHRVIPSFMCQAGD	VDRVFRALCTGEKGFGYKGSTFHAGDFTNHGSQIV	1
VLIITFQAQLVMVVRNPKGEVVEGDPDKVLRMLYV	LGLQFHSRILVMVVRNPKGEVVEGDPDKVXXXXXX	1
ASARLLRAVIMGAPGSGKGTVSSRITTHFELKHLS	XXXXXXXXVIMGAPGSGKGTVSSRITHLSSGDLLD	1
SPISQKIIYKENERFQYKCNMGYEYSERGDAVCTE	PDVINGSPISQKIRFQYKCNMGYEYSERGDAVCWR	1
KSRVAILKANLRKSPVAKDVDLEFLAKMTNGFSGA	XXXVAILKANLRKSPVAKDVDLEFLAICQACLAID	1
QRPDAPANHQNVAAFHPKMGPSFPSPKPGSERLSF	XXXGLYISLVTWAAFHPKMGPSFPSFVSAKQSTGQ	0
KHLPLPDLQEVKRVLYGKELRKLDLPREAFEAASR	XELELPDLQEVKRVLYGKELRKYAFEAPRAIYVAA	1
LAEQAKLPATEKPVLLSKDIEAKMMALDREVQYLL	DLTWWKNATLQKPVLLSKDIEAKMMALDXXXXXXX	1
RNCMSEFMGLIRGHYEAKQGGFLPGGGSLHSTMTP	XRWKFPPYYMGLGHYEAKQGGFLPGGSHGPDADCF	1
WREPAELPKLGAPSPGDKPIFVPLSNYRDVQYFGE	XXXXXXXPKLGAPSPGDKPIFVPLSSNFAIQGFPI	0
NCEEGDKLKLTCFELAPKSGNTGELRSVIHSHIKV	YEIQGKMEVVVHFELAPKSGNTGELRSVXXXXXXX	0
EKCRSHPEVIGVFGESVKGYGEVTRRGRRQHVRFT	RALEKCRSHVIVFGESVKGYGEVRQVKFYIEGSEP	0
VIVTGLQDTTVSSDSVAKFAVKATGEPRPTAIWTK	XXXXGLQDTTVSSDSVAKFAVKWKYKLSEGFFLEI	0
ITRITSLTQLTDNLTVLKIIDTAGLSEAVGLLMCR	QLRPKLGTICTDNLTVLKIIDTAGLSEAVGXXXXX	0
IEKELETVCNDVLSLLDKFLIKNCNDFQYESKVFY	LNEPLRLVCNDVLSLLDKFLIKNCNSKVFYLKMKG	0
PKGVSRKLDRLAYIAHPKLGKRARARIAKGLRLCR	PKGVSRKLDRLAYIAHPKLGKRARARIAKGLRLCR	1
DWYSGRSDAGCLYELTVKLLSEHENVLAEFSSGQV	XXXXAQVIDLIVVKLTVKLLSEHENVLAEFSSGHT	0
QAEMEELDFISAVEKSRKHINTWVAEKTEGKIAEL	RFGEEELDFISAVEKSRKHINTWVAEKGIAELLSP	1
LLGFGLGKVSYIGVCQSKFHFFEDQLRGAGFGPQH	EESFKRGKVSYIGVCQSKFHFFEDQLRGAFXXXXX	0
KEPIEKKVVSSKTKKVTKNEEPSEEEIDAPKPKKM	KEPIEKKVVSSKTKKVTKNEEPSEEEIDAPKPKKM	1
SMIRKRSHPSGSGAKKEKATQPETTEEVTDLKRQA	XXXXXXXXPSGSGAKKEKATQPETTEEVTDLKRQA	1
VQKSSGVKSTHQAAIVSKIDSRLEQYTSAIEGTKS	XXALNVQKSTHQAAIVSKIDSRLEQYTSAIEGTDL	1
QTDSNSWDEHVFELVLPKACMVGHVDFKFVLNSNI	GTDRTLTPRFSAHLVLPKACMVPGGKYRSFIRRFX	0
KRGIISALLVPPETEEAKQVLFLDTVYGNCSTHFT	XXXXXXXXLVPPETEEAKQVLFLCSTHFTVKTRKG	0
IAKEEIFGPVQPLFKFKKIEEVVERANNTRYGLAA	DATFVEESIYQDLFKFKKIEEVVERANNVFTDDKA	1
TVDNFVALATGEKGFGYKNSKFHRVIKDFMIQGGD	LRRVFVALATGEKGFGYKNSKFGGDFTRGGSQDVI	1
KSVLVPHGSKLKVVITSKSGEILYRISPWAKYVVR	FPFPYKKLYGKWVVITSKSGEILYRSNMFDGTDSC	1
YKRSNEFDYPSVGQLAHKLAENNIQPIFAVTSRMV	RLLNDGRCYPSVGQLAHKLAENNIQPIIPKSNLGX	0
FLRLPSRSELPDYYLTIKKPMDMEKIRSHMMANKY	XXXXRLPSRLPDYYLTIKKPMDKEDFVMMFNNACT	0
DDLRKEDFSSMSAQLLYKMIKSKTEYPLHKAIKVE	QEMNAEIAWFMSAQLLYKMIKSKTEYPLHKAVRDV	0
NVAEVLVNQGAHVDAQTKMGYTPLHVGCHYGNIKI	LSNKSGLTPLHLHDAQTKMGYTPLHVAKTKNGYTM	0
ESIAAKNLQEAEEWYKSKYADLSDAANRNHEALRQ	FLIAAKNLQEAEEWYKSKYADLSDAANRNHEALXX	1
KSAKHRPEDVVQFLVSKKYSEIEEFYQKLSSRYAA	QEVRGSGHVEYQILVSKKYSEIEEFYLPKVVDIRR	1
RSLAAYTAACQAAGVAVKPWRTDSFCPLHCPAHSH	QALAAYTAACQAAGVAVKPWRTFCYSICTCFEGXX	0
DELHLPLNSPLPGSELTKEPFRWDQRLFALVLRLP	DYGHLPLNSPLPGSELTKEPFRWQMVTNESFTLPP	0
RNEEENIYSVPHDSTQGKIITIRNINKAQSNGSGN	KSVSSSIYSVPHDSTQGKIITIRNINKAQSNXXXX	1
LLEEGRGQGFTDGVYQGKQLFQCDEDCGVFVALDK	LAEIFFGVEFTDGVYQGKQLFQCDEDGVFVLTTEN	0
FLIPVQTQHPIRKGLHHKILLANFLAQTEALMRGK	FLIPVQTQHPIRKGLHHKILLANFLAQTESIVFTK	1
PADRKRVEAALSACHLPKGKNDAINPEDFPEPVYK	FPDRKRVEAALSACHLPKGKNDAINPDFVYFLSLX	0
YCEPCYINTLEQCNVCSKPIMERILRATGKAYHPH	YCEPCYINTLEQCNVCSKPIMERILRATGKAYHPH	0
ETVPVTFDPHTEFLGPQKKTEQVQRDIGFWCPRHL	RLQYCDFDPHTEFLGPQKKTEQVQRYQXXXXXXXX	0
KMEFDEKDLRREISYAIKNIHGVRTGLFTPDLAFE	XXXXXXXDLRREISYAIKNIHGVRTGLFTPDLAFE	1
AGHRANSPSLFGTEGKPKMEPAASSQAAVEELRTQ	AGHRANSPSLFGTEGKPKMEPAASSQAAVEELRTQ	0
PGWKKEEVIRKSGLSAGKSDVYYFSPSGKKFRSKP	RMCKKEEVIRKSGLSAGKSDVYYFKFRSKPQFDFR	1
KFICTVTGTPVIETIWQKDGAALSPSPNWRISDAE	XXXXXXXPSLAKFTIWQKDGAALSPSNWRIILELL	0
GWLAEHMLILGITSPAGKKRYVAAAFPSACGKTNL	XXXXXXXXXLGITSPAGKKRYVPLPGWKVECDPAV	1
CVAGSLMRPLGPNQTTSKSKNKTGKTEDDSSPKKI	VLVNKYGKPLGPNQTTSKSKNKTGKSPKKIKTKKS	0
LYAAVGKVIYEGLTNYEKATNANPSQLFGTLMILK	XXXXXTKVIYEGLTNYEKATNANPSQLFGTLLISV	0
HQKFVIATSTKIDISNVKIPKHLTDAYFKKKKLRK	FLKQLLVTGPLIDISNVKIPKHLTQRKIDQKAVDS	1
SIAHTETFAPILYVFKFKNEEEVFAWNNEVKQGLS	HESIHDEVTGLGHVFKFKNEEEVFAWNIFTDRWXX	1
RLPFCGHKNICSLATIQKIPRLLVGAADGYLYMYN	LSSVDSMDGMFSLATIQKIPRLLMYNLDPQGCMXX	0
KTELQGLIGQLDEVSLEKNPCIREARRRAVIEVQT	DKYLEAAFLNHSIVSLEKNPCIREARYXXXXXXXX	0
QCSRDVVICPDASLEDAKKEGPYDVVVLPGGNLGA	VTVAGLAGKPDASLEDAKKEGPYDVVVSAAVKEIL	1
HTQLQTQQRAVQEAIQVKLNEFEQWITHYQAAFNN	HTQLQTQQRAVQEAIQVKLNEFEQWITHYQAAFNN	0
QEHMSISGSSARHMVMQKLLRKQESTVMVLRNMVD	DLGGQYLGSSARHMVMQKLLRKQESTAQEXXXXXX	1
FEGIVTDLIRRTIAPCQKAMQDAEVSKSDIGEVIL	ILVKSTNGDRRTIAPCQKAMQDAEVSKIVLFPLNR	1
YYSLIKMVFAAAKASNRKPSPQDIAQAVLRNFSGK	YFFLIKMVFAAAKASNRKPSPQDIAQAVLPEAKCX	0
NFRKRKLPVVSSVVKVKKFNHDGEEEEEDDDYGSR	NFRKRKLPVVSSVVKVKKFNHDGEEEEEDDDYGSC	1
NHLQLEGLFFTNGEHTSKATLELSPWQMSALVQVH	ENFAGYSLWEHSTEHTSKATLESALVQVHALGQEV	0
ASGHCGAFSGSDSSRTSKSQGGVQPIPSQGGKLEI	KIENEFAGVGSDSSRTSKSQGGVQPIPSQGSRRGR	1
KDLVQDPSLLGGTISAYKIVPDEIEEIKETLIDWC	SCFRNEDRSGILKISAYKIVPDEIKETLIDWKILT	0
FFAENGDRFISLNIEDGKLMVRYKLNSELPKERGV	IQTTVDRGLLSLNIEDGKLMVRERGVGDAINNGHI	0
LLIDSSTIDPAVSKELAKEVEKMGAVFMDAPVSGG	VKGSLLIDDPAVSKELAKEVEKMGAVFMDGGVAVG	1
TFMEMNGKLFDELTASYKLEKQQEQQKAQERQELW	VSKELMGKLFDELTASYKLEKQQEQQKAQXXXXXX	0
DVDLKQSQQKLEHLTGNKERMEDEVKNLTLQLEQE	AQLLKQSQQKLEHLTGNKERMEDEVKNLTLQLXXX	0
TEPLKGAIPFYECKDCGKSFIHSTVLTKHKELHLE	LSFLTEPIPFYECKDCGKSFIHSTVLTKHKELHLE	1
KTAKMYRGGKICLTDHFKPLWARNVPKFGLAHLMA	YPTTAPEIKKICLTDHFKPLWARNVPKFGLAHLMA	1
QDLDTIRSNINNFFEFSKEVDEKSSLKTAVISIGN	XXXWLSTLNINNFFEFSKEVDEKSSLKWLILPQHL	0
RKVPNQYTHLSGLLDIFKSKIGCPLTPLPPVSIAI	XXXXXXXXYLSGLLDIFKSKIGCPLTPLPPVSIEI	0
ACFHCETCKMTLNMKNYKGYEKKPYCNAHYPKQSF	ACFHCETCKMTLNMKNYKGYEKKPYCNAHYPKQSX	1
RLIQKYKVVLAPETGELKSVARIVLVPNKKVGLQF	HTLYPVPYESFLETGELKSVARVLVPNKKVGXXXX	1
PLSEGQLDQKTAMSLLWKSYPLVCIAKELIPEATE	SQPPMSYPLKTAMSLLWKSYPLVCIAKELIPTFIX	1
QRSAAQPSTSPAEVQSLKKAMSSLQNDRDRLLKEL	QRSAAQPSTSPAEVQSLKKAMSSLQNDRDRLLKEL	0
SDVSLYRITWAPFGSSDKMETILNGDENTLVFENL	EGFRGYRITWAPFGSSDKMETILLVFENLNTIYEV	0
TTSQPVLTIQQIETIFYKIQDIYEIHKEFYDNLCP	XXXXLELLMQQIETIFYKIQDIYEIHQLGVYKAFV	0
PEKKAEEERDEEEDKRRKGEEVTPISAIRHEGKSP	RGKKAEEERDEEEDKRRKGEEVTPISAIRHEGKSP	0
QRAVSALQDVNTNINEYKMRKEVASKYTKVEQLTL	YDQAPLITDVNTNINEYKMRKEVASKHTQALSLAX	0
NEALEAAKRLNAKEIVLKAQILAGGRGKGVFNSGL	XXXXXQEYFFVAAAIVLKAQILGGRGKGGGVHLTV	1
VLKNMWPEGKLSITEVTKRPLTAATLFKNSMIALV	FQDKRWPEGKLSITEVTKRPLTAATLNXXXXXXXX	0
DLNDLRRVHNLLVSSLDKVQAGKGSSSQLYRESAT	FSQDTSIACNLLVSSLDKVQAGKGSSSATTMEKLA	0
IANNRLIRIDLAVGDVVKTWRFSNMRQWNVNWDIR	ILGIARLIRIDLVGDVVKTWRFNIFINVAFXXXXX	0
QDIAMAKSAKLIQQQLEKELNTLRVTRSAAPSTLD	KDVAEFLYAKLIQQQLEKELNTLRVTRLGKKGKEF	0
ATIFEEYARKALDFLWEKRQRSSNLVGVTINIHTG	XSGLTCTAGKALDFLWEKRQRSSNLVGVTINIHTG	0
RVELSEQQLQLWPSDVDKLSPTDNLPRGSRAHITL	XXXTTKFPGRLWPSDVDKLSPTDNLPRGSRAHVQT	0
KLLEDDFWADVSTLHVQKIISAISELLERLKSYGE	AIRAILCAINVSTLHVQKIISAISELLYSVGADXX	0
FGPVQQIMKFKSLDDVIKRANNTFYGLSAGVFTKD	VETDEAKMKFKSLDDVIKRANNTFYGAGVTISSAL	1
CVAHKVPGVTDCVAEIQKNKPYIRHEPIGYDRSRR	IETCHKVGVTDCVAEIQKNKPYIRHFLNREHXXXX	0
PNFMHNSKIQEYIIAFAKEKNLLKYIQFKTFVSSV	CFDFPFPKIQEYIIAFAKEKNLLKYIQFXXXXXXX	1
EGHGIKIISKIENHEGVKRFDEILEVSDGIMVARG	VFVRKASDSKIENHEGVKRFDEILEIVLEIPKVLA	1
EMLMAHAVTQLANRTPGKEAVAMESYAKALRMLPT	IAGWREAVTQLANRTPGKEAVAMESYAKLXXXXXX	1
ENMLMKYAQVKPDGTYVKPLSNKLTYGTMVFVRSF	FRMLMKYAQVKPDGTYVKPLSNKLTYGLXXXXXXX	1
SKIETEIKNKMQQKSQKKAELLDNEKPAAVVAPIT	ELQETEIKNKMQQKSQKKAELLDNEKPAAVVAPIT	1
TPEPGEGPRKLEGCTSSKVTFQPPSSIGCRKKYID	KSTSSRSLRKLEGCTSSKVTFQPPSSIDPVSTHEP	1
RSSFAYKDQNENRWQNRKPLSGNSNSSGSESFKFV	GKWRCPRGNDENRWQNRKPLSGNSNSSYKRKSEQE	1
SERDFALLSLQVPLKDAKSCGLHQLLRGPEVQLVA	NPSRNVPCSPQVPLKDAKSCGLHQLLPEVQFSSRS	1
LQSFCPTTRRYLQQLAEKPLETRTYEQGPDTPVSA	REKALPTTRRYLQQLAEKPLETRTTVQMXXXXXXX	0
ESTKQPKLLHQVVEQLQKVHFITDTLSKGETKFMG	EVKKVDKLLHQVVEQLQKVHFITDTKFMGVCQLPS	0
HRLHQFFRDMDDEESWIKEKKLLVGSEDYGRDLTG	XXXXXXXRDMDDEESWIKEKKLLVGSLEELAHEAI	1
EQIRKDYTSGAMLTGELKKALIEVLQPLIAEHQAR	FMYLTLLIRDYMLTGELKKALIEVLQXXXXXXXXX	1
NSQFPFPQITNNEELNQKGSLKKATVTLKDEPNNL	LSLIPFPQITNNEELNQKGSLKKATVTLKDEXXXX	0
SLKQDLLSTLKNKSVTQKTEAWLDNFARCWDNLVQ	YSLKQDLLSLKNKSVTQKTEAWLDNFARXXXXXXX	0
ESVADYFKQIGIIKTNKKTGQPMINLYTDRETGKL	NTTIESVADKGIIKTNKKTGQPMINLYATVSFDDE	1
EVGISDYGDKLNMELSEKYKLDKESYPVFYLFRDG	VKFDVGISDKLNMELSEKYKLDKSYVFYLFDFENP	1
YLEHADPLLKVSIIPRGKGLGYAQYLPKEQYLYTK	TQVLEKVAHEVSIIPRGKGLGYAQGTTGAQDDLRK	1
PYNQLFINNEWQDAVSKKTFPTVNPTTGEVIGHVA	XXXXXYNQLFWQDAVSKKTFPTVGHVAEGDRADVR	1
TKLSTPSTGGSVDIISVKEQSKTVVTTTVTDSLTT	TTVTKLSTPSTVDIISVKEQSKTVEYSTRDKVXXX	0
VGISFVPKETGEHLVHVKKNGQHVASSPIPVVISQ	VEEPCLLKVGISHLVHVKKNGQHVASSPIPXXXXX	1
PIPDVLCELGRFGQKTGKGWYQYDKPLGRIHKPDP	GLDPVLCELGRFGQKTGKGWYQYDKPLGRIHKPDP	1
TLLAQEPREMTADVIELKGKFLINLEGGDIREESS	ITVIELFLLAQEPVIELKGKFLESSYKVIVMXXXX	1
AKRMKALVEQGFTVPEIKTILGTMPAFEVSLQALQ	VYSTLVTISQGFTVPEIKTILGTMPAFXXXXXXXX	0
VIVKILDENDNKPQFLQKFYKIRLPEREKPDRERN	XXXXXXXXXXXKPQFLQKFYKIYHVIATDYSIEDG	0
ATDKSTGKANKITITNDKGRLSKEEIERMVQEAEK	ADQVYNLLGRFITITNDKGRLSKEEIXXXXXXXXX	1
IREPLTELKHLWENLGEKIAHRQHKLEGALLALGQ	LEMKFKVYKHLWENLGEKIAHRQHKLEAHAXXXXX	0
SKKAPAQKVPAQKATGQKAAPAPKAQKGQKAPAQK	WAATKAQKVPAQKATGQKAAPAPKAQKGQXXXXXX	1
RSLRVMKVEDREGPSSSKLVTKKAPQPAKPRLAER	XEQGRKSVEDREGPSSSKLVTKKAPQVLEQISEAI	1
MIGKGTGAASFDEFGNSKYQNRRTMSSSDRAMMNA	MIGKGTGAASFDEFGNSKYQNRRTMSSSDRAMNXX	1
KVPMMKRLGMFNIQHCKKLSSWVLLMKYLGNATAI	XXXXXXXXXXXFIQHCKKLSSWVLLIFFLPDEGKL	1
VDDLNLHSYSNLPIWVNKLDMEIERILGVRLQAGL	IDVLVQAVLSNLPIWVNKLDMEIERILRIQSQEYN	0
AETVTKGGIMLPEKSQGKVLQATVVAVGSGSKGKG	ERSAAETVTMLPEKSQGKVLQATKVLLPEYGGTKV	1
SSTRYLEEVMKVPVYCTKTGVKHLHHKAQEFDIGV	XXXXXTVVQTAYAVYCTKTGVKHLHHKAYFEAHGS	1
QMPQECPVCHKIIHGAGKLPRHMRTHTGEKPFACE	QMPQECPVCHKIIHGAGKLPRHMRTHTETRNDXXX	1
DEMVSLKDYCTRMKENQKHIYYITGETKDQVANSA	XXXXXLKDYCTRMKENQKHIYYLRHGLEVILKEFE	1
NIRVVSEDFLQDVSASTKSLQELFLAHILSPWGAE	MILGVSEDFLQDVSASTKSLQELFLAHINDTSLLX	0
KREKPKQKATSKSKKSVKSANVKKADSSTTKKNQN	AMKSPKQKATSKSKKSVKSANVKKADSSTTKPLIX	1
LVSSAKTKVVVTMEHSAKGNAHKIMEKCTLPLTGK	IGAMQVANIKMTMEHSAKGNAHKIMCTLTEKADVQ	1
QNPPKVIMELFDNDQVGKDEFLGRSIFSPVVKLNS	YAHTIIHSELFDNDQVGKDEFLGKXXXXXXXXXXX	0
KIYVCDQCNSKRRRFSSKPVVLTEAQKQLMICHLP	KIYVCDQCNSKRRRFSSKPVVLTEAQKXXXXXXXX	1
EYRNVVEELLSGNPHIEKESARSIADGAMMEAASV	EYRNVVEELLSGNPHIEKESARSIADGAMMEXXXX	0
ALLLSTYIKFINLFPETKATIQGVLRAGSQLRNAD	FSHLSTYIKFINLFPETKATIQGVLRYLTLSSVAS	0
GGFPVLRPAGQRDVAGGKTGQGPGSRAPSPRLPNK	GGFPVLRPAGQRDVAGGKTGQGPGSRAPSPRLGPL	1
KRVSLLQNPPTVGVATLKLTDVHPSDTGTYLCQVN	LPKSKRVSLLQNPVATLKLTDVDYLCILXXXXXXX	0
SGIVIQVFPLHDSEALKKLEDTWYTRFALKYQPID	XXXXXDTMALHDSEALKKLEDTWYTRFAKYQPIDS	0
FFKNMVKSADGVIVSGVKDVDDFFEHERTFLLEYH	XXXXXXXXXDGVIVSGVKDVDDFFEHERTFLLKLL	0
DRRGQDVRLYPEVPEVLKRLQSLGVPGAAASRTSE	XLPLAVFLLYPEVPEVLKRLQSLGVPGAALFDLFR	0
NTNKIDQLIVFGEQLIQKSEPLDAVLIEDELEELH	NQREEFELIVFGEQLIQKSEPLDAVLIEXXXXXXX	0
MNGKSLDGKAIKVEQATKPSFESGRRGPPPPPRSR	RFAFVTFPAKAKVEQATKPSFESGRRGXXXXXXXX	1
EALYQVGKEFTSKMDLEKPNYIVPDYMPVVYDKLP	XXXXXXGKEFTSKMDLEKPNYIVPDMLPQPPSHRE	0
VFNPFQKEIFTYLVEGFKVSIGSSKASGSKQQWTK	XXXXXXXXXFTYLVEGFKVSIGSSKAKWTKILWSC	0
SKFIPEGSQRVGLVASQKNDLDAVALMHPDGSAVV	TGLLLTLHITLGLVASQKNDLDAVAVVLNRSSKDV	0
TPRLLTRQDAQSLLAPGKFSPAGVEGCPALPHKLV	TDIAPYTTDAQSLLAPGKFSPAGVPALPHKLVDSG	0
TPCSPDSTSVCVQGQCVKAGCDRIIDSKKKFDKCG	TPCSPDSTSVCVQGQCVKAGCDRIIDSKKKFXXXX	0
GKHFYSLVKQRESLGAKKHDFAIIRVEELCPFPLD	TLVFYSLVKQRESLGAKKHDFAIIYHVDILAKTFA	1
DMKVRKSSTPEEVKKRKKAVLFCLSEDKKNIILEE	XXXXVFDMKVREVKKRKKAVLKEILVGDVGVDPYA	1
LLGGPEIFLGFLKAYVEKFSYKSITTDDWKDFLYS	LVTNKLHFLGFLKAYVEKFSYKSITTDDWKDFLYS	1
NVIRVRRYVFFMNPQKVKPPEDLQDLGVRFLQPFV	IETSNFPVVRRYNPQKVKPPEDLQDLFVKTINRKQ	0
SAQSSPIDAQPATPLPQKDPAQPLEPKRPPPPRPV	SAQSSPIDAQPATPLPQKDPAQPLEPKRPPXXXXX	0
LARLSEIDVSSEGVKGAKSFFEAKVQAINVSSRFE	AAGELRIDVSSEGVKGAKSFFEAKVQAINVSSRXX	1
SKSLTCAWQQHEDHFELKYANTVMRFDYVWLRDHC	XXXKSLTCAWQQHHFELKYANTVMRFDIRLDETTL	0
RSRSPLELEPEAKKLCAKGSGPSRRCDSDCLWVGL	RSRSPLELEPEAKKLCAKGSGPSRRCDDCLWVLAP	1
IRCKDGVVFGVEKLVLSKLYEEGSNKRLFNVDRHV	XXXXXXNSSTVEKLVLSKLYEEGSNKRLGLLAIYH	1
NPQLFQNNCGETEQDTEKMKKILEVVNQIQDEERM	PGGGWAMGDMCEEQDTEKMKKILEVVNXXXXXXXX	0
TEERLPSSPVYEDAASFKAELSYRGPVSGTEPEPV	AGADLPSSPVYEDAASFKAELSYRGPVSGTEPEPX	0
LSASKSNLVISDPIPGAKPLPVPPELAPFVGRMSA	VLMQVAGLVISDPIPGAKPLPVPPELAPFVGRMSX	0
SIQEVLGDYRACHGTLIKWIEETTAQQEMMKPGQA	XXXXXXXDYRACHGTLIKWIEETTAQQELEIRNQT	0
YPIPIALKKKGIAWWTDKNVKFRNPPGGDNLEERF	XDSQLNGPKKGIAWWTDKNVKFRNPLDDPDNNGFI	0
DGVKYSAELHVAHWNSAKYSSLAEAASKADGLAVI	KGPFSDSYRLFAHWNSAKYSSLAEAASKADGLAVS	1
PEKDSQHFENFLETIGVKDGRGIITDSFGRHRRAL	PFIDSQHFENFLETIGVKDGRGIITDSFXXXXXXX	0
RIPKTIEIKSITHDIEEKGVRMKLTVIDTPGFGDH	KQGFESKISRKSHDIEEKGVRMKLDIRTMXXXXXX	1
ITNVDLSTVDKDQSIAPKTTRVTYPAKAKGTFIAD	XXNVDLSTVDKDQSIAPKTTRVAKGTFIADHQNFA	0
PQAEHQGLPVPGSPGGQKWVSRWASLADSYSDPGL	SFRREPSYPVPGSPGGQKWVSRWASLADSYSIXXX	0
PLHEKEAKDDSKTKTPEKQTPSGPTKPSEGPAKVE	XXHEKEAKDDSKTKTPEKQTPSGPTKPSEGPAKVE	1
VEQEVVQSQLNHCVNLYKSLSEVKSEVEMVIKTGR	EVKMHLLSQLNHCVNLYKSLSEVKSEVYNELGAKV	0
GDKNSIFHDIDGSVTGYKDAYVGRMDNYLIRHPSC	NISLVKFHDIDGSVTGYKDAYVSCVVICSGTKRMP	0
DHAEAEARHLVYESDQNKDGKLTKEEIVDKYDLFV	ELKEAEARHLVYESDQNKDGKLTKEEIVDKYDLFX	1
VMGLCIGELNDDTRSDSKFAYTGTEMRTVAEKVDA	QAVQAVHELNDDTRSDSKFAYTGTEMRTVAEKVDA	1
GKAGAEREFRGLGDCLVKIYKSDGIKGLYQGFNVS	RLADGAREFRGLGDCLVKIYKSDGIKGLYQMMQSG	1
QLEETRHLYHSSQNELAKLESELKSLKDQLTDLSN	QLEETRHLYHSSQNELAKLESELKSLKDQLTDLSN	0
AYRGLETGSREVVSHVIKQGKIVFVLSSALNPWNK	SFYCSKMGFEPLAYHVIKQGKIVFVLQFAPLKCSL	1
LLPNSKSPREVPSPKVIKTPVVKKTESPIKLSPAT	KIPGDKSPREVPSPKVIKTPVVKKTESPIKLSXXX	1
KDTDSEEEIREAFRVFDKDGNGYISAAELRHVMTN	XXXXXXEEIREAFRVFDKDGNGYISAAELRHVMTN	1
KISYLTFLPSADEIYDCKVEHWGLDEPLLKHWEPE	SNGHSVTVKISYLIYDCKVEHLEPLLKHWXXXXXX	0
SVNSVIAQAPPVAQEALKKELETLTTNYQWLCTRL	SVNSVIAQAPPVAQEALKKELETLTTNYXXXXXXX	0
RAGGGPTLQCPPPSSPEKAASLEYDYETIRNIDCY	AYPVAAKLQCPPPSSPEKAASLEYDYXXXXXXXXX	0
DFAPGSQLPILLYDSDAKTDTLQIEDFLEETLGPP	DFAPGSQLPILLYDSDAKTDTLQIEDFLEETXXXX	0
DSTEYIKVHHKTYEDIDKRGKYDLLRSTRYFGGMV	MYSQDRHVHHKTYEDIDKRGKYDLLMVYFVNKKID	1
AQSEYQLLADIIPEHHQKKTFDSLIQDALDGLMLE	AQSEYQLLADIIPEHHQKKTFDSLIQDQVLQGTAA	0
FRFVDLYGAQKIVDRLKKYEAAYGKQFTPCQLLAD	QFRLVTRNAQKIVDRLKKYEAAYGKQFTPCAAXXX	1
SDEKGHMEEKLSLLPRKKAHLGSSDNVATMSNEER	EKYSMSMEEKLSLLPRKKAHLGSSDNVATMXXXXX	1
QLECKAAGNPVPVITWYKDNRLLSGSTSMTFLNRG	XXXXXXXMLQLECITWYKDNRLLSGSMTFIIDIAQ	0
PQPHPCHTCRGLVDSFNKGLERTIRDNFGGGNTAW	XXXXXXHTCRGLVDSFNKGLERTIRDNKDTRLVEV	0
LDSDNYSPIPVTSEEMYKKVVGQFPFQDIELEKQP	XXXXXXXPIPVTSEEMYKKVVGQFPFQDIELEKQP	0
DQKKIYIGDDNPLTLIVKAQNQGEGAYEAELIVSI	XXXXXXLEVSVDSTLIVKAQNQELIVVALARLCDL	0
ALQSLRDREFSTFYESLKYARVKEVEEMCKRSLES	SGVTYSLNAFSTFYESLKYARVKEVERLQAIGLES	0
AVATAQQQYDSDTSCHYKVELSYENFITSGPDPHP	XXXXXXXXXXXDTSCHYKVELSVSCKESGFYPRAD	0
YFKIDNVKKARVQVVAGKKYFIDFVARETTCSKES	PELEETLHTARVQVVAGKKYFIAEVYVVPWEKKIY	1
LKYGRKKEAISDLQQLWKQNPKDIHTLAQLISAYS	HLSLIRAEAISDLQQLWKQNPKDIHTLAQLIAYKA	0
EQQQQQHHVFISQVVTEKEFLSRSDQLQQAVQSQG	XXXXXXXGGKLSQVVTEKEFLSRSDQLQQSHPLSL	0
TKLSTPSTGGSVDIISVKEQSKTVVTTTVTDSLTT	TKLSTPSTGGSVDIISVKEQSKTVEYSTRDKVXXX	0
SDDARAARVKELLVDCYKPTEAFISGLLDKIRGMQ	PELEIAARVKELLVDCYKPTEAFISGLLXXXXXXX	0
KVLPILHGLGTDSHLVVKKHQAMEAMLLYLASRVG	DYWTCFEVERPLFHLVVKKHQAMXXXXXXXXXXXX	0
IDAAYFETSKYLLDVLNKKYSLLDHMQAMRRYLLL	CHDQTPETSKYLLDVLNKKYSLLDHMQADSPEIGP	0
YVDYSESAKKEVVAEVVKAPQVVAEAAKTAKRKRE	KVDYSESAKKEVVAEVVKAPQVVAEAXXXXXXXXX	1
AWRGQRDNAGAATEEFIKRAEVNGLAAQGKYEGSG	SALQASALAGAATEEFIKRAEVNGLAYGSGAAXXX	1
APAPLPPPSAPSLQPSRKLSPTEPKNYGSYSTQAS	DNPFQDPPSAPSLQPSRKLSPTEPKNYGXXXXXXX	1
SELWRSTRKYLQPDNLSKAEAVRNFLAFIQHLRTA	XXXXXXTRKYLQPDNLSKAEAVRNFLQKGLGLAID	1
ECLCRLLTTIGKDLDFEKAKPRMDQYFNQMEKIIK	AIMHDCVVLIGKDLDFEKAKPRMDQYFNQRGNWXX	1
TDEDTKKILQKYNHCRVKIYTFNQSRYPRINKESL	TDVPLVLKLQKYNHCRVKIYTFLTFEXXXXXXXXX	1
LAPGRVPTTARERVPATKTVHLQSRARYTSEMRSE	LAPGRVPTTARERVPATKTVHLQSRARXXXXXXXX	1
RLYPAFMEGIALSDPAAKENCMMHLLRSLPDPNLI	XLYPAFMEGIALSDPAAKENCMMHLLRSMAQVQVL	0
NDGVFQRLRDWAPRQTHKVIPLKGLWEDVAPTLPD	IDEHWIILRDWAPRQTHKVIPLHFDGIXXXXXXXX	1
LLAALGGNSSPSAKDIKKILDSVGIEADDDRLNKV	LLAALGGNSSPSAKDIKKILDSVGIEADDDRLNKV	1
FDAVMVCSGHHVYPNLPKESFPGLNHFKGKCFHSR	XXXXXXXXXXXXYPNLPKESFPGLNHFKGKCFHSR	1
SRSVIEQGGIQTVDQLIKELPELLQRNREILDESL	XXXXXXXGGIQTVDQLIKELPELLQRNAVADGQVK	0
PTAKELLKHKFILRNAKKTSYLTELIDRYKRWKAE	LSEHGEVKLKFILRNAKKTSYLTELIXXXXXXXXX	1
TLNSDLKYNALDLTNNGKLRLEPLKLHVAGNLKGA	VNLQLSLVTTLNSTNNGKLRLEKLHVAGNLHIYAI	0
VVGARRSSWRVISSIEQKTSADGNEKKIEMVRAYR	XXGARRSSWRVISSIEQKTSADGNEKKIEMVRAYR	1
HSKSTWLILHHKVYDLTKFLEEHPGGEEVLREQAG	XIHNHSKSTWLIVYDLTKFLEEHPGGEEVLREQAG	1
PQEDPSWQKDPDYQPPAKKTKKTKKSKLRYTEEGK	XXXXXXXXKDPDYQPPAKKTKKTKKSKLDRRYKHT	1
LEPSPNMPWFKGWKVERKEGNASGVSLLEALDTIL	SIKGYNPATVPFWKVERKEGNASGEALDTILPPTR	1
KECLSVWNIKFQTLQTSKELPQGTSGQLWYYGEHL	GSPAASKECLSVWLQTSKELPQGTLLFMHTVIPYX	0
NTLGTEITVEDQLARGLKLTFDSSFSPNTGKKNAK	YGLTFEITVEDQLARGLKLTFDKIKTGYKRINLGC	1
DQENEREQSPEKPRSCNKLSREKADKEGIAKNRLE	SPVHLRRPQPEKPRSCNKLSREKADKEHLKPEQPX	1
SDAIYLARHVGLRVGIPKETPALTINRLCGSGFQS	IMDIYLARHVGLRVGIPKETPALTEAEVVLCXXXX	1
GVKQFKNKQQGDKSPKNKFQPANKFNKKRKFQPDG	XXKQFKNKQQGDKSPKNKFQPANKFNKKRKFRKQI	1
QNIAKGWQDVTATSAYKKTSETLSQAGQKASAAFS	QNIAKGWQDVTATSAYKKTSETLSQAGQKASAAFS	1
DIPAIFREGMKNTSYVLKHPSTSKVNSVTPKKPKT	XXXLEPWQKMKNTSYVLKHPSTSKVPVCQVCQKVT	1
SLAALKKALAAAGYDVEKNNSRIKLGLKSLVSKGT	SLAALKKALAAAGYDVEKNNSRIKLGLKSASGXXX	1
KLVPVLSAKAAQASDLEKIHLDEKSFRWLHNEDQM	YKKFSYKTAAAQASDLEKIHLDSFLHXXXXXXXXX	1
RPELTETADQFILYLGSKNAKKEYMGLAIKNDNLV	XXXXXXXVEVHMLYLGSKNAKKEYMGNLDLDPEDT	0
PSEYTWFKDGIVMPTNPKSTRAFSNSSYVLNPTTG	XGRATWFKDGIVMPTNPKSTRAFSNSSYVLNPELV	0
PGPDSSGSLGSGEFTGVKELDDISQEIAQLQREKY	XXXDSSGSLGSGEFTGVKELDDISQEIAQLQREKY	0
SDVAAVRAALGPEGHGIKIISKIENHEGVKRFDEI	GVGVDIVFAVVRLGHGIKIISVSDGIMKPTGQARQ	1
ACGIKAEVVGKPSPEFFKSALQAIGVEAHQAVMIG	RFCTTAPAVGKPSPEFFKSALQAIGVEAHQAVMDG	0
VKTIHDLHLFIENIDFNKSGSSTASWIQNVDTKYQ	XXXXXXXXLFIENIDFNKSGSSTASWIQNVDTKYQ	0
THLPLALLPQTLLDQKVKVVYVARNAKDVAVSYYH	LISLPRLLKTTLLDQKVKVVYVWLSRTHPVLYKIL	1
EQGVTFPAIGSQAAEQAKASPALVAKDPGTVANKK	LMVEWTDEIGSQAAEQAKASPALVXXXXXXXXXXX	0
VVSHQSSVIPDREYLRKKNEELEQLYQDQEVPKPK	VVSHQSSVIPDREYLRKKNEELEQLYQDQEVPKPS	1
YKENVGKAWAEDVLALVKHPLTANASRSTFLDKIL	YITSIRDTSAEDVLALVKHPLTANALLLLSGFKTS	0
RVAVVEYHDGSHAYIGLKDRKRPSELRRIASQVKY	FISQKWVRVAVVAYIGLKDRKRPELITFQIFSKID	0
SKLSDFAAALDPPLFMAKPNKGQLIALDLPMAVGD	SKLSDFAAALDPPLFMAKPNKGQLIALDLILAFRV	0
PALEGRTSFPEDTVITYKCEESFVKIPGEKDSVIC	PPDVPNAQPALEGVITYKCEESFVKIPGEKDSVII	0
PGLLSLSLNQQPAAPECKVLTAAGNSCRVDVFTNL	ALSYQLSLNQQPAAPECKVLTADVFTNLGRAFXXX	0
LESNGIKVSGLLVLDYSKDYNHWLATKSLGQWLQE	AYSFGIIGNGGAVLDYSKDYNHATKSLGQWLAIYG	1
EKDSKAEQAKVKKALLQKNVECARVYAENAIRKKN	EKDSKAEQAKVKKALLQKNVECARVYAENAIRKKN	1
LEKPNYIVPDYMPVVYDKLPQPPSHREAIVNSCVF	EALYQVGKEVYMPVVYDKLPQPPSHREAIVNSCVF	0
VKEEAEKPEREAKEQHQKLWEEQLAAAKAQQEQEL	XXXXXEKPEREAKEQHQKLWEEQLAAAKAQLTEPE	1
IPHCVLLREFSVLTELLKKLCSGPEGGLRKLDVET	RLEFSGKIVFSVLTELLKKLCSGPEGGLRSWGLDL	0
SALRTRVPQFSFLDIFPKVTCRPPKEVIDMELSAL	KYVYIVEILESFLDIFPKVTCRSDTEPXXXXXXXX	0
EKERLEQDLQQMQAKVRKLELDILPLQEANAELSE	XXXXXEQDLQQMQAKVRKLELDILPLQEANTVSAT	0
EKIYQMLKNLLQLSPETKHCILSWLGNCLHANAGR	VFVEQMLKNLLQLSPETKHCILSWLGLRKIKNVHN	0
STHAGSKYIRTAFPTKKKWESGHCLKDRNEPCHII	DLQDVRAPWGKAFPTKKKWESGHCLKDRNEXXXXX	1
GKNNVLIVCVPNPPIDEKNATMPVTMLIRVKTSED	LNVLPMIVCVPNPPIDEKNATMPVTMLXXXXXXXX	0
DDLKKLLETECPQYIRKKGADVWFKELDINTDGAV	DDLKKLLETECPQYIRKKGADVWFKELDIVEFLIL	1
PHIYYGSLEEKERERLAKGESGILGKDGLKAGIEA	XHIYYGSLEEKERERLAKGESGILGKDGLKAGIEA	1
DPVTSEHELTCQAEGYPKAEVIWTSSDHQVLSGKT	XXXLNAPYNKIQAEGYPKAEVITTTTNSEEKLFNV	0
MHNKKLKYYTGNYDQYVKTRLELEENQMKRFHWEQ	TNIIHHKYYTGNYDQYVKTRLELEENQMKVSDIED	0
TTKKASAISIKLGSSKPKETVPTLAPKTLSVAAAF	PVKTKTAISIKLGSSKPKETVPTLAPKTLEEMPPE	1
DAMKVIGFKPEEIQTVYKILAAILHLGNLKFVVDG	LGMLRSLHLPEEIQTVYKILAAILHLIIAELLSTA	0
CECRCRDQSRDRSLCHGKGFLECGICRCDTGYIGK	XXSSLDDQSRDRSLCHGKGFLECGICRCDTGYIGK	1
VTHQLQYLKAASQILILKDGKMVQKGTYTEFLKSG	GPVGAGKSSLVTHILILKDGKMVQKIFGSLLKKDX	0
LREYMVEKIYPQIPDHLKEPFLEATDNSHLRSMPA	RVVRMVEKIYPQIPDHLKEPFLEATDNXXXXXXXX	0
AGSPFPVTRMSSRSSDAKPLPASYPAEPREPQESP	AGSPFPVTRMSSRSSDAKPLPASYPAEPREPPESP	0
VFPSTPEQPGLPCPGEDKSIYRRGARRWRKLYRAN	PCTIIHVFPGLPCPGEDKSIYRRGARRGSTEXXXX	0
WVRIRHRHIAVVLEEIPKLMKEISSTKKATEGKTS	LWVRIRRHIAVVLEEIPKLMKEISSTKKAFRQITK	0
SCLTHGDYYDNLSLASPKWGDKPGVSPSIGLSVGS	XXXXXXXXXDNLSLASPKWGDKPGVKPTGLWSTAS	0
LLHSLKEIISSASVVGLKPYVENIWALLLKHCECA	PYLPLLKIISSASVVGLKPYVENIWALCLGKLTLI	0
NQADALLQSDVRLLAAGKVPQRAGEVERDLDKADS	XQADALLQSDVRLLAAGKVPQRAGEVERDLIRTEY	1
VAPEEHPVLLTEAPLNPKANREKMTQIMFETFNTP	XIHGIVTNWLTEAPLNPKANREKMTQIMYVAIQPY	1
SIKTAVAKNMLDPITGQKLLEAQAATGGIVDLLSR	RELPIAGIKVLDPITGQKLLEAQAAISRLASPHVE	0
KFIILSQEGSLCSVSIEKALPEDRGLYKCVAKNDA	LLLLLTTKFIILSVSIEKALPEDRGVTVDDAAAMP	0
NQLDQEVEFLSTSIAQLKVVQTKYVEAKDCLNVLN	XXXXXXVEFLSTSIAQLKVVQTKYVEAKDCFFKRK	0
FLPHSRGSSHGQSRIIRKAYLEDFYTRMMHECYQI	XXXXXXXXXXXXXXIIRKAYLEDFYTRMMHECYQG	1
KGDDLQAIKQELTQIKQKVDSLLENLEKIEKEHCK	KGDDLQAIKQELTQIKQKVDSLLENLEKIEKEHCK	1
ELAEDKENYKKFYEAFSKNLKLGIHEDSTNRRRLS	FDLFEEYLNFKFYEAFSKNLKLGIHELSLLRYMTE	1
IVDQSQQAYQEAFEISKKEMQPTHPIRLGLALNFS	KVFYLKQAYQEAFEISKKEMQPTHPIRLGLAFLTA	1
IWADDVDRRVQFGIESGKLRGFLRVGDLVIVVTGW	AAVIAVFLRVQFGIESGKLRGFLRVGDLVSISXXX	1
ETLRAMHKAVVDAGITTKLLTDSDLKKTVDESARI	ETLRAMHKAVVDAGITTKLLTDSDLKKTVDNLXXX	0
TSGLPKMAEHSYSSLGLKAKMDAGWTGLQASDIMW	EVPFNFVSQHSYSSLGLKAKMDAGWILCMEATGLT	1
LKKLAEENPDLQEAYIAKQKRLKSKLLDHDNVKYL	ESELKKLAENLQEAYIAKQKRLKSKLXXXXXXXXX	1
TVTGYKVLYRPDGQHDGKLYSTHKHSIEVPIPRDG	RYIIYKVLYRPDGQHDGKLYSTSIEVPIPRGEYVV	0
EPNYPKVCGHQGNVLDIKWNPFIDNIIASCSEDTS	HFCAVNFLAIVFVVLDIKWNPFIDNIIASCVRIWL	0
FDKDAMVARARRLIELYKEAGISKDRILIKLSSTW	ILKRVSTARARRLIELYKEAGISKDRILIHGIHXX	1
ITVTAYSPLGSPDRPWAKPEDPSLLEDPKIKEIAA	CHPYLYSPLGSPDRPWAKPEDPSLLEDPKFNRNWR	1
EFIDCFQKIKLAINLLAKLQKHIQNPSAAELVHFL	LKIEKETILKLAINLLAKLQKHIQSAALVLSRDAV	0
VSTKFADEHVPGSPFTVKISGEGRVKESITRTSRA	VYFPTVPGVYIVSPFTVKISGEGXXXXXXXXXXXX	0
TLNSDLKYNALDLTNNGKLRLEPLKLHVAGNLKGA	NLQLSLVTTLNSDTNNGKLRLEKLHVAGNLKHIYA	0
TLNSDLKYNALDLTNNGKLRLEPLKLHVAGNLKGA	XXXXXXXXXXXXLTNNGKLRLEPLKLHVAGNLKGK	0
KNNELLKNIQDVQSQISKIGLKDPTVPAVKHRKKS	XXXXXXKNIQDVQSQISKIGLKDPPAVKHRKKSLI	0
AAKNQVAMNPTNTIFDAKRLIGRKFEDATVQSDMK	XXXXDLGTTYSSYIFDAKRLIGRVDFPEEISSVLT	1
VGDYQQLEERHLSIILEKDQLIQEAAAENNKLKEE	XXXYQQLEERHLSIILEKDQLIQEAAAENNKLKQE	0
KELQEMDKDDESLIKYKKTLLGDGPVVTDPKAPNV	KELQEMDKDDESLIKYKKTLLGDGPVVVNRDIVSS	1
QSYKGSPMEISLPIALSKNQEIVIEISFETSPKSS	EDNLRSLVIISLPIALSKNQEIVIQVLXXXXXXXX	0
NKGGKGPVRNVVKGEKVKPVFEEPPNPTNVEISLQ	KFDEETANRNVVKGEKVKPVFEEPPNNNIASNXXX	0
GVSSDRGLCGAIHSSIAKQMKSEVATLTAAGKEVM	XXXXLIGVSGAIHSSIAKQMKSEVATLLVGKIRGI	1
NGEAVYCKFHYKTDQGIKNLSVEDAARLSQEDPDY	GIPDGHRHMNGKTDQGIKNLSVDAYGDLPSWQXXX	1
EHIPKTLSPTGNISSAPKDFAVYGLENEYQEEGQL	XXXXGSQGTLEHISSAPKDFAVQFTYDQDGSLQFL	0
VIVTGLQDTTVSSDSVAKFAVKATGEPRPTAIWTK	XXXXGLQDTTVSSDSVAKFAVKWKYKLSEGFFLEI	0
FGVPELSAPEGFHIAQEKALRKTELLVDRACSTPP	XXXXVPELPEGFHIAQEKALRKTELLVELSDSLCR	0
SSAETPTIPLGSAVEAIKANCSDNEFTQALTAAIP	QLWLSVEALLGSAVEAIKANCSDNEFTQALTAAIP	0
ESQRDYAKGFGGQYGIQKDRVDKSAVGFNEMEAPT	ESQRDYAKGFGGQYGIQKDRVDKSAVGFNEMEAPT	1
KGVLECKPGEASVFQQPKTQEEVCQLSINIMQVFI	VRCVMATLQLASVFQQPKTQEEVCQLSINNFQGIE	0
PCGSPGSPGSNIEGFVCKFSFKGMCRPLALGGPGQ	TVKEAHVVWIGWVGFVCKFSFFXXXXXXXXXXXXX	0
IRLAQDPFPLYPGEVLEKDITPLQVVLPNTALHLK	PADLEIRLAFPLGEVLEKDITPLQIPRKEVEVXXX	0
RPGSFQSLSDALSDTPAKSYAPELGRPKGEYRDYS	XXXXXXXLSDALSDTPAKSYAPELGRPKGEVRRLR	0
ASAEQLLKELPWPPTFEKDKFLTPDFTSLDVLTFA	XXXXXXAELKLWPPTFEKDKFLTPDDLRQTEGFLG	0
HMKSVIPSDGPSVACVKKASYLDCIRAIAANEADA	WCAVSEHEATKCQACVKKASYLDCIRAIAANEADA	1
KTPELGIVPPPPIPRPAKLQAAGAALGDVSERLQT	XXXXXXXVPPPPIPRPAKLQAAGAALGDVSERLQT	1
SESLIKQIPRILGPGLNKAGKFPSLLTHNENMVAK	AKKYDAFIPRILGPGLNKAGKFPSKFQMKKVXXXX	1
PKTNKSPEAKPLPGKLPKGISAGAVQTAGKKGPQS	XXXXKSPEAKPLPGKLPKGISAGAVQTAGKKQKAR	1
RVQVILPKFTAVAQTDLKEPLKVLGITDMFDSSKA	IAVLLLLTLVLVNQTDLKEPLKVLGITDMFDAHVS	0
LDSIIGRLLEVQGSRPGKNVQLTENEIRGLCLKSR	XXXIIGRLLEVQGSRPGKNVQLTGQYYDLLRGKQS	1
NGTIDFPEFLTMMARKMKDTDSEEEIREAFRVFDK	QIEFEVPEFLTMMARKMKDTDSEEEIREAEFVQMM	1
LKLPPYDIPGMVSVVELKQSSVMQRLLTGWMPTAI	XPALPCASGGIFVVVELKQSSVQRRGDQSPDRPIA	0
MREAGAQLKKLVDTLPQKPRESIIKLMEKIAQSSL	PSSYGAQLKKLVDTLPQKPRESIIKLMEKIAQSXX	1
EEEENIESKVTKPVQIQKRAVKRPAPAKSSDHSEE	XEEKNIESKVTKPVQIQKRAVKRPAPAKSSAGAEG	1
HCDSDKGEFGGFGSVTGKIECEIKINHEGEVNRAR	ARVHIPNEFGGFGSVTGKIECECIMQIWXXXXXXX	0
PILSTFLFEDFSKASGFKGQRPETLHERLTLVSVY	AWFKITFFEDFSKASGFKGQRPETERLXXXXXXXX	1
AEDDDESLLGHLMIVGKKCAADLGLNKGYRMVVNE	FHTHFLVILGHLMIVGKKCAADLGLNKGYRMLHVL	1
PGQQFTWENSNLEVNKPKNRYANVIAYDHSRVILT	XXXXXXXXNSNLEVNKPKNRYANVIAVLPGSDYIN	0
LGVTRNKIMTAQYECYQKIMQDPIQQAEGVYCNRT	XXXXXNKIMTAQYECYQKIMQDPIQQAYCNRTWDG	0
VKVNIIGEVVDQGSTNLKIDHTGFSPHAAIYSTRP	VKVNIIGEVVDQGSTNLKIDHTGFSXXXXXXXXXX	0
ALQSLRDREFSTFYESLKYARVKEVEEMCKRSLES	SGVTYSLNAFSTFYESLKYARVKEVERLAIGELES	0
FKGKRGAQLAKDIARRSKTFNPGAGLPTDKKKGGP	VELGDLDPPVKDIARRSKTFNPGAGLPTDQSGQSX	1
SKGKIYPVGYFTKENPVKGSPGVPSFAAGPPISEG	DIPDCSPVGYFTKENPVKGSPGVPSFAAGPXXXXX	0
QTMESDIYTEVRELVSLKQEQQAFKEAADTERLAL	QTMESDIYTEVRELVSLKQEQQAFKEAADTERLAL	1
AVKFPSQGTIFDYYVDHKTKKLLPWADKIAQFTMD	EVYEVYFVFAFPYYVDHKTKKLLPWADKYLXXXXX	0
VPETRPNHTIYINNLNEKIKKDELKKSLYAIFSQF	XXXXXXXXXXXINNLNEKIKKDELKKSLYILVSRS	0
SIHHARVLIRQRHIRVRKQVVNIPSFIVRLDSQKH	XLQQVLLLIRQRHIRVRKQVVNIPFIVRLDSQKHI	1
GSGKGTVSSRITTHFELKHLSSGDLLRDNMLRGTE	LRAVIGVSSRITTHFELKHLSSDLALELKNLTQYS	1
KETDTATLRASLAQFEQKWTMLITQLPDIQEKLHQ	SSLKTVILRASLAQFEQKWTMLITQLXXXXXXXXX	0
NRLIVENLSSRVSWQDLKDFMRQAGEVTFADAHRP	XXXPRLIVLSRVSWQDLKDFMRQAGEVTFADAHEG	0
KDSKPSSTPRSKGQESFKKQEKTPKTPKGPSSVED	SPIPVVRTPRSKGQESFKKQEKTPKTPKGDAKQAS	1
GQRLSVQSAISTQPEAVKQQLEETSEIRSDLEQLD	XXXXLVQSAISTQPEAVKQQLEETSEIRSAADRIN	0
KPREQVLETVKNNIEWLKQHRNTIREWFFNLLESG	ELFNTELLTVKNNIEWLKQHRNTIREXXXXXXXXX	0
GIAREVQDIVEKYPLEIKPPNQPLAAIDSENVEND	GIAREVQDIVEKYPLEIKPPNQPLAAIDSENVEND	0
VRVLVVPAENYDYQILHKKSMDKSLEFITNCGKNS	TPHCHVLGCRDDYQILHKKSMDKXXXXXXXXXXXX	0
EPLKYAEQLPVAQIIHQKPKLKDWHPPGGFILGLW	EPLKYAEQLPVAQIIHQKPKLKDWHPPGGFILGLW	0
YETLTITQAVIFINTRRKVDWLTEKMHARDFTVSA	XXXXEEWKLLIFINTRRKVDWLTEKMHVSAMHGDM	1
RECRPRVLTIDPTEFKFKLALINRKYDEVLHMVRN	YAVTTGDHGIIPTEFKFKLALINRKYEVLMVLSII	1
GERLIEEGCIHIISLGSKALMIQVWADPHNATLIF	HLPLLQNCWPHGISLGSKALMIQRVCMDSNDDMKA	0
TSQAGSKDKKMDQPPQAKKAKVKTSTVDLPIENQL	ETDQNAKEEESDQPPQAKKAKVKTSTXXXXXXXXX	1
TAFTDLPEQVPESISNQKRGVKVLKQELGGLGISI	XXXXXXXXXVPESISNQKRGVKPILIQALYVGDAI	0
GSAPTDVLDSLTTIPELKDHLRIFRIPRRPRKLTL	XXXXXXXXXXXXXIPELKDHLRQHWVVFKETTLSY	0
GKEMATKHNIPYIETSAKDPPLNVDKAFHDLVRVI	YSVTVANKVDLMLETSAKDPPLNVDAXXXXXXXXX	0
PKHIGSIDPNCNVSEVVKDAYDMAKLLCDKYYMAS	XXXXXXXXXXCNVSEVVKDAYDMAKLPDLEIQEPI	0
KLNEAKEEFTSGGPLGQKRDPKEWIPRPPEKYALS	XXXEAKEEFTSGGPLGQKRDPKEWIPRPHSGGKFV	1
LSGGAGAAGGGGADPGNKKWEQKQVQIKTLEGEFS	TLYIAVAAGGGGADPGNKKWEQKQVSVTMWSSDEK	1
AYPDNHLSQVDVNELFSKLLKTGILKLSQTDSATT	TKGLNHLSQVDVNELFSKLLKTGILKLSQTXXXXX	0
PDTFVRTIYAGNALCTVKCDEKVKVFSVRGTSFDA	AIKSPDTFVRTIALCTVKCDEKVKVFSVXXXXXXX	1
TYLVQTGRDEEKLKYIKKYLQAVGMFRDFNDPSQD	YYYPVDESIEEKLKYIKKYLQAVGMFRXXXXXXXX	1
TTLLPSGAEVLSYSEAAKKSGIIIIAIHREHYDFL	SVVFGSPAEVLSYSEAAKKSGIIIILELTEVLNGK	0
VVGQITVDMMYGGMRGMKGLVYETSVLDPDEGIRF	TVVGQITVDMMGGMRGMKGLVYESVLDHEGGNVAH	1
AAQLRILAGPAGDSNVVKLQRIEDLPTMVTLGNSF	DRYDAAQLRLAGDSNVVKLQRIEDLPTMVSFKXXX	0
LECMHKLGNSCEFRLLSKEGPAHEPKFQYCVAVGA	XXXXXXXXPVCEFRLLSKEGPAHEPKFQYCVATFP	1
VSPKKSTVLQQQYNRVGKVEHGSVALPAIMRSGAS	XXXXXGQKVQQQYNRVGKVEHGSVALRGAAAAVSQ	1
HDAIIDDLNRKLLDVTQKYTEKKLEMEKLLLENDS	XXXXXXDLNRKLLDVTQKYTEKKLEMEKLLQLSEL	0
TNAVSEIKRVGKDSFWAKAEKEEENRRLEEKRRAE	TNAVSEIKRVGKDSFWAKAEKEEENRRLEEKRRAE	1
IYQELTQLKAAVGELPEKSKLQEIYQELTRLKAAV	XXLEQQDYKAAVGELPEKSKLQEIYQELTKAAVGE	1
ELHLDGNKISRVDAASLKGLNNLAKLGLSFNSISA	PQGLPPSLTELVDAASLKGLNNLAKLVDNGSLANT	1
ESEDEEEEDVKLLSISGKRSAPGGGSKVPQKKVKL	ESEDEEEEDVKLLSISGKRSAPGGGSKVPQKKVKL	1
KPAGTTKNSSNKPAVTTKSPAVKPAAAPKQPVGGG	TVPKKTKNSSNKPAVTTKSPAVKPAAAPKQKDSXX	1
LSAVYEGHVSCVKLLLSKGADKTVKGPDGLTAFEA	NATPLLAVVSCVKLLLSKGADKTVLLXXXXXXXXX	1
APMMSEVIRILQEGVDPKKLDSLTTSFGFPVGAAT	XXXXXXXVIILQEGVDPKKLDSLTTSFFPVGAATL	1
LLTIPPAEAEGVPLVVDKDVFSVETPKKEHQPLRN	TTSEPPAEAEGVPLVVDKDVFSVETPKKEHQPXXX	0
ATGDMLRAMVASGSELGKKLKATMDAGKLVSDEMV	XTGDMLRAMVASGSELGKKLKATMDAGKLVSDEMV	1
DAIRRLRLRGGSPLNTGKALEFVARNLFVKSAGSR	SVQFSNDVFPGSPLNTGKALEFVARNLLKSQDDVS	0
CCYLERHTFLNIAEHFEKHNFQGIEKITQVSMASL	SVFQVCSTFLNIAEHFEKHNFQGIEITXXXXXXXX	0
AKSVGKGLQVKAASVPVKGSLGQGTAPVLPGKTGP	KGTPGKGLQVKAASVPVKGSLGQGTAPVLPTPGIR	1
VPPVPPASSTPYKPPYGKLLLPPGTDGGKEGPRVL	XXXXXXXXXXPYKPPYGKLLLPPGTDTEQQSGDRM	0
AQGFVGCALSSTIQRFYKNEGGTWSVEKVIQVPPK	QTLRFLPDAAQGFQRFYKNEGGTWSVEPQXXXXXX	1
GKLYSPSQIGAFVLMKMKETAENYLGHTAKNAVIT	LSCVAVLENAAFVLMKMKETAENYLGHTAKNAVIG	1
KDDIQALDIFLANLPEAKCSEEVSPMQLIKQNIFG	LRNFQALDIFLANLPEAKCSEEVSXXXXXXXXXXX	0
PGSTALKTPTAVVAPVEKTISSEKASSTPSSETQE	XXXXXXXXPTAVVAPVEKTISSEKASSVDDFRVGE	1
LKRVDADADPRQYADTVKALRVRRLTVGAAQVPAQ	FCVSAVEVDPRQYADTVKALRVRRLGALRVLAYSR	1
AIALKEGFHFEETLTGFKWMGNRAKQLIDQGKTVL	NGAQIISHDLSSTLTGFKWMGNRAKQAFEGMVLDK	0
AVGRTAGWNIPMGLLYNKINHCRFDEFFSEGCAPG	WDNLKGKWNIPMGLLYNKINHCRFDEFFLCLDGLA	1
RRAVMVSNILLINKVNEKSLTLKEVFRLATLGGSQ	RRAVMVSNILLINKVNEKSLTLKEVFRLXXXXXXX	1
AKALHARVFDFLVDSINKAMEKDHEEYNIGVLDIY	AMNVIGIFFDFLVDSINKAMEKDHEXXXXXXXXXX	0
PENPPAIDWAYYKANVAKAGLVDDFEKKFNALKVP	PENPPAIDWAYYKANVAKAGLVDDFEKKFNALKVP	1
YYSLIKMVFAAAKASNRKPSPQDIAQAVLRNFSGK	FSFLIKMVFAAAKASNRKPSPQDIAQALPEAKCXX	0
ENEPGPLTVGDELLSQFKVANFSNMDEDDIELEPE	HENEGPLTVGDELLSQFKVANFSNMDEDXXXXXXX	0
VGQVNEHDGGAQPGPVPKSLQKQRRMLERLVSSES	VGQVNEHDGGAQPGPVPKSLQKQRRMLERKAWENF	0
MNLSESLLRGIYAYGFEKPSAIQQRAILPCIKGYD	SFDDMLLLRGIYAYGFEKPSAIQQRAITGKATIFX	1
IGQQPQQPGAPPQQDYTKAWEEYYKKQAQVATGGG	XXXQFHDNANPPQQDYTKAWEEYYKKQAQVATPDY	0
SKGEKARLEIEPEWAYGKKGQPDAKIPPNAKLTFE	FGKVIRGWEIEPEWAYGKKGQPDAKIPPNAKLTFX	1
ITHSPLTICFPEYTGANKYDEAASYIQSKFEDLNK	ITHSPLTICFPEYTGANKYDEAASYIQSKFXXXXX	0
LCWAIGSISGAMHEEDEKRFLVTVIKDLLGLCEQK	TERMTIGISGAMHEEDEKRFLVTVIKDIVGQYPRF	0
ELADARRALDDTARERAKLQIELGKCKAEHDQLLL	ELADARRALDDTARERAKLQIELGKCKAEHDQLLL	1
SCRFDSKHLAAALENLNKALLADIEAHYQDPSLPY	XXXXXNKHLAAALENLNKALLADIEAHYQLPYPLL	0
FCKASAELALGENSEVLKSGRFVTVQTISGTGALR	ECKASAELALGENSEVLKSGRFVTRHIEQGINVTM	1
QEVEERQRMLEEERKKRKQFQDLGRKMLEDPQERE	QEVEERQRMLEEERKKRKQFQDLGRKMLEDPQERE	1
RAIIKHDFPGHWPGVVDKIDYYLQSQSSASWLGSL	NIVEGIILIFPWPGVVDKIDYYLQSSWGSLLCLYQ	0
RLVSHDRVGRLSPCVPAKPPLAEFEEGLLDRCPAP	LLKLHDRVGRLSPCVPAKPPLAEFEEGXXXXXXXX	0
LRVKAEEDKIPLLVVGNKSDLEERRQVPVEEARSK	ALQFEVFSITEHSFVGNKSDLEERRQVPVVETSAK	0
TPPRQSPSRSSSPQPKVKAIISPRQRSHSGSSSPS	NTQRRGPSRSSSPQPKVKAIISPRQRSHSXXXXXX	1
VGPRNSTNKNKNNASLSKSVGVSNRQNKKVEEEEK	XGPRNSTNKNKNNASLSKSVGVSNRQQMLHALNTA	1
ALNELVTLTCLARGFSPKDVLVRWLQGSQELPREK	LEKSGNTFRPEARGFSPKDVLVWASRQETTTYAVT	1
FEDLYDYMNSLKELLKIKADIIYPGHGPVIHNAEA	EENAIFSINSLKELLKIKADIIYIHNAEAKIQQYI	1
RIIQRNRTERLSDLLDWKYLGRYYMSARHMALSKA	GTPNGLNVKKLSDLLDWKYLGRYYMSXXXXXXXXX	0
QRKIDQKAVDSQILPKIKAIPQLQGYLRSVFALTN	IDISNVKAVDSQILPKIKAIPQLQGYLRSXXXXXX	1
WEDWSDCLSQDPESPKPKFVREVLEKCMRLSYHQR	VDFIWDCLSQDPESPKPKFVREVLEKFALCPDFTR	0
RSKNPSKESFLINIVPEKDNLTSLSVYSEDGWDLP	IRFEEIIKNDGALIVPEKDNLTSLYGWDLPYIMHL	0
FELCPKPDLCEYGDACTKAHSAQELQEWVRRTQAV	FELCPKPDLCEYGDACTKAHSAQELQEWVTPSGTN	0
SVDNTIKRPNPAPGTRKKSSNAEVIKELNKCREEN	XXXXXXXXXXPAPGTRKKSSNAEVIKELNLDLSKR	1
QMKKKGFKMEVGQYIFVKCPKVSKLEWHPFTLTSA	XRFRSQQKVVILMYIFVKCPKVSKLEWHPFIIWTG	0
NFEQKESNGPVKVWGSIKGLTEGLHGFHVHEFGDN	CVLKGDGPVQGIIWGSIKGLTEGLHGFVTADKDGV	1
QEAFRNNLKTLLEILDGKIFELTELRDNLAKLLEC	QEAFRNNLKTLLEILDGKIFELTELRDNLAKLLEC	0
HGLINAGYRAIDSLSIEKGYRHWHADLRPDDSPLE	XCRSFVGELAIDSLSIEKGYRHCADFGFAIIAYHL	1
NWSAMPSCKASCKVPVKKATVVYQGERVKIQEKFK	XXXXXXXXXXXXKVPVKKATVVYRVKIQEKFKNGM	1
VVLKATAGLRLLPEHKAKALLFEVKEIFRKSPFLV	GALKATAGLRLLPEHKAKALLFEVKEIFGSVSIMX	1
ELMERLKQIEEQTIKAQKELEEQTRKALELDQERK	ELMERLKQIEEQTIKAQKELEEQTRKALELDQERK	1
QQYSTIVKDYELQLMTYKAFVESQQKSPGKRRRML	EIRQELVKDYELQLMTYKAFVESQQKSPGKRRRML	0
INIGTIGHVAHGKSTVVKAISGVHTVRFKNELERN	XXXXXXXXIGTGKSTVVKAISGVHTVRTGYANAKS	1
RSAFTTSTVVRMHVGDGKSSSAASRSSSLVNLWKR	RSAFTTSTVVRMHVGDGKSSSAASRSSSLVXXXXX	1
ISSINAFHSKFLLPELEKRMQEWETTPRIGDILQK	LTERAVFHSKFLLPELEKRMQEWETTPRIGDILQK	0
TLTLKPPGRLAELCGVLKAVLQRKTACQDTDEEEE	XXXXXMVNLLAELCGVLKAVLQRKTAQLLEHAGEA	0
LQKAALLKASPKKAPGTKGTAAAAAAAAAAKVPAK	LQKAALLKASPKKAPGTKGTAAAAAAAAAAKVPAK	1
VRRGGRKRPVPKGATYGKPVHHGVNQLKFARSLQS	XXXGGRKRPVPKGATYGKPVHHGVNQLKFARSSRG	1
GYLQIGANTQAAQKLKDKEVAFWTNLFAKKAVEKP	PSVIAREKEGYAQKLKDKEVAFWTNLFXXXXXXXX	1
TRFMETADSTTAAVLQGKLAEVSQRFEQLCLQQQE	TREMVTFMSTTAAVLQGKLAEVSQXXXXXXXXXXX	0
GWDHQEKLQLHESQKDYKTGFGGKFGVQSERQDSA	XTDHQEKLQLHESQKDYKTGFGGKFGVQSERQDSA	1
PVVIRASKQWFINITDIKTAAKELLKKVKFIPGSA	XXXXXXXXXXLINITDIKTAAKELLKLNMVEMMDR	0
TVTISDNANAVKSEIPTKDVPIVHTETKTITYEAA	XXTISDNANAVKSEIPTKDVPIVHTETKSETPSST	1
KESKLPGDKGLVLMSRAKHHAISAKLNKPFLFDTK	DDEIAKYDGKWVLMSRAKHHAIECGGAHDLELWSM	1
GVGMTREELVKNLGTIAKSGTSEFLNKMTEAQEDG	ENDAMTEELVKNLGTIAKSGTSEFLNKLIGQFGVG	1
NGKTIFAYFTGSKDAGGKSWCPDCVQAEPVVREGL	XXXSVSGYFTGSKDAGGKSWCPDCVQAEPVVRYCQ	1
SQDPKDQLLLGPTYATPKVLEKAGLTMNDIDAFEF	XRDFMYVSQLGPTYATPKVLEKAGLTMMAMGRKTK	1
ESFTDGPEKELDLFTYLKHCAKNIKAKDVAKPNED	XXXXXXXXXELDLFTYLKHCAKNIKAEVQIPELNR	0
GIGMTKADLINNLGTIAKSGTKAFMEALQAGADIS	ENDAMTADLINNLGTIAKSGTKAFMEAMIGQFGVG	1
GFTFSSYWMSWVRQAPGKGLEWVANIKQDGSEKYY	XXEGGLVPLSWVRQAPGKGLEWVANYVDSVKRFLM	1
IAVSEKRNSSEKKSVLEKTSVSEKSLAPGMALGSG	SPVQATQNSSEKKSVLEKTSVSEKSLAPGLPCTEE	1
LWGQFISAIPTRSLKFLKEAGHGTTKEEITKDAEG	GFIHGISAIPTRSLKFLKEAGHGTTKATNNXXXXX	1
ALHALSKYGAATFTRTGKAAQVTIQSSGTFSSKFQ	CPSGGEVVLGDTFTRTGKAAQVTKFQVDNNNRLLK	1
LEFSRDRKSMSVYCTPNKPSRTSMSKMFVKGAPEG	SVIKQLMKKEFVYCTPNKPSRTSMSKMFTHDNPRR	1
WGTQVHVIREVASMAKEKLGVSCEVIDLRTIIPWD	SDVTLHVIREVASMAKEKLGVSCEVRLDKWKCYDA	1
EIFKTKAQGPAIDLSSSKQKIPQKGSNKVTLLEAN	EEFKTKAQGPAIDLSSSKQKIPQKGSNKVTANXXX	0
KYSYKYKDQPQQTFNIYKANNIAANGVFHVVTGLR	HILEDFNFTKYSYFNIYKANNIVFHVVTGXXXXXX	0
SWENHRLESAYQNHLILKVLVFNFLNCFASLFYIA	YAAEFLTSEAYQNHLILKVLVFNFLNFLVWAXXXX	0
GQEPQMKETIMNQEKLAKLQAQVRIGGKGTARRKK	GQEPQMKETIMNQEKLAKLQAQVRIGGKGTARRKK	1
VVCLLNNFYPREAKVQWKVDNALQSGNSQESVTEQ	XXXXXXXIPSVVCKVQWKVDNALQSGNSSTLTLDY	1
GDNFYVIERGTYDILVTKDNQTRSVGQYDNRGSFG	RNHVIDQGDDGYDILVTKDNQTRSVGQFGTPRAAT	0
GPSDGSPQPCTHPPGPVKEPQEKEDADGERADSTY	TAGWTSPQPCTHPPGPVKEPQEKEDADGERADSTY	0
FVDSKRARELQGFLDGVKKGQEQVLGDLSMILCDP	DPCHKFTRELQGFLDGVKKGQEQVLGDLSMIRLLA	0
IEAKAALKQLQEIFENYKKEKAENEKIQNEQLEKL	IEAKAALKQLQEIFENYKKEKAENEKIQNEQLEKL	0
KSLEDLIFESLPENASHKLEVRVVRSSPPSSQFKA	AKGEVLIFESLPENASHKLEVRQYWLDGKIIAYLL	0
QTSPHTPNEKFYGVTVFKALKLGQEGKVPLQSAHL	XXXXLTVAATDGGVTVFKALKLGQEGKVPLSAHYY	0
YRARPAKAAATQKKVERKAPDAGGCLHADPDLGVL	XXXXXXXXAATQKKVERKAPDAGGCLHAPLGVLCP	0
KSDKTEEIAEEEETVFPKAKQVKKKAEPSEVDMNS	XXXXXXEIAEEEETVFPKAKQVKKKAEPSEKLIEE	1
ERKSKSIIDEFLHINDFKEAMQCVEELNAQGLLHV	QKEASSIIDEFLHINDFKEAMQCVEELHMGQLLYQ	0
LKTQELREPVLSAAIATKMAQFHGMEMPFTKEPHW	XXXXXXSLGVLSAAIATKMAQFHGMFCHINILLAD	0
IKALKEPPRDRKKQKNIKHSGNITFDEIVNIARQM	IKALKEPPRDRKKQKNIKHSGNILGTAQSVGCNVD	1
DHSGARLGEYEDVSRVEKYTISQEAYDQRQDTVRS	VGSGARLGEYEDVSRVEKYTISQEAYDQRQDTVRS	1
LDAVLERAFSLRKAHSIKDMENTLQLVRNIIPPLS	XXXXXXRAFSLRKAHSIKDMENTLQLVRNRDIQVL	1
LKYTRPGLPTFSQEVLHKWKTDIKKYHRIQCPNQG	XXXXXXXXPTFSQEVLHKWKTDIKKYHRIQCPNQC	0
CKLQEQLEATVKKLEESKQLLKNNEKLITWLNKEL	CKLQEQLEATVKKLEESKQLLKNNEKLITWLNKEG	1
ADIITPNQFEAELLSGRKIHSQEEALRVMDMLHSM	GEGSMPNQFEAELLSGRKIHSQEEALRVMDMLITS	1
TIQKQKRRSVNSKIPAPKESLRSRSTRMSTVSELR	XXXXXXXXSVNSKIPAPKESLRSRSTRMVLEDGKQ	1
VPEPIKVAIAENLLDVIKDTRSKEITSDTMEQSIH	GVKHAKVAIAENLLDVIKDTRSKELRRQNNKNXXX	0
KRLQPQTTYDITVLPIYKMGEGKLRQGSGTTASRF	NYRVAKVPPTVTVLPIYKMGEGKLXXXXXXXXXXX	0
GKDLLIAYYDVDYEKNAKGSNYWRNRVMMVAKKFL	NKFCPHAYYDVDYEKNAKGSNYWRNRVMMAVASRG	1
PEGKLKGPKFKMPEMHFKTPKISMPDVDLHLKGPK	XXTKLKGPKFKMPEMHFKTPKISMPDVDSVPKVEG	1
STLAEEFTYNPFMRVREKTVQQHAGETDPVTTMRA	GNAAIEFTYNPFMRVREKTVQQHAGETDPVTTMRA	1
SIHKNPNTSEPQHLLVMKGAPERILDRCSSILLHG	NSELIPFNNKYQLSLVMKGAPERILRCVLGFCHLF	1
VLDLPDLPEDKLAQSVQKLQDLTLRDLEKQEREKA	NQARMAGLEDKLAQSVQKLQDLTLRDXXXXXXXXX	1
RVAVVEYHDGSHAYIGLKDRKRPSELRRIASQVKY	FISQKWVRVAVVAYIGLKDRKRPELRIATQIFSKI	0
MKAQALRDNSTMGYMAAKKHLEINPDHSIIETLRQ	TSTYGWTANMEMGYMAAKKHLEYLSGFSXXXXXXX	1
YEREMKTYIPPKGETKKKFKDPNAPKRPPSAFFLF	XDKEMKTYIPPKGETKKKFKDPNAPKRPIYRGKPD	1
GCASPGKTVTIVVRGSNKLVIEEAERSIHDALCVI	LGGTIDDCTSGVVRGSNKLVIEEAERSIXXXXXXX	1
KHQLEIFDALGSQACSNKNLEKLRAQQEVLQALEP	XXXQLIFDALGSQACSNKNLEKLRAQQEVGCVMME	0
TSITVDSKRFFFDVGCNKYGVFLRVSEVKPSYRNA	GGPGGGGLYGELDVGCNKYGVFLRITVPFKAXXXX	0
SAAPQRPISTQRTAAAPKAGPGVVRKNPGVGNGDD	APAPQRPISTQRTAAAPKAGPGVVRKNPGVGNGDD	1
TAKVENAARKLEAMTNSKQSIAKKIDAAQNWLADP	XXXXXEDASKLEAMTNSKQSIAKKIDGALAEARKI	1
QTTTIGGRQNSVVLQKLKPDTPYTITVSSLYPDGE	TYQPSTGEGNEQVLQKLKPDTPYTIRGKTKPLNEG	0
TKFLENEDRRSASLHLPKLSITGTYDLKSVLGQLG	TEEEDFKVPMMKRLHLPKLSILTIDEKGKFNVNPT	1
EEENRGIVVLGINRAYGKNSLSKNLIKMLSKAVDA	XXXXXXYMELGINRAYGKNSLSLRSEVPGIFCAGA	1
ARSMVSTIMKFLDSGPNKAVDSTLKTRILASEPDN	XXXMVSTIMKFLDSGPNKAVDSTLKTRILFAPLGT	0
DGVRTGLSQLHNALNDVKDIQQSLADVSKDWRQSI	DGVRTGLSQLHNALNDVKDIQQSLADVSKDWRQSI	0
DLSWQLDGKPVRPDSAHKMLVRENGVHSLIIEPVT	LCRMDLSWQPVRPDSAHKMLVRVHSLIIEPVDXXX	0
ELEGQIAKLEEQWLSLNKKIDHELHRLQALLKHLL	NIGGKHLKLEEQWLSLNKKIDHELHRLQXXXXXXX	0
PLIAKADTLTPEECQQFKKQIMKEIQEHKIKIYEF	LIPLIAKALTPEECQQFKKQIMKEIQIKDRLPLAV	1
NMAEGIIHDTETKMEEFKDQLPADECNKLKEEISK	XXXXXXIHDTETKMEEFKDQLPADECNKLKEEIQA	1
LIPNASQAESKVFYLKMKGDYYRYLAEVAAGDDKK	DVLSLLEKLIKVFYLKMKGDYYRYLIVDQSQQAYQ	1
AVERVKPRIKKKTKPIVKPQTSPEYGQGINPISRL	XEENLNKSESKKTKPIVKPQTSPEYGQGINPISRK	0
IAYEQHGFFEQAQESYEKAMDKAKKEHERSNASPA	TATAIAYEFEQAQESYEKAMDKAKKEHEYQLWEDH	0
DAIARLKEVLEYNAIGGKYNRGLTVVVAFRELVEP	DVYAQEKQDFVFNAIGGKYNRGLTVGWVELQARRG	1
ADRHKKRKLLENSTLNSKLLKVNGSTTAICATGLR	XXXXXXXRKLENSTLNSKLLKVNGSTTAICATGGS	1
KRKSDGIYIINLKRTWEKLLLAARAIVAIENPADV	XMSLQMMQYINLKRTWEKLLLAARAIVTIALCNVD	1
QTDSNSWDEHVFELVLPKACMVGHVDFKFVLNSNI	TDRIGLTPRFSQHLVLPKACMVGGKYRSFIRRFXX	0
IVYGDQDPMGQTSFEHLKQLPNHRVLIMKGAGHPC	KTPALIVYMGQTSFEHLKQLPNHRVLIXXXXXXXX	0
HVYPNLPKESFPGLNHFKGKCFHSRDYKEPGVFNG	XXXXXXXKESFPGLNHFKGKCFHVFGKRVLVVVKE	1
NVKLAATNALLNSLEFTKANFDKESERHFIMQVVC	LQDKSNEILLLNSLEFTKANFDKESERHFIMKIMS	0
EKGYGPATQVRWLQETSKDSSGTKPANKRPMSSPE	DYTTKPAIIVRWLQETSKDSSGTKPANKRPXXXXX	1
PVAMQISEKHDVVFLITKYGYIHLYDLETGTCIYM	VRFPEAQNDFPVAMLITKYGYIHNRISGETIFVTG	0
VSSLDYSRDGLARVILSKILTAATDACRLYATKHL	SLDLKTVLYGLARVILSKILTAATDACRLYATLLT	1
EELSSLVWICTSTHSATKVLIIDAVQPGNILDSFT	SMKLWCAWICTSTHSATKVLIIDSFTVCNSHVLCI	0
KAALLQLLAQHQPQDDPKREGGIDYQAGDTYVSTS	RQLTKQLLAQHQPQDDPKREGGIDYQAXXXXXXXX	0
SGSTGSKLKSDELQTIKKELTQIKTKIDSLLGRLE	SGSTGSKLKSDELQTIKKELTQIKTKIDSLLGRLE	1
HWITIIRARFEEVLAWAKQHQQRLASALAGLIAKQ	MKKLEKRARFEEVLAWAKQHQQRLASALXXXXXXX	0
AIMAKGELQCCGSSLFLKQKYGAGYHMTLVKEPHC	FEMADRIAICCGSSLFLKQKYGAGYHPRSITTMEE	0
SAKNPSIKSAEQLTTFLKHVVSVFKQSSSEGIHLE	IFLQKVTLSAEQLTTFLKHVVSVFKQGILEHLSSQ	0
SESGEDVNAAILDESGKKFAMEPEEFDSDTLREFV	EVKDLGLNAAILDESGKKFAMEFVFKGKLKPVIKS	1
DNLPTYKLVVVGDGGVGKSALTIQFFQKIFVPDYD	XXXXXXXXVVVGDGGVGKSALTIQFVYDPTIEDVL	0
EGIPEKDMDERRRLLEQKTQESQKKKQQDDSDEYD	DFDIEKDMDERRRLLEQKTQESQKKKQQDDXXXXX	1
LKVLEILGKKFPVTENSKGYKLLPPYLRVIQGDGV	LETSGNLDGLGPVTENSKGYKLLPPVEGMKQKMWS	1
ATLVNEADKLRAALACSKELWILNRYLSYTLNPDL	AIAQGGEEEWDAALACSKELWILNRYLSITNNVIG	1
YAEYALAADHTVYKLPEKLDFKQGAAIGIPYFTAY	HAVAGVGDRVFTYKLPEKLDFKQGAAIGQAALQAG	1
AGHPGDPESQQRLAQVAKAVTQALNRCVSCLPGQR	KASSLIEASQQRLAQVAKAVTQALNRCNXXXXXXX	1
QKGDPVAILKRQLEEKEKLLATEQEDAAVAKSKLR	QKGDPVAILKRQLEEKEKLLATEQEDAAVAKSKLR	1
SAGGPSQPPGGGGPGIRKDAFADAVQRARQIAAKI	XXXXXXXXPGGGGPGIRKDAFADAVQRARQIAAKG	1
EKDEPVRDENGYCVRVPKGEVGLLVCKITQLTPFN	RVNYKTYDLIKYCVRVPKGEVGLLVDLLMVDHENF	1
NLYEHHHSAHLRQRAVQKLYEHIVADDRFTKSISI	YLPMSYCAVHLRQRAVQKLYEHIVADVVKYYXXXX	1
DKKALHCYDPVADQWEFKAPMSEPRVLHAMVGAGG	ISGEDKKALHCYDQWEFKAPMSRIAYYVPETDQWT	0
LSTEGFITLTYKGPLSAKGTADAFIVRFVCNDDVY	EARPVGIEKTYKGPLSAKGTADAFIQDIDSGQGIR	1
GAGSHPNKVKVYGPGVAKTGLKAHEPTYFTVDCAE	XXXXXXXXXKVYGPGVAKTGLKAEPTYFTIKCYTP	1
SLVKSSLADSDHLQDWLKKLTLLIPETAVRHESCS	XXXXXXXVAYDHLQDWLKKLTLLIPVRSCLAASTL	0
LAIRLHVAALPPVIHQEKLENISLPPGLSIHIHCT	XXXXXXXXXXPPVIHQEKLENIIHCTAKAVRWVLG	0
GDRILEVNHVNVEGATHKQVVDLIRAGEKELILTV	HVSRILEVNVNVEGATHKQVVDLIRAGLLXXXXXX	0
HAIQAMGDKIESKLLAKKAEVNTIPGFDGVVKDAE	XXXXAAMDKIESKLLAKKAEVNTIPGFDGAMEQAV	1
VPGDEPREKMDLVTYFGKRPPGVLHCTTKFCDYGK	XXXXXXRGQLDLVTYFGKRPPGVLHVTPKTTGITL	0
CQDIANKGAKQSGLYFIKPLKANQQFLVYCEIDGS	HDITGKDCQDIAKLYFIKPLKANQQFLVYCGTFLG	1
PGLGKQLAETLETAMGTKSSPPFWALPPSAPSERY	RGGSSVEAETLETAMGTKSSPPFWALXXXXXXXXX	0
LVRKDLQNFLKKENKNEKVIEHIMEDLDTNADKQL	LVRKDLQNFLKKENKNEKVIEHIMEDLDTADKQLF	1
ISNCHKTKLKSILEILSKSPDSYQKILLAICEQAA	XXXXXXXXLKSILEILSKSPDSYQKILLLDIKSGL	0
KTDPSSLGATSASFNFGKKVDSSVLGSLSSVPLTG	QDDPSSLGATSASFNFGKKVDSSVLGSLSSVPXXX	0
SREIQTAVRLLLPGELAKHAVSEGTKAVTKYTSSK	SREIQTAVRLLLPGELAKHAVSEGTKAVTKXXXXX	1
VLMKMKETAENYLGHTAKNAVITVPAYFNDSQRQA	VLMKMKETAENYLGHTAKNAVIGQISGLNVLRAGA	1
KTEKQLEAIDQLHLEYAKRAAPFNNWMESAMEDLQ	IRKHEAFSDDQLHLEYAKRAAPFNNWERAILAIHA	1
HSERTVSAGKGSATSNWKKTPLSTGGTLAFVSPSL	TKPAPMSAGKGSATSNWKKTPLSTGGTSSSAVDXX	1
DAIRRLRLRGGSPLNTGKALEFVARNLFVKSAGSR	DSVQFSNDVFPSPLNTGKALEFVARNLLLKSQDDV	0
DRTQIALSPNNHEVHIYKKNGSQWVKAHELKEHNG	HAWNRDRTQIALSVHIYKKNGSQWVKAHELWDIQG	1
AMLIMAEEKALAMGYKPKAYLRDFMYVSQDPKDQL	VDGVTSDMLIMEALYKPKAYLVMAAANRLRKGGQY	1
STADMTKGLVLGIYSKEKEDDVPQFTSAGENFDKL	XXXXXXXXXXXGIYSKEKEDDVPQFTSGERLNGPP	1
PGKGGQTHLGLPVFNTVKEAKEQTGATASVIYVPP	IICQVGGTTPGPVFNTVKEAKEQTGATASAAINEA	1
LRKTYSEQWQQLQQELTKTHSQDIEKLKSQYRALA	XXXXXPEQWQQLQQELTKTHSQDIEKLKSQYRYVL	0
LKGSGSKHLHYWFVESQKDPENSPVVLWLNGGPGC	XXXXXXQPSFRQFVESQKDPENSPVVGPFYNPYSW	0
NVRTTHYTPLACGSNPLKREIGDYIRTGFINLDKP	XXXXXWPLLLACGSNPLKREIGDYIRTGFDESYLR	0
DVRHYLQGRSSIAGLLLKATNEKLSVYAALQRQLL	XXXXXXXXXXXIAGLLLKATNEKLSVAARQLLPVD	0
EALYQVGKEFTSKMDLEKPNYIVPDYMPVVYDKLP	XXXXXXXXXKTSKMDLEKPNYIVPQPPSHREAIVN	0
CSALRKNGFVVLKGRPCKIVEMSTSKTGKHGHAKV	XXXLRKNGFVVLKGRPCKIVEMLVGIDIFTGKKYE	1
KGTISAPGKVVTAAAQAKQRSPSKVKPPVRNPQNS	XXXXXXAEAVVTAAAQAKQRSPSKVKAARTPRSKK	1
GLVKALGVSNFSHFQIEKLLNKPGLKYKPVTNQVE	FLDAWEGVSNFSHFQIEKLLNKPGLKYKPNYCKIE	1
ETADFKVYTKGAGSGELKVTVKGPKGEERVKQKDL	XXXPCRAFKVYTASGELKVTVKRVKQKDGVYGFIV	1
PQELGVFAPTPDFVDVEKIKVKFMTMQKMYSPEKK	XXXXXXXXXTPDFVDVEKIKVKFMTMQKKMLLLRV	0
SRSQVQRARYEAANWKYKYGYEIPVDMLCKRIADI	NIGQVQRARYEAANWKYKYGYEIPVDMLCKRIADI	1
VVSPASDYKDKYSHLIGKGAAKDAAHMLQANKTYG	VVSPASDYKDKYSHLIGKGAAKDAAHMLQANKTYG	1
IKPFLDYYDLVDGVSYQKAMFIFLSNAGAERITDV	ARSIFFLDYYDLVVSYQKAMFXXXXXXXXXXXXXX	0
KPSRPELTILSPTSENNKKLFNDLFKNNANRAENT	LPSDFELTILSPTSENNKKLFNDLFKNNAIFCENP	0
FAFDKNSINIRQGREQNKPDSSPLYIQNPFETSLN	FAFDKNSINIRQGREQNKPDSSPLYIQNPETSLNI	0
SSFKEAMRIGAEVYHHLKGVIKAKYGKDATNVGDE	XXXXXNVINGAEVYHHLKGVIKAKYGKDATNVGGG	1
KLQDDILDSLGQGINELKTAEQINEHVSGPFVQFF	HCLSFQCASLGQGINELKTAEQINEHVSGPXXXXX	0
DKADSMIRLLFNDVQTLKDGRHPQGEQMYRRVYRL	RIVTKLQRLLFNDVQTLKDGRHPQGEQMYRRVYXX	0
GWWDEEQEKAWRKQSRRKVMEAFEQAERKPKPNPN	PLELFMAEKAWRKQSRRKVMEAFEQAEXXXXXXXX	1
RVPELQGLVTEHVFLLDKCLRENSDVKTHGPFEAV	RIFSTAFVVTEHVFLLDKCLRENSDVGPFEAVMRT	0
AISRASELHLLETPLVVKKAKSLAMSVTTSGFSEF	KRDEGGPASLHATPLVVKKAKSLAMSXXXXXXXXX	0
LVCSTKLTQNVDLLGLLKWRSNTSLLQQNLRQLMK	XDGTTKLTQNVDLLGLLKWRSNTSLLQQNLQLVFL	0
VMTRKHHCRACGQIFCGKCSSKYSTIPKFGIEKEV	VMTRKHHCRACGQIFCGKCSSKYSVRVCEPCYEXX	0
YFEKFKMKIHSATDLTLKTQLEAVNGKTMPALEVF	XXXXXFKKIHSATDLTLKTQLEAKTMPALEVFAPA	0
PKSVFRTGWISTSSIWKKPGLEEAVESACAMRDSF	QYMLHLLQDLATSSIWKKPGLEEAVEIMLINLEGG	0
IPNARIELQEWEHVTCMKTVSLRSEETVSGLKGYV	AHYVAYHVYAVAIVTCMKTVSLGYVAAGILIMTAL	0
FIRKASDVHEVRKVLGEKGKNIKIISKIENHEGVR	EQDVDMVVHEVRKVLGEKGKNIKIDSNPQTRQXXX	1
KTPANEKVEIQKHATGKKSPAKSPNPSTPRGKKRK	NKSANEKVEIQKHATGKKSPAKSPNPSTPRGXXXX	1
HTQLQTQQRAVQEAIQVKLNEFEQWITHYQAAFNN	XXXXXXXXRAVQEAIQVKLNEFEQWITRIEQWKTW	0
QEGERVLCFHGPLLYEAKCVKVAIKDKQVKYFIHY	XKFQEGERVLCFHLYEAKCVKVKYFIHYSGWNSWD	0
RKEWDLKPIADRAQIFLKAADMLSGPRRAEILAKT	XXXXXXXLVADRAQIFLKAADMLSGPRRALIDFFR	1
KLDGIKTRYADITVTSSKALRTLEQARQLATKFQS	KALNEIVRYADITVTSSKALRTLEQARELVXXXXX	0
KCSKICEPGYSPTYKQDKHYGYNSYSVSNSEKDIM	LVSGGCRKICSPTYKQDKHYGYPRTQYXXXXXXXX	1
EWYNRLRITWDPPSSPVKGYRIVYKPVSVPGPTLE	TTSPPSSGPWDPPSSPVKGYRIETFVGADINTIIF	0
QDQTGKETLAFPLWESTKVVPLSKFVLLRSVDLVS	XGKVQDETLAFPLWESTKVVPLQLSTSHHDPFQPR	0
AGNLAGLKGRLDYLSSLKVKGLVLGPIHKNQKDDV	XWWHTGALYRLDYLSSLKVKGLAKSIRFTPVFELS	1
LERLEQSKALVSNLISTKEELMKLRQILRLLRLRC	XXXXXXSKALVSNLISTKEELMKLRQILRLLKIVS	0
EAALNSKDAALATALGDKKSLEGDLEDLKDQIAQL	EAALNSKDAALATALGDKKSLEGDLEDLKDQIAQL	1
IPCRVTDPQLVVTLHEKKGDVALPVPYDHQRGFSG	XXXXLFITIPCVTLHEKKGDVALPVFGIFEDRSYI	0
FNRLTIGEGQQHHLGGAKQVRPEHPAETEYDSLYP	FNRLTIGEGQQHHLGGAKQVRPEHPAETEXXXXXX	0
CDFLETHFLDEEVKLIKKMGDHLTNLHRLGGPEAG	AAMALEKNLDEEVKLIKKMGDHLTNLHFELTLKXX	1
AGGCRNYPATFWVNPQFKIRLDETDDPDDYGDRES	XXXXXXXXXXXTLYPQFKIRLDLFAVYEVPLVGQP	0
KTNAPSRLNQSPSLAPVKRTYEQMEFPLLKKRKLD	TLHLVHCVGQSPSLAPVKRTYEQMEFAXXXXXXXX	1
GSLTTPPLSESVTWIIKKQPVEVDHDQLEQFRTLL	VFLKMPTCPDYWTWIIKKQPVVRSSFRHXXXXXXX	1
SKGQESFKKQEKTPKTPKGPSSVEDIKAKMQASIE	XAMNYEGSPIEKTPKTPKGPSSVEDIKAKMQASYV	1
GHVAGTRKTTPGFRLVEKYGLLVGGAASHRYDLGG	IAAAGTRKTTPGFRLVEKYGLLVGGAASHRYDGLT	1
SRRLSQYPNENLHSAVTKACLSRFLPSLARSALEK	XLSLQLRIRENLHSAVTKACLSRFLRLVDMDLLLV	0
KMQANNAKAMSARAEAIKALVKPKEVKPKIPKGVS	KMQANNAKAMSARAEAIKALVKPKEVKPKIPKGDY	1
SAQLIASAKYSVINEINKIRENEDRIFVYFITKLS	TNTCKLSAKYSVINEINKIRENEDRIFVLXXXXXX	0
GDTIEFRGPSGLLVYQGKGKFAIRPDKKSNPIIRT	XXXXXXXXXPVGLVYQGKGKFAIIRTVKSVGQVIR	1
KSNQNGKDSKPSSTPRSKGQESFKKQEKTPKTPKG	CGSGPGKDSKPSSTPRSKGQESFKKQEKTPKTXXX	1
VSNTSEERANVIASALAKIPQKVLWRFDGNKPDTL	XXXSNGVVANVIASALAKIPQKVLWPDTLGLNTRA	1
LQRLRDQIKTWVASNEIKDKRQLIDNRKLIETQME	KKVLRDQIKTWVASNEIKDKRQLIDNRKLIXXXXX	0
VVLMGSTSDLGHCEKIKKACGNFGIPCELRVTSAH	XXXRVVVLDLGHCEKIKKACGNFGIPCELRVVVCS	1
RILNVFQKLCAGLDCPWKFCDEKVSVDESVMSTHS	XXXXXXQKLCAGLDCPWKFCDEKRAAVCLCKEGRC	0
EEMLKSFHNELLTQLEQKVELDSRYLSAALKKYQT	SLRNFIAHNELLTQLEQKVELDSRYLSEERRRFCF	0
RIPEFNMAAFTTTLQHHKDEVAGDIFDMLLTFTDF	GYLEINMAAFTTTLQHHKDEVAGDIFDMLLTFTDX	0
VEAARGAGWTGHVAGTRKTTPGFRLVEKYGLLVGG	XXXXXXXXXRIAAAGTRKTTPGFRLVEKYGLASHR	1
RSLQDTAELLSLENHPAKQTVEAYSAAVQSQLQWM	VALQDTAELLSLENHPAKQTVEAYSAAXXXXXXXX	0
FQDAGEQVVSSPADVAEKADRIITMLPTSINAIEA	PLIIYEQVVSSPADVAEKADRIINGILKKVKKGSL	1
GLRAGVHIKLPNLGKHEKFSEVLKRLRLQKRGTGG	XXXXXXXXXLPNLGKHEKFSEVLKRLRLQKGVGVL	1
SRNLEEPKHQASGTVWLKHQHDRVCGDAMFQLQEN	AVPSSYSPTVALDTVWLKHQHDRVCGLQTPAPILX	0
WHRSKEGLTERFELFVMKKEICNAYTELNDPMRQR	FLEVTCINPTFIELFVMKKEICRVMFNNXXXXXXX	0
QVECHPYFNQRKLLDFCKSKDIVLVAYSALGSHRE	LKPVCNQVNQRKLLDFCKSKDIVLVAQLQRGVVYX	1
GMGGPRTVVAGSSDAAQKAVRAMAVLTDHPYASLT	HLRGLCGVVAGSSDAAQKAVRAMAVLSLTLDAXXX	1
SAYFERAADFIDQALAQKNGRVLVHCREGYSRSPT	SGITYLAADFIDQALAQKNGRVLVYLRQXXXXXXX	1
PGVESMRKNRLVVTNLDKLHTALSELCFSINYVPN	DICTEQESRRLVVTNLDKLHTALSELCFVYXXXXX	0
YLDNPPKGALKKLIHAAKLNASLKTLEGERNQIYI	EMDNPPKGALKKLIHAAKLNASLKTLEGERNQIYI	1
ASLPKQIFQPSVQQQPTKPVKVTCANCKKPLQKGQ	XXXXXXXXXPSVQQQPTKPVKVTCANCKKPLQKGQ	1
SVCRLSSREKISLQDLSKERRPGGAGGPPIQDEDE	NQASLSSREKISLQDLSKERRPGGAGGPPEARQFA	0
LHKKSMDKSLEFITNCGKNSFYLDPQTASRFCKNS	XXXXXMDKSLEFITNCGKNSFYLDPQTASRFCKNS	0
KDRSGSLLYLHDTLEDIKRANKSQECLIPVHVDGD	XXXXXXXLLLHDTLEDIKRANKSQECLIPLSLCLV	0
TRDGKNATTDALTSVLTKINRIDIVTLLEGPIFDY	NFSLLWATTDALTSVLTKINRIDIVTLLEXXXXXX	0
ALKHVSDDMKTHKNPALKAQSGPVRSGPKPFSAPK	ALKHVSDDMKTHKNPALKAQSGPVRSGPKPFSKQT	1
KAKDAGQRTTIYKRDPSKQYGLKMKTSRAFFSEVE	XXXXXHVIDGEYKRDPSKQYGLKSRFFSEVERFDA	1
ERTSFNYAMKEAAAAALKKKGWEVVESDLYAMNFN	GRRALIVAMKEAAAAALKKKGWEVVEAADLVILEW	1
ETRSKDGVCVRVYTPVGKAEQGKFALEVAAKTLPF	TTPSEYDFVERVYTPVGKAEQGKFALIAIAETLLI	1
GLSERCAQYKKDGADFAKWRCVLKIGEHTPSALAI	ILFVGIKVDKGGCADFAKWRCLYACIVPIVEPTLL	1
ESTEGKTSYRLTLDIQNKKITEVALMGHLSCDTKE	IPDFDVDLGTILLDIQNKKITEVALSIPRLQXXXX	0
VAVLVKKSSMPWNKRQPKLQGKSAETRESTQLSPA	KEILTREQSMPWNKRQPKLQGKSAETNGGPPPSKK	1
EESIYDEFVRRSVERAKKYILGNPLTPGVTQGPQI	AHHVFYHQVRRSVERAKKYILGPGVTQGECGGWFV	1
SYLLGGRSGALKNFVIPKIKRDKDGNVTQETKKME	SYLLGGRSGALKNFVIPKIKRDKDGNVTQETKKMD	1
QDLDTIRSNINNFFEFSKEVDEKSSLKTAVISIGN	XXWLSTLWNINNFFEFSKEVDEKSSLKLILPIQLQ	0
LYAAVGKVIYEGLTNYEKATNANPSQLFGTLMILK	XXXXXXKVIYEGLTNYEKATNANPSQLFGTLLISV	0
LGEEKVILMESLCQQSDKLEHFSRQIEYFRSLLDE	LGEEKVILMESLCQQSDKLEHFSRQIEYFRSLLDE	0
VNATEEMSTLVNYIEPVKFKSFEAARKRNKCFEMS	KKRHTEASSEVNAIEPVKFKSFEAARRKFEMSSFV	0
DGARNTTESGGRKLNENKALTSKKARFDPYGKNKF	DGARNTTESGGRKLNENKALTSKKARFDPYGKNKP	1
EKLLEAISETSSQLEHAKVTQTELMRESFRQKQEA	EKLLEAISETSSQLEHAKVTQTELMRESFRQKQEA	0
VKKKVKDVEEKSKEFVQKVEEKSIDLIQKWEEKSR	VKKKVKDVEEKSKEFVQKVEEKSIDLIQKWEEKSR	1
IETIEAGFMTKDLAACIKGLPNVQRSDYLNTFEFM	GSNIEAGFMTKDLAACIKGLPNVQRSDYLNXXXXX	1
TGQNVEKAVETLLDLIMKRMEQCVEKTQIPDTVNG	GNPDIVIPVETLLDLIMKRMEQCVEKTXXXXXXXX	0
ITQLPDIQEKLHQLQMEKLPSRKAITEMISWMNNV	DTIRSNIQEKLHQLQMEKLPSRKAITEMKWIVDFV	0
EGVDKLTRLKKLFLVNNKISKIENLSNLHQLQMLE	KIISFNLLRNIEFLVNNKISKIELGSNRIRLGKNK	1
FTGFIVEADTPGIQIGRKELNMGQRCSDTRGIVFE	PQKMWITNGGKAIQIGRKELNMGQRCSDTRGIVXX	1
EDDSGKDKKKKTKKIKEKYIDQEELNKTKPIWTRN	KAEEEKGEKEENKKIKEKYIDQEXXXXXXXXXXXX	1
SVLERFVEECFQAGIISKQLRDLCPSRGRKRFVSE	YNLERFVEECFQAGIISKQLRDLCPSXXXXXXXXX	0
VYSVVEDEYSEPLKGTEKTLPVPVVSLNIYDVGPT	LKDLKPETEYVVNKGTEKTLPVPXXXXXXXXXXXX	0
WESSFSRTVVAPSAVAGKRPPEPTTPWQEDPEPED	WESSFSRTVVAPSAVAGKRPPEPTTPWQEDPEPED	0
GGQVPLKNTKTNHSKTSKLQTAFRTVNCFYWFDAQ	HKQVPLKNTKTNHSKTSKLQTAFRTPSGTGRDLDX	1
QGYVDLVIKVYLKGVHPKFPEGGKMSQYLDSLKVG	XXXXXHNTKVYLKGVHPKFPEGGKMSQYGGTANQT	1
GCSKQVMEKLTQGDYFTKDIEAQKNYFRMWQKAHL	XXXXXXXMKLTQGDYFTKDIEAQKNYFRMWQAFVD	0
AHMLQANKTYGCVPVANKRDTRSIEEAMNEIRAKK	XHMLQANKTYGCVPVANKRDTRSIEEAMNEIRAKK	1
LNEVIEKLQQELANIGQKTSMNAHSLSEEADSLKH	LNEVIEKLQQELANIGQKTSMNAHSLSEEADSLKH	0
TSEELGQDLEHVEVLQKKFEEFQTDMAAHEERVNE	TSEELGQDLEHVEVLQKKFEEFQTDMALALQRQGK	1
ASSLPADDLCTENAIMLKRFNRYPLIIDPSGQATE	NDERRWQSLCTENAIMLKRFNRYPLIAFIXXXXXX	0
GFSWVGGGEDTPYSNWHKELRNSCISKRCVSLLLD	FLQRCLPLKGFPYSNWHKELRNSCRCVSLLLDRLP	0
VVEMQGDEMTRIIWELIKEKLIFPYVELDLHSYDL	XXXXGVEMQTRIIWELIKEKLIFPYVELLSVKCPI	1
LQQSKNPSINQILLSPEKIKEGIKRQQEKNADALR	MVSIKVEAEQQILLSPEKIKEGIKRQQEKXXXXXX	0
GAFKTRKGMFRTVGQLYKEQLAKLMATLRNTNPNF	EKPGILALDNRTVGQLYKEQLAKLMAXXXXXXXXX	1
ELCIVMCLKDLTSIVDIKTSSRPAMIGSLTDGSTE	XXXXXXXXXXXTSIVDIKTSSRPAMIGSLTWESGT	0
ITTVKTAWLDGKHVVFGKVLEGMEVVRKVESTKTD	LKHYGPGWVSFITTVFGKVLEGMVAIAKEXXXXXX	1
AKYLPHSAGRYAAKRFRKAQCPIVERLTNSMMMHG	AVKYPHSAGRYAAKRFRKAQCPIVERLTNSSPLRR	1
WPLLTVSKGFFEGTIASKGKGGALAADIDIDTVGT	HFVNEISKGFFEGTIASKGKGGALAAXXXXXXXXX	1
EALYQVGKEFTSKMDLEKPNYIVPDYMPVVYDKLP	XXXXXXXXXKTSKMDLEKPNYIVPPQPPSHREAIV	0
QDHPLQKTYNYNVLMVPKPQGPLPNTALLSLVLMA	TGKIFQDHPNYNVLMVPKPQGPLPNTASQDTYTQK	0
QRLSLSPEVLDLTSNSLKRDVSLGGCSLNKPPFLM	TLSLRLGGCIDLTSNSLKRDVSLGXXXXXXXXXXX	0
QQEMDLLRFRFSILPKDKIQDFLKDSQLQFEAISD	YRENLELRFRFSILPKDKIQDFLKDSLFEASYLKI	1
TLEALFGKQGFFPDSVNKALYWVNGQVPDGVSKVL	XXXXXXFKQGFFPDSVNKALYWVNGVSLVFGYTKD	0
THEQTKAYEEQLAQLQQKLLDLETERILLTKQVAE	XHEQTKAYEEQLAQLQQKLLDLETERILLTKQVAS	0
AVTLDMLDLGAAKANLEKAQAELVGTADEATRAEI	XXXXPSLDLGAAKANLEKAQAELVGTADEATRAEI	1
GGAAKTGAELVTCGSVLKLLNTHHRVRLHSHDIKY	XXXXXXXXXXXXXVSVLKLLNTRVRLHSTGVEASD	0
EIQKHNHSKSTWLILHHKVYDLTKFLEEHPGGEEV	XXAVKYYTLEIWLILHHKVYDLAGGDATEFRESKT	1
GFDGHTRSDGHVYHTVHKDSGLYKDLLHKIHIDRG	XXXXXXTLRGHVYHTVHKDSGLYKDLLHKILRYDS	1
PSKENIASVLENYHTESKIDRDKSFILEEHMDKIN	DSEKLAMLVLENYHTESKIDRDKSFIXXXXXXXXX	1
PPSLIQNECGQGEQASEKNECISEDMGDEDKEERQ	EPSLIQNECGQGEQASEKNECISEDMGDEGPEGXX	0
PLNPVPGCNRYASACQMKYEKDQGSFTEVVSISNL	GEHVTWRKYYVPGCCQMKYEKDSFTEVVSISNNTD	0
AKAATCFAEKLPSSNLLKNRAKEEMSLSDLNSQDR	REVCDNSAEKLPSSNLLKNRAKEEMSLSDLNSQDR	1
YHFEEVQKLKFALFDQDKSSMRLDEHDFLGQFSCS	DRTETAINNLPALFDQDKSSMRLDEHDFLGXXXXX	0
RRIEEMEDELQKTERSFKNQIATHEKKAHENWLKA	RRIEEMEDELQKTERSFKNQIATHEKKAHENWLKL	1
CLRIPKSDVVYTDWKKDKCEPLEKQHEKERKQEEG	QDQCIYNKPEYTDWKKDKCEPLEKQHEXXXXXXXX	1
EKEPVPSALPPSLIPPSKRKKTVFPGAVPVLPASP	RDEFAVAALPPSLIPPSKRKKTVXXXXXXXXXXXX	0
KDGTKRKSLSDSESDDSKSKKKRDAADKPRGFARG	KDGTKRKSLSDSESDDSKSKKKRDAADKPRXXXXX	1
NSNLANILEVCRSKHMPKSTIETALKMEKSKDTYL	NPELANILEVCRSKHMPKSTIETALKMEXXXXXXX	1
EIAQKHPDIYAVPIKTHKPDPGTPQHTSSRPPEPQ	EIAQKHPDIYAVPIKTHKPDPGTPQHTXXXXXXXX	0
TAANIRGDFWLLGDRGIKDEDGYFQFMGRANDIIN	DVLPPGTEGDIGIDRGIKDEDGYFQFMGXXXXXXX	1
GGQIPNNLAVPLYKNGVKIMGTSPLQIDRAEDRSI	GCIISPNLAVPLYKNGVKIMGTSPLMIGXXXXXXX	1
TISQDPEHKGPKERGSKKDYIQEKQRRQEEQRKRH	ALSQDPEHKGPKERGSKKDYIQEKQRRQEEQRKRX	1
SFGELVPAIINPLDGTEKIAIDHNQMFQYFITVVP	DLQQANFSHRIDLDGTEKIAIDHNQMFQYTERERI	0
RKRVNQCIVISGESGSGKTQSTNFLIHCLTALSQK	VAINPFVIVISGESGSGKTQSTNFLNNSSGKVLDI	0
YTLDVYRLSSVVTQHDSKKAGAEVVKQVEHPLLSG	XXXXXXLDNSVVTQHDSKKAGAEVVKQVEHPLLSG	1
SFGVTGLKLQGATCNNNKLSLSNAISTALPLTQLR	XXXEVNVTTLGATCNNNKLSLSTLPTKASVVTLVD	0
RKNTAPSLSSRKNMDLAKSGIKILVPKSPVKSRTA	XXXXXXXXXSRKNMDLAKSGIKILVTKSSENNSND	1
HFGTPTAYEKECFTYVLKGHIAVSAAVFPTGTKGH	XXXXXXXXXKECFTYVLKGHIAVSAASFARSALWD	0
DQSARARLSNLALVKPEKTKAVENYLIQMARYGQL	XLLARARLSNLALVKPEKTKAVENYLIQEQGLIEI	1
KKDLIQSDIAALHHFYSKHLGFPDNDSLVVLFAQV	ARILAKKIIAALHHFYSKHLGFPXXXXXXXXXXXX	0
NRLLQRKQMVIDVLHPGKATVPKTEIREKLAKMYK	XMNDTVTIRTIDVLHPGKATVPKTEIREKLVFGFR	1
WVSDFSHPHYLAGRRAMKTVFGVEPDLTREGGSIP	LTFWKKPCIYLAGRRAMKTVFGVEPDLLPVNEGTK	1
GITIPPDHKPKSWVAAEKMYHTHRRRRLVRKRKKD	GWEYGITIKPKSWVAAEKMYHTHRRRXXXXXXXXX	1
RNILVEKNYTNSPEESSKALGKNKKVRKDKKRNEH	ILNVKLVNYTNSPEESSKALGKNKKVRXXXXXXXX	1
AVELEMAKMLEENTNILKFGYQFTQQGPRTRAANA	TLAELKIDMALENTNILKFGYQRAANAITKNNDLV	0
NVLKLKVNFLPEIITLSKEVRNLKWLGFRVPLAIV	PVSGSIWAVLPEIITLSKEVRNLKWLFVIVNKAHQ	0
TCTGSCKCKECKCTSCKKSCCSCCPMSCAKCAQGC	TCTGSCKCKECKCTSCKKSCCSCCPMSCAKCAQGC	1
SYQVCVTDLNTTLDNFSKEFVSFSDKPVDQIAVEE	XXXXXXTDLNTTLDNFSKEFVSFSDKKLQELENRL	0
VTLEDLYNGATRKLALQKNVICDKCEGRGGKKGAV	XXXXXXXGKNVVHLALQKNVICDGCRKIVREKKIL	1
DLGQAVLDAGHSVSTLEKTLPQLLAKLSILENRGV	QTSQAVLDAGHSVSTLEKTLPQLLAKLSILEXXXX	0
QIVGPLESPVEDSLWPYKGRPENKSFLYEIVSNKR	EQIVGPLESPVDSLWPYKGRPENKSFLYEEXXXXX	0
PNDKYYGAQTVRSTMNFKIGGVTERMPTPVIKAFG	XXXLKVYAQTVRSTMNFKIGGVTERMPDHFPLVVW	1
KFPTRVHVQPAVDTSGVKVSGPGVEPHGVLREVTT	XXXXXXXXXXXXDTSGVKVSGPGVEFTVDARSLTA	0
LARHTSPSVISDLFTDIKKGHVLLDLLEVLSGQQL	XXXXXXXXXISDLFTDIKKGHVLLDGSNTFQCRIN	0
PARGGRGKGEGDLSQLSKQYSSRDLPSHTKIKYRQ	PARGGRGKGEGDLSQLSKQYSSRDLPSHTKIKYRQ	1
LNEVIEKLQQELANIGQKTSMNAHSLSEEADSLKH	LNEVIEKLQQELANIGQKTSMNAHSLSEEADXXXX	0
RASPVADIQEEILNAAVKDTQPKDGVEMDARAAAS	KNPQVADIQEEILNAAVKDTQPKDGXXXXXXXXXX	0
EVSLADLQNDEVAFRKFKLITEDVQGKNCLTNFHG	FIGRVFEVSLADLFRKFKLITELTNFHGMDLTLVL	1
CTYFSDKDPGGLLLLPEKNDLAKMNISEVLAVMDT	EKESPGDTSEGGLLLPEKNDLAKMLSWCYLQLKST	0
EGDDQQGSRYSVIPQIQKVCEVVDGFIYVANAEAH	IGSGILILMFSVIPQIQKVCEVVDGFAMTDPAFGS	0
SIDVELQQRAVEYNALFKKYDHMRSALLERMPVME	VSIYGSQQRAVEYNALFKKYDHMRSALLXXXXXXX	0
KPLVDPACITSIQPGAPKTIVRGSKGAKDGALTLL	DQKFTGLPWISIQPGAPKTIVRGSRSPQREPQRXX	0
EPLHIINSSNVTDEPLLKMLLTKADSDGPEFKTIH	ATAKAYLKKISTDEPLLKMLLTRLKVSFASLITAE	0
HPTPQSKAAQPSPSTVPKTEDQRPQLDPYQILGPT	QNIDGKEAAQPSPSTVPKTEDQRPQLDPYQWEGTN	0
KENEVIEVKSMGESQSKKLQGGYECKYCPYSTQNL	RTSQVVEQDSMGESQSKKLQGGYECYSTQNLNEFE	1
NFTFTPEWGADLRTEHEKYLVKHCGNIPVFVINYP	VILAQNFTFPDLRTEHEKYLVKHCGNIPVFVDLLV	1
KLKETSSFRMRHLQSLHKFVSRATAELIWLNEKEE	LPSVELQLEMRHLQSLHKFVSRATAEVSLQDTALL	0
PAKKTVTPAKAVTTPGKKGATPGKALVATPGKKGA	XXXXXXXXXKAVTTPGKKGATPGKALDELKEVFED	1
KTRLSRTPGNRIVYLYTKKVGKAPKSACGVCPGRL	TASNKTRLSRTIVYLYTKKVGKAPRAVRPKVLMRL	1
SYQVCVTDLNTTLDNFSKEFVSFSDKPVDQIAVEE	XXXXXXTDLNTTLDNFSKEFVSFSDKKLQELENRL	0
EDISKFDWLDLDPLSKPKVDNVEVLDHEEEKNVSS	XXXXXXXXXXLDPLSKPKVDNVEVELNIKSVPEEP	0
PQMFGYAGKEHMEKYGTKIEHFAKIGWKNHKHSVN	XXXXGYAGKEHMEKYGTKIEHFAKIGLDVMDFLTQ	1
ADRDTYRRSAVPPGADKKAEAGAGSATEFQFRGGF	ADRDTYRRSAVPPGADKKAEAGAGSATEFQFRGGF	1
KQLEPVYNSLAKKYKGQKGLVIAKMDATANDVPSD	IVDPKKDVLLAKKYKGQKGLVIAFAPSGIEHATKL	1
LYQGLLLQRVPFNVDFDKLPRHKKLERLCLTLGIP	IGFHLSHLTGPFNVDFDKLPRHKKLERLCKTYELT	0
EAQPGQSQVSYQGLPVQKTQTIHSTYSHQQVIPHV	XXXXXPKLYSYQGLPVQKTQTIHSTYSYPVAAKTE	0
DIFERIAGEASRLAHYNKRSTITSREIQTAVRLLL	DIFERIAGEASRLAHYNKRSTITSREIQTAVRLLL	1
EMKRRLTEVADFHHAASKALRVPAEGSEGLPESHS	XSDHPLTEVADFHHAASKALRVPAEGYLTSPELHK	0
QYSVKLGHPDTLNQGEFKELVRKDLQNFLKKENKN	XXXTFQYSKLTLNQGEFKELVRKDLQLKENKNEKV	1
LRKVLQAGSSRPWQEVLKDMVGLDALDAQPLLKYF	LRKVLQAGSSRPWQEVLKDMVGLDALDXXXXXXXX	0
EAKIEDLSQQAQLAAAEKFKVQGEAVSNIQENTQT	ILVIEDLSQQAQLAAAEKFKVQGEAVSNVQEESEE	1
SVGEITGHNKVINSVDIKQSRPYRLATGSDDNCAA	XXXXXPAWTEDRIAVDIKQSRPYRLATFFEGPFVR	0
MFPQSRHSGSSHLPQQLKFTTSDSCDRIKDEFQLL	MFPQSRHSGSSHLPQQLKFTTSDSCDRIKDEFQLL	0
YPRKIEFVLNLPKTVTGKIQRAKLRDKEWKMSGKA	AVIAFVVVLNLPKTVTGKIQRAKLRDXXXXXXXXX	1
IAGGLFVMDKFYFEELGKYDMMMDVWGGENLEISF	ADAALFVMDKFYFEELGKYDMMMENEISFRVCSRL	0
GRLEKELENANDLLSATKRKGAILSEEELAAMSPT	GRLEKELENANDLLSATKRKGAILSEEELAAMXXX	1
RFWGKAAEQISWYKPWTKTLENKHSPSTRWFVEGM	PERFWGKAAEIWYKPWTKTLENKHSTRWFVEGMLL	1
SMGFSDEGGWLTRLLQTKNYDIGAALDTIQYSKHP	MLMFSDEGGWLTRLLQTKNYDIGAALDTIQYSXXX	1
AEKLPSRFIESAHTELAKDDAAPAPPVADAKAQDR	EHVLESRFIESAHTELAKDDAAPAPPVXXXXXXXX	0
NARPTGGAGAVAMLIGPKAPLALERGLRGTHMENV	DVGILAAMEGRYALIGPKAPLALERGFRVSQDASP	1
TLSQAIQLGKVDFASTLKVLEAQANTGGIIDTATG	IVDPNCRIFLVDFASTLKVLEAQANTGIVNMVRII	0
HRQTGLLLLGMKENQELKTIQANLSRQRVEHQCLS	AYLEDTLLLGMKENQELKTIQANLSRQVHQCLSGE	1
LKKAAEVPNEELINLLLKFEIKEVILEFTKQQKEE	LAARFKVSGGLPINLLLKFEIKQLGTEATMLTVVS	0
WNKPLTSFGSAPSSEGAKNGQESGLEIGTDTIQFG	PSTGPISPGSAPSSEGAKNGQESGLEIASNXXXXX	0
GKDIKGVSEIVQNGKHFKFTITAGSKVIQNEFTVG	SFSGKYVSEIVQNGKHFKFTITVIQNEFTVGEECE	1
FSEQSTLIRSLQSQLQNKESEVLEGAERVRHISSK	FSEQSTLIRSLQSQLQNKESEVLEGAERVRHISSK	0
LKKNDSKSTGKNLDSVQKLPKVNKTKSEKPAGADL	DERKRCKSTGKNLDSVQKLPKVNKTKSEKXXXXXX	1
GKRPPRATSACAPISSPKTNGLSKDMSSLHISPNS	ARARKLETSACAPISSPKTNGLSKDMSTQNPNIDV	0
KQAILAAQRRGEDVETSKKWAAGQNKQHSITKNTA	KQAILAAQRRGEDVETSKKWAAGQNKQHSITKNTA	1
KHPYYNSISKERRYAGLKPGELPTCESLKDTIARA	NRHPMYNISKERRYAGLKPGELPTCEDTIARALPF	1
KDIRRFSLTTLRNYGMGKQGNESRIQREAHFLLEA	XXXXXXXXTTLRNYGMGKQGNESRIQREAHVIDIL	1
LPTRVTAIHIDPATHRQKLYTLQDKAQVADVVVSR	RLLWKDWFMIDPATHRQKLYTLAQVADVVVAGGVH	1
GQRLSVQSAISTQPEAVKQQLEETSEIRSDLEQLD	XXXXXLQSAISTQPEAVKQQLEETSEIRSAADRIN	0
ECQAESFPNWTLAQVGQKVHCDVHFGLVCRNWEQE	GGDVECQAFWTLAQVGQKVHCDGLVCRNWEQEGVF	0
AFDEVYPALPSDVQTAIKSELLMIIQMETQSSMRK	XITLLLYPLPSDVQTAIKSELLMIIQVCIAAELAR	0
WFIENEEQEYVQTVKSSKGGPGSAVSPYPTFNPSS	XXXXXXXXEYVQTVKSSKGGPGSAVSPSEIDMNDI	1
PYVKRSIKVKSLNDITAKERFSPLTTNLINLLAEN	EKVASVIKVKSLNDITAKERFSPLTTNLINAXXXX	1
SLHDQQPHTQTASGQALKGDGGLYSSLPPAKREEV	XXXXXXXXXXXASGQALKGDGGLYSSLPKSATLDA	0
FPRESVTDHVNLITPLEKPLQNFTLCFRAYSDLSR	XXXXXXXXXXXLITPLEKPLQNFTYNTQRELIGWE	0
MVQFHRHHGQEGSILVTKVEEPSKYGVVVCEADTG	XXXXXXXXXVICDILVTKVEEPSKYGVVVCAGFKF	0
RQLEEKDRVLKKQDAFYKEQLARLEERSSEFYRVT	RQLEEKDRVLKKQDAFYKEQLARLEERSSEFYRVT	0
SPSIPSVGQDQTLSPGSKQESPPAAAVRPFTPQPS	XXXXXXVGQDQTLSPGSKQESPPAAAVRIKGDTII	0
SDYDGKLSNFKTAAESFKGKILFIFIDSDHTDNQR	IGEIKTHILFKTAAESFKGKILFIITCHLXXXXXX	1
AAQTTIETAIHSLIETLKNKEFISAVAQVKAFRSL	QLEILAATAIHSLIETLKNKEFISAVAQVVTLLHI	0
LGPPGLGKSALIAALCDKDVETLEAPEGRPDSGVP	XXXXXXXKSALIAALCDKDVETLEASLRAAGPGLF	0
HHDLKTQNILLDNEFHVKIADFGLSKWRMMSLSQS	ALGVLTQNILLDNEFHVKIADFXXXXXXXXXXXXX	0
MASLLQSDRVLYLVQGEKKVRAPLSQLYFCRYCSE	XXXXXXXXXXLYLVQGEKKVRAPLQLYFCCELRSL	0
EPLHIINSSNVTDEPLLKMLLTKADSDGPEFKTIH	AKAYLKKISSNTDEPLLKMLLTRLKVSFASLXXXX	0
EDSKLKGGKAPRVATSSKVTRAQIEDTLRRDHQLR	EDSKLKGGKAPRVATSSKVTRAQIEDTLRRDHQLR	1
AHAHRRIDQLNRELAEQKATEKQHITLALEKQKLE	FEAHRRIDQLNRELAEQKATEKQHITLALEKQKXX	1
SNFNHFQIERLLNKPGLKYKPVTNQVECHPYLTQE	LVKALGVIERLLNKPGLKYKPVTKGIXXXXXXXXX	1
TQDQHVLFGKFAQIIQEKEVEIDQLNEQVTKLQQQ	ISDQHVLFGKFAQIIQEKEVEIDQLNEQVTKLQQX	0
TSSEKYQIYQDGTLLIQKAQRSDSGNYTCLVRNSA	VVTVSISSEKYQILLIQKAQRSDSGYIHVNVIPTN	0
ITTPEEQFTLISSTPQEKTKWLRAISQAVDQALRG	EGVNGLKITLISSTPQEKTKWLRAISQXXXXXXXX	0
PVVDIVTGHARLSDIWAKTPPITRKAAQLYTLWVT	CAGPVDIGHARLSDIWAKTPPITFDNWIPLLWXXX	0
APSVGIKAANGVVLATEKKQKSILYDERSVHKVEP	XXXXXXXXGAPSVLATEKKQKSYDERSVHKVVYSG	1
AEKLGSLVENNERVFDHKQGTYGGYFRDQKDGYRK	AEKLGSLVENNERVFDHKQGTYGGYFRDQKDGYRX	1
TRLGGEVSCLVAGTKCDKVAQDLCKVAGIAKVLVA	ANDSLAPTCLVAGTKCDKVAQDLCKVKVLVAQHTS	1
FQAEVNRMMKLIINSLYKNKEIFLRELISNASDAL	XXXXXXXXMKLIINSLYKNKEIFLREVGFYSAFLV	1
VSCNNQQDLQEWVEHLQKQTKVTSVGNPTIKPHSV	ITKFISGDLQEWVEHLQKQTKVTSVGXXXXXXXXX	0
LYNDRMFRIKRALDLNLKHQILPKEQWTKYEEENF	IYNDRMFRIKRALDLNLKHQILPKEQWTKXXXXXX	1
ANFFHPEKGTTPLHVAAKAGQTLQAELLVVYGADP	XHSSVRTGKTTPLHVAAKAGQTLQAPPDRTPIDYA	0
ALERLEGVEGVAHIIDPKAISKDHLYGTLDPNTRE	XXXXXXXXXXXXXIIDPKAISKDHLLFDGDVDPEW	0
SKKNKGDSHLNVQVSNFKSGKGDSTLQVSSGLNEN	SKKNKGDSHLNVQVSNFKSGKGDSTLQVSSGPSQT	1
YPNLPKESFPGLNHFKGKCFHSRDYKEPGVFNGKR	XXXXXXXXLKGLNHFKGKCFHSRDYPVFNGKRVLV	1
GGLSFETTDDSLREHFEKWGTLTDCVVMRDPQTKR	XXXXRKLIDDSLREHFEKWGTLTDCFVTYSCVEEV	1
FEGENTVMMLQTARFLMKSYDQVHSGKLVCGMVSY	XXXXXPEHALQTARFLMKSYDQVHSGKLVCGMVSY	1
VAPEEHPTLLTEAPLNPKANREKMTQIMFETFNVP	XXIGIITNWLTEAPLNPKANREKMTQIMYVAIQPI	1
RRWFTIQSNQLVYQKKYKDPVTVVVDDLRLCTVKL	GHLRRWFTIQLVYQKKYKDPVTVVGGMARGREPGG	0
PVAIKIAELLENVTLIHKPVSLQPRGLINKGNWCY	XXXXXXXXXXXXVTLIHKPVSLLVACPPMYHLMKF	0
IDKNWPSRPYLFLDSTHKELKRIFHLWRCKKYRDQ	IDKNWPSRPYLFLDSTHKELKRIFHLWRCXXXXXX	0
GPNDKKSELLPAGWNNNKDLYVLRYEYKDGSRKLL	QDALVCLVGLPAGWNNNKDLYVLVKAITVESSMIL	0
TKKVPIVQPSFGAEDLGKSLEDTKKLQEKWSLKTP	XXKVPIVQPSFGAEDLGKSLEDTKKLQELKDKIAE	0
DNPFYHCLVAEILPAPGKLLGPCVVGYGIYYFIYS	KGDGDIRLVAEILPAPGKLLGPCVVGYVMPEYRGQ	0
SELAEQPERKITRNQKRKHDEINHVQKTYAEMDPT	XGTAPSPERKITRNQKRKHDEINHVQKTLSDLGKL	1
LGTSVPLTDGECRSLIYKPLDGEWGTNPRDEECER	EVLRQQFDDGECRSLIYKPLDGEWGNPRDEECLNR	0
IERAHMRLRFILPVNEGKKLKEKLKPLIKVIESED	XXXXXXXXRFILPVNEGKKLKEKLKPLIISEDYGQ	0
FTKMKQELEAEYLAIFKKTVAMHEVFLCRVAAHPI	SVFPPRPDFAEYLAIFKKTVAMHEVFADDLKSDLK	1
ERYNFPNPNPFVEDDMDKNEIASVAYRYRRWKLGD	KERYNFNPNPFVEDDMDKNEIASVAYDGXXXXXXX	0
KKISKKNAAIAVLEELKKLPPLPAVERVKPRIKKK	SVGEFVGAAIAVLEELKKLPPLPAXXXXXXXXXXX	0
QNFIIPKKEIHTVPDMGKWKRSQAYADYIGFILTL	XXXXXXKKEIHTVPDMGKWKRSQAYADYIKALEKF	0
CTSCKKSCCSCCPVGCSKCAQGCVCKGASEKCSCC	CTSCKKSCCSCCPVGCSKCAQGCVCKGASEKCSCC	1
FVNTHPDKLRNPCPNKEKECQPPFAFRHVLKLTNN	NKVVNPDKLRNPCPNKEKECQPPFVGKQLISGNLX	0
EFEKLKPKYLEELPEKLKLYSEFLGKRPWFAGNKI	XXXXLQTNYLEELPEKLKLYSEFLGKRFVYVLDHR	1
SHQFQQMSRDFQAWLDTKKEEQNKSHPISAKLDVL	XXXXXXXXRDFQAWLDTKKEEQNKSHDHKDFSKTL	0
LDEQYQKYKFMELNLAQKKRRLKGQIPEIKQTLEI	XXXHLGIYKFMELNLAQKKRRLKGQIPEINLSTAT	1
SAGSGMEEVRVSVLTPLKLVGLVCIFLALCLDLGA	XXXXXXXXXXVSVLTPLKLVGLVCIFAFVGLISIC	0
VEADIPGHGQEVLIRLFKGHPETLEKFDKFKHLKS	XXXXXXXXGQEVLIRLFKGHPETLEKFFKHLKSED	1
EELLDGILDKIPTFQGLKFSDTDLLDFGQCVDQNR	IAVIAFYYYHIPAFQGLKFSDFCFAFLFGVATGAV	0
QLTPNDRFILLACDGLFKVFTPEEAVNFILSCLED	DGDSRAENEVLACDGLFKVFTPEEALANKAVQRGS	0
GRFKSRKEREAELGARAKEFTNVYIKNFGEDMDDE	XXXXXXKEREAELGARAKEFTNVYVSFERHEDAQK	1
SLGGHVGFDSLPDQLVSKSVTQGFSFNILCVGETG	SLGGHVGFDSLPDQLVSKSVTQGFSFQESNVQLKS	0
HKGTEKRESPSPAPKPRKVELSESEEDKGGKMAAA	XXXXXXRESPSPAPKPRKVELSESEEDKGGKMAAR	1
SSNEGVEEPSKKRVIEGKNSSAVEQDHAKTSAKTE	SSNEGVEEPSKKRVIEGKNSSAVEQDHAKTSAKTE	1
IVVGYDHEKPGSGEGLGKIIQRFPQKDWDDTPFPQ	XFIVVGYDHEKPGEGLGKIIQRPQGIELFCQPGWQ	0
NLSRPIEEQGPLDVIIHKLTDVILEADQNDSQSLE	XXGYWLSEKKILQLIIHKLTDVILVFVLDPLAIRL	0
AMKEMGTPDVRIDTRLNKAVWAKGIRNVPYRIRVR	RAPRALKEIRRIDTRLNKAVWAKGIRNVPYRIRVR	1
RQLDARGLRVLAACLTEKGAEQLRGQTSDRLETVT	DSGFGKLARVLAACLTEKGAEQLRGQTSDLETVTL	1
KKRRETVEREKEQMMREKEELMLRLQDYEEKTKKA	XXRRETVEREKEQMMREKEELMLRLQDYEEKTKKL	1
SPKVTKDGVTVAKSIDLKDKYKNIGAKLVQDVANN	LMLQGVDLLAAAKSIDLKDKYKNIGAKLVQVVTEI	1
VEEGPTVLRKAGLLEKLKEQECDVKDYGDLPFADI	KSRTIGILRKAGLLEKLKEQECDVKDYRISLVATL	1
FSEQSTLIRSLQSQLQNKESEVLEGAERVRHISSK	QAGQSTLIRSLQSQLQNKESEVLEGAERVRHXXXX	0
LNEKFLYCCEKWIQLLEKIEEALKVDVANSLPELL	XXXXXDNLCEKWIQLLEKIEEALKVQTYKMLEAEV	0
VLPTETEVAPAKDVTLLKETERASPIKMDLAPSKD	XXXXXXXXXPAKDVTLLKETERASPIKMDLAPSKD	1
AEDSGEYHCVYHFVSAPKANATIEVKAAPDITGHK	SYWTRNSHCVYHFVSAPKANATXXXXXXXXXXXXX	0
MQNAWFRKSRFKGGKGKKLNIGGGGLGYRERPGLG	MQNAWFRKSRFKGGKGKKLNIGGGGLGYREGAMRX	1
LQLREAWDGLDHQINAWKIKLNYALPPPLHQTEAW	KYNSLLSFMLDHQINAWKIKLNYALHEALQVPNKE	0
QGDGFRLQINAQNCVHCKTCDIKDPSQNINWVVPE	ALNSHLTEFCPAVCVHCKTCDIKDINWVVGXXXXX	0
GLKIEDFLERRLQTQVFKLGLAKSIHHARVLIRQR	EYGGEDFLERRLQTQVFKLGLAKSIHHARLIIVPI	1
KDHPALNYNIVSGPPSHKTVVNGKECINFASFNFL	XXXXXXXXXXVSGPPSHKTVVGKECINFASFNFGL	0
EMSGDVRDAFVAIVQSVKNKPLFFADKLYKSMKGA	LRRVFQDVEFVAIVQSVKNKPLFFXXXXXXXXXXX	1
FFPSSSGSASTPQEEQTKEGACEDPHDLLATPTPE	FFPSSSGSASTPQEEQTKEGACEDPHDLLATPTGG	0
LLLPRSDLAVPSELALLKAVDTWSWGERASHEEVE	XFELTQWPLVPSELALLKAVDTWSWGVLVKIRFME	0
MAENSGRAGKSSGSGAGKGAVSAEQVIAGFNRLRQ	XXXXXXXXGKSSGSGAGKGAVSAEQVIAGFNRLRQ	1
QILKEPKVAASVLNPYVKRSIKVKSLNDITAKERF	XXILEPKVAASVLNPYVKRSIKVKSLNDITATNLI	1
IDAYDNFDNISLAQRLEKHELIEFRRIAAYLFKGN	FITEEDYLNISLAQRLEKHELIEFRRIAAYLFQSV	1
GAYDGPRTADGIVSHLKKQAGPASVPLRTEEEFKK	MLLIVIYDGDGIVSHLKKQAGPASVPFDDSASNLR	1
PGRKELKIVIVGDGGCGKTSLLMVYSQGSFPEHYA	XXXXXXXXVIVGDGGCGKTSLLMVYFPYAPSVFEL	0
FGAPRFGGSRAGPLSGKKFGNPGEKLVKKKWNLDE	XXXXXXXXXXAGPLSGKKFGNPGEKLVGGPGRLID	1
IPYSPFRIHALPTGDASKCLVTVSIGGHGLGACLG	XXXXXXXXXXSPTGDASKCLVTTVDAKAAGEGKVT	0
RGQLQKLASERNLFISCKSSHDRCLEKSSSSSSQP	XXXLQKLASERNLFISCKSSHDRCLEKSSSSSSSQ	1
QAVTELGRPDAEYWNSQKDLLERRRAEVDTYCRYN	LGEYQAGRPDAEYWNSQKDLLERRRAEVDTYXXXX	0
CQQSYFALQVGKARLKYKVTPPAVTGSPEFERVFR	XXQSYFALQVGKARLKYKVTPPAVTGSPEFERVFR	1
LRASAQTLLGDPFLQPGKRSRSPSSPRHAPRPSDA	LSAEAAFLLGDPFLQPGKRSRSPSYGGTSQLRVPQ	0
FPGTYTITIKYGGHPVPKFPTRVHVQPAVDTSGVK	EILIYTITIKYGGHPVPKFPTRVXXXXXXXXXXXX	0
EICGGDKPFLAPNDLQTKHLQLKEESVKLFRGVKK	MEEICGKPFLAPNDLQTKHLQLKEESVKEIDLYIQ	0
LDLQHCVLPSRLQASQVKLKSKGRASSSGNQESSG	XLLQHCVLPSRLQASQVKLKSKGRASSSGNQESSG	1
IICFKPRNTAELQPESGKRKLEEVLSTEGAEENGN	GELRKPRNTAELQPESGKRKLEEVLSTEGXXXXXX	1
ALDRCYTSYRKKIQNQWKQAGSDRPFTLDDLQYMI	GLRGCYTSYRKKIQNQWKQAGSDRPFTLDDLDSAS	1
PFQPVAGENDFLQTVINKVIAAKEVNHKGQGLWVT	IPFQPVAGNDFLQTVINKVIAAKEVNHXXXXXXXX	0
LVLNTKEELANERLMTLKIAEMKEAMRTLIFPPSM	XXXXXXXXXANERLMTLKIAEMKEAMFPPIRSQVF	1
GQATDIAIQAEEIMKLKKQLYNIYAKHTKQSLQVI	MLIHQPSGQAEEIMKLKKQLYNIYAKHTQSLQVIE	1
MWRAYSDMREANYIGSDKYFHARGNYDAAKRGPGG	XXXXXAYDMRANYIGSDKYFHARGNYSEDSLADQA	1
QHGSDIWWTLPPEQLLPKEVLSEVGGPDALEYVPG	EHIVKLVIWLPPEQLLPKEVLSEVGGPDALEYVPX	0
VKEKPPEEPTTWTGYFGKVLMASTSYLPSQVTEMF	VKEKPPEEPTTWTGYFGKVLMASTSYLPSQVTEMF	0
DDDRLREERKKAKKNKDKYVGVSSDSVGGFRYSER	IRNGSREERKKAKKNKDKYVGVSSDSVGGFWDWXX	1
GAHLNAYSTREHTAYYIKALSKDLPKAVELLGDIV	CTVGVVEMGAHLNAYYIKALSKDLKAVLLAAAGGV	1
NIQKELCLHAAQGLVQLKACTYKGHKTVVTGEQIW	HNIQKELCLHAAQLVQLKACTYKVTGEQIWXXXXX	0
VGATPFAVARLEILQLLKGKLVVGHDLKHDFQALK	AMSLVNLYARLEILQLLKGKLVVGLDFLKEDMSGY	0
LDPSFTHAMQLLTAEIEKIQKGDSKKDDEENYLDL	MAEKDTHAMQLLTAEIEKIQKGDSKKDDEGDPKAX	0
VVPMDGSHWFTMRSVVEKLILRGHEVVVVMPEVSW	XAAGKLLVWFTMRSVVEKLILRGHEVVVLNCFINH	1
QGKEAAQRVLSQIDVAQKKLQDVSMKFRLFQKPAN	EISLEMKRVLSQIDVAQKKLQDVSMKFRXXXXXXX	0
REPIPSLEAIYLLSPTEKSVQALIKDFQGTPTFTY	DHPSMDINKRYLLSPTEKSVQALIKDFIFFTDCPE	0
LCRTVENVTVFGTASASKHEALKENGVTHPIDYHT	VHMAAGGGMVFGTASASKHEALKENGVTHPIDYHT	1
RQLPQKERQVATAVQWTKAEGSYGVPLWIIILAIL	ATFLQREHQPFSAVQWTKAEGSYGXXXXXXXXXXX	0
QQYSTIVKDYELQLMTYKAFVESQQKSPGKRRRML	EVRRVQLRDYELQLMTYKAFVESQQKSPGKRRRMX	0
TESSKPGPSAHDLAAQLKSSLLAEIGLTESEGPPL	QDASKPGPSAHDLAAQLKSSLLAEIGLTESEGPPL	0
TDVNKIEEFLEEVLCPPKYLKLSPKHPESNTAGMD	GVVFFNEEFLEEVLCPPKYLKLSPEMTLEXXXXXX	0
IRVLPEFDTPGHTLSWGKGQKDLLTPCYSRQNKLD	PELSNKGSYSLHTLSWGKGQKDLLTPDSFGPINFX	0
YETTQHFIDIKEHLHIVKRDIDNLVQRNMPSNEKP	ETVRLVSIDIKEHLHIVKRDIDNLVQRXXXXXXXX	1
ESDDADEDYGRDSGPPTKKIRSSPREAKNKRRSGK	XXSDADEDYGRDSGPPTKKIRSSPREAKNKRRSGQ	1
STAVGIRGTNIVVLGVEKKSVAKLQDERTVRKICA	XXXXXXXXGSTAVLGVEKKSVAERTVRKIIFIGRI	1
VGEGPGVCWLAPEQTAGKKKPFVYTQGQAVLNRAF	XXXXXXXFWLAPEQTAGKKKPFVGFIGDLAEPCLI	0
KKLYKHEIHKLKDMTCLKPSIESPLRQNRSRSIEE	XXXXXXXXDCEPKMTCLKPSIEREEEQDDGLRLNA	0
SYFKSSLDRKLLELLWNKYWVNTLSSSSLLTNADY	GKVKSSLDRKLLELLWNKYWVNTLSSSSTSKLFXX	0
EFELLGKAYGKAKSIVDKEGVPRFYIRILADLEDY	EELTLGKAYGKAKSIVDKEGVPRFYIRLNDFESHI	1
KYSPKFEIYSENILNSLKDITVKGPSLLNANLLDS	FQVNAMEYPSENILNSLKDITVKXXXXXXXXXXXX	0
FVNLVARHPLFSEDVVLKLFLSFSGSDVQNKLKES	VFMLVNVARLFSEDVVLKLFLSFSVKLSAXXXXXX	0
QNLQPQYQFRDYFIATCKQGYQLIEGNQVLHSFTA	XKTLDEFTIIQNLIATCKQGYQLIVLHSFTMPRCK	0
WNEVLNKAGPNASIISLKSDKKRKLEAKQEPKQSK	WNEVLNKAGPNASIISLKSDKKRKLEAKXXXXXXX	1
PAILRHKALLEPTNTPFKSKHHLALSVKRLWQYLV	WPQNYIASALEPTNTPFKSKHHLALSVKRLWQXXX	0
ETILRPLNVEPPLTDLQKSEELIKKEMITMLHYDL	ETILRPLNVEPPLTDLQKSEELIKKEMITMLYHNP	0
KKYDEAIKCYRNALKWDKDNLQILRDLSLLQIQMR	VCWHVGIKCYRNALKWDKDNLQILRDLSGYRETRY	0
NISLPKAIKLDLITSDLKREIQEVQAFTGNFVDLI	QISLPKAIKLDLITSDLKREIQEVQAFFVDLIAEG	0
NGVKQIKTLIEKTNEERKTLLSNLEEAKKKKEDAL	XXXXXXXXLIEKTNEERKTLLSNLEEAKLDMQDHF	1
IHKLRENVFQEHQTLKEKELETGPKASHGYGGKFG	XHKLRENVFQEHQTLKEKELETGPKASHGYGEDRK	1
KNYDPYKPLDITPPPDQKASSSEVKTEGLCPDSAT	XXXXQWKRLDITPPPDQKASSSEVKTEGKLGGKPG	0
RDQLIWSVVRHYSEQFLKQMYVLVLGLDVLGNPFG	GALIFKLAVRHYSEQFLKQMYVLVLGLNFXXXXXX	0
ASGVAVSDGVIKVFNDMKVRKSSTPEEVKKRKKAV	XXXXXXXXGVIKVFNDMKVRKSSEVKRKKAVLVAL	1
PEGKVTKRKHDNEGSGSKRPKVEYSEEELKTHISK	PEGKVTKRKHDNEGSGSKRPKVEYSELKFTVPMLK	1
SKAYQSTFTGETNTPYSKQFVHSKSSQYRRLRTEW	HTLNSTSMSKETNTPYSKQFVHSKSSQYRRXXXXX	0
SPVQFENLEEIFDTSVSKEISDDITSDITSWEGNT	XXXXXENLEEIFDTSVSKEISDDITSDITSWFDGP	0
EDFKIFLTAQAWELSSHKKQGPGLLSRMGQTVRAV	EDFKIFLTAQAWELSSHKKQGPGLSRXXXXXXXXX	0
FSVNLDVKHFSPEELKVKVLGDVIEVHGKHEERQD	XXXXXXSVNLVPEELKVKVLGDVIEVHGKFHRKYR	1
AFTCYLDAGLARTTTGNKVFGALKGAVDGGLSIPH	NYAAAYCTGAARTTTGNKVFGALKGARFPHHIGXX	1
WARHVGPEGRLQQVPELKNRIFSGGLSPSLRREAW	XXGPPVTEWHLQQVPELKNRIFSGGLRAWKFLLGS	0
KKVTLGDTLTRRSISQQKSGVSITIDDPVRTAQVP	KKVTLGDTLTRRSISQQKSGVSITIDDPVTQXXXX	1
EQSGSSCVPCPPGHYIEKETNQCKECPPDTYLSIH	MSCRACALGCVPCHYIEKETNQCKECLHQVYGKEA	0
ENLHDPDKVSSVLALVGKAHALKHKVEPVYFKILS	XXXYRVAKVSSVLALVGKAHALKHKVEPVYFIYSH	0
SWSYQTPPSSPSTTMSRKSSVCSSLNSVNSSDSRS	SWSYQTPPSSPSTTMSRKSSVCSSLNSVNSSDSRS	1
QEFYVSRMETSTVLKDLKPETEYVVNVYSVVEDEY	FRYYPVSGGKRQVLKDLKPETEYVVTEKTLPVPGL	0
LKSPQAVLQLGVNNEDSKSLEKVLVEFSHKELFDF	CKLETVGLQLGVNNEDSKSLEKVLVXXXXXXXXXX	0
ECEVKCMPTFQFFKKGQKVGEFSGANKEKLEATIN	LVASECEVTFQFFKKGQKVGEFSTIELVXXXXXXX	1
EEETPAAKALLQAKASGKTSQVGAASAPAKESPRK	XXXXXXXXALLQAKASGKTSQVGAASAPAKESPRA	1
ETLKRAKEIGFSDKQISKCLGLTEAQTRELRLKKN	LKGLNSMLAKFSDKQISKCLGLTEAQTRLREXXXX	1
RAIETTDIISRHLPGVCKVSTDLLREGAPIEPDPP	TAIETTDIISRHLPGVCKVSTDLLYYEIFICXXXX	0
ESFTDGPEKELDLFTYLKHCAKNIKAKDVAKPNED	GIQLCASIKELDLFTYLKHCAKNIKAXXXXXXXXX	0
GQWNDVPCNYHLTYTCKKGTVACGQPPVVENAKTF	ECRLQGAHLTSGTDTCKKGTVAEIGNGXXXXXXXX	0
GILTGPGDVSLSTSQVQKELQSINQKWVELTDKLN	EAAQGILTVSLSTSQVQKELQSINQKWVXXXXXXX	0
GNQPKVASGCLDINSSVKGARFVRFCDAFNIPLIT	AKNIIVGVGNLDINSSVKGARFVRFHGKLAXXXXX	1
VLAVEVAEEKEQKQESSKIPESSSDKVAGDIFLVE	KPESMKEFRLEQKQESSKIPESSSDSCVSLETLGS	1
GKRVAGGPQMIQLSLDGKRLYITTSLYSAWDKQFY	LSLDRFLYQGIQLSLDGKRLYIQVDVDTVKGGLKL	1
LSATWEVMEKCKDAGLAKSIGVSNFNCRQLEMILN	DYVDLYLMEKCKDAGLAKSIGYKPVCXXXXXXXXX	1
VELFENLSEKLQTFLETKTQALTEVDVPGKDVTEL	XXXXXXXXEKLQTFLETKTQALTEVYMQESTSEFL	0
LMEPPFQNQKKFGTNFTKLEKKTIRGKKYDSDSDD	LMEPPFQNQKKFGTNFTKLEKKTIRGKKYDSXXXX	1
LDPRAARHLTLACHYDSKLFPPGSTPFVGATDSAV	XXXXXVVRTPGSNHYDSKLFPPSTPFVGATDSADG	0
VSITEHPKINEWLTLVEKEMRVTLAKLLAESVTEV	VMFKTPVSHNEWLTLVEKEMRVTLAKDVLQGFEYV	0
WEYSDYNIKLCEDAVLNKKLMRKLQESKFDVLLAD	SSEVYPTSKLCEDAVLNKKLMRKLQESKCGLLAEL	1
SGLSAGKSDVYYFSPSGKKFRSKPQLARYLGNTVD	PGWKKEEVDVYYFSPSGKKFRSKPQLARYLGVFGX	1
EEKVFEPNEEALGVVLHKDSKWYQQWKDFKENNVV	XXXXXXXXXXALGVVLHKDSKWYQQWKDCYEATYS	0
CDPLVPLMFGSLTVEKLKTLVNPANVTFKTYEGMM	NRDISILQFGSLTVEKLKTLVNPANVTFKXXXXXX	1
DERRESATADAGYAILEKKGALAERQHTSMDLPKL	SQKVSMATADAGYAILEKKGALAERQHXXXXXXXX	1
PSSASSSSSSSSSPFKFKLQPPPLGRRQRAAGEKA	RPDKCPLSSSSSSPFKFKLQPPPLGRRQXXXXXXX	1
LDFEQEMAMVASSSSLEKSYELPDGQVITISNEWF	KEKLCYEMMVASSSSLEKSYELGQVITISNEWFRC	0
CFKRHGAEVIDTPVFELKETLMGKYGEDSKLIYDL	XXXXXXXXXXXTPVFELKETLMGKYDSKLIYDLKD	0
AFTGSTEVGKLIKEAAGKSNLKRVTLELGGKSPCI	IDKVAFEVGKLIKEAAGKSNLKRVTLNXXXXXXXX	1
TPRKAKKYYLRVIIWNTKDVILDEKSITGEEMSDI	XXXXXXXXXXXXXIWNTKDVILMSIYVHSLDGEGN	0
KAEDKKTALPAGLSATEKADAHEEDELRAAEEQRI	QSKMKKTALPAGLSATEKADAHEEDELRAAEEQRI	0
EFPFGLEPRVATRWDIQKYAREAYNLGVRYIGGCC	XDPTISLPAHATRWDIQKYAREAYNLIGGHIRAIA	1
MMKTWTLQKGFPLVTVQKKGKELFIQQERFFLNMK	XXXXXXXXXXXXXVTVQKKGKELFIQYVTEGRSGV	0
NRNHLLHVFDEYKRISQKDIEQSIKSETSGSFEDA	KKTFLLHVFDEYKRISQKDIEQSIKSETELLVKRX	1
LKAEREKRKNRTAELLAKKQPLKTSEVYSDDEEEE	LKAEREKRKNRTAELLAKKQPLKTSEVYSDDEAMT	1
VLKTSPVADAAGWVDVDKETLQHRRYPNVFGIGDC	XXXXXXXXXXXDWVDVDKETLQHRRFGIGDCTNLP	0
VLKNIAASGKFSSDRTIKEYAQNIWNVEPSDLKIS	NKTNGTKDLKFSSDRTIKEYAQNIWNVEPSDXXXX	1
KMITMYGNRILTLGEVPKDQVYALKLKGISICFSM	XXXYHDPATILTLGEVPKDQVYALKLKGISILLLS	0
EADPELSKFLYQLHETEKEDLIREERSRRERVRQS	IMGMELSKFLYQLHETEKEDLIREERSRRERDXXX	0
ICAHGNDDLLPPVDRIDKNSTASYLKNYPLYRQDY	KRDQTASDLLPPVDRIDKNSTASYLKNYPXXXXXX	1
QLSELLKKQAQFYENIVKVIRPKPDYFAVGYYGQG	KMWEAIKKQAQFYENIVKVIRPKVSEQIVSFDPRS	0
QMFMPFGNVVSAKVFIDKQTNLSKCFGFVSYDNPV	HLPQEFGDQDLAKVFIDKQTNLSKCFGFXXXXXXX	1
LLASLVKRLGDKHATLQKSTKEVRSSIRQVSDVQK	GAASLVKRLGDKHATLQKSTKEVRSSIRQVSDVXX	1
LSRIHTIPTVPIVDCFQKIRQQVKCYLQLAGVMGK	LDILSRIHIVPIVDCFQKIRQQVKCYVITMFXXXX	0
TFLCQPLDVLKTRLMNSKGEYQGVFHCAVETAKLG	KLRSGMLDVLKTRLMNSKGEYQGVFHCAVETLXXX	1
RKSLFKLRSTWDEIFPLKKLYALDVRVNSLDPAWP	TKNLVAFRSTWDEIFPLKKLYALDVRVNPIKPLPP	0
VELSQLRVAKVTGGAASKLSKIRVVRKSIARVLTV	VELSQLRVAKVTGGAASKLSKIRVVRKSIARVLXX	1
NREAQMAAKLERLREKDKHIEEVRKNKESKDPADE	NREAQMAAKLERLREKDKHIEEVRKNKESKDPADE	1
EENSLSHLEKLNQQLLSKDEQLLHLSSQLEDSYNQ	EENSLSHLEKLNQQLLSKDEQLLHLSSQLEDSYNQ	0
AYAINSYTRSKAAWEAGKFGNEVIPVTVTVKGQPD	XATRTPYTRSKAAWEAGKFGNEVIPKEDYMNINGG	1
GQIIDIESAQISDAGIYKCVAINSAGATELFYSLQ	WYKDNRLLGQIIDAGIYKCVAIATELFYSLXXXXX	0
SKVIYDFIEKTGGVEAVKNELRRQAPPPPPPSRGG	FDMCIYFIEKTGGVEAVKNELRRQAPGIVGALXXX	0
TFNPSSDVAALHKAIMVKGVDEATIIDILTKRNNA	XXXXXXDVAALHKAIMVKGVDEATIIDILYTKPLD	1
SEEELQKRSFPDPVTDCKPPPPAQEFQTARLFLSH	PKNELQKRSFPDPVTDCKPPPPAQEFXXXXXXXXX	0
KPGQVCQPSGGILSCVNKDPCHGVTCRPQETCKEQ	KPGQVCQPSGGILSCVNKDPCHGVTTCKEQGGQGV	0
ELSKLGKAHATTSNTVSKLLEKVRKVSVNVKTVRG	XLSKLGKAHATTSNTVSKLLEKVRKVSVNVKTVRL	1
NVTIESVADYFKQIGIIKTNKKTGQPMINLYTDRE	NTIFIEVADYFKQIGIIKTNKKTGQPMINATVSFD	1
IDPIHEPPSLPPEPKTTKLGQRRESSRPVKPPKKD	PVQSHPPIILPPEPKTTKLGQRRESSPVPQQPPQQ	1
GQPALKTEERKAKPAPSKTQARPVGVKIPTCKITL	VQPALKTEERKAKPAPSKTQARPVGVKIPGGKGET	1
TSPYPVILSFENHVDSAKQQAKMAEYCRSIFGDAL	RPPEEEPFPLRNHVDSAKQQAKMAEYCRSNRVNAT	0
KPEKEASNSSRETEPPPKAALKEWNGVVSESDSPV	XXXXXXXXSSRETEPPPKAALKEWNGVGRKAARVL	1
FILVENTYEEVVLQTVMKDILQAVKEAAVQRKHNL	KRFRELLSIEVVLQTVMKDILQAVKEVQDEEVGLX	0
KAYDLLSKASVQFVDYNKRQMSRIYPKGTRMDSSN	FPLFSANRSIVQFVDYNKRQMSAGCQLKHEFMRRP	0
MPEALKSLIFPNFEPLHKFHTNFLKEIEQRLALWE	DLEVITSQIFPNFEPLHKFHTNFLKEINIGMKHLA	0
NVSLGQGQETVAEVALEKASKGGHWVILQNVHLVA	ISGKFHNVETVAEVALEKASKGGHWVILLLLRFSQ	0
LVCFSVVSPSSFENVKEKWVPEITHHCPKTPFLLV	RRPFLVCFPSSFENVKEKWVPEITHHCFLLALXXX	1
PDQCHTVTCQPDGQTLLKSHRVNCDRGLRPSCPNS	WTLPDQCHTVTCQQTLLKSHRVNCGXXXXXXXXXX	0
GTGKNFVSQIVAENLHPKGLKSNFVHLFVSTLHFP	LNALDFVSQIVAENLHPKGLKSNFVHLCNSVFIXX	0
SISHVAHVTITTKTADGKCAYRASYSDGKLKAPPK	IRKEDLDVTITTKTADGKCAYRASPPKPCAGNQGT	1
HRGLSPAQADSQFLENAKRLSMYGVDLHHAKDSEG	DILPCTHLLDSQFLENAKRLSMYGVCANXXXXXXX	0
TVQIHDITGKDCQDIANKGAKQSGLYFIKPLKANQ	XXXIHDITGKDCQDIANKGAKQSGLYFIKPLVYCE	1
KDDIQALDIFLANLPEAKCSEEVSPMQLIKQNIFG	LRFSQALDIFLANLPEAKCSEEVSXXXXXXXXXXX	0
IIRVKRYEKVPVILVGNKVDLESEREVSSSEGRAL	ALQFEVYSLVNQSFVGNKVDLESEREVSSMETSAK	0
TAERITEFCHRFLEGKIKPHLMSQELPEDWDKQPV	KPESEIEFCHRFLEGKIKPHLMSGEVEAVKXXXXX	1
DHEDGLNLNEDLENFLQKAPVPSTCSSTFPEELSP	MSLKVLDHEEDLENFLQKAPVPSTSGSPASPMGXX	0
HYYSEREGLQDIVIGIIKTVAQQIHGTEIDMKVIQ	FFVNVRFLLQDIVIGIIKTVAQQIHGTEIDMKFLI	0
VSITEHPKINEWLTLVEKEMRVTLAKLLAESVTEV	FKTPVSIHINEWLTLVEKEMRVTLAKLLXXXXXXX	0
GLHCYKKGIHYWEVELQKNNFCGVGICYGSMNRQG	XXXXXXVVASVAEVELQKNNFCGVVEWFNTKISTK	0
EQTKDKLEQAQNELSAWKFTPDSQTGKKLMAKCRM	XQTKDKLEQAQNELSAWKFTPDSQTGKKLMAKCRM	0
ILGNPLTPGVTQGPQIDKEQYDKILDLIESGKKEG	EEENGGWEQTQQGPQIDKEQYDKILDLPWNKGYFV	1
ITYRDYLPLVLGPTAMRKYLPTYRSYNDSVDPRIA	XXXXYRLPLVLGPTAMRKYLPTYRFCGLKRKGVGP	1
TFTIPANREFKSEKGRNKFVTVQATFGTQVVEKVV	PGKIPANREFKSEKGRNKFVTVVVLVSLQSQQRAE	1
VYSVVEDEYSEPLKGTEKTLPVPVVSLNIYDVGPT	LKDLKPETEYVVNKGTEKTLPVPXXXXXXXXXXXX	0
QAVLPRELYPVEFRNLLKWYAKEFKDPLLQEPPAW	LQAVLPREYPVEFRNLLKWYAKEFKDPLLQEPFKG	1
LKREINNSHIQEVVQVIKQMTENLERHQEKLEEKQ	KLEKRNNSHIQEVVQVIKQMTENLERHQEKXXXXX	0
SKQEKDGTEKRGRGRPRKQPPVSPGTALVGSQKEP	SKQEKDGTEKRGRGRPRKQPPVSPGTALVGSTPKR	1
AGGPPARRGGAGAGGGWKLAEEESCREDVTRVCPK	XXXXXXXXXXXXAGGGWKLAEEESCREDVTCPKHT	0
NFKKRWFRLTNHEFTYHKSKGDQPLYSIPIENILA	RKNFKKRWFRLTEFTYHKSKGDQPLYSILYIQANX	0
SNVNVELLNALHSHMINKRMLTKDLKNGMIIPSMY	VEIGKGSFTYFHSHMINKRMLTKDLIIPSMYNGLN	1
PGDASDLQGRQLLAGLDKVASDLDRQEKAITGILR	XXXXXXDFGRQLLAGLDKVASDLDRQEELRIEPEK	0
VSVPSNLSYGEWLHGFEKKAKECMAGTSGSEEVKV	VSVPSNLSYGEWLHGFEKKAKECMAGTSLELDXXX	0
EVEVSIPAKLHNSLIGTKGRLIRSIMEECGGVHIH	XXXXXIPAKLHNSLIGTKGRLIRSIMEEVHIHFPV	1
KSAYHQYLQTSQSHSSEKGARFGGIFQEPVSKYFR	XXXXXVPMQTSQSHSSEKGARFGGILNGVLIKCLG	0
FDRGYISPYFINTSKGQKCEFQDAYVLLSEKKISS	FDRGYISPYFINTSKGQKCEFQAPLVRQVVAVEVI	1
TMADLCLVPQVANAERFKVDLTPYPTISSINKRLL	AITCGFNVPQVANAERFKVDLTPYISXXXXXXXXX	1
IDLLDRLLIVSTTPYSEKDTKQILRIRCEEEDVEM	QASGMVGQLGTGTPYSEKDTKQILRIREDAYTVLT	1
NTAPLPVKSIVLQAAVPKSMKVKLQPPSGTELSPF	XKGPELSLADVLQAAVPKSMKVKLMLLANPLKEKV	0
PRQLNDVKTTVVYPATEKHLQKYLRQDLRLIRETG	HGKEDAVVITVVYPATEKHLQKYLRQDRDDXXXXX	1
SSPEYTPTSPKYSPTSPKYSPTSPKYSPTSPTYSP	SPASPSPTSPKYSPTSPKYSPTSPKYSPTXXXXXX	1
PKVGVEVPDVNIEGPEGKLKGPKFKMPEMNIKAPK	IKSSGCDVSGPEIKGGLKGSEVGFHGAAPDISXXX	1
KMSKSTGNFLTLTQAIDKFSADGMRLALADAGDTV	VDFLKLRMFLTLTQAIDKFSADGMRAFVEAMADAG	0
IRLVQDLPEELVHAGWEKCWSRRENRPYYFNRFTN	XRLVQDLPEELVHAGWEKCWSRRENRPYYFNRFTN	0
SKIWVNEETKLVYFQGTKDTPLEHHLYVVSYEAAG	CHLLTSGEWEVLYFQGTKDTPLEHHLYVVEIVRLT	0
DLVKIRFAVSDGLELRPKYNGILHCLTTIWKLDGL	XLVKIRFAVSDGLELRPKYNGILHCLTTIWKLMLQ	0
IKLFVESYELILQEGTFKAVARGPGGDPPYKIRYM	AIKLFVSYELILQEGTFKAVARPPYKIRYLVIEVS	0
SAKNPSIKSAEQLTTFLKHVVSVFKQSSSEGIHLE	FLQKVTLFSAEQLTTFLKHVVSVFKQGILEHLSQI	0
SRLSPAQGPPQPQSSAKKESFGGQGTKGKDPTSGA	QRLSPAQGPPQPQSSAKKESFGGQGTKGKDPTEAK	1
TAKEWFLQAAKDPSAVAKHFVALSTNTTKVKEFGI	PESSLFIKFLADPSAVAKHFVAGIDPQNMXXXXXX	1
PDQCHTVTCQPDGQTLLKSHRVNCDRGLRPSCPNS	WTLPDQCHTVTCQQTLLKSHRVNCGXXXXXXXXXX	0
MVVMHGYKAVKEALLDYKDEFSGRGDLPAFHAHRD	XXXXXXMKAVKEALLDYKDEFSGRNWKPHEATRDT	1
TKTTDVEGRLSALLQETKELKNEIKALSEERTAIK	KQELLQKTRLSALLQETKELKNEIKALSXXXXXXX	0
YAGTAEAIKALGAKHCVKEVVEAHVDQKNKVVTTP	VTVGHEQEKWATAKHCVKEVVEAHVDVTTPAFMCY	1
YFNYKRRHNLDNLLQQHKQKTSRKPREERDVSQCE	GRNWAIYKNLDNLLQQHKQKTSRKPRTNDVTRAGS	1
ITQLPDIQEKLHQLQMEKLPSRKAITEMISWMNNV	DTIRSNIQEKLHQLQMEKLPSRKAITEMKWIVDFV	0
VSLATRLLAQCSEVQLGKTTTAQDLVQHFKKLSTQ	NVSLATRLLAQSEVQLGKTTTAQDLVQHFAXXXXX	0
ILRDSHGVAQVRFVTGNKILRILKSKGLAPDLPED	SQIGVLRVAQVRFVTGNKILRILKSKGLAPPEXXX	1
QKPKISMQDVDLSLGSPKLKGDIKVSAPGVQGDVK	ISNVDVETDVDLSLGSPKLKGDIKVSAPDLNVAAP	1
RYYDILKKRLQLPVWEYKDRFTDILVRHQSFVLVG	XXXXXXXLRLQLPVWEYKDRFTDILVRFVLVGSGK	0
PYYLRVRRKNPVTSTYSKMSLQLYQVDSRTYLLDF	YEWKVYLRVRRKNSTYSKMSLQFRSIDDEISHTIE	0
ETCLVERDPATYNIATLKPLGEVFALVCDSENPQL	SILALTETCLVERIATLKPLGEVFIEFIKQVRLVS	0
GSINYDLLKTENLNDDEKLNNAKYAISMARKIGAR	LPVLDYLLKTENLNDDEKLNNAKYAISLPEDLVEV	1
RDVVNVYEPQLQHHVAQKKIPYVDTQGQLIKPDKP	GKIILESMAPDGSHVAQKKIPYIKPDKPNGIKMEX	0
PPFPERESSILAKLKRKKGPGAGSALDDGRRDPSS	EEIVLKISSILAKLKRKKGPGAGSALDAQXXXXXX	1
HHKDHFTKLAVEAVLRLKGSGNLEAIHIIKKLGGS	XXXXGEFRLAVEAVLRLKGSGNLEAIERLVTGVAL	1
IDSEMSKLAVSHEEFLHKLKSFSDWVSEKSKSVKD	XXXFPQITAVSHEEFLHKLKSFSDWVSHTKMQLET	0
TAHNGFSCSNCSMLSERKDVLTAHPAAPGPVSRVY	XXXXXXXXXNCSMLSERKDVLTAHPAALAGKASGW	0
NDVTTRLRENELTYYCCKKDLCNFNEQLENGGTSL	DACLINKCWKFEHCYCCKKDLCNFQGTSLSXXXXX	1
LRHVENDGYKTIYFFGDKTMPGGNDHEIFTDPRTM	TLTAPVGGGGDKRFFGDKTMPGGNDHEIFTGYSVT	0
VGKTSLVLRYCENKFNDKHITTLQASFLTKKLNIG	CVGKTSLVLRYENKFNDKHITTLQSDTAGQYDTNK	1
TERKKAVIEAEKIAQVAKIRFQQKVMEKETEKRIS	TERKKAVIEAEKIAQVAKIRFQQKVMEKETEKRIS	1
HLWLQRDTPITHISFHPKRPMHILLHDAYMFCIID	ESPDAIAPNTNNISFHPKRPMHILLIIDKSLDLLD	0
VSRYLPQDQLQDYQHFVKMKSALIIEQRELEEKIK	VDRREKVFQLQDYQHFVKMKSALIIEXXXXXXXXX	0
RNWKLIRDEGLAVMDKAKGLFLPEDENLREKGDWS	XXXXXIRDEGLAVMDKAKGLFLPEDWSQFTLNNAC	1
RQRQIQLAQKLEIMRQKKQEYLEVQRQLAIQRLQE	EKERLQLAQKLEIMRQKKQEYLEVQRQLAIXXXXX	1
VEQYLPLTEEELEKEAKKVEGFDLVQKPSYYVRLG	VEQYLPLTEEELEKEAKKVEGFDLVQKPSQRGPFY	1
YTFELSRRTHLPEVFLSKVLEPTLKSLGECCDVED	YGKKSLSITSLPEVFLSKVLEPTLKELFIKGCSPP	0
QDEGAEPLKQRVEASISKANSFLGEKASAGLLGAH	QVTAVTILHQRVEASISKANSFLGEKTALTKAPLX	1
DRGREDSLPKGHVIYEGKKGHVLSYEGGMSVTQCS	EVSEIIDGLSEQVIYEGKKGHVLSGGMSVLTSTTT	1
VPRSPFKVKVLPTHDASKVKASGPGLNTTGVPASL	XXXXPGMVRVLPTHDASKVKASTIDAKDAGEGLLG	1
LKGLPFEAENKHVIDFFKKLDIVEDSIYIAYGPNG	XXXXXVLAENKHVIDFFKKLDIVESIFVEFRNADY	0
GKHVVFGHVKEGMDVVKKIESFGSKSGRTSKKIVI	PSMCQPGICTEGMDVVKKIESFGSTSKKIVIXXXX	1
AVDGEPLGRVSFELFADKVPKTAENFRALSTGEKG	XXXXXXMVNPTFELFADKVPKTAENFRFEDENFIL	1
SIVGRPRHQGVMVGMGQKDSYVGDEAQSKRGILTL	XIVGRPRHQGVMVGMGQKDSYVGDEAQSKRGILTL	1
EQSKKSSLMVARSILNNKLISKKLERYLKGENPFT	STAFLYVKMVARSILNNKLISKKLERYLKNPFSEE	1
EPAVRGANTHLSTFSFTKVDVGQQPLRINGVKVYT	FIEKLFRETIEVTFSFTKVDVGQNCEIDLEIKCRA	0
AREEGIRLFAVAPNQNLKEQGLRDIASTPHELYRN	DGHVTGIKFAVAPNQNLKEQGLRDIAHRNDYAXXX	1
GLHFFNPVPVMKLVEVIKTPMTSQKTFESLVDFSK	QITSIAQDRFAGLHEVIKTPMTSQKTFESLVPVSC	1
LSAPSPSPSPSSKSSGKKSTGNLLDDAVKRISEDP	XXXXKLEIQESSKSSGKKSTGNLLDDAVKRERLSQ	1
TKAGLILFGNDDKMLLVKNIQLEDGKMILASNFFK	NTLGVVTKAGLILMLLVKNIQMILASNFEMXXXXX	1
VLGECLDHFGPGCVGVQKILNARCPLVRFSHQASG	ILSVLGECLDHGCVGVQKILNARCPLVRFSQCDLT	0
LLSDVVPFKVPGKDTVTKDNGIRPSSLEQMAKLKP	DEGLLSDVVPFKVDTVTKDNGIRTDGASLGXXXXX	1
ETLNVNFLLRMDRAHEAKIRYYTYLIMNKGRLLKA	GPHDSNYLLRMDRAHEAKIRYYTVREPGQDYYTLI	1
ADDKYNDTFWKEFGTNIKLGVIEDHSNRTRLAKLL	XXXXXPKYLWKEFGTNIKLGVIEDHNRTRLAKLLR	1
SDDKKPFKCFTPKGSSLKIEERAEFLNKSVQKSSG	QKMPEDGKCFTPKGSSLKIEERAEFLNKSVQKSSG	1
EHWLCHRKLVTTSETYVKTMSLQQVINARNALAKH	QMEHWLCHRKLVTETYVKTMSLQQVINAPVYEEQD	0
RHRLVVGSQARILYSDQKGRVAIAVAINQAIACRR	GFAVLEAIDVVKYYSDQKGRVAIAVAARLMLSWDV	1
AYRVTLNPPGTFLEGVAKVGQYTFTAAAVGAVFGL	AYRVTLNPPGTFLEGVAKVGQYTFTAAAVTLGART	0
VELALVVMKDLSQNFPTKARAITKTAVSSELRTEV	LSQTRIVMKDLSQNFPTKARAITKTPVMLKSFMPX	1
VVTEQPSTSSAAKTFITKANASAIPGKTILENSVK	PSRKLNGKYSAAKTFITKANASAIPSFSHGTRNNS	1
AEKLITQTFSHHNQLAQKTRREKRARQEAERREKA	DVKLITQTFSHHNQLAQKTRREKRARQEAERREEE	1
QAKLLKADLHGAIISVTKSKCPSYVGITGILLQET	XXXXXXXXXXXXIISVTKSKCPSYVGITGIFVIPK	0
LGDPSKNLLLAEVINIIKREDLLNNAAHAGKALLT	CTGKFWKMLLAEVINIIKREDLLNNAATLVXXXXX	1
NNIKSMFIACAGKKTADKAVDLSKDGLLGDILQDL	XXXXXXFIACAGKKTADKAVDLSKDGLLGDILQDL	1
KSKVEKKKKEKVLATVTKPVGGDKNGGTRVVKLRK	EKPDTKKKKEKVLATVTKPVGGDKNGGTRVVKLRK	1
VGNYMNSGSRNAQSLGFKINFLCKIRDTKSADQKT	EPELCFWLEVLGNSLGFKINFLCKILGEYFIFDST	0
EVNKVYYFSKGTLKIANKQFTAVKNDYEMTFNNET	FSLELGEIRATTLKIANKQFTAVKNDYEMTDSLGL	1
TSISSPQPGKLRSPFLQKQLTQPETHFGREPAAAI	QRYEQPQPGKLRSPFLQKQLTQPETHFGREPPCLX	1
GDISAVQPKAAGSSLLNKITNSLVLDIIKLAGVHT	GIGDISAVQAAGSSLLNKITNSLVLDNCFVVSASL	0
AGETKPSSSLSIGSIISKSPLASPAPQSTSFFSPS	SKEEYHLYDGHLGSIISKSPLASPGIVDLSRERYS	0
EFAIREGTNQHHRALGKKAEDLFQDAYYQSPETRL	YLFAREGTNQHHRALGKKAEDLFQDAYYQSTMLVQ	1
FHDISPQAPTHFLVIPKKHISQISVAEDDDESLLG	FGKIIREDDRCLAVIPKKHISQIVAEDDESLLGHL	1
KGDYHRYLAEFATGNDRKEAAENSLVAYKAASDIA	KGDYHRYLAEFATGNDRKEAAENSLVAYKFVFYYE	1
FKEAADTERLALQALTEKLLRSEESVSRLPEEIRR	XXXAADTERLALQALTEKLLRSEESVSRLPEEVEL	1
RLSIALRIQPNDGPVFYKVDGQRFGQNRTIKLLTG	XXXXXXXXXXXXXPVFYKVDGQRFGQNRTIKLLGE	0
AKDKTGSSDPYVTVQVSKTKKRTKTIFGNLNPVWE	YECEGSAKITIVTVQVSKTKKRFHFECHNSSDRIK	0
NLKVLNLSHNNIYTLTDKYNLESKSLVELVFSGNR	GVTHHLEFIQNIYTLTDKYNLESLLWDNRYISIFK	0
AARLAKEAKSETSGPQIKELTDEEAERLQLEIDQK	XXXXXAKAKSETSGPQIKELTDEEAERLLSRSMVE	1
VLIREFWEIVHSFTDEQKRLFLQFTTGTDRAPVGG	FQALEFWEIVHSFTDEQKRLFLQFTTGTDRALKLL	0
AKEMSEFLSRGPAVLATKAAAGTKKYDLSKWKYAE	DHFASEFLSRGPAVLATKAAAGTKKYDLSKAACRE	1
LRKAKKEAPPMEKPEVVKTHLRDMIILPEMVGSMV	KQHSLLKRLRKAKPEVVKTHLRDMMSMVGVYNGKT	1
QSGTHCLWTDQLLQGSEKGFQSRHLACLPREPGLC	SLAQRPCWTDQLLQGSEKGFQSRHLASLRXXXXXX	0
IDHSIQVDFNRRADSLQKNQDLEFERNRERFEFLK	XXXSIQVDFNRRADSLQKNQDLEFERNRPGSLSDV	1
KDAIFQGLTQDQGFYTSKDFLPLVAKGSKAGMCAC	TSEIPGLPEPNKQFYTSKDFLPLVAKVDTADCSVI	0
LIIDPSGQATEFIMNEYKDRKITRTSFLDDAFRKN	SSLALKGQATEFIMNEYKDRKITRTNAFGNPLLVS	0
VLQTFGPIPEFSRATAEKVNQDMCMKVPDDPEHLA	SPSDLDLIPEFSRATAEKVNQDMCMKVPDDLXXXX	1
NVLKLKVNFLPEIITLSKEVRNLKWLGFRVPLAIV	PPVSGSWAVLPEIITLSKEVRNLKWLFVIVNKAHQ	0
GIPLFADQHDNIAHMKAKGAALSVDIRTMSSRDLL	PIIGIPMVGDNIAHMKAKGAALSVVYKENVMKLSI	1
RLEKERRAAEEAKSAIAKQAADQMKNQEQLAAELA	RLEKERRAAEEAKSAIAKQAADQMKNQEQLAAELA	1
KRAPVIWDNIHANDYDQKRLFLGPYKGRSTELIPR	XXXXXXXXXXHANDYDQKRLFNCEILFYLPDMYSY	0
KPKKVAPLKIKLGGFGSKRKRSSSEDDDLDVESDF	KPKKVAPLKIKLGGFGSKRKRSSSEDDDLDGEGLS	1
GFVTFDDHDPVDKIVLQKYHTINGHNAEVRKALSR	FVGGIYFYFPVDKIVLQKYHTIHNAEVRKAXXXXX	1
KAWNNPSPRVECVLAELKGVTCENREAVLDAFLDD	YRARELLYRVECVLAELKGVTCENREAVLAFPLLR	0
GQPGRKRRWGASTATTQKKPSISITTESLKSLIPD	STEGGQPRWGASTATTQKKPSISITTESLKSLTLT	1
VGDYQQLEERHLSIILEKDQLIQEAAAENNKLKEE	VGDYQQLEERHLSIILEKDQLIQEAAAENNKLKEE	0
AKENQDIRLLQAQLQAQKEELQSLMHQPKGLEEEN	LEENQDIRLLQAQLQAQKEELQSLMHQPKGLXXXX	0
TKAMDVYQKALDLDSSCKEAADGYQRCMMAQYNRH	EYAMDVYQKALDLDSSCKEAADGYQRCMMAXXXXX	1
GASKIRMLLGAEAVGLVKECNDNTMRAFTYRTRQN	XXXXXXXXXXLAEVGLVKECNDNTMRAFTYTRQNF	0
VDKLSGAVRIVQQLDFEKKQVYNLTVRAKDKGKPV	EDLHGEGNFIVQQLDFEKKQVYNEVEVVDVNENAR	0
QLIEVEIAKQALQNELEKMKELSLKRRGSKDLPKS	QLIEVEIAKQALQNELEKMKELSLKRRGSKDLPKX	1
LRTHLGLATNEDSSLLAKDSPPTPTMYKYRPGYSS	XXTHLGLATNEDSSLLAKDSPPTPTMYKYRHIVAS	0
LSEKEKKQISEQLNALNKAYHDLCDGSANQLQQLQ	VSEAIKQQISEQLNALNKAYHDLCDGSXXXXXXXX	0
KRALASFNQEERRKRENKILASFREMVYRKTKGKD	KRALASFNQEERRKRENKILASFREMVYRKTKGKX	1
IKVNWEEEAASGLLTSLKDNVPKATGVLYDYVNKY	PQSSLIEEAASGLLTSLKDNVPKATGVLYXXXXXX	0
FGPGPAKLPHSVLLEIQKELLDYKGVGISVLEMSH	XXXXXMPLPHSVLLEIQKELLDYKGVGISVLEMDF	0
KVLIFQEENEIPASVFVKQPVSGAVEGKEELPDEN	KVLIFQEENEIPASVFVKQPVSGAVEGKEELPDEK	0
PGPSPADKKRSGKKKISKADIGAPSGFKHVSHVGW	PAPGPSADKRSGKKKISKADIGAPSGFKXXXXXXX	1
KKNKNVTNRSKGTAEKLKPEDITQIQPQQLVLRLR	XXXKNVTNRSKGTAEKLKPEDITQIRAEDYPIDRT	0
EVFTRFCTGLTQIETLFKSKDYEFMWNPHLGYILT	LSSLHLCTGLTQIETLFKSKDYEFMWNYIXXXXXX	0
TAGNSEFLGKTPGQNAQKWIPARSTRRDDNSAANN	XXXXXXXXGKTPGQNAQKWIPARSTRRDDNSANNA	1
ELKEHGPENIVMAIAGNKCDLSDIREVPLKDAKEY	SIRFHVYDITKQSFAGNKCDLSDIREVPLVETSAK	0
EQMADLHLYNQKLREKLKEEENTVGRRGEGAEPQY	XXXTDLHLYNQKLREKLKEEENTVGRRGEGAEPQY	1
IKNAIANASTLAEVERLKGLLQSGQIPGRERRSGP	IKNAIANASTLAEVERLKGLLQSGQIPGXXXXXXX	1
LNEVIEKLQQELANIGQKTSMNAHSLSEEADSLKH	LNEVIEKLQQELANIGQKTSMNAHSLSEEADSLKH	0
EENSLSHLEKLNQQLLSKDEQLLHLSSQLEDSYNQ	LLTSLSHLEKLNQQLLSKDEQLLHLSSQLEDSXXX	0
SDGEYDEFGRKKKKYRGKAVGPASILKEVEDKESE	SDGEYDEFGRKKKKYRGKAVGPASILKEVDLSKYK	1
KLQLHESQKDYKTGFGGKFGVQSERQDSAAVGFDY	XXQLHESQKDYKTGFGGKFGVQSERQDSAAVGFDY	1
AVTCGMPAEEVRRKNLYKEGDLTHFNQKLEGFTLP	TVDNCYKIPEVRRKNLYKEGDLTHNQKLEGFTLPR	1
RFSCKITGRPQPQVTWLKGNVPLQPSARVSVSEKN	XXXXXXXLRVGRFVTWLKGNVPLQPSRVSVLEIVN	0
NLDDSQWEDIHVVTGALKMFFRELPEPLFPYSFFE	YRVSGLIQRIHVVTGALKMFFRELPLLLLIVFGPT	0
MKVAIVKPGVPMEIVLNKESRRKTPVIVTLKENER	XXXXXXXXSMKVAIVLNKESRRKTPVIRFFGDSAA	1
VAETPRARHTLDELNPQKSKHQGVRKAKWHLGIRS	VAETPRARHTLDELNPQKSKHQGVRKAKXXXXXXX	1
AQGEPVAGHESPKIPYEKQQLPKGRPGPVAGHHQM	LCRAGEPVHESPKIPYEKQQLPKGRPHHQMPRVQT	1
PTSPLRTRFVYHLSDLCKKCDPTEVELDNQIVTAT	CKCARITSIVYHLSDLCKKCDPTATQSNICDEDSA	0
AGAAVDELGKVLTPTQVKNRPTSISWDGLDSGKLY	XXXXXTYAGAALTPTQVKNRPTLHFDYVGSGPYNR	1
ACFEPANQMVKCDPRHGKYMACCLLYRGDVVPKDV	XXXXXXIPLFPCDPRHGKYMACKKRSIQFVDWCPG	1
LGGTNLDFQMEQYIYKRKSDGIYIINLKRTWEKLL	HLGGTNLDFMEQYIYKRKSDGIYIINLKRTNTDPC	1
LETYCTRNDIVNMLVGNKIDKENREVDRNEGLKFA	LRFPVYDVTRRTFLVGNKIDKENREVDRIEASAKT	0
IIPRHLQLAIRNDEELNKLLGKVTIAQGGVLPNIQ	AAPRHLQLAIRNDEELNKLLGKVTIAQGGVLPNXX	1
AKGKDAEAAEATAEGALKAEKKEGGSGRATTAKSS	EKGKDAEAAEATAEGALKAEKKEGGSDSSATCSAD	1
MIKSELATFDLSVQGSHKRSLSLGDKEISRSSPSP	DMKSELATFDLSVQGSHKRSLSLGDKEPXXXXXXX	0
RSCRGSCSRALAREVDLKDYEDQQKQLEQVIAKDL	LEVDIDIKIRLAREVDLKDYEDQQKQLEQVIAXXX	1
LKSESRVKLFYLDPDAQKLDFSSAEPEVKSFEEKF	QLKVVKLDLFYLDPDAQKLDFSSASKNIKNHSYHA	0
KSEEPAGQILSHLSSELKEMSTSNFESSPEVEERP	SPETKEQQILSHLSSELKEMSTSNFESSPEVEERP	0
VAEDNERYRLVSDTITQKVEEIDAAILRSQQFDQA	PKELKKEARLVSDTITQKVEEIDAAIXXXXXXXXX	0
PEAVSKKVESTGAVPEFKEEKLQLQPKPRSGAVEE	TKRLDLMVAAMLAVPEFKEEKLQGEPSDQAXXXXX	1
AKTNNFNVETLKGQAVRKQLWDVAHSVKEKFGKKL	FVRGHFYGETLKGQAVRKQLWDVAHSVIMRAIFST	1
FQVLVKSLKSWIKETTKKVPIVQPSFGAEDLGKSL	FQVLVKSLKSWIKETTKKVPIVQPXXXXXXXXXXX	0
RTLIVTHSNQALNQLFEKIMALDIDERHLLRLGHG	VAVQIISNIQALNQLFEKIMALDIDELLRLETFIA	0
ILAIHKEAQRIAESNHIKLSGSNPYTTVTPQIINS	QLHLHKEAQRIAESNHIKLSGSNPYTTXXXXXXXX	1
RYSDRNMQINRHQYCALKAMSAVLCCGPVADNVGL	NIQFFSWAFIRHQYCALKAMSAVLCIKVHQLGEAX	0
SRLQPVLQPLPSPGVGGKRDVVFLIDGSQSAGPEF	XXXXXXXXXLPSPGVGGKRDVVLDVGFDTTRVLNS	0
GSSYLLQEPPRTVSGRYKSTTSVSEEDVSSRYSRT	RRSTGLQEPPRTVSGRYKSTTSVSEEDVSSRYXXX	1
NDFKLVINKIAYDVQCPKREKPSNEHTAEMEHMKS	ALMDILLMNDFKDVQCPKREKPSXXXXXXXXXXXX	0
TYAMRVLFPGIEDHPVLKEMEVQANVEKSLTLFGQ	YRTYAMRLFGIEDHPVLKEMEVQVELSLTAQHLSQ	0
PLQTFTDEEMMIKSSVKKFAQEQIAPLVSTMDENS	XXXXXXXEEMMIKSSVKKFAQEQIAPLVSVGLFQQ	1
ILSCMVRLPRLQHLHQWKAKTTKQKHDGTVGLLTY	XXHTVVRLPRLQHLHQWKAKTTKQKHDGTVGLLTY	1
AAQLRILAGPAGDSNVVKLQRIEDLPTMVTLGNSF	DRYDAAQLRLAGDSNVVKLQRIEDLPTMVFXXXXX	0
AAKAPVKARILPQDVILKFRDKIEKMEKDVYAVLQ	RTMLLLMGLILPQDVILKFRDKIEKMEKXXXXXXX	0
AAEDEQVFLMKQQSLLAKQPATPTRASESPARGPS	AAEDEQVFLMKQQSLLAKQPATPTRASESPASVPS	1
EGSDGTDINALVRSHNRKVIAVADDFCKVHLFQYP	PPEKLTTYQVLVRSHNRKVIAVHLFQYPCSSFNDS	1
PDQCHTVTCQPDGQTLLKSHRVNCDRGLRPSCPNS	LPDQCHTVTCQPGQTLLKSHRVNETCGXXXXXXXX	0
EFADEVRLSFICTEVDCKVVHEFIGGYIFLSTRAK	VNWEIKMVTFICTEVDCKVVHEFIGGYLTSGWVXX	0
LKGILGTLNKSTSSRSLKSLDPENSETELERILRR	LEQRKLTLNKSTSSRSLKSLDPENSETELERIXXX	1
LDAQASFLPKELAAQTIKKSFSGKKGHVLFRPTVS	DIKLDAQALKELAAQTIKKSFSKGHVLFRPTQFKV	1
VENLQAVQTDFSSDPLQKVVCFNHDNTLLATGGTD	TMNLAAGQDAHCTDPLQKVVCATGGTDGYVEIEDL	0
PRTVLKPRKVCASGKRKKDEISVDSLDFNKKILHT	ENTVLKPRKVCASGKRKKDEISVDSLDXXXXXXXX	1
DKRQKIPARENPCEGGSKNRNYEDSVIQSVFRAKP	XMRKAMSARENPCEGGSKNRNYEDSVIQREYQKAE	1
DSKVNIIPIIAKADTISKSELHKFKIKIMGELVSN	XXXTPTGHIIAKADTISKSELHKFKIKIAHLPFAV	1
KQQELNKITTQLDQVTAKLQDKQEHCSQLESHLKE	LKQELNKITTQLDQVTAKLQDKQEHCSQLESHLIE	0
HPQPIDPLLKNCIGDFLKTLEDPDLNVRRVALVTF	KGYLIRSVVVNCIGDFLKTLEDPDLVRRVALVTFI	0
EPAKTQPAVATAATAAEKYKHRGEGERKDIVSSSM	FPSSDQPAVATAATAAEKYKHRGEGERKDIXXXXX	1
VGAYRTDDCHPWVLPVVKKVEQKIANDNSLNHEYL	XXXXXXXXXXPWVLPVVKKVEQKIANDSNFGLYNE	1
FRQDVDNASLARLDLERKVESLQEEIAFLKKLHEE	XRQDVDNASLARLDLERKVESLQEEIAFLKKLHEK	1
AVKLLNSSNIAEHPGFMKTGECLRCMFWNNLGCIH	SNQTTTHAPIAEHPGFMKTGECLRCNVCQLSSGRP	0
PVFEQKAEITLVATKPEKLAPSRQDIFQEQLAAIP	KALHPLAMAPLVATKPEKLAPSRQDIFQEXXXXXX	1
WVPRRGDQGPKTIDQIHKEAEMEEHREHIKVQQLM	STRGQGDQGPKTIDQIHKEAEMEEHREHIKVQXXX	1
TEAGPRLMSGKQAAAIIKAVDSKYTAIPIVGQVFQ	YSYQNRLMSGKQAAAIIKAVDSKYTAIXXXXXXXX	1
ETKALQGQISSQQVAVEKLKKTAEVLLDARGSLLP	SCGLLAGLISSQQVAVEKLKKTAEVLLIQTLDIVG	0
CADEISECYHKLDSLTYKIDECEKKKREDYESQSN	CADEISECYHKLDSLTYKIDECEKKKREDYESQSN	0
SASVLASRFDVSGYPTIKILKKGQAVDYEGSRTQE	PVAKILARFDVSGYPTIKILKKGQAVDYEGRIVKV	1
CIIGRTLVVHEKADDLGKGGNEESTKTGNAGSRLA	EERHGDLGNVHKADDLGKGGNEESTKTGNAGXXXX	1
LHKKSMDKSLEFITNCGKNSFYLDPQTASRFCKNS	NGFLYYEASLEFITNCGKNSFYLDPTASFCKSAHA	0
RLPDKNSSLDHPHCLSYKLELGSDQEIPSDWYPFA	AKSEPVIQVAKYVCLSYKLELGXXXXXXXXXXXXX	0
AVAECRNRLLQAGFSELKETEKWNIKPESKYFMTR	XXXXXXXVARNLLFSELKETEKWNIKSKYFMTRNS	0
LTHYDAKKKAAHAAKTVKHGAGAEISTVNPEQYSK	NMDYDAKKKAAHAAKTVKHGAGAEISTVNPQYRXX	1
HAVVSGRLAGENMTGAAKPYWHQSMFWSDLGPDVG	IHVVSGRLAGENMTGAAKPYWHQXXXXXXXXXXXX	0
KNNELLKNIQDVQSQISKIGLKDPTVPAVKHRKKS	XXXXXXXNIQDVQSQISKIGLKDAVHRKKSLIRLD	0
DHRNYDHILSTGCAPPGKNIYYKSDLTKDVTTSVL	SRTAEYGNRNHICAPPGKNIYYKSDLTKDVGDFKY	1
ICKAVLNPTNADILIETKLVLSRFEFEGVSSTGEN	XXXXXXXXXXXXXLIETKLVLSRFEFEEEVWLFWI	0
IDPLRQAIRLNPDNQYLKVLLALKLHKMREEGEEE	IYIPLRQAIRNPDNQYLKVLLALKLEGEKLVEEAL	0
EARLRLLSSVTAELPEDKPRLISGVSRPDEVLECI	AKRPVGGFLLTAELPEDKPRLGVDLXXXXXXXXXX	0
ILAALEKGCSFLPDPYQKQCDQFVAEYEPVLIEIL	ILAALEKGCSFLPDPYQKQCDQFVAEYEPVLXXXX	0
YSLSSTLTLSKADYEKHKVYACEVTHQGLSSPVTK	VDNALQLTLSKADYEKHKVYACTKSFNRGECXXXX	1
DGSVRARIVTDRETGSSKGFGFVDFNSEEDAKAAK	EETLKARIVTDRETGSSKGFGFVEIDGNKVTLDAX	1
NAEESSILETVTAVAAGKPLSCPNHDGNVMEFYCQ	NLMDVLQRETVTAVAAGKPLSCPHDGNVMEFYAMC	0
ASPQRARTPARTPDRLAKQEELERDLAQRSEERRK	RTPLKSPLPARTPDRLAKQEELERDLAQRSEERHH	1
RAEKDAEQKIEEQKTLDKAREKLEEKAKLYEKMTK	RAEKDAEQKIEEQKTLDKAREKLEEKAKLYEKMTK	1
DRYDEIRRHWGGNVLGPKSVARIAKLEKAKAKELA	QRAILYKRLKGGNVLGPKSVARIAKLEKAKAKXXX	1
LDDVRNRQQDVRMTANRKVEQLQQEYTEMKALLDA	XXDVRNRQQDVRMTANRKVEQLQQEYTEMKALLLK	1
IKEIKNYIQGINLVQAKKLVESLPQEIKANVAKAE	IKEIKNYIQGINLVQAKKLVESLPQEIKLGTXXXX	1
FGKATSIDPNTYITWIDKYQAQLVVLSAQIAWSEN	LAESVTEVPNTYITWIDKYQAQLVVLSPLRRRKLV	0
AKRMKALVEQGFTVPEIKTILGTMPAFEVSLQALQ	KVTWKLKTYSQDLVPEIKTILGTMPAFQTPDFIPR	0
AQESFAKLNLLEKEYFSKNKKLNEDIEEQKKVIID	AQESFAKLNLLEKEYFSKNKKLNEDIEEQKKVIII	1
MTPHGPDADCFEKASKVKLAPERIADGTMAFMFES	RPPYEAPADCFEKASKVKLAPERINPAEPNXXXXX	1
AKRGAAGDWGERANQVLKFTKGKSFRHEKTKKKRG	AKRGAAGDWGERANQVLKFTKGKSFRHEKTKKKGY	1
LKTGNWVRYCIFDLATGKAEQENNFPTSSIAFLGQ	GVHAVLKRYCIFDLATGKAEQENNXXXXXXXXXXX	0
KYGYTHLSAGELLRDERKNPDSQYGELIEKYIKEG	XXXXXXLSAGELLRDERKNPDSQYGELIEKYIKEV	1
TGSNACVPRPCSLLCLPKANNSRSCRCPEDVSSSV	GSAASNACVPRPCLCLPKANNSRSCRDXXXXXXXX	0
STAPLDRLKIMMQVHGSKSDKMNIFGGFRQMVKEG	XXXXXXXLKIMMQVHGSKSDKMNIGGQVLRAQMLE	1
NAGAGALSVTIDGPSKVKMDCQECPEGYRVTYTPM	VTGNPAEFVTIDGPSKVKMDCQRVTYTPMAPYLIV	1
VLLPGLQKLHDALDAKSKEFAQIIKIGRTHTQDAV	XXXXXXXKLHDALDAKSKEFAQIIKLTLGQEFSGY	1
HQLSSRRLLNFDTELSTKEMRNNWEKEIAAVISPE	RTQTGHVDRNFDTELSTKEMRNNWEKEXXXXXXXX	0
GSYSTQASAAAATAELLKKQEELNRKAEELDRRER	GSYSTQASAAAATAELLKKQEELNRKAEELDRRER	0
VSTQFPKYIQDIVASTLKLPANKVMCHVRRVGGAF	CPDQEMDYIQDIVASTLKLPANKVMGIAAVTAFAA	1
PGGSPSASRRKGRASEHKDQLSRLKDRDPEFYKFL	XXXXXXXSRRKGRASEHKDQLSRLKDRDPEFYKFL	1
LPDGSLFISNVVHSKHNKPDEGYYQCVATVESLGT	SDDRRQFISNVVHSKHNKPDEGYYKLIVXXXXXXX	0
RRTSSTLDSEGTFNSYRKEWEELFVNNNYLATIRQ	XXXXXXXDSEGTFNSYRKEWEELFVNYTIKQLSSR	0
RIEDLPTMVTLGNSFLHKLCSGFVRICMDEDGNEK	IAAGDSNVVMVGNSFLHKLCSGFGXXXXXXXXXXX	0
SHQISLDNPDYQQDFFPKEAKPNGIFKGSTAENAE	PAGVMLWYGDYQQDFFPKEAKPNGIFXXXXXXXXX	0
SKVVAKGLGLSKAYVGQKSSFTVDCSKAGNNMLLV	XXXXKPGLGLSKAYVGQKSSFTVGVGPCEEILVKS	1
FAEKKADVDAIHEYLLLKGVEAVAIHGGKDQEERT	PPPVLIDVDAIHEYLLLKGVEAVAKKDVLVYXXXX	0
AQAVEHRKKAQAELASFKVLLDDTQSEAARVLADN	AQAVEHRKKAQAELASFKVLLDDTQSEAARVLADN	0
RKKKKKIVKTSATALGDKGLKKNDSKSTGKNLDSV	XXXXXXXVKTSATALGDKGLKKNDSKSLAPVVSST	1
LEKWQKSIVEELCAWVEKFINVKAHHFQKRHKYSP	XXXXXXXXVEELCAWVEKFINVKAKYSPSDVFCKL	0
ESICNDPGIIAENIRQVKLGSPDYIDCDREKVLED	GKTYGYNYIIAENIRQVKLGSPDYIDCDREKVLED	1
CVLRDFQEYLAAVESSMKALLTDKESLKVGPLDSV	XXXXXXXXYLAAVESSMKALLTDKESLFSIKEKSL	0
EDNMALPSESVSSLTDLKPPTGSNQASPARRASAI	PHLQGAVSESVSSLTDLKPPTGSNQASPDVLLSXX	0
TITEPRGNEEAQIFRPLKFNTTSVIKIAVEPVNPS	KHAQERHTYTEKTFRPLKFNTTSPSLIENEDATGX	0
SNAQRQLIVKEYQAAYGKELKDDLKGDLSGHFEHL	RGTLRQLIVKEYQAAYGKELKDDLKGDLEMVVTXX	1
FWKPYIRKLYEKKLLKGKEENLTGFLEPGNFGESF	DPKPYIRKLYEKKLLKGKEENLTGFLEPGNFESXX	0
TWKGAIFGGFKSKESVPKLVADFMAKKFSLDALIT	CFSTYGKGGFKSKESVPKLVADFMAKKFXXXXXXX	1
KNWRHVYKALTLLDYLLKTGSERVAHQCRENLYTI	XXXMSIADTLTLLDYLLKTGSERVAHCQVLLDEER	0
QNRLTPEEIERMVNDAEKFAEEDKKLKERIDTRNE	TKETIAGEIERMVNDAEKFAEEDKKLKEXXXXXXX	1
PSSRLRTLWIWECGITAKGCGDLCRVLRAKESLKE	LGDVGMAELCIECGITAKGCGDLCRVLLNELGDEG	0
TMMFTFHKFAGDKGYLTKEDLRVLMEKEFPGFLEN	XXXXXXXFKFAGKGYLTKEDLRVLMEKLPLAVDKI	1
KKLVHKTLDMIKKIADEKYNDTFWKEFGTNIKLGV	IFVPTFVLDMIKKIADEKYNDTFWKEFGIKLLRFA	1
DGWTSRWIESKHKSDFGKFVLSSGKFYGDEEKDKG	XXXXWTWIESKHKSDFGKFVLSGLQTSQDARFYAL	1
RVHKISNVNKALDFIASKGVKLVSIGAEEIVDGNV	ISGERLAVNKALDFIASKGVKLVIMIWTIILRFAI	1
IAPDLTSQDKEDIASVVKELGIDGLIVTNTTVSRP	LLTLAVLVDKEDIASVVKELGIDGLIEMYALTQGR	0
TNGVAKSDQKQEQLLLKKMYLMLDNKRKEVVHKII	FKCKTLSDQKQEQLLLKKMYLMLDNKRKEYTYEHD	1
KLTEVPVEPVLTVHPESKSKTKTRSRSRGRARNKT	PQLQLQSQPVLTVHPESKSKTKTRSRXXXXXXXXX	1
QLLFKHFSQRAEVLQAFKQVQLLVSNQDVDNYKQI	ARLDRISMLRAEVLQAFKQVQLRLKNMGIEKLQDV	0
QLLFKHFSQRAEVLQAFKQVQLLVSNQDVDNYKQI	LDRISMLYARAEVLQAFKQVQLLRLKNMGIEKLQD	0
AVVKKQEAKKVVNPLFEKRPKNFGIGQDIQPKRDL	AVVKKQEAKKVVNPLFEKRPKNFGIGQDIQPKRDL	1
TSQELAEGQRRGSQGDSKQQNGPPRKHIVERYTEF	XXXSFTPGQRRGSQGDSKQQNGPPRKHIKSPSLED	1
TEPQPEMPDTVLQSETLKDTAPVLEGLKEEEITKE	VFVVVPFMETVLQSETLKDTAPVLEGLXXXXXXXX	0
NPVDILTYVTWKLSGLPKHRVIGSGCNLDSARFRY	IIIVDLTYVTWKLSGLPKHRVIGVSTMVKEVFLCI	1
DPKERLGCRPQTGFSDIKSHAFFRSIDWDLLEKKQ	WKHVGFLGCRQTGFSDIKSHAFFRSIDWDLLEXXX	0
RRNFGYTLRSVNDLYIQKQFPILLDFKTKVREYYF	XXXXXXXXXXXXDLYIQKQFPILLKEAQIADFSDP	0
YSFVFSRDPNGLPPEAQKIVRQRQEELCLARQYRL	YAVQFVFSRDGLPPEAQKIVRQRQEELCLARQYRL	1
GGVRKGTDVLKALALGAKAVFVGRPIVWGLAFQGE	VGVEVFLDVLKALALGAKAVFVKVIDXXXXXXXXX	1
PEAKKKNAKKGPSTPYTKSKRGHREEEQEDLTKDM	XXSPKKNAKKGPSTPYTKSKRGHREEEQEDLTKGK	1
FLIKRNKQTYSTEPNNLKARNSFRYNGLIHRKTVG	XXXXFLIQTYSTEPNNLKARNSFRYNGLTVGVEVV	1
ELIKTKQDEVNAAWQRLKGLALQRQGKLFGAAEVQ	DMAAHEEVEVNAAWQRLKGLALQRQGXXXXXXXXX	1
LPSRPPLPGSGGSQSGAKMRMGPGRKRDFSPVPWS	XPSRPPLPGSGGSQSGAKMRMGPGRKRDFSEWVKS	1
EESSNNLTQFQTVEAQLKQWLVEKELMVSVLGPLS	XXXXXXXXQFQTVEAQLKQWLVEKELMFRKQYEQL	0
GIVEGLMTTVHAITATQKTVDGPSGKLWRDGRGAL	XXXXXGRSGVHAITATQKTVDGPSGKLWRDGRGAL	1
KTEKHESQKDYVKGFGGKFGVQTDRQDKCALGWDH	XTEKHESQKDYVKGFGGKFGVQTDRQDKCALGWDH	1
GSAHAVLSSYWSQHLGKKEMHAFQCSHRGGELGIS	FDFHAVLSSYWSQHLGKKEMHALGISLRPDGRVDI	1
IKAKGVEILDEGHILQLKNIHVSDTGRYVCVAVNV	EWKLIKAKGVEILILQLKNIHVSDTGRYYDLSVHX	0
KQWRHSYTASYDIYDLNKRQLITEERIPNNTQWVT	SISPDGQFILLDIYDLNKRQLITEERGHKEPNLXX	1
SKPEGSLHSSPVGPSSSKGSGPPPTEEEEGERALR	XXXXXXXXXSPVGPSSSKGSGPPPTEEEEGERAAE	0
SCRKRITVEYLQHIVEQKNGKERVPILWHFLQKEA	LSPLEHLDEYLQHIVEQKNGKERVPILWHLQQEFD	0
ACAQGLVTEVFPDSTFQKEVWTRLKAFAKLPPNAL	GVYASDRAEVFPDSTFQKEVWTRLKAFAXXXXXXX	0
VKTDMEKLTFYAVSAPEKLDRIGSYLAERLSRDVV	RYKRLVKLTFYAVSAPEKLDRIGSYLALLLACHSQ	0
AHTEMPTTLEGAEAAIKKQEDFMTTMDANEEKINA	LAHTEMPTLEGAEAAIKKQEDFMTTMDATASELLM	1
QKLSDVTLVPVSCSELEKAGAGLSSLCLVLSTRPH	EHPLPLPSGADSCSELEKAGAGLSLXXXXXXXXXX	0
SIMRAALSGANVLTLIEKDIRTPNGLAIDHRAEKL	NWNEQHPSIMRVLTLIEKDIRTPNGLKLYFSDATL	0
CAGGDIRVISEAEKAKQKIAPVFFREEYMLNNAVG	TLNGDIRVISEAEKAKQKIAPVFFREEYRLSQACM	1
SVDDLCKKAVEHNIQIGKFSQLVMNRATVLASSYD	SALGVCKKAVEHNIQIGKFSQLVMNAXXXXXXXXX	0
HASYYKDALRFLGCVDIKDLPVSEQQERAFTLGLA	SVHSRYDALRFLGCVDIKDLPVSEQQERAFLLLMH	0
YMEENDQLKKGAAVDGGKLDVGNAEVKLEEENRSL	YMEENDQLKKGAAVDGGKLDVGNAEVKLEEENRSL	1
AQRAQFLVEKAKQEQRQKIVQAEGEAEAAKMLGEA	AQRAQFLVEKAKQEQRQKIVQAEGEAEAAKMLGEA	1
SSDESYTLLVKEPVAVLKANRVWGALRGLETFSQL	VSITLSDESYTLLVAVLKANRVWGALRGLFTIIDS	1
FLETGAENKIQELNAIYKEYESILNQDLMEHVRKV	LELHRRLSKIQELNAIYKEYESILNQDLMEHVRKV	0
SQHPDPAWYQTWPGPGSKPSASTKIPASQHTQNWS	XXXXXXXXYQTWPGPGSKPSASTKIPASQHTQNWS	0
FRFFLQDPQSQELDVQVKDDSRALTLGALTLPLAR	VQLESKAVYSTNPDVQVKDDSRALTLGALLSSSSL	0
KVIEKKLAIWEQLSPDIKQQYGEGYIEKSLDKLKG	WLTIKKLAIWEQLSPDIKQQYGEGYIEKSLKAELA	0
ASGEGGLQELSGHFENQKVMYGFCSVKDSQAALPK	YEDGSDDLKLASHFENQKVMYGINWVGEDVPDARK	0
LTHSTTEVTQPRTNTPVKEDWNVRITKLRKQVEEI	TKLRKSPSWYGRTNTPVKEDWNVRITKLRGIPEXX	1
SMEGKRSPYAGLQLGAAKKPPVTFAEKGELRKSIF	SGDDKNSNYAGLQLGAAKKPPVTFAEGGDHRYYRP	1
ITQLPDIQEKLHQLQMEKLPSRKAITEMISWMNNV	LDTIRSNIEKLHQLQMEKLPSRKAITEMKWIVDFV	0
GAYRDDNGKPYVLPSVRKAEAQIAAKNLDKEYLPI	XXXXXXXXXXYVLPSVRKAEAQIAAKNNMGLENGA	1
VLNGTAFVTLEIGKQLIKAQKGAAFLSITTIYAET	GHPNIVFVTLEIGKQLIKAQKGAAFLEWGKYGMRX	1
VFSSAQRLDPVYFVAPAKFLGNQQVSYGQSLSFDY	HKITSTFVDGWKFVAPAKFLGNQQVSLLGLRNLTA	0
KGAYLLMELAKSQDKTLKIYEGAYHVLHKELPEVT	LLQGSADSKGAYLMKTLKIYEGAYHLHVTNSVFHE	1
LERRLEALAAEFSSNWQKEAMRLERLELRQGAPGQ	XXXRLEALAAEFSSNWQKEAMRLERLELRQGLEGL	0
MVKHREPFHKLLAQGLIKGQTFRLPSGQYLQREEV	XXXXXHMGHVRVGQGLIKGQTFVTWEKMSKSKHNG	0
VSSSDVGHDEYSTQSLVKKHKDVAEEIANYRPTLD	VSSSDVGHDEYSTQSLVKKHKDVAEEILTRLRKQA	1
KMLLVKANEFEFVLSQFKDFGVRLESLKGLIMHEE	LAEILPLNEFEFVLSQFKDFGVRLESLKHLNVSKL	0
VSLATRLLAQCSEVQLGKTTTAQDLVQHFKKLSTQ	ENVSLATRLLAQEVQLGKTTTAQDLVQHFKKLAXX	0
KHKAEMEEKTSHILSLQKTGQELQSACDALKDQNS	XXKAEMEEKTSHILSLQKTGQELQSACDALKDQEE	0
TGMPAGKQKLQYEGIFIKDSNSLAYYNMANGAVIH	IKVIAGKQKLQYEGIFIKDSNSLAYYNMIHLALKX	0
RSLDLSGLELLSEHLDPKLLCRLTQLQELDLSNNH	LLMRLGKILLLSEHLDPKLLCRLTQLLLPDNLGLS	0
GVESLLQKFAAQELIEVKRGLLQDDAHPTLVTYAD	DVESLLQKFAAQELIEVKRGLLQDDAHPTLVTYAD	0
PDVELPTNKDVCDPGNTKVMDKYTFELSRRTHLPE	LAEELPTNKDVCDPGNTKVMDKYTFELLLKLGXXX	1
LVNQRLLEVQSQVEELQKSLQDQGSKAEDSVLLKK	LVNQRLLEVQSQVEELQKSLQDQGSKAEDSVLLKK	0
LYQGLLLQRVPFNVDFDKLPRHKKLERLCLTLGIP	FIGFHSHLTGPFNVDFDKLPRHKKLERLCKTYELT	0
VFLQEKDQKYIFASLDQKSTVISLKKLIVREVAHE	MFLKNAALVFLFASLDQKSTVISFLISMGMDPEMV	0
PPQIPDTRRELAELVKRKQELAETLANLERQIYAF	XXXXPDTRRELAELVKRKQELAETLANLERQISSV	0
RGVNLQEFLNVTSVHLFKERWDTNKVDHHTDKYEN	XXXXXXXXXXXXXVHLFKERWDTNKVDHHTDKYEN	0
SETASASKEKETSAEKSKESGSTLDLSGSRETPSS	RVVWSASKEKETSAEKSKESGSTLDLSGSRXXXXX	1
RDTLASVFRLLHSLDQAKEELERLAASLDGARTPL	XXXXXSVFRLLHSLDQAKEELERLAASLDGMLQEQ	0
LMKRWSQLLANSAARKKKLLEAQSHFRKVEDLFLT	LTKQETFDLANSAARKKKLLEAQSHFXXXXXXXXX	1
REEYKIQSFDAETQQLLKTALKDPGAVDLEKVANV	REEYKIQSFDAETQQLLKTALKDPGAVDLKVAVIA	0
TAGAIQEGSITRGTPTSKISVESIPSLRGSITQGT	XXXXXXXXSITRGTPTSKISVESIPALPQTGDPHH	1
IAIGSQPVLTVGTTHISKLTDDQLIKEFLSGSYCF	XSYWHEEHSLVGTTHISKLTDDQLIKEFLSSYCFS	0
GDFTRHNGTGGKSIYGEKFEDENFILKHTGPGILS	LFGGDFTGTGGKSIYGEKFEDENMANAGPNTNGSQ	1
FRIKRALDLNLKHQILPKEQWTKYEEENFYLEPYL	FRIKRALDLNLKHQILPKEQWTKYEEENXXXXXXX	1
AASTNRGKDLIGVQNLLKKHQALQAEIAGHEPRIK	AASTNRGKDLIGVQNLLKKHQALQAEIASQRRQDL	1
VQRLTYRRRLSYNTASNKTRLSRTPGNRIVYLYTK	VQRLTYRRRLSYNTASNKTRLSRTNRIVYLYTKKV	1
VPHQFIGKICDQLKGHLKANATGISLIKGVDEGPN	QAAEDADILICQLKGHLKANATGIIGERLGIPMXX	1
TLATDMGTMQERITTTKKGSITSVQAIYVPADDLT	YFRDQEGQDVLRITTTKKGSITXXXXXXXXXXXXX	0
LFPYEESKEKFGKPNKRKGFSEGLWEIENNPTVKA	VFFFGTHETAFGKPNKRKGFSEGLWEIENVASXXX	1
VSLVLLYLYGTRTHGLFKRLGIPGPTPLPLLGNVL	XXXXXXXXXGTRTHGLFKRLGIPGPTPLPGNCKYG	1
IFKLLVAHVRFTIAINTKAREQLICECGLFDKANA	GVDFVLNHLEFTIAINTKAREQLICGLFAIXXXXX	0
PKSRVLKFSPGVDHIFFKVEILSNEDREWHESFSL	RCSTRYYPKSRVLHIFFKVEILFSLVLATVXXXXX	0
KTVTSFYNQSAIDAAAEKPSVRLTPTMMLYAGRSQ	XXXXXXXNQSAIDAAAEKPSVRLRYLQQELPVRIA	0
HLVGVDSLIGPETQIGEKSSIKRSVIGSSCLIKDR	QIVSKHLVGVSITQIGEKSSIKSCLIKDRVTITTV	0
NQAFRLLLDGAPLIAIHKARYYKRKDGLALGPGPF	NTTSLAVVMGLALIAIHKARYYALGPGPFVTALEK	0
FGSWERHTKGIGQKLLQKMGYVPGRGLGKNAQGII	FGSWERHTKGIGQKLLQKMGYVPGRGLGKNAQGII	1
YSCSDDKHIVEWNVQTCKVKCKWKGDNSSVSSLCI	SGCLYSCHIVEWNVQTCKVKCKWXXXXXXXXXXXX	0
NLPFAKEIVSLIEAQTAKAPSSEKLPVMYLMDSIV	SLEDLTFIVSLIEAQTAKAPSSEKLPVMYLMNATF	0
LFQYISRYTPQLIDLDHKLKPFIPDFIPAVGDIDA	DSDDDGLYTPQLIDLDHKLKPFIPDFIPAXXXXXX	0
EGDMHDITPGECAVRLVKAGASIVGVNCRFGPDTS	EVLKPVAVPGECAVRLVKAGASIVGMKGLEWAGLK	1
PGNRIVYLYTKKVGKAPKSACGVCPGRLRGVRAVR	XXXXXXXXXAKKVGKAPKSACGVCPGRLRGVRAVR	1
KIPEESSDKSPETVNRSKSNDYLTLNAGSQQERDQ	KIPEESSDKSPETVNRSKSNDYLTLNAHGQQYKTK	1
MLQQSKILKVIRKNLVKKCLELFTELAEDKENYKK	LIPLIRGVVVIRKNLVKKCLELFTELANKLXXXXX	1
LSEKAGIIQDTWHKATQKGDPVAILKRQLEEKEKL	XXSEAGIIQDTWHKATQKGDPVAILKRQLEEKEKL	1
DKEIGNIISDAMKKVGRKGVITVKDGKTLNDELEI	XXXVTPIISDAMKKVGRKGVITEIQINLAKLSDGV	1
KELPGFLQSGKDKDAVDKLLKDLDANGDAQVDFSE	VLMELFLQSGKDKDAVDKLLKDLDANGDAQVEFVF	1
ERHKGASGPLVALPGAEKSKSPDPDPNLSHDRIVH	ERHKGASGPLVALPGAEKSKSPDPDPNLSHTXXXX	0
QKLEALHRLWDELQATTKEKTQHLSAARSSDLRLQ	FVAELAERLWDELQATTKEKTQHLSAAXXXXXXXX	0
KGRNEQFPVLDHLLSIIKLPPNKDTTYLSQSWAAL	XXXXXXXXVLDHLLSIIKLPPNYLSQSWAALLEKE	0
IIDKLEKVAVRGGDKKLKPEYDIMCKVKSWVIDQK	IIDKLEKVAVRGGDKKLKPEYDIMCKVKSWWNDKE	0
HKRKSPFGSTERKTPVKKLAPEFSKVKTKTPKHSP	XXXSPRPGSTERKTPVKKLAPEFSKVWIQRIREQR	1
QFTDDPRTEFKLNAYKTKETLLDAIKHISYKGGNT	GTDGTQVAMFKLNAYKTKETLLDAIKXXXXXXXXX	1
VLQLVTSKAEYAEFLHCKGKKFTDFDEVRLEIEAE	FSALVLQLVEYAEFLHCKGKKFTDFEVLEIAEPIN	0
ESYDKIRAAGGHLCQQPKDIECQAESFPNWTLAQV	WTEWFESYDIGHLCQQPKDIECHCDVHFGLIRVLC	0
NALQRQKERLEGENDLLKRENSRLLSYMGLDFNSL	NALQRQKERLEGENDLLKRENSRLLSYMGLDFNSL	0
NIVIAKMDSTANEVEAVKVHSFPTLKFFPASADRT	EVEFYAMDSTANEVEAVKVHSFPTLKFVIDDXXXX	1
DPCFQPDGYEQTYAEMPKAEKNAVSHRFRALLELQ	DFGWDPFQPYQTYAEMPKAEKNAVSHRFRXXXXXX	0
TGWGFSKEKGEIQNILQKVNIPLVTNEECQKRYQD	QGLCWVTGWGFSQNILQKVNIKDACDGPLVCXXXX	0
LDESRNEKLDQLQLEGLKYIERNEQKMKKVAKILS	FNPVMCEKLDQLQLEGLKYIERNEQKMKXXXXXXX	0
FFEKQGLVKLTDFGFSNKFQPGKKLTTSCGSLAYS	HLFQEVVHRDLDFGFSNKFQPGKKLTTSILGDEYD	0
SSTWIIKESNSLEISLIKKNEGLTWPELVIGDKQG	KLYSSIDHESSTWISLIKKNEGLTWPELVXXXXXX	0
DVPKDKSSTGDGTQNKRKIALEDVPEKQKNLEEGH	XXPKDKSSTGDGTQNKRKIALEDVPEKQKNLEEGH	1
FEGWLAGYQMSFDTAKSKLSQNNFALGYKAADFQL	TIYGWAGYQMSFDTAKSKLSQNNFVNDGTEXXXXX	1
ISVKAVCDYRQIEITICKNDECVLEDNSQRTKWKV	EQHSVKAVCDYRQITICKNDECVVSPTVPSVCFLI	0
RAIVDCIISIVEENPESKEAGLAHLCEFIEDCEHT	SMMTVCIISIVEENPESKEAGLAHLCILLGKEGPR	0
EPFTIRDLQANVEHLVQKMKTTVKRGLVLRNEKCN	KRRVFGADAANVEHLVQKMKTTVKRGLVYGIFDKL	0
ENVNKLLVGNKCDLTTKKVVDYTTAKEFADSLGIP	ESFNNVLVGNKCDLTTKKVVDYTTAKFLETSAKNT	1
REYSGTIASEANTYLNSKSTRSSVKLQGTSKIDDI	ESLTSYFSIEANTYLNSKSTRSSAGEATLQRIYSL	0
EQEDLIKALHTQLEMQAKEHDERIKQLQVELCEMK	EQEDLIKALHTQLEMQAKEHDERIKQLQVELCEMK	0
GVKPPRGILLYGPPGTGKTLIARAVANETGAFFFL	IGGCQLIILLYGPPGTGKTLIARAVFIDELMAATN	1
EPLHIINSSNVTDEPLLKMLLTKADSDGPEFKTIH	ATAKAYLKKISTDEPLLKMLLTRLKVSFASLITAE	0
GDFHRNDSIYEELQKHDKEDFPASWRSEEEMAAEA	QTVKHHHSIYEELQKHDKEDFPASWRXXXXXXXXX	1
DLVISHAGAGSCLETLEKGKPLVVVINEKLMNNHQ	KADLVISGAGSCLETLEKGKPLVVLEGHLFCXXXX	0
GVFVDKEEHMQVVDLVRKSGNSVTLLVLDGDSYEK	YLRINGVVHMQVVDLVRKSGNSVTLMTDITPQMLA	1
QSGAAFRRKRGPRQANRKAGCAVTSLLASELTKDD	DKGDIRMRKRGPRQANRKAGCAVTSLLASELXXXX	1
SDTTFKALRRQLPVTRTKIDWNKILSYKIGKEMQN	SDTTFKALRRQLPVTRTKIDWNKILSYKIGKEMQN	1
NVIFCHQEDSNWPLSEGKALKQKFDEIFSATRYIK	XXXXXXXANDNWPLSEGKALKQKFDEIFSATIKIR	0
DQGQRKTQEQLEVLESLKQELATSQRELQVLQGSL	DQGQRKTQEQLEVLESLKQELATSQRELQVLQGSL	0
WSCKLFELDPLTGEWHYKFADTRPWDPLNDMIQFE	SGSSCKLFELDPGEWHYKFADTREKDGVIQTXXXX	0
PPIEECRYKLYQEMFAWKMVVLSLPRIQSQRYQVG	GLRAWTGGPLYQEMFAWKMVVLSLFYRNALMALSY	0
RLRTLEDRGIRKISGTGKALAKTEKYEHKSEVKTY	RLRTLEDRGIRKISGTGKALAKTEKYEHKSXXXXX	1
LNSSVAIADTALEDRKNKLDTVQTLKTAKTKQKCA	LNSSVAIADTALEDRKNKLDTVQTLKTAKTKQKCA	1
PEQEVEKFVTSNTQELGKDKWLCPLSGKKFKGPEF	XXQEVEKFVTSNTQELGKDKWLCPLSGKKFKGPEF	0
LGHPDTLNQGEFKELVRKDLQNFLKKENKNEKVIE	FHQYSKLNQGEFKELVRKDLQNFLKKENKNEIEFL	1
CILYEKYRDCLTESNLIKVRALLVEPVINSYLLAE	GILGPECGTIYLTSNLIKVRAAERDLYLXXXXXXX	1
IIDPSTGERFPVTDAVNKGLVDKIMVDRINLAQKA	IIDPSTGERFPVTDAVNKGLVDKIMVIXXXXXXXX	0
VTEKKLANSEPVGTQTAKIQQQIIRHKALNEEIVN	XXXXXKLNSEPVGTQTAKIQQQIIRHKALNSKALR	0
GRALFQDIKKPAEDEWGKTPDAMKAAMALEKKLNQ	FDRDVALEGVSFEDEWGKTPDAMKAAHLLHLGGAG	1
RRRTERVRREKINSTVNKDLENRKRSRSNSHSDHI	RRRTERVRREKINSTVNKDLENRKRSRSNSHSDHI	1
ELMAWMRNVLGSRVTNVKVTLRLDTHPAMVTVLEM	EETEELMAWMRNLVTNVKVTLRLPAMVTVQPTLEI	1
QKKDPSGLDKKKKTSKSKAITPKRLLTSITTKSNI	DEEDPSGLDKKKKTSKSKAITPKRLLTSITTKSNI	1
LGEELGFASLHDLQLLGKLLLMGARTLQGIPQMIG	KEVPEARASLHDLQLLGKLLLMGARTLQGIXXXXX	0
MNIGLRVFLVIADSLQQKDGEPPMPTTGVILPSGN	IAQERLVFLVIADSLQQKDGEPPKIFLNKTLTEEA	0
APDKLNVVKKTLITFVNKHLNKLNLEVTELETQFA	XXXXXXXVKKTLITFVNKHLNKLNLEVTELYLVLL	0
LGTQHRELESQLHVLQSKLQGADSRDLQMNQALRF	LGTQHRELESQLHVLQSKLQGADSRDLQMNQALRF	0
CGAQDKEHPRYLIPELCKQFYHLGWVTGTGGGISL	XXXXXXXKPRYLIPELCKQFYHLGWVTGTGGGISA	0
EEDVLVNVNLVDKERAEKNVELRKKKPDYLPYAED	AIDSFVNVNLVDKERAEKNVELRKKKPDSKYDEEL	1
GRTFNQVVKPRVNSLRPKGLGLGANLTEAQALTPT	XXXXXXXXXXRVNSLRPKGLGLGANLTEAQALTPT	1
EVVDGVKLNLLDDVSSWKPGDQIVVASTDYSMYQA	XGKSKARKASWLDVSSWKPGDQIFTLLPCSECSHF	0
LVVVDFSATWCGPCKMIKPFFHSLSEKYSNVIFLE	KQVVDFSATWCGPCKMIKPFFHSLSEFLEVDMPTF	1
KLKFTPPPQPQQCMEFDKEATVPCSATGREKPTIK	XXXXXXXXXXXQCMEFDKEATVPPEWVTTLHFARV	0
PDPGTPQHTSSRPPEPQKAPSRPYQDTRGSYGSDA	PDPGTPQHTSSRPPEPQKAPSRPYQDTRGSYGSDX	0
DPVSSLQVKAAETCQEPKEFRLPKDHHFDMINIKS	XXXXXXXVKAAETCQEPKEFRLPKDINIKSIPKGK	1
KYLDQIGNMTSSQRRSKKEQVPSGAELERQQILQE	TRSIEQGNMTSSQRRSKKEQVPSGAELERQQILQX	1
SSDGEAEEPRRKRRVVTKAYKEPLKSLRPRKVNTP	EGDEPSSEPRRKRRVVTKAYKEPLKSLRPAGTGPV	1
DRMQKEITALAPSTMKIKIIAPPERKYSVWIGGSI	DRMQKEITALAPSTMKIKIIAPXXXXXXXXXXXXX	1
EEPEEPKVLTPEEQLADKLRLKKLQEESDLELAKE	EEPEEPKVLTPEEQLADKLRLKKLQEESDLELAKE	1
AKNLTDFAEQYSIQDWAKRMKALVEQGFTVPEIKT	AKNLTDFAEQYSIQDWAKRMKALVEQGFTEVSLQA	0
SHEHSPSDLEAHFVPLVKRLAGGDWFTSRTSACGL	XXXXLEATLEAHFVPLVKRLAGGDWFSRTSACGLF	1
VTKAFSVNIFKVWVQAFKVEGGQFGSVEECLLDEN	MASRFFATVGNSYVQAFKVEGGQFGSXXXXXXXXX	0
CDEPILSNRSGDHRGKFKVASFRKKYELRAPVAGT	EWHHFLSYVWLEHRGKFKVASFRKKYLXXXXXXXX	1
HSWKDKPLVKVTFFQNGKSKKFSRSDPNFSIPQAN	XXXXXLLRCKVTFFQNGKSKKFSPNFSIANHSHSG	1
LFLSEGLKLVDKFLEDVKKLYHSEAFTVNFGDTEE	NTGNGLFLLVDKFLEDVKKLYHSEAFTLVXXXXXX	1
GKFVLSSGKFYGDEEKDKGLQTSQDARFYALSASF	GWFVLSSGKFYGDEEKDKGLQTTVKETGTIFDNFT	1
FYERLAGHGPKLGPVTRKHPLVTRYFTFPFEEIDF	AEGALIVERPKLGPVTRKHPLVTRYFTFEWGDVSX	1
AAPVDLELKKAFTELQAKVIDTQQKVKLADIQIEQ	XXXXXLELKKAFTELQAKVIDTQQKVKLADQKKSY	0
SVKENLEINKLSGVITTKESLIGLENEFFTFFVRA	SESVKENLEINKGVITTKESLIGLFFVIXXXXXXX	0
PGDENAEMDARTILLNTKRLIVDVIRFQPGETLTE	XXXXXVLYVARTILLNTKRLIVDVIRLKKKIQTGL	1
SGDVRDAFVAIVQSVKNKPLFFADKLYKSMKGAGT	EILATRTYVAIVQSVKNKPLFFADKLIRIDLLNIR	1
VDTPYLGNRLDDVRNRFKLPPQLRMKNFETSTLSF	YDYYAMMWTRDDVRNRFKLPPQLRMFSPEENFGDD	1
GPPGPTRPLTSSSAKLPKSLSSPGGPSKPKKSKSG	XXXXXXXPLTSSSAKLPKSLSSPGGPSKPQRRLAQ	1
VLAYKEGHLSPDIVAEQKKLEAADLVIFQFPLQWF	VVESYKGHLSPDIVAEQKKLEAADLVWFRVFIGEF	1
HKLQDLRDENFPLFVTSKQLLLLLDASLPKPFFLR	XXXXXXXXXXXXXXXTSKQLLLLLDAFFLTIIGWS	0
IYEELNVFERLFLEDQLKNLKIRTNRIQRFIQNTC	ISTHLQELERLFLEDQLKNLKIRTNRIXXXXXXXX	0
LINSVKFYQASTSELYGKVQEIPQKETTPFYPRSP	XXXXXXXXXXVTSELYGKVQEIPQKETTPFYPRSP	0
DLKGIPLDQGSELHVVVKDHETMGRNRFLGEAKVP	YCSARTKVIKNSVPVVVKDHEGRNRFLGEALLDTA	0
VTRTVSCVLEDGVETYVKYQPCAWGQPQCPQSIMY	XXXXXXXXXXDGVETYVKYQPCAWGQQCPQSIMYR	0
GVAIQEKVLERVNAVKTKVEAFQTTISKYFSERGD	WTLKEKCILERVNAVKTKVEAFQTTISELAMVLDL	1
GNETEAATFAREQGFETKDIKEIAKKTQALPKMNS	GNETEAATFAREQGFETKDIKEIAKKTQAVIFTQD	1
EMLLPHTLQNHSVKEKGKLLMHFSVKTLEIQMKAF	EMLLPHTLQNHSVKEKGKLLMHFSVKTLEIQMKAX	1
ELSGPSTPLHTSSPVQGKESTRRQDTRSPTSAPTQ	GKPLLHPPLHTSSPVQGKESTRRQDTRSPTESLTG	0
EEHLEGIVNIFHQYSVRKGHFDTLSKGELKQLLTK	XXXXXXXVNIFHQYSVRKGHFDTLSKGELKQLLTK	1
REMDDPSVGPKIPQALEKILQLKESRQEEMNSQQE	XXXXDPSVGPKIPQALEKILQLKESRQEEMNSQQE	1
EYPKGIRAVLLGPPGAGKGTQAPRLAENFCVCHLA	XXXXXXXXVLLGPPGAGKGTQAPRLAHLATGLLDG	1
SIQEVLGDYRACHGTLIKWIEETTAQQEMMKPGQA	XXXXXXXDYRACHGTLIKWIEETTAQQELEIRNQT	0
PEHIDVVYLHGYGWPRHKGGPMFYASTVGLPTVLE	AFAEFGFLDVYLGWPRHKGGPMFYASTVXXXXXXX	1
LEKPNYIVPDYMPVVYDKLPQPPSHREAIVNSCVF	EALYQVGKEVYMPVVYDKLPQPPSHREAIVNSCVF	0
PPPPPPRPVARRSRKPRKAFLQTKGARANHLVPEV	XXXXXXXPVARRSRKPRKAFLQTKGARAQSYEPYE	1
TAVESKVSKLVTDKAAGKITDAFSSLAKRSNFRAI	TAVESKVSKLVTDKAAGKITDAFSSLAKRSNRASK	1
AVTSKTSNIRANFENLAKEKEQEDRRKAEAERAQR	RDTSKTSNIRANFENLAKEKEQEDRRKAEAERAQR	1
TGILNKHLQDLMEGLTAKVFRTYNASITLQQQLKE	AGNGCCTGLNKLQGLTAKVFRTYNASCNYLXXXXX	0
WIKPGAEQSFLYGNHVLKSGLGRITENTSQYQGVV	XXXVWIKPGAESFNHVLKSGLGRITVGVAAKSTQD	0
PGKLRSDAGLESDTAMKKGETLRKQTEEKEKKEKP	XXXXXXDAGLESDTAMKKGETLRKQTEEKEEPVEI	1
RLACGIIARSAGLFQNPKQICSCDGLTIWEERGRP	LQAVLKGMRSAGLFQNPKQICSCDGLTIWEERXXX	0
FYRAFGFSHLEALLDDSKELQRFKAVSAKSKEDLV	XXXXXXGSHLEALLDDSKELQRFKAVSAKMDLIEQ	0
GPLNNLRESLMQFSKPRKLVNTINPGARFMTTAMY	SKQPLWNHLLNYFSKPRKLVNTINATTAMYDAREA	1
QDIKLLENVTQEQNELLKVVIKQTNEWDEEIENLK	EVILELENVTQEQNELLKVVIKQTNEXXXXXXXXX	0
SQRQGRPTLQEGPGLQQKPRPEAEPPSPPSGDLRL	NQRQGRPTLQEGPGLQQKPRPEAEPPSPPSRLVKS	0
KARKWQQLQAKRYAEKRKFGFVDAQKEDMPPEHVR	KARKWQQLQAKRYAEKRKFGFVDAQKEDRSFKATK	1
SDMFVEHRCADFGMAADKNKFPGDSVVTGRGRING	QRRFVEHRCADFGMAADKNKFPGDSTVFGGSSRQX	1
HQNNLRSSAYESLMEIVKNSAKDCYPAVQKTTLVI	AAYEEPLFVYESLMEIVKNSAKCYAVQTTATLQNV	0
LRDVDPGEHYILKTLGIKYFSMTEVDRLGIGKVME	DIVYIGLEHYILKTLGIKYFSEVVMEETLSYLLXX	1
GFEDPRTKTKMSAAQALKKGWLYYEAGQRFLEVQY	XXKAGFEDTKMSAAQALKKGWLYYEAGQRFLLIEA	0
GFVDLTDLTDHQKVHSRKCLVDSREYTHSVIHTHS	RGCEDCDLTDHQKVHSRKCLVDSRTGEQLYECPCG	1
DDLSEEQRRAPQITTPVKITLTEIEPSVETTTQEK	PEESTFAPRAPQITTPVKITLTEIEPSQEQKTDCQ	0
RDVTHSTMNVFWEPVPGKVRKYIVRYKTPEEDVKE	DLVPLPLPRPQWEPVPGKVRKYIEVDRSETVSAVH	0
ETVRVRKVDVSSVPDHLKEQEDWTDSKLSMNQIVS	LAAAWYVQDVSSVPDHLKEQEDWTDSKLSMNQIKD	0
IEYAMEAVKQGSATVGLKSKTHAVLVALKRAQSEL	XXXXXXXXXXXXXXVGLKSKTHAVLVIAGYGPHIF	1
YMRNPSSSVPPPSAGSVKTSTTGVATTQSPTPRSH	YMRNPSSSVPPPSAGSVKTSTTGVATTQSXXXXXX	0
DNGRSTLVEARGQQVHGKMERVAVMPAGSQQVSVR	AIGRSTLVEARGQQVHGKMERVAVMPAGSQQVPAD	1
GGRNQGGSSWEAPYSRSKLRPGFMEDRGRENYSSY	XXXXXGGSSWEAPYSRSKLRPGFMEDRGRSRGRGT	1
EHDVYERLTNLQEGIIPKKKAATDDDLHRINELIQ	SSVLGERLTNLQEGIIPKKKAATDDDLHRINELIQ	0
AYLKYIEGLSAESNSISKWDQTLAARRRDVHLSKE	AYLKYIEGLSAESNSISKWDQTLAARRDVRDMLTL	0
AKIEDKKVQRESKLTSGKLENLRKEKINFLRNKHK	AKIEDKKVQRESKLTSGKLENLRKEKINFLRNKTD	1
NNAQRQQIKAAYLQETGKPLDETLKKALTGHLEEV	MVVIRQQIKAAYLQETGKPLDETLKKALEVLLKXX	1
EQTTKRRRPTLGVQLDDKRKEMLKRHPLSVMLDLK	XXXXXXXRPTLGVQLDDKRKEMLKRHYLMNLNIAN	0
MMTPTVLYDVQELRRAMKGAGTDEGCLIEILASRT	XXXXXXLYDVQELRRAMKGAGTDEGCLIIYQQYGR	1
TPGSRLQCTYIEVEQVSKTHAVILSRPSWLWGAEM	AGTHTPGSRLQCVEQVSKTHAVIANEHVLRLALER	0
FTCRTCRRQLAGQSFYQKDGRPLCEPCYQDTLERC	FAMKRFTCRTCRLSFYQKDGRPLCEPCYQDTLERD	0
EQLAAEAERDQPLRAQSKILFVRSDASREELAELA	DGSAAEAERDQPLRAQSKILFVRSDASREELAELA	1
GVKIAEVDCTAERNICSKYSVRGYPTLLLFRGGKK	AIKFYEVDCTAERNICSKYSVRGYTLLLFGKKVSE	1
KNPANPVQRILGGHLDAKGSFPWQAKMVSHHNLTT	KPKNPANPVQRIGHLDAKGSFPWQAVGKKNERVMY	1
HGEEIYCKSCYGKKYGPKGYGYGQGAGTLSTDKGE	CAVHGYCKSCYGKKYGPKGYGYGQGAGTLSTDKGI	1
RVVLQDEDITTKIEGDWKRLNTLMHYQVSDRSVVA	CDTIQDEDITTKIEGDWKRLNTHITPDLESGVKVW	0
VFGALLPCEECSGQLVFKSDAYYCTGDVTAWTKCM	DVVDGFSELADRDQLVFKSDAYYCTMVKTQTPRIF	0
ELNVMFIETSAKAGYNVKQLFRRVAAALPGMESTQ	VMVGNFIETSAKAGYNVKQLFRRVAAXXXXXXXXX	1
ELSLPYLPSGTPELEVPKPGQPSEPEHGPSPGQDT	LKKMNPLPSGTPELEVPKPGQPSEPEHGPSPGQFQ	0
SDVNKLLNAYDEHQTLLKEQDSLKRKAENGSEEPE	SQRKVLLNAYDEHQTLLKEQDSLKRKAENGXXXXX	0
SKGFHDKDSSGWSCSKDKDAYSSFGSRDSRGKPGY	XXXXXXXXXSGWSCSKDKDAYSSFGSRRYGRRKIG	1
YGMAKGAVHQLCQSLAGKNSGMPPGAAAIAVLPVT	KEGGLLTVHQLCQSLAGKNSGMPPGAAAIAPSSGS	0
RRQDVNITVATVPSWLKKPQDSQLEEGKPGYLDCL	XXXXXXXXXXXXPSWLKKPQDSYLDCLTQAPTVVW	0
DLRDNYSPGWKFNHWELKGVPIRLEVGPRDMKSCQ	LVLPACVQVVKFNHWELKGVPIRRDXXXXXXXXXX	0
NGSQFFICTIKTDWLDGKHVVFGHVKEGMDVVKKI	PNTNGQFFICKTDWLDGKHVVFXXXXXXXXXXXXX	1
PVSVRVGQAVDVVGQAGKPKTITGFQTHTTPVLLA	KVCLYRGQAVDVVGQAGKPKTITGFRAELATELPT	1
TQTMRVKLASRNVESYTKLGNPTRSEDLLDYGPFR	EGNHYQTMRVKLVESYTKLGNPTRSEDLLDYGPFQ	1
ANQLQQLQSQLAHQTEQKECRAVAGVIDLGTVEIF	XXXXXXXXXXLAHQTEQKECRAVAGMSIPTGENTG	0
QSSASRKTQKKKKKKASKTAENATSGETLEENEAG	QSSASRKTQKKKKKKASKTAENATSGETLEENXXX	1
LPITGNSEKIITFQDFDKLKNVDVKKRIIREICQS	LITSLGIGDVITFQDFDKLKNVDVKKRIXXXXXXX	0
TSLISFSDKAKKKMYSRKTKPFSFYLDIKWLANFW	ARPVLCLDKAKKKMYSRKTKPFSFLDIKWXXXXXX	1
VLAKQKSTVLTIPEIIIKVRGTQVVGSDMTVTVQF	XXXXXXXXXXXXXEIIIKVRGTQDMTVTVQFTHLD	0
FPGEAETLYNSLEPSYQKSLQTYLKSSGSVASLPQ	TYMRAETLYNSLEPSYQKSLQTYLKSSGSXXXXXX	0
LPVSVADGRISVAQGASKALLVADFGLQVSYDWNW	IHKDEIGKVLPVAQGASKALLQVSYDWNWRVDASA	0
KINIRVLDPFTIKPLDRKLILDSARATKGRILTVE	KVTIRVLDPFTIKPLDRKLILDSARATGIAVSSAV	1
AQFEECREKITEMPSIIKDLCRVLYFGKSIPRVAA	XQEFSRVASITEMPSIIKDLCRVLYFGCVLTHLFQ	0
GIKTSCLCPVFVNTGFTKNPSTRLWPVLETDEVVR	ADTCIPYLYVFVNTGFTKNPSTRWPVLETNIQFEA	1
LASRKNPLGLIIALDENKEAKGELFWDNGETKDTV	XXAVWQRGGYIIALDENKEAKSVTQNRLILGTEEP	0
RRERNYSWMDIITICKDKLPNYEEKIKMFYEEHLH	XXXXXXXXRDIITICKDKLPNYEEKIKMFYRYILD	1
GRMIAGQVLDINLAAEPKVNRGKAGVKRSAAEMYG	AVAGEDGVLDINLAAEPKVNRGKALLSSSXXXXXX	1
RVAVVEYHDGSHAYIGLKDRKRPSELRRIASQVKY	VISQKWVRVAVVAYIGLKDRKRPELTQIFSKIDRP	0
TELAMRQSVENDIHGLRKVIDDTNITRLQLETEIE	XELAMRQSVENDIHGLRKVIDDTNITRLQLETEIQ	1
AGPPLGLPKPKKRKEPVKIAAPELHKGDSDSEEDE	XXXXXGLPKPKKRKEPVKIAAPELHKGGGYYPAQD	1
QGIVHLDLKPENIMCVNKTGTRIKLIDFGLARRLE	ELERIDDFELEKYMCVNKTGTRIKXXXXXXXXXXX	0
YATKRLIGRRYDDPEVQKDIKNVPFKIVRASNGDA	XXATKRLIRRYDDPEVQKDIKNVPFKIVRDAWVGD	1
RYELIADVNKPIIAVFEKQRDFKKLSDLYYDIHRS	SNENILVENKPIIAVFEKQRDFKKLSDLYXXXXXX	0
LGSGISSSSVLHGMVFKKETEGDVTSVKDAKIAVY	XXXXXXXXXXCKIMVFKKETEGVTSVVTGGKVMLV	1
YFERLEKEEAKQIQNLQKAGTRTDSREDEISPPPP	YFERLEKEEAKQIQNLQKAGTRTDSREDEISPPPP	1
DLEQQRQLVSTLEKKQRKFDQLLAEEKAAVLRAVE	QLEEQRQLVSTLEKKQRKFDQLLAEEKAAVLXXXX	1
STKPVYIPEVELNHKLIKGIHQSTIDLKNELKQCI	EEEKRVNKEVELNHKLIKGIHQSTIDLKNELKXXX	1
IKRANNTFYGLSAGVFTKDIDKAITISSALQAGTV	AVEFAFVESIFLAGVFTKDIDKAITISSVWVNCYX	1
ILSLCPEIKWHFIGHLQKQNVNKLMAVPNLFMLET	XXXXXXXNYVQFIGHLQKQNVNKLMALETVDSVKL	1
KLQGPETARELYSILQHKGLVDKFPLFMAVYKVCY	AKLFCSTARELYSILQHKGLVDKFPLFMYXXXXXX	1
KNTVVRAYSDQAIVNLLKMRQGEEVFQSLSKILDV	PLPPLDPILDQAIVNLLKMRQGEEVFQSLNLKLAS	0
FAMKEIIFDLLSVGKSTKTFTINPERMNIGLRVFL	XXXKGSRFDLLSVGKSTKTFTINPRMQVRKALDSI	1
RGMSEALKVPSSTVEYLKKHGIDVRVLQTEQAVKE	GVQTLVIGVPSSTVEYLKKHGIDVRVLVRVGGVXX	0
VKKFSAVHEFQNLHAMYKARIQDFVRGHFYGHLDF	XXXXXXXXXFQNLHAMYKARIQDFVRLEKTLFLFM	1
FGIMPDRLDTSVSCFVVKIWGGKENIYQLLIEWKV	HLCIYKEFYRSEVWFVVKIWGGYQLLIEWKVNEII	0
GTEGLRRLGGPQASLSTKVTASPLQRLGNKTEIAH	AGPISLRLGGPQASLSTKVTASPLQRLGDGGAWLT	1
TVDKDTTIMELRDRLPKKQQASASTDGVDKLSGKE	XXXXXXXIMELRDRLPKKQQASASTDGVDKKSKKI	1
NRLKDHHLVIPSVLQGLKALSLCVALPPGLAVSVL	LHCHVLIYEIPSVLQGLKALSLCLAVLIVDRHTVY	0
VVGARRSSWRVVSSIEQKTEGAEKKQQMAREYREK	XXGARRSSWRVVSSIEQKTEGAEKKQQMAREYREK	1
TVSDLLKESTQNVTSLLKESTQGVSSLFREITASS	TVSDLLKESTQNVTSLLKESTQGVSSLFREIXXXX	0
PQNPVELKALYNQYIHFKETEILAKEREKGRIEEL	IQHTLMSKALYNQYIHFKETEILAKEREKWGKLII	0
EEKKKRLQAFQGYQVTMKTAKVAASDWTFLHCLPR	AAHGGNVLITQGYQVTMKTAKVAASDWTFEEVDDE	1
EAKQASIQHIQNAIDTEKSQQALVQKRHYLFDVQR	EAKQASIQHIQNAIDTEKSQQALVQKRHYLFDVQR	1
RPSRLKKDEYEFFTHLDKRSLPALTNIIKILRHDI	AISLFENDVNLTHTHLDKRSLPALTNIIELSRDKK	1
SFSSDPDEKAQDSKAYSKITEGKVSGNPQVHIKNV	XXXXDPDEKAQDSKAYSKITEGKVSGNPQVHIKNG	1
AYDKRANPQVGVAFPHIKHNYECLVYVQLPFMEDL	SLIHALDDLDMVAFPHIKHNYECLVYTLXXXXXXX	0
YTTSSQLTLPATQCLAGKSVTCHVKHYTNPSQDVT	CWSESVLTLPATQCLAGKSVTCDVTVPCPVPSTXX	0
VDLTKRFGNLRNGVGDIKNHKWFATTSWIAIYEKK	WLDLLSLFGNLNGVGDIKNHKWFATTSWIIXXXXX	1
PRGSQSSEAQKTPAQECKPADFEVPETFLNRLQDL	GTILESERARKTPAQECKPADFEQVALQVLHRKQL	0
TSKLLSDPNYGVHLPAVKLRRHVEMYQWVETEESR	XXXXLRTKLLSDHLPAVKLRRFMATAPFVSLIDKV	0
RTSTGSASSSAAVAASSKEGSPLHKQSSGPSSSPA	XXXTGSASSSAAVAASSKEGSPLHKQSSGPSSSQL	0
HITNDDERFLHHLIIEEKEKDSFTAVVITGVQPEH	NRKPSDSVFLHHLIIEEKEKDSFTAXXXXXXXXXX	0
KSDIGEVILVGGMTRMPKVQQTVQDLFGRAPSKAV	IVTDLIRRTILGMTRMPKVQQTVQDLAPXXXXXXX	1
PVLDRPPQDSNAPGASGKAFKTTNLSVEEQKEKER	XXXXXXXQDSNAPGASGKAFKTASRISHRDLGPDT	0
VEIPKVNTDLGNDLYFVKLPNFLSVEPRPFDPQYY	XXXXXXXXXXXXXLYFVKLPNFLSVEPKNTIISLF	0
ALIAKDWVLTAAHCNLNKRSQVILGAHSITREEPT	DRKTICAWVTAAHCNLNKRSQVIQIMLVKKEFPKL	0
IGSPPGYVGHEEGGQLTKKLKQCPNAVVLFDEVDK	RLAKFIGSGHEEGGQLTKKLKQCPNAVVRLTDGKG	0
SSVHKRPAPEKKETTVKKAVVVPARSEALGKEAAC	PKPKEKMKMKKKETTVKKAVVVPASAPDPAPDSRK	1
EMNISPASLASLYEEDFKQDMAALKVLPPTVYLRV	HAYVDMGIDASLYEEDFKQDMAALKVLPPTVYLRT	0
PEAENKHKPRRKSKRGKKEAEDELSARHPAELAME	PEAENKHKPRRKSKRGKKEAEDELSARHPAELAME	1
PAEGPEPEADSQEQVHPKTGCERGDGPDVQELGLP	PAEGPEPEADSQEQVHPKTGCERGDGPDVQELXXX	1
RRYSAWAESVTNLPQVIKQKLTPLYELVKEVPCAS	QSGSLGGEYRIRGPQVIKQKLTXXXXXXXXXXXXX	0
RNIGGKHARLYQTLNEGKQLVASVSCPELEGQIAK	KWEEFDNYRLYQTLNEGKQLVASVSCPELEGQIAK	0
VTEDAKRLIAVADSVLTKVVGDLLSGTILVGQLEL	FNDILKLLIAVADSVLTKVVGDLLSGTILQLLIFL	0
VLLEVQKHLDLSNVAGYKAIYHDLEQSIRAADAVE	LHLEVQKHLDLSNVAGYKAIYHDLEQSIRXXXXXX	0
RAEEREIKFLDVLELAEKFWYDMAALLTTIKDTQD	XXXXXXXXXXDVLELAEKFWYDMAALLTTEELEFI	0
GPSSSPAAAAAPEKPGPKAAEVGDDFLGDFVVGER	XXXXXXAAAAAPEKPGPKAAEVGDDFLGDFYLGET	0
IVWKIKETVKEFYGENIKESPDYERIINLRHFKRI	CKSYMNCKVKEFYGENIKESPDYERIFFGGETDEA	1
APGHPAVSSMQGKRKALKLNFANPPFKSTARFTLN	XXXXXXXSSMQGKRKALKLNFANPPFKDSIAKTRD	1
RPFTKKFRSAGHGRDSDKRPSLGLAPGGLAVVGRS	XDLAKKFRSAGHGRDSDKRPSLGLAPGGGGRQPPP	1
QTLRPGVKLTLSALVDGKSINAGGHKVGLALELEA	KVNNSSLIGVGSALVDGKSINAGGHKVGXXXXXXX	1
EASKGFHDKDSSGWSCSKDKDAYSSFGSRDSRGKP	XXXXXXXXKDSSGWSCSKDKDAYSSFGSRYGRVDM	1
ITKPKEHKKLFLVQLQEKALFAVPKNYKLVAAPLF	VLTLGRVLQDWVVQLQEKALFAVAIYNXXXXXXXX	0
ATLTRENGKTVIRVLKQKEVEQLIKKHEEEEAKAE	NKLSAEKVEIATRVLKQKEVEQLIKKHEEXXXXXX	1
VLEVTKKFMRDPIRILVKKEELTLEGIKQFYINVE	IAQAQSTLSATMPRILVKKEELTLEEITFYNTXXX	1
IDRAEDRSIFSAVLDELKVAQAPWKAVNTLNEALE	XXXXXARSIFSAVLDELKVAQAPWAEKVKDATRKI	1
YGVEKDKWDKAALGYDYKGETEKHESQRDYAKGFG	YGVEKDKWDKAALGYDYKGETEKHESQRDYAKGGQ	1
VIQSSGGLSKDDIENMVKNAEKYAEEDRRKKERVE	GQISGLNLSKDDIENMVKNAEKYAEEDRXXXXXXX	1
TPKAGLRVSAPEVSVGHKGGKPGLTIQAPQLEVSV	GKIKFPTVSAPEVSVGHKGGKPGLTIQAPQLPIDV	1
KSPPKARRPQMDLISELKRRQQKEPLIYESDRDGA	AYLDNDLEPQMDLISELKRRQQKEPVIKTVPFTAR	0
LAPYSGCSMGEYFRDNGKHALIIYDDLSKQAVAYR	KKKLYCIYMGEYFRDNGKHALIAAKMNDFGGGSLT	1
NRQTKTGTALHEAALYGKTEVVRLLLEGGVDVNIR	AKNGHREIALHEAALYGKTEVVRLLLALIVSQASR	0
GLKSTDVAKTFRKAINKKEGICAIGGTSEQSSVGT	NDLFKAACLTFRKAINKKEGICAIQHSYSEEYRNX	1
MAKSDLQMQKIRQKLQTKQAAMERSEKAKQLRALR	MAKSDLQMQKIRQKLQTKQAAMERSEKAKQLRALR	1
IREPLTELKHLWENLGEKIAHRQHKLEGALLALGQ	MKFKVEVYKHLWENLGEKIAHRQHKLEGXXXXXXX	0
EEHEEAHHTAYLVFSPSKSFVHLEPMSHELPCGHT	XXFRQGITTVMLVFSPSKSFVHYILNGGTLMKAVL	0
ISGELAMRPLASLSGGQKSRVAFAQMTMPCPNFYI	LLYGILARPLASLSGGQKSRVAFAQPNHLDXXXXX	0
VVIRPPLTQGNLRYIAEKTEFFKHVALTLWDQLGD	NCSVVQLTQGNLRYIAEKTEFFKHVVPXXXXXXXX	1
ANQEVLVWLTQLQKEVGKDVSDEKLRDYIWNTLNS	XXXXVLVWLTQLQKEVGKDVSDEKLRDYILPNDPM	1
RAVSREDSQRPGAHLTVKKIFVGGIKEDTEEHHLR	XXXXXXXXPKRGAHLTVKKIFVFEYGKIEVIEAFV	1
TVPLPNVPSIALPSKPAKKKEEEDDDMKELENWAG	TVPLPNVPSIALPSKPAKKKEEEDDDMKELENWAG	0
ILMMVGLPAAGKTTWAIKHAASNPSKKYNILGTNA	FYDTSSLMMAGKTTWAIKHAASNPSKKYNILGANY	1
GNHAEYQVAEGEGEAGHKLKVRLPRFGLVRAKEGA	GNHAEYQVAEGEGEAGHKLKVRLPRFGSEMVTGGR	0
DRNGVDLLMKYIYKGFEKPTENSSAVLLQWHEKAL	LKVLTNLLMKYIYKGFEKPTENSSAVLLQWHVTVX	0
TDFVADRAGTFKMVFTPKDGSGVKEWEVYNFPAGG	XXNHGDKATDFKMVFTPKDGSGVKEWEVMGMYNTD	1
LGTYGSRAAEPQEQEFGKSAWIRDYSSGGSSRTLD	EQDWEFQKREPQEQEFGKSAWIRDYSSLSSGFXXX	1
QDQTGKETLAFPLWESTKVVPLSKFVLLRSVDLVS	TPLAGKVQDAFPLWESTKVVPLSKFXXXXXXXXXX	0
QPGPHVVKIFFAGDTIPKSPFVVQVGEACNPNACR	VEVCHVVKIFFAGDTIPKSPFVVXXXXXXXXXXXX	0
ILAPTVSAKTIAEQLAEKINAKLNYVPLEKQEEER	DVMQTVSAKTIAEQLAEKINAKLNYVPLEKQEEEX	1
FNRRQLELILNKPGLKHKPVSNQVECHPYFTQPKL	SLGVQLELILNKPGLKHKPVSNCQHDIVXXXXXXX	1
KWKSGKDLTKRSSQTQNKASRKRQHEEPESFFTWF	YWKSGKDLTKRSSQTQNKASRKRQHEEPESFFTXX	1
GQTQSPTKSHTPSPTSPKSYPSQKHAPVLELEGKK	LRAQGGQTQSTPSPTSPKSYPSQKHAPYQEDRKCE	1
ETVRVRKVDVSSVPDHLKEQEDWTDSKLSMNQIVS	SAAAWYVQDVSSVPDHLKEQEDWTDSKLSMNQIFK	0
ALPANTAEGLLNVIGMDKPLTLPDFLAKFDYYMPA	XXXXXXXXXXLNVIGMDKPLTLPDFLAKVCPWSSY	0
EKKAGSGKNDHAEKVAEKLEALSVKEETKEDAEEK	EKKAGSGKNDHAEKVAEKLEALSVKEETKEDXXXX	1
VFTKEDLTEIRDMLLANKVPAAARAGAIAPCEVTV	MQQIRMSLEIRDMLLANKVPAAAPCISPFSFGLVI	1
KIVKANKLDHVVTIIKGKVEEVELPVEKVDIIISE	VGSGIGIECSSISIIKGKVEEVELSWMLNTVLYAK	1
KTPAWYLKSIVETILIYKHFVKLTTEQPVAKQELV	QGASVLANVIVETILIYKHFVKLTQVDWMDLVXXX	0
ARLRSDVIHAPLPSPVDKVAANTPSMYSQELFQLS	ARLRSDVIHAPLPSPVDKVAANTPSMYSQELFQLS	0
SDVSLYRITWAPFGSSDKMETILNGDENTLVFENL	XEGFGYRITWAPFGSSDKMETILLVFENLNTIYEV	0
ALEARLGGSPFGPAGTGKTESVKALGHQLGRFVLV	LTDRCYMGSPFGPAGTGKTESVKALVCFDEFFITM	0
EALVVLHEDVRLTFAQLKEEVDKAASGLLSIGLCK	TAQRVPEREALLTFAQLKEEVDKAASVLMQLAQVS	0
KHLEIFHTEFQNLLDADKNEDLGRMYNLVSRIQDG	TEYMKFHTEFQNLLDADKNEDLGRMYNLLLHIQKY	0
LQTGIKRFVAGALGPTNKTLSVSPSVERPDYRNIT	XXXXXSTSIAQADGPTNKTLSVSPSYRNITFDELV	0
AAEEPRVLCIIQDTTNSKTVNERITLNLPASTPVR	XXXXXXXXXIIQDTTNSKTVNERITVAKVGYFLHL	1
IAELEMQLLLARLIQKYKVVLAPETGELKSVARIV	IQEALHEVVLARLIQKYKVVLALQFLQRQCXXXXX	1
ETFMNRVEVKVKIPEELKPWLVDDWDLITRQKQLF	KTHEDIVALFVKIPEELKPWLVDDWDAPHLLRLFV	0
EWVPESRVLKYVDTNLQKQRELQKANQEQYAEGKM	AYSGESRVLKYVDTNLQKQRELQKANQEQNEEMXX	0
LENLEQMVKDWKQRKLKKSNVVSLKAYKGLAEVAV	RENLEQMVKDWKQRKLKKSNVVSLKAYKGLAXXXX	1
SNFNRRQLEMILNKPGLKYKPVCNQVECHPYFNQR	GAKSIGVLEMILNKPGLKYKPVCKDIXXXXXXXXX	1
GAKTKENVVQSVTSVAEKTKEQANAVSEAVVSSVN	GAKTKENVVQSVTSVAEKTKEQANAVSEAVVSSVN	1
RLSLPPNVRIMFEVQDLKYATLATVSRCGMVWFSE	GPSGDVDPEWVFEVQDLKYATLATVSMWMDKYGTS	0
PKGKDSKKERDARTLLAKNLPYKVTQDELKEVFED	XXXXXXXXXXXXXTLLAKNLPYVLIRLVSSKGIAY	1
VSSFANSKPGSAKKLVIKNFKDKPKLPENYTDETW	XXXFANSKPGSAKKLVIKNFKDKPKLPENYTDETE	1
GMQLISEKPETEAVVKEKLTGLHKMWEVLESTTQT	KIEKEGMQLITEAVVKEKLTGLHKMWXXXXXXXXX	1
TRNLDPLVYLLSKLTEDKETLQYLQQNAKERAELA	FSRTPPLVYLLSKLTEDKETLQYLQQNAKERXXXX	0
DLGGDFKGVGKGSLAADKVVEEIRRRGGKAVANYD	LAVVVNDLGGKGSLAADKVVEEIRRRGGKAVANYX	1
GVRGARGGRGGNVGGKRKADGYNQPDSKRRQTNNQ	LKNYDYGGRGGNVGGKRKADGYNQPDSKRRQTNNQ	1
GQALLAAGHYASDEVREKLTVLSEERAALLELWEL	ADESGQALLHASDEVREKLTVLSEERAXXXXXXXX	1
TTNDAYAKGALVLGSSLKQHRTTRRLVVLATPQVS	XXXXXAFVTALVLGSSLKQHRTTRRLVVLETVFDT	1
VEAQLALKEARKEIKQLKQVIDTVKNNLIDKDKGL	XXAQLALKEARKEIKQLKQVIDTVKNNLIDKDKLS	1
EKEQQTVTKLHQLLENQKNSSVPLAEHLQIKEAFE	QKEQQTVTKLHQLLENQKNSSVPLAEHLQIKEAFX	0
SEKLGEWNEKVTQSDLYKKTQETLSQAGQKTSAAL	SEKLGEWNEKVTQSDLYKKTQETLSQAGQKTSAAL	1
MGKEIPTDAPWEAQHADKWDKMTMKELIDKICWTK	XXXIMGEIPPWEAQHADKWDKMTMKELIKIVSALW	1
SRGLGHQVATDALVAMEKAMKRDKIIVNDRQLACA	GEVVSPGVATDALVAMEKAMKRDKIIVNDRQLACA	0
KNEDADKLIQVVGVETDKVSREKAMADEEEQKVAV	XXXXXXKLIQVVGVETDKVSREKAMADEEEKLAAI	0
KAQALRDNSTMGYMMAKKHLEINPDHPIVETLRQK	IVTSTYGWTAEGYMMAKKHLEFEALLSGFSXXXXX	1
KVTFEDSKVHAEQVLNDKESHIKTLTERLLKMKDW	KVTFEDSKVHAEQVLNDKESHIKTLTERLLKMKDW	1
AKKFSLDALITHVLPFEKINEGFDLLHSGKSIRTV	AVGICLGTFSQHVLPFEKINEGFDLLHSRTVLTFX	1
EIEVLDVRENPNLVMPPKPADRAAEWYNIDFSLQN	LTEIEVLDVRNNLVMPPKPADRAAEKXXXXXXXXX	0
SPAVDAVVECNSKLDPTKTTLLKMADCGGLPQISQ	MTLQCPALLCNSKLDPTKTTLLYFVQGMGPKSMXX	1
NPRFNAHGDANTIVCNSKDGGAWGTEQREAVFPFQ	LGKDSNNLCLHFNVCNSKDGGAWGTEQNLFPNRLN	1
IEDGHVLPGLIHKVHLAKSSGSALTVWGTGNPRRQ	XXXXXFIPGLIHKVHLAKSSGSALTVAEAVVEAMD	1
YPTNSDFELKTAELPPLKNGEVLLEALFLTVDPYM	XXXXXXXMVRTAELPPLKNGEVLLEAKVVESKNVA	0
VSTGLKVRIMGPNYTPGKKEDLYLKPIQRTILMMG	YEGPDAVRIMGPNYTPGKKEDLYLKFLTGTITTFE	1
FDLAKAQENSNSVKKKTKFVNLYTREGQDRLAVLL	XDLAKAQENSNSVKKKTKFVNLYTREGQDRLAVLL	1
AFVTFDDHDSVDKIVIQKYHTVNGHNCEVRKALSK	FVGGIYFYFSVDKIVIQKYHTVHNCEVRKAXXXXX	1
LKLSYLDVYLIHWPQGFKSGDDLFPKDDKGNAIGG	XLWPTFFERPLVWPQGFKSGDDLFPKDDGNAIGGK	1
VAAENHLRLLSTVAQAVKGQGTICWVDCGDAESRK	RNNVLVLRLLSTVAQAVKGQGTICHQFKSIVAFLK	0
NILGTNTIMDKMMVAGFKKQMADTGKLNTLLQRAP	NCETHNTIMDKMMVAGFKKQMADTGKLNTLLXXXX	1
DFSAFMKHLKKLWKALDKDQYLPRKLCDSARNLEW	QGYASLKHLKKLWKALDKDQYLPRKLCXXXXXXXX	0
PYTIITTPPLKDFSLWEKTGLKEFLKTTKQSFDLS	LTIPEMTPPLKDFSLWEKTGLKEFLKTTKQSVSVI	0
QKTEKKSSGMDKESALDKSDLKKDKNDYLPLYSSS	GEKQYKKSGMDKESALDKSDLKKDKNDYPHSSTGQ	1
KKILIEDWKKAREEKQKKLIELQAGKKSLEDQVEM	XXXXXEDWKKAREEKQKKLIELQAGKKSLESLKDM	1
KGYEPDASVTKLAEQYAKENGTKLLLTNDPLEAAH	GMHLQAASVTKLAEQYAKENGTKLLLXXXXXXXXX	1
PESLPEAEQLLQQHAGIKDEIDGHQDSYQRVKESG	SITQKAVAQLLQQHAGIKDEIDGHQDSYWNALGRM	0
SALRTRVPQFSFLDIFPKVTCRPPKEVIDMELSAL	KYVYIVEILESFLDIFPKVTCRSDTEPXXXXXXXX	0
SHSPAGSAAISQQDFHPKCSTANSRLAAYEVLVML	LALPLLDDFLFRADFHPKCSTANSRADXXXXXXXX	0
DLRTHYSELTTLTSQYIKFISETLRRMEEEERLAE	EQALLEIELTTLTSQYIKFISETLRRMEEXXXXXX	0
YMFSELLSDYIRLIAAVKGVFDHRMKCWQKWEDAQ	QQQFENLDQYIRLIAAVKGVFDHRMKSIREVFEXX	1
LEDQFAKRIQAKKERVAKNELNRLRNLARAHKMQL	QQFAWAKRIQAKKERVAKNELNRLRNLARAQLPSA	1
MVGSKTVSQCKNFYFNYKKRQNLDEILQQHKLKME	LLGRNWISQCKNFYFNYKKRQNLDEILQQHTXXXX	1
AIRLFAAYNEGIINLLEKYFDMKKNQCKEGLDIYK	RTMNTEKLLEGIINLLEKYFDMKKNQCKEGLIYLA	0
RSVSGKRICSYCNNILGKGAAMIIESLGLCYHLHC	RSVSGKRICSYCNNILGKGAAMIIESLGLCYHLHC	0
NKDNSESLKVLNEQLQSKEVELLQLRTEVETQQVM	NKDNSESLKVLNEQLQSKEVELLQLRTEVETQQVM	0
KAQLIDERTKLGDYANLKQFYRDLEELEEWISEML	KSSLDSLEMKLGDYANLKQFYRDLEELQGVINLGN	0
DNHGQIANLPSAVTSDQKSQKVDTLPYVPEPIKVA	FTQKSKVPVLSAVTSDQKSQKVDTLEIINDLEDSN	0
FIDEGVNIGLEVKSKTAKLQDFKSFLLKDSETSQR	AITPGGVIGLEVKSKTAKLQDFKSFLLKDTXXXXX	1
MKAEAYKYIDITRPEEVKHQEQHHPELEDKDLDFK	MKAEAYKYIDITRPEEVKHQEQHHPELEDXXXXXX	0
GKPAPDFKATAVVDGAFKEVKLSDYKGKYVVLFFY	XXXXXXFKATAVVDGAFKEVKLSDYEVLGVSVDSQ	1
RLNKKDRKTVKMMYQKKKFAYGYIEDLKCRVLELP	XXXXXXXXWKDKFYQKKKFAYGVLELPYESMVPLD	1
YSLPPVIDKMNIELTQLKLSRTILQASLPQNDIEI	VIIIAVIADLGLILTQLKLSRTDIEILKPVNMLKP	0
ALRFTMDVIGGKYNSAKKDNDFIYHEAVPALDTLQ	FQSALMDVIGGKYNSAKKDNDFIYHEAVPXXXXXX	0
QEQKAKIAEQVASFQEEKSKLDAEVSKWDDSGNDI	XXXXXXXXTQVASFQEEKSKLDAEVSAKQMCMIMM	1
SEARDVFEKATVSAPFGKFQGKTVTIWEIINSEYF	XXXXXXXXXXTVSAPFGKFQGKTVTIWEIINSEYF	0
VLRGQPIYIQFSNHKELKTDSSPNQARAQAALQAV	QAFIEMNTEAFSNHKELKTDSSPNQARAQALXXXX	1
KQNLIAEVSTKDVKVYGKGNPTKVVAVDCGIKNNV	XXXXXLDELGLDVKVYGKGNPTKVVAVNNVIRLLV	1
LPKPTLWAEPASVIARGKPVTLWCQGPLETEEYRL	XXXXXXWAEPASVIARGKPVTLWKFHIPSTVYDSA	0
FLPKIFFRKMSSSGAKDKPELQFPFLQDEDTVATL	XXXXXXXRKMSSSGAKDKPELQFPFLQDEGSGKST	0
ITGAGHGIGRQTTYEFAKRQSILVLWDINKRGVEE	KSVAGEIVGRQTTYEFAKRQSILVTAAECRKLGVT	1
LASQGLGPGSTVLLVVDKCDEPLSILVRNNKGRSS	TIGVHAFQQRLALLVVDKCDEPLSEVRLTQTPLGE	0
YKPPDEGPSEYQTIPLNKIEDFGVHCKQYYALEVS	CWLSGIDVVDYQTIPLNKIEDFGVHCGQFDLEKQX	0
EAMGTKTESVTSENTPCKTKMLKEAHIELLRDSTT	EAMGTKTESVTSENTPCKTKMLKEAHIELLRDXXX	1
CTGSSTRHIVTFDGQNFKLTGSCSYVLFQNKEQDL	XXXTGSSTRHIVTGQNFKLTGSYLNQGCELCFDWK	0
QLYSARQRRRLNRGLRRKQHSLLKRLRKAKKEAPP	XXXXXXXXQRLNRGLRRKQHSLLKRLRKAVVKTHL	1
DPTGKTRTWESVKRTTRKEQTADGVAVIPVLQRTL	XELEGKWVKLEVKRTTRKEQTADGVGLIDDGETPA	1
EMEQVFEMKVKEKVQKLKDSEAELQRRHEQMKKNL	EMEQVFEMKVKEKVQKLKDSEAELQRRHEQMKKNL	1
RRPGRFDREVVIGTPTLKQRKEILQVITSKMPISS	XXXXXLGGLSEVGTPTLKQRKEILQVDLGLLAEMT	0
CHRKIETCGSRKSERSCKGALYKTLVSEGMLTSLR	DSVTIVWIGSRKSERSCKGALYKTLVSEGMLTSLR	1
MADGGAEEEEDRKARYLKNIFISKHSSEESGYASV	QDDTGAEEEEDRKARYLKNIFISKHSSEESSSSXX	1
ICEIFPEKIPQLPEDLFKSLMYSLELGMTSMSSEV	ILPMITCKIPQLPEDLFKSLMYSLELGCLLSPLFL	0
ATSEGVQVKRVLEKSPGKLLVKMPFQTSPGGKAEG	QRPKGVQVKRVLEKSPGKLLVKMPFQTSPGDSRTP	1
YESAITCEYLDEAYPGKKLLPDDPYEKACQKMILE	AKGIATCEYLDEAYPGKKLLPDDPEKAQGGNSISM	1
MTQVQTTLVALAGLAKTKGFHTTIDIGVKYAEKQT	IQAYGMKLVALAGLAKTKGFHTTIDIGVKYAEKQX	1
YHEMIESGVINLKDATSKVALVYGQMNEPPGARAR	GYSVFMISGVINLDATSKVALAFDVLLXXXXXXXX	1
DDLAGFYRSEYMEGNVRKVVATTQMQAADARKSFP	LTPYLDYRSEYMEGNVRKVVATHPDLTIVSEFDAR	1
AEGLKLTLDTIFVPNTGKKSGKLKASYKRDCFSVG	NTLGTEILDTIFVPNTGKKSGKLNVDIDFSGPTAX	1
KKEQVSEAIKTSQIFLAKHGHKLSEKEKKQISEQL	KQEHVVEAIKTSQIFLAKHGHKLSEKEKKQISLXX	0
NMLKSSFATCVLVSEEDKHAIIVEPEKRGKYVVCF	TGDQVDVNDMVLVSEEDKHAIICFDPSEKALRLLY	1
VGIIGLGRIGQAIARRLKPFGVQRFLYTGRQPRPE	LTQSTVGIIGQAIARRLKPFGVQRFLYEAAEFQAE	1
FQVLVKSLKSWIKETTKKVPIVQPSFGAEDLGKSL	XXXXXXXXKSWIKETTKKVPIVQDLKSLEDTKKLQ	0
EDKKKSLDDEVNAFKQRKTAAELLQSQGSQAGGSQ	EDKKKSLDDEVNAFKQRKTAAELLQSQGSQAGGSQ	1
WEAGKFGNEVIPVTVTVKGQPDVVVKEDEEYKRVD	LGSIEGASSNIPVTVTVKGQPDVVVKEDGXXXXXX	1
LAALKRPDDVPLSLSPSKRACASPSAQVEGSPVAG	XXXXXXXXXXXLSLSPSKRACASKQDLETQLWGGE	0
ADCHYIDVKGTSQENIEKEVVGIAHKFFGAENSVN	YKMFHIDVKGTSQENIEKEVVGIAHKFFAENSVNL	1
VQVADEVCRIFYDMKVRKCSTPEEIKKRKKAVIFC	XXXXXEVCRIFYDMKVRKCSTPEEIKKRKKAVILV	1
FDRIAQMGSEAHVNTCYKHFYYFVKEFGLIDTKEL	VHFRVFFVYEAHVNTCYKHFYYFVKELLKEMTARM	0
ELVAKTSNLENVKFAWHKETSSEYQSRMLEKKELQ	VEPSAEQIAKYKEFAWHKETSSEYQSRMMMYVXXX	1
SKPYDGIPASEISSILEKGERLPQPPICTIDVYMI	ILHWPYIPASEISSILEKGERLPQMVKCWMIDAQP	0
MPFTEKIMATPEQVGKMKAIVEKLRFTYRSDSFEN	XXXXXKIMATPEQVGKMKAIVEKLRFTYPKVEAMN	1
DPNSPVLLEDPVLCALAKKHKRTPALIALRYQLQR	XXXXPLLLEDPVLCALAKKHKRTPALIALRYRQNQ	1
IGNYYKPWFFKHVENYLKTNREGLEYIPLRHYYHR	DEAVIMPWFFKHVENYLKTNREGLEWNYPIXXXXX	1
SLRPHKMKSLLGQNVSTKSPFIYSPIIAHNRGEER	XXXPHKMKSLLGQNVSTKSPFIYSPIIAHNRGEER	0
LERHQGALYSLFPDHHVKKYFDQVDISNGLDWSLD	YFAGTGALYSLFPDHHVKKYFDYDQTGQISXXXXX	1
AREREKYDNMAELFAVVKTMQALEKAYIKDCVSPS	XXXXXXXXNMAELFAVVKTMQALEKAACRLLQYKA	0
LTVEGSFAKQLGQPVVSKTLGDRFSAPAVETRPSI	XKEGASFAKQLGQPVVSKTLGDRFSAPATMRFSCK	0
LDPENSETELERILRRRKVTAEADSSSPTGILATS	KHVDNSETELERILRRRKVTAEADSSSPXXXXXXX	1
RLSQVSDSVSGQTVVDPKGYLTDLNSMIPTHGGDI	RLSQVSDSVSGQTVVDPKGYLTDLNSMIPTGXXXX	0
LAELPQAGPETPGLEGLKELMQLCWSSEPKDRPSF	PSLAELPQAGTPGLEGLKELMQLCWSCKTEVXXXX	0
ADPSTVAKVAIESAVQQKQQHPPTYVQNVVPQNTP	MVASTVAKVAIESAVQQKQQHPPTYVYHTEGXXXX	0
GEMEDILQEARNAEEKAKKAITDAAMMAEELKKEQ	RNREDILQEARNAEEKAKKAITDAAMMAEELKXXX	1
GSGMNMGRINEILSNALKRGEIIAKQGGGGGGGSV	XXXXNMGRINEILSNALKRGEIIAKQGGGPLGLDH	1
AVKFPSQGTIFDYYVDHKTKKLLPWADKIAQFTMD	YFVFAVKFPIFDYYVDHKTKKLLPWADKIATARLR	0
FNILMRFTVDQTQTPSLKVKVAILKYIETLAKQMD	KMGADLLGQVQTQTPSLKVKVAILKYIVWEPKSSD	0
LLLESGIRIHTTEFEWPKNMMPSSFAMKCRKHLKS	KTYLIRTLLLETEFEWPKNMMPSSFAMCRSVYWKQ	0
AHEVGWKYQAVTATLEEKRKEKAKIHYRKKKQLMR	YDKKKRGYQAVTATLEEKRKEKAKIHYRKKXXXXX	1
VTSPSGRVTEAEIVPMGKNSHCVRFVPQEMGVHTV	LKIPEINSSDMEIVPMGKNSHCVYVGGPGPAEFSF	1
FGKATSIDPNTYITWIDKYQAQLVVLSAQIAWSEN	LAESVTEVPNTYITWIDKYQAQLVVLSAPLRRRKL	0
PALQEVQQVHQDILAAYKLHAQAELERDGLREEIR	PALQEVQQVHQDILAAYKLHAQAELERDGLREEIR	0
NWAAIAKMVGTKSEAQCKNFYFNYKRRHNLDNLLQ	NWAAIAKMVGTKSEAQCKNFYFNYKRHLDLXXXXX	1
LPVIDPESGNTLYILTHKRILKFLKLFITEFPKPE	XLIRLAVLIIHRLILTHKRILKFLKLINRLVEAEV	1
KCRLQTMYEMETSGKIAKSQNTVWSVIKSILRKDG	VCRLQTMYEMETSGKIAKSQNTVWSVIKSILRKVL	1
QHDLFFDTLKIQCGCSVKEVLGRAAQRQINFRLFE	XXXXLAGHQKIQCGCSVKEVLGRAAQRQINFRLFE	1
QPVLAITDPDMIKTVLVKECYSVFTNRRPFGPVGF	XXXXXXIDPDMIKTVLVKECYSVFTNDERVCKKDV	1
FQHAIEKTHQSALQVQQKAEAMLQANHYDMDMIRD	LRHLQAEVVQSALQVQQKAEAMLQANHDMDMIRDC	0
KMDEQKNHHQQQVDSIIKEHEVSIQRTEKALKDQI	KMDEQKNHHQQQVDSIIKEHEVSIQRTEKALKDQI	0
SPPASPESWKSGPPELRKTAPTLSPEHWKAVPPVS	XXXXXPESWKSGPPELRKTAPTLSPEHWKAVPPPR	1
CQSKSPRVVSTSLDCLQKLIAYGHITGNAPDSGAP	FVSRAADFFSTSLDCLQKLIAYGHITIIQIKALLT	0
MLTELEKALNSIIDVYHKYSLIKGNFHAVYRDDLK	XXXXXXXALNSIIDVYHKYSLIKGNFHAVYRDDLK	1
AKRMKALVEQGFTVPEIKTILGTMPAFEVSLQALQ	XXXXHLGKLQHFTVPEIKTILGTMPAFEVFQTPDF	0
YWRQAGLSYIRYSQICAKAVRDALKTEFKANAEKT	YWRQAGLSYIRYSQICAKAVRDALKTEFKANAEKT	1
DKTINSKAHAEQAIGQLKRHGKNNWTLLSYPGAGH	GQFLFIKAHAEQAIGQLKRHGKNNWTLLXXXXXXX	1
RPNFEPPQYPYIPAHITKPKEHKKLFLVQLQEKAL	RPNFEPPQYPYIPAHITKPKEHKKXXXXXXXXXXX	0
ALVCHRKELSANTAAFAKSAAMLGNSEDHTALSRA	XXXXXXKELSANTAAFAKSAAMLGNSELSRALSQL	0
IVDTVDNLLRPEALESWKHMNSSEQAHTATMLLDT	VFAGDVSLLRPEALESWKHMNSSEQATASLGQFLS	0
QDFKEGNAIFTFPNTPVKCAGAPQKIMYLSEAYFR	XSQPTGIQLNYSFPTPVKCAGAPTPPMSPGDCTLP	0
FESFGDLSSPDAVMGNPKVKAHGKKVLGAFSDGLA	FESFGDLSSPDAVMGNPKVKAHGKKVLGXXXXXXX	1
RQKNHPMTPEAVKANWKKICDFENASKPQSIQEST	GAIVRQMTPEAVKANWKKICDFENASKPSSIVKIP	1
PRRAPDQAAEIGSRGSTKAQGPQQQPGSEGPSYAK	PRRAPDQAAEIGSRGSTKAQGPQQQPGSEGPSYAK	1
LPETEIAPAKDVAPSTVKEVGLLKDMSPLSETEMA	XXXXXIAPAKDVAPSTVKEVGLLKDMSPLSPEKKT	1
PPTQLSKIKYSGGPQIVKKERRQSSSRFNLSKNRE	XXXXXXXXKYSGGPQIVKKERRQSSSRVSDLPPSS	1
LTHIIETRKVLDLRINLKPSYLVVPQTGFHHEKSD	LLKIIVQSQPVEVRINLKPSYLLDFGTFQLVEIKN	0
TRMPGGRDALKSSVDAVKYFGKGTYTDCAIKKGLE	LHYSDEVEIIKSSVDAVKYFGKDQRXXXXXXXXXX	1
GQAKELSAKLALSIPAEKFENMKSSLSNEVNEKAK	RFKYFESDKLALSIPAEKFENMKSSLSNEQAHNLT	0
TNAEVLPILPEPESLELKKHLKQALASMSLNTQPI	ACLQVLTILPEPESLELKKHLKQALANLATRVAMV	0
EKTNEERKTLLSNLEEAKKKKEDALNETRESETKL	XXXXXXXXXLLSNLEEAKKKKEDALNLLENDRQQT	1
LLAIVKCMRNKSAYFAEKLYKSMKGLGTDDNTLIR	IEISDLAKCNKSAYFAEKLYKSMKTDDNTLIRVMR	1
SLVKSSLADSDHLQDWLKKLTLLIPETAVRHESCS	XXXXMSAYYDDHLQDWLKKLTLLIPRSCLAASTLL	0
AVSTHPDAMNQQLETAQKMKQEIQQEKKQIKVAQA	NKLSSSLAMNQQLETAQKMKQEIQQEKVEQKAENH	0
GPRAKVAKLNIQSLSPVKKKKMVPGALGVPADLAP	AEELRRAELNIQSLSPVKKKKMVPGAMVVPEMAVP	0
EWKFDQGDTTRLVCYNNKITASYEDRVTFLPTGIT	SCSPRVEWKFRLVCYNNKITASYEDRVTFLPTGIT	0
QDDLQDVIGRAVEIGVKKFMITGGNLQDSKDALHL	KFIDIGILIGAVEIGVKKFMITANGMFFSKVVIET	1
PLRLGLTDINEAYVETLKHCFMMPQSLGVIGGKPN	XXPVWILGRKEAYVETLKHCFMMSGVFIGYVGEEL	0
SWNALATPSDKLFFWNSKSTYIKSPPFFENLTLDL	XXXVRNRERFEFFFWNSKSTYIKSPPAARYLTNRG	1
GGLSWDTSKKDLKDYFTKFGEVVDCTIKMDPNTGR	XXXXGKMVKKDLKDYFTKFGEVVDCFILFKDAASV	1
NKSHPISAKLDVLESLIKDHKDFSKTLTAQSHMYE	QKSHPISAKLDVLESLIKDHKDFSKTLTAVKEREN	0
CALTLEAGEKLLLTTDLKTKESVGRRISQLQDSWK	QFTVLEAGEKLLLTTDLKTKESVGRRISQLXXXXX	0
ISATSIFFESMPYKLNPKTGLIDYNQLALTARLFR	XXXXXXXLDPDGYKLNPKTGLIDYNQLAYARSLVS	1
LYKLELEQTYQAKLDSAKLSSDQNDKAASAAREEL	XYKLELEQTYQAKLDSAKLSSDQNDKAASAAREGG	1
RYPNVFGIGDCTNLPTSKTAAAVAAQSGILDRTIS	AGAMSPWIGDCTNLPTSKTAAAVAAQGYTSCFDYX	0
SRPSLILDTVLFQIDEHKVFANEVNSHREQIIELD	TLASRPSDTVLFQIDEHKVFANEVNSHRVVQRLVE	0
SDSVDRYKVEYYPVSGGKRQEFYVSRMETSTVLKD	XXHRSFVKVEYYPVSGGKRQEFYVVLKDLKPETEY	0
NPNYDKTSAPITCELLNKQVKVSPDMAIFITMNPG	CQQQVQCIAPITCELLNKQVKVXXXXXXXXXXXXX	0
SAKAAQASDLEKIHLDEKSFRWLHNEDQMAVEKLS	SFAQAVACAEAKIHLDEKSFRWLHNEDQAVLXXXX	1
DSATYTCHVANVAGTAEKSFHVDVYVPPMIEGNLA	KDGGQYLTYTCHVATAEKSFHVXXXXXXXXXXXXX	0
KEEGLPVPELFTDPLFSKSGGGGNFVLSTSLVGYL	PGCCYRCTDLFTDPLFSKSGGGGNFVLMVNGXXXX	0
PDPEPTEEDIEKNPELKKLQIYGAGPKMMGLGLMA	XXXEPTEEDIEKNPELKKLQIYGAGPKMRLETILA	1
QKDRLVAEFTTSLTNFQKVQRQAAEREKEFVARVR	VEIQRLQTNTTSLTNFQKVQRQAAERLEDIMINFI	0
PAGWQVGGAQGCGECVSKPCPSPCTPEQQESFGGP	TCHSQAVSAQGCGECVSKPCPSPCPNSHYELCADL	0
LGNKNLHFLTTQEDYTLKIDLADFEKNSRYAQYKN	XXXDDGGGWTVIQRYTLKIDLRYAQYKNFKIGEYS	0
LLLTGKPKPAGVLGAVNKPLSATGRKPYVRSTGTE	ECKHDPDFTRQVLGAVNKPLSATGXXXXXXXXXXX	1
ADYLAEARNLPPLTEAQKNKLRHLSVVTLAAKVKC	FGTYADYLALPPLTEAQKNKLRHLSVALALQLLEA	0
GGEDFDNRLVNHFVEEFKRKHKKDISQNKRAVRRL	XXXXXXXRLVNHFVEEFKRKHKKDISQNKRAVRRL	1
ESYDKIRAAGGHLCQQPKDIECQAESFPNWTLAQV	WTEWFESYDIGHLCQQPKDIECHCDVHFGLRIRVL	0
YKKTEEIVQKFQSGIGEKLHQKLLERAKGKRNWLE	XVPSLELVQKFQSGIGEKLHQKLLERAHLLGLLLI	1
PAPVGGEHPSAAAPGPGKHKKRRGATRERVVPPPK	PAPVGGEHPSAAAPGPGKHKKRRGATRERVVGHSK	1
NNSTPLVDPSVYGYGVQKRPLDDGVGNQLGALVHQ	XXXXXXXXPSVYGYGVQKRPLDDGVGNQLGALVHQ	0
PKIGFPWSEIRNISFNDKKFVIKPIDKKAPDFVFY	SIKNKKGSELWLISFNDKKFVIDFVFYAPRLRINK	1
ASYAVQSKYGDFNKEVHKSGYLAGDKLLPQRVLEQ	ASYAVQSKYGDFNKEVHKSGYLAGDKLNKDQWEER	1
KVTEGLVDVILYHQPDDKKKNRGFCFLEYEDHKSA	PKNKTKENIILYHQPDDKKKNRGFCRNLATTVKDY	0
QRKSEDDSAVPLAKAAPKSGPSVPVSVQTKDDVYE	PGPPPGRSAVPLAKAAPKSGPSVPVSVQTKDDVAX	1
NKSIRKNRNCSQLIAAYKDFCEHGTKSGLNQGAIS	QNAFLHWLNCSQLIAAYKDFCEHGTSEASXXXXXX	0
ETPQAKKIKLQTPNTFPKRKKGEKRASSPFRRVRE	STPQAKKIKLQTPNTFPKRKKGEKRASSPFRRVRE	1
MRNIAPNISRAEIISLCKRYPGFMRVALSEPQPER	XXXXTCSLSRAEIISLCKRYPGFMRVAGWVTFDRS	0
KMKSVIENAKKKEVAGAKPHITAAEGKLHNMIVDL	LMKSVIENAKKKEVAGAKPHITAAEGKLHXXXXXX	1
KKAAATSAKKVVVSPTKKVAVATPAKKAAVTPGKK	XXXXXTSAKKVVVSPTKKVAVATPAKKAAVTPGKK	1
VLFEDPLFPATDDSLYYKGTPGPAVRWKRPKGICE	XXXXXXXFPATDDSLYYKGTPGPAVQVGNAKAGCY	0
VVQPSSGFSGTTDFIHLKKHKAALAAAQYKSSNAS	XKQANFKSSGTTDFIHLKKHKAALAAKLKLQSRKK	1
ITQLPDIQEKLHQLQMEKLPSRKAITEMISWMNNV	DTIRSNIQEKLHQLQMEKLPSRKAITEMKWIVDFV	0
RAVANSRPAKAAVHLEGKIEQAQRWIDNPTVDDRG	XXXXXXXXAKAAVHLEGKIEQAQRWIDGVGQAAIR	1
EIDRYASENVNKLLVGNKSDLTTKKVVDNTTAKEF	CLRYEVYDVTDQSYVGNKSDLTTKKVVDNLETSAK	1
TEICKQILTKGEVQVSDKERHTQLEQMFRDIATIV	RACYKNKVVGSEVQVSDKERHTQLEQMFRDKYSVK	1
VQARAALDKATVLLSMSKGGKRKDSVWGSGGGQQS	NTYIDALDKATVLLSMSKGGKRKDSVWGXXXXXXX	1
VTKTSDPLKILANADTMKVLGVQRPLLQSTIIVEK	XXXXXXXXXILANADTMKVLGVQRPLLQSTIIVEK	0
CRYHHGNRAPQLLIAPFKEEDEWDSPHIVRYYDVM	FCRYHHGNRAQLLIAPFKEEDEIVRYYDVMSRMHI	0
QAGLRAWTQVLLGQAEDKAEVDMDTDAPQVSHKPG	MYAGRAWTQVLLGQAEDKAEVDMDTDAPQVSHKPG	0
KRKRCVLTERGLQLFEAKGTGGRPKELSFARIKAV	LQLWKRKRCVLLQLFEAKGTGGRPKELIDFRCPDX	0
ERVVDLLNQAALITNDSKITVLKQVQELIINKDPT	XXVVDLLNQAALITNDSKITVLKQVQEEIIAFQAD	0
LDLSVRRTGRIPKKLLQKVFNDTCRSGGLGGSHAL	FDWALMRLDSIPKKLLQKVFNDTCRSGHALLLSCL	1
QLLVETSGISIYRLLDKKTGLYEYKVFGVLEDCSP	XALAGADWQLLYRLLDKKTGLYEYKSRVKQYKQYY	1
YVPPKDLSFSEVTSYGFKTNWSPAGENVFSYHITY	XXXXXDLSFSEVTSYGFKTNWSITYKVESTSVVLS	0
PSEIKKHVPEDFWPPQPKLYKVGLGLGYLELPQIN	XXXXXXXVDLSGNPPQPKLYKVLPQINYKLRMRLL	0
KYASRLAGKENITEDEAKEVHRSLKIAAGIFKHLK	YTYASRLAGKNITEDEAKEVHRSLKIEAQEVTIAR	1
PVQGIINFEQKESNGPVKVWGSIKGLTEGLHGFHV	KAVCIINFEQKESNGPVKVWGSPGLVDVSIEDSVI	1
THYGPGTGPIWLDDMGCKGSEASLSDCPSGAWGKH	RDATVACWEKVLDDMGCKGSEASLSDCPSGXXXXX	0
IENNPTVKASGYQSSQKKSCVEEPEPEPEAAEGDG	QVFTFTVKASGYQSSQKKSCVEEPEPXXXXXXXXX	1
FEVYLKPYFLEAYRPIRKGDIFLVRGGMRAVEFKV	CVNLVKGKRIHVLRPIRKGDIFFKVVETDPSPYCI	1
KKHADNAAKLHSLCEAVKTRDIFGLLQAYADGVDL	XXXXXXXXXLHSLCEAVKTRDIFGLLAIPLANGET	0
AAELAVQNEVGLVDNPLKISWLEGQPQDAVGRSHS	VAELAVQNEVGLVDNPLKISWLXXXXXXXXXXXXX	0
SYTTASTSSRPTFNVQVKSAQPSPHYMAAPSSGQI	PQPVPASYTTPTFNVQVKSAQPSPHCTAMDLRGQP	0
PGVTVTSWLGKPWKPGDKEPCAHPNSRFCAPARQC	DPLTVTSWLGKPWKPGDKEPCAHPNSAKGKXXXXX	1
KIVYPTEKVNCLDKFWHKACFHCETCKMTLNMKNY	KIVYPTEKVNCLDKFWHKACFHCEKMTLNMKNYKP	1
HLGKEDFTSLSLVLYSRKFPSGTFEQVSQLVKEVV	XXXXXXXXXLSLVLYSRKFPSGTQVLVFPVHPMAA	1
IDDRVILSSSTSCLMPSKLFAGLVHVKQCIVAHPV	LKKKIFASSSTSCLMPSKLFAGLVVKCIVVPHPET	1
ESIMKNLRRVHPVSTMIKGLYGIKDDVFLSVPCIL	XXXDITYWPKNGESTMIKGLYGIKDDVFLSVPCDL	1
AGEFIRASGVEARQALLKQGQDNLSSVKETQKKWA	LAGEFIASGVEARQALLKQGQDNLSSVKAEQYLKI	1
KRREREEKDDGEDKKKSKVSSYKDWEESKDDQKDA	XRREREEKDDGEDKKKSKVSSYKDWEPTPSYRDSE	1
LEDKIDEEVRRFRETRQKNTNEEDDEVREAMTRAR	QLKTFDEEVRRFRETRQKNTNEEDDEVREXXXXXX	1
PMRAIFMIPTNPPPTFRKPELWSDDFTDFVKKCLV	MAEGKPPYADNPPPTFRKPELWSDDFTDFVKLXXX	0
EPLHIINSSNVTDEPLLKMLLTKADSDGPEFKTIH	TAKAYLKKISNTDEPLLKMLLTRLKVSFASLITAE	0
IPAKSPEKCRLDMIPDLKAMNPLKAKTASLFEQKS	ELDLRHTIIRLDMIPDLKAMNPLKAKTPCYAEKDG	0
EEPPEKTVDVAAEKKVVKITSEIPQTERMQKRAER	XXXXEKTVDVAAEKKVVKITSEIPQTERMQKRAER	1
SIDGGGTRGVVALQTLRKLVELTQKPVHQLFDYIC	XXXXXXXXXVVALQTLRKLVELTQKPVLPLDVLFQ	1
ELNLILKNSSFQSMKENKMSNYSLLSVDYVVDKAQ	SVPIWERNSSFQSMKENKMSNYSLLSVVDKAQLLR	1
VTSYLKKKEERLQQQLEKKQRRRSPPPGPDGHAKK	VTSYLKKKEERLQQQLEKKQRRRSPPPGPDGHAKK	1
NPNYDKTSAPITCELLNKQVKVSPDMAIFITMNPG	QVQQVQCIAPITCELLNKQVKVXXXXXXXXXXXXX	0
AARIRPRDLEEFFSTVGKVRDVRMISDRNSRRSKG	RTVFCPRDLEEFFSTVGKVRDVRYVEFVDVSSVPL	0
QELQEEEEQTKPPRRAPKTLSSFFTPRKPAVKKEV	KRPQEEEEQTKPPRRAPKTLSSFFTPRKPGQKAXX	1
VQQQEVYGMMPRDETDSKTASPWKSARLMVHTVAT	VQQQEVYGMMPRDETDSKTASPWKSARLMVHTVAT	1
EPLAARSAFPCFDEPAFKATFIIKIIRDEQYTALS	VVPLRYISVQCFDEPAFKATFSVKMSTYLVGNLVT	0
PKYIQDIVASTLKLPANKVMCHVRRVGGAFGGKVL	PKYIQDIVASTLKLPANKVMCHAAFANSTETPXXX	1
FDKLELLECIRRLIEVDKDWVPDAAGTSLYVRPVL	KGDQQVRLCIRRLIEVDKDWVPDSLYVILCPPVXX	0
AAQLRILAGPAGDSNVVKLQRIEDLPTMVTLGNSF	DRYDAAQLRLAGDSNVVKLQRIEDLPTMVSFXXXX	0
EKREPQGFHKVAGLLTQKLTYENGLLKMNFTGGDT	KLYDLKGRVCGSGLLTQKLTYELLKMNFTGSTAIF	0
IRERPPEEVAARLAQQEKQEQVKIESLAKSLEDAL	XXXRPPEEVAARLAQQEKQEQVKIESLAKSLEDNA	1
PEAVPEQKDPDPEFPTVKYPNPEEGKGVLTLSFAL	QDTSVHGEQPDPEFPTVKYPNPEEGKGVLTLSAND	1
DKADSMIRLLFNDVQTLKDGRHPQGEQMYRRVYRL	RIVTKLQRLLFNDVQTLKDGRHPQGEQMYRRVYXX	0
EVRMPSGKVAQPTITDNKDGTVTVRYAPSEAGLHE	FPLVIPFTIKKGIITDNKDGTVTVSXXXXXXXXXX	1
SVGVVDKKEETQPPVALKKEGIRRVGRRPDQQLQG	XXXXXDKKEETQPPVALKKEGIRRVGRRPDQQLAK	1
MKTYNIILRGIDMIEFPKKIAKNAANLIKKLCRDN	YELLTGSPPFIDMIEFPKKIAKNAANLIKWXXXXX	0
APLAMAAKVDLSTSTDWKEAKSFLKGLSDKQREEH	XXXXXAAKVDLSTSTDWKEAKSFLKGLAGPLLTDE	1
RISVFRPGLRDVAYQYVKKGSRIYLEGKIDYGEYM	LAWHRISVLRDVAYQYVKKGSRIYLIIFLSDXXXX	1
DERIVFSGNLFQHQEDSKKWRNRFSLVPHNYGLVL	XXXXXXXDVLFQHQEDSKKWRNRERVAPILKCPTP	0
ARLNGSFRYVVISQGLDKPRAITVHPEKGYLFWTE	GWTDQGFDVIEISQGLDKPRAIFWTEWGQYPRIEN	0
GCFQAEIVPVTTTVHDDKGTKRSITVTQDEGIRPS	PELSMSLADVTTTVHDDKGTKRSITVTEGVSDXXX	1
TLQGKTFEDKVTFPLQPKPDVNLTIHRLAAKSLLQ	VAQLMPAAETTGFPLQPKPDVNLTIHRXXXXXXXX	0
VNGVAKIHSDIVKTKVFKDFSELEPDKFQNKTNGI	HIVVNGIHSDIVKTKVFKDFSELEPDKFQXXXXXX	1
LIVGLMRPPAYCDAKEIKDAISGIGTDEKCLIEIL	XXXXXXXXXAYCDAKEIKDAISGIGTDECLILLVA	1
PMDITLTETRFKTGTTLKYTCLPGYVRSHSTQTLT	FAAPMDITLTEFKGTTLKYTCLVRSHSTQTLTCWV	1
IVERAAAKRKLEKLIIHKNHFKGGQSGLNLSKNFL	LLRRLKSDVKLEKLIIHKNHFKGGQSGLFLDELEL	1
AKIMREPWVEQDKFGKVKFAVLQTYGDTTHTLVEK	CDYIVREPWVEQDFGKVKFAVLHTLVEKMNYIGFL	1
FFLQRRSPPILPTLDSLKTLADAEDKCVIEGNNCT	XXXTSELLIYLPTLDSLKTLADAEDKCVNNCTFVR	0
YLNEIKDSVVAGFQWATKEGALCEENMRGVRFDVH	PDGTGPNILVAGFQWATKEGALCEENMRGVRLYVX	0
HQIIHTGEKPYTCPACRKSFSHHSTLIQHQRIHTG	EQIIHTGEKPYTCPACRKSFSHHSTLIQHQRIHTG	0
GVMLAVDAVIAELKKQSKPVTTPEEIAQVATISAN	XXXXXXXXXIAELKKQSKPVTTPEEIQVTAAVEEG	1
KYKTLAQKLYQHEINLFKSKTNSQKGASSTWMKAI	RQTLLLRPLYQHEINLFKSKTNSQKGSSTMKAVLI	0
RNHLVSSTPATDYFLQQKDYFIIFLLILLQVIINF	ESLKVQHDLSTDYFLQQKDYFIIFLLILLQVIINX	0
PYTIITTPPLKDFSLWEKTGLKEFLKTTKQSFDLS	TIPEMTTPPLKDFSLWEKTGLKEFLKTTKQSVVID	0
RLKAYEDQTKPVLEYYQKKGVLETFSGTETNKIWP	DTVINLNQTKPVLEYYQKKGVLETFXXXXXXXXXX	1
DAGLARTTTGNKVFGALKGAVDGGLSIPHSTKRFP	AGQVGDEYNVLKVFGALKGAVDGGLSIPHSTRFPH	1
SELRREGRVANVADVVSKGQRVKVKVLSFTGTKTS	WEGLVHILRVNVADVVSKGQRVKVLSMQXXXXXXX	0
RKLKNFKTLQLDNNFEVKSLIFDQSGTYLALGGTD	PITSIATAADDSSVFEVKSLIALGGTDVQLTTGVS	0
GELDPMVPVRFGALTAEKLRSVVTPARVQFKTYPG	PQAAAKLIQRFGALTAEKLRSVVTPARVQFXXXXX	1
LPPSGAVPVTGIPPHVVKVPASQPRPESKPESQIP	LPPSGAVPVTGIPPHVVKVPASQPRPESXXXXXXX	0
PEGFSQEFEEQQPKSRPKFQSPQIQATISPPLQPK	PEGFSQEFEEQQPKSRPKFQSPQIQATISXXXXXX	1
LLALKNLAQLNDIHQQYKILDVMLKGLFKVLEDSR	XXXXLNLAQLNDIHQQYKILDVMLKGLVFRIVYYP	0
EEESLNEVGYDDIGGCRKQLAQIKEMVELPLRHPA	XXXXXXXXXEYDIGGCRKQLAQIKEMVEILYGTGK	1
KVIPHFTATADAFKDDRKIACAAVDCVKDKNQDLC	KKKKHTLVTADAFKDDRKIACAYYHYGKTYIRALR	1
FSHCDQAVLQCSEASSNKDMFADRLSKSIIKHSID	LESMTSLEVTCSEASSNKDMFADRLSKSIIKHXXX	0
LFKPAVIADSGSYFCTAKGQVGSEQHSDIVKFVVK	PISYIWYKATLSTFCTAKGQVGSEQHSDXXXXXXX	0
NINRVATQAVEDVLNIAKRQGNLSLPLNRELVEKV	XXNRVATQAVEDVLNIAKRQGNLSLPLNRELVEKV	1
PFMVVNDAGRPKVQVEYKGETKSFYPEEVSSMVLT	LIAQMNPTNTVFVQVEYKGETKSFEAKYKAEDEKQ	1
LNLAFIANLFNRYPALHKPENQDIDWGALEGETRE	LLMLRWYHVEFNYPALHKPENQDIDWGALXXXXXX	0
IAVHCTVRGAKAEEILEKGLKVREYELRKNNFSDT	XLCLLQLTVAKAEEILEKGLKVREYEGFGIQEHID	1
TRFMETADSTTAAVLQGKLAEVSQRFEQLCLQQQE	TREMVTFMSTTAAVLQGKLAEVSQRFXXXXXXXXX	0
NKSAKQGDRENFRKAKQKLGFSSSDPDRMFVELSN	XXXEAVDMDYGFRKAKQKLGFSSSNYLWMECLFDR	1
QSSLTRGGSGRISALQGKLSKLDYRDITKQSQETE	SRSRSRSPSGRISALQGKLSKLDYRDITKMKRDDS	1
VETIAQEHSTLSQQVDEKCSFLETKLQGIGHFQNT	TMLQTQQKLTLSQQVDEKCSFLETKXXXXXXXXXX	0
FDYLKGFLEESVSALDIKENCMRVGLVAYSNETKV	EACQGPSMADVVSALDIKENCMRVGNSLSMGINKS	0
VFRDVAPQAPVHFLVIPKKPIPRISQAEEEDQQLL	LDKIYEDQQCLVFLVIPKKPIPRADQLLGHLVYHL	1
DVPEGVERVIEQLLVGLKDKDTVVRWSAAKGIGRM	XXXXXPERKVEQLLVGLKDKDTVVRWSAASVLDCF	0
LKTEDSLMPEEEFLRRNKGPVSIKVQVPNMQDKTE	XXXXXGLMPEEEFLRRNKGPVSIKVFTLPLTDQVV	1
EMQPLKSAEGGEMEEREKKKANAPKKEKSVLQGKL	EMQPLKSAEGGEMEEREKKKANAPKKEDEELAEGE	1
QKVEASKVPEYIKKAAKKAAEFNSNLNRERMEERR	NTVEASKVPEYIKKAAKKAAEFNSNLNRERMENAI	1
GAISLIFSLKEEVGALAKVLRLFEENDVNLTHIES	XXXXXXFSLKEEVGALAKVLRLFEENDVNLIESEY	1
LGPLKLKPAHEGLVATVKEAGRSIHEIPREELRHT	EEGTPPKPAHEGLVATVKEAGRSIHEPRKAKXXXX	1
QWRKDPSGSKKKPKYSYKTVEELKAKGRISKKLTA	AVGAYGSDSEEEPKYSYKTVEELKAKGRILQLLID	1
HQAVDGLQEVQRQAQEGKNIGTTKKGIGPTYSSKA	XXXVDGLQEVQRQAQEGKNIGTTKGLTYPFVTRVG	1
GEDLKFNLILRQPMILEKGQRFTLRDGNRTIGTGL	VEAQVSLKFNLIPMILEKGQRFTTGLVTNTLAXXX	1
PKVQDFGWPELHAPPLDKLCSICKAMETWLSADPQ	XFNLSQDFGWPHAPPLDKLCSICKAMKLVIVSAYY	0
VETIAQEHSTLSQQVDEKCSFLETKLQGIGHFQNT	LTMLQTQQLTLSQQVDEKCSFLETKLXXXXXXXXX	0
LRKAELAKLQQTLNALNKKAAFYEEQINYYDTYIK	DLVTVSKKLQQTLNALNKKAAFYEEQINXXXXXXX	1
VVGGRRSAWRVISSIEQKTDTSDKKLQLIKDYREK	XXGGRRSAWRVISSIEQKTDTSDKKLQLIKDYREK	1
VGAVFGLTTCISAHVREKPDDPLNYFLGGCAGGLT	TDCKFGLTTCISAHVREKPDDPLNYFLGGASLVKM	0
GQQMRKGPSAKRRYKNQKFGFGGKKKGSKWNTRES	AKYKKKGPSAKRRYKNQKFGFGGKKKGSKWNTRES	1
DSGVTYESPNKPTIPQEKIRPLTSLDHPQSPFYDP	WNSPWDAGTDSPTIPQEKIRPLTDXXXXXXXXXXX	0
MGIPLGPRKKIANFVEHKAAKLKKAASEKKAVAAT	SLLMCTVRKKIANFVEHKAAKLKKAASEKXXXXXX	0
EVKSSDIAKTFRKAINRKEGICALGGTSELSSEGT	ELFKEANMPTFRKAINRKEGICHSYSEEHLGNPKX	1
EKIESEKGKDAFPVAGQKLIYAGKILNDDTALKEY	TVKALKEKIEAFPVAGQKLIYAGKILNDDTLFVVV	1
EIVGKRIRVKLDGSRLIKVHLDKAQQNNVEHKVET	ELVEIVGKRIRVKSRLIKVHLDKEVEFSGYKGKDV	1
LRRKVESIIHSYPEFSCKDNYFMTQNERYKAAMRR	XXXXXXSLGDHYPEFSCKDNYFMERAAALSDKLSG	1
ELEADEREPTESTQQLNKPEVLEVTLNRPFLFAVY	RTIHLTMEPTESTQQLNKPEVLEVTXXXXXXXXXX	0
QNRLRRKREQEPTERPLKGIQSRLRKKRREEGPAE	XXTAVKKREQEPTERPLKGIQSRLRKYKSTKEAAT	1
EVDCDILIPAATEKQLTKSNAPRVKAKIIAEGANG	DREDDPNFMSLEEKQLTKSNAPRVKIGPTTPEADK	1
LLEYYIKVILDYNTAHNKVALSECYTVASVAEMPQ	XXXXXXXXXXXYNTAHNKVALSVASVAEMPQNYRP	0
DILDMKLEDILESINSIKSRLSKSGHIQTLLRAFE	EQAEQWLEDILESINSIKSRLSKSGHIQTXXXXXX	0
AKKMRNRIIKNEVKKLQKAALLKASPKKAPGTKGT	AKKMRNRIIKNEVKKLQKAALLKASPKKAPGTKGI	1
KIKALKIHKNSSTYWEGKADMETLQRIYGISFPDP	EKFKCRINEKSSTYWEGKADMETLQRENNELSGAL	1
QCEGNSFHKSCFLCMVCKKNLDSTTVAVHGEEIYC	CGVCVCFHKSCFLCMVCKKNLDSTTVAVHEEIYCK	1
EDKYEILQSVDDAAIVIKNTKEPPLSLTIHLTSPV	LALATDKYEILQSAIVIKNTKEPPLSLTIXXXXXX	0
LMNIAGTTLSSKLLTHHKDHFTKLAVEAVLRLKGS	LMNIAGTTLSSKLLTHHKDHFTKLAVSLADSYLAE	1
EPSGLETLKDTPPPRLIKSHLPLALLPQTLLDQKV	IYVRVPFLEVGLTLRLIKSHLLLKVVYVXXXXXXX	1
NKLEEMINELAVAMTAVKHEQEYMEVRERIHRAIN	TIDIGEINELAVAMTAVKHEQEYMEVRERXXXXXX	0
GPDCQAKSTPVIVSATTKKGLSSDLEGEKTTSLKW	XPDCQAKSTPVIVSATTKKGLSSDLEGEKTTSLKW	0
KSTLQTLPEIVAKEAQVKVAEVEGEQVDNKAKLEA	TELKTLLPEIVAKEAQVKVAEVEGEQVDNKAKLEA	1
IEGRWKKLSSQLVEHCQKLEEQMNKLRKIQNHIQT	QRLGELQQSSQLVEHCQKLEEQMNKLRKINEAEXX	0
VYKALSDHHIYLEGTLLKPNMVTPGHACTQKFSHE	RCVLPIVEPEITLVTLLKPNMLVVTGITFLSGALT	1
ESPMGEWGFQKGQEISAKAATCFAEKLPSSNLLKN	XXXXXQWGFQKGQEISAKAATCFAEKLPSQQVSVR	1
GAYRQEFGESKEITSAIKRVHKFMEREGRRPRLLV	XXXXXXXRESKEITSAIKRVHKFMEREGRRPRGFA	1
FIVPLTDLRIPSVQINFKDLKNIKIPSRFSTPEFT	SLQALQKATFQTVQINFKDLKNIKIXXXXXXXXXX	0
STGLKVRIMGPNYTPGKKEDLYLKPIQRTILMMGR	XEGMKVRIMGPNYTPGKKEDLYLKPVDQFLVTGTI	1
ICKAVLNPTNADILIETKLVLSRFEFEGVSSTGEN	XXXXXXXXXXXXXLIETKLVLSRFEEEVWLFWRIR	0
SKVSEQVKNVKLNEDKPKETKSEETLDEGPPKYTK	XXXXXXVKNVKLNEDKPKETKSEETLDFPKKGDVV	1
NHLQLEGLFFTNGEHTSKATLELSPWQMSALVQVH	ENFAGYSLWEHSTEHTSKATLESALVQVHALGQEV	0
VESHKLGGTCVNVGCVPKKVMWNTAVHSEFMHDHA	XXXXXXXXTCVNVGCVPKKVMWNTAVIKRDYVSDG	1
ALQSLRDREFSTFYESLKYARVKEVEEMCKRSLES	SLYNALSLEFSTFYESLKYARVKEVEERLQAIGEL	0
SYQVCVTDLNTTLDNFSKEFVSFSDKPVDQIAVEE	XXXXXXTDLNTTLDNFSKEFVSFSDKKLQELENRL	0
KAGDLRDTGIFLDLMHLKKPGGFDISLFYRDIISI	LTPFDMSFTNEDNLMHLKKPGGFDIFEESSKLEDL	0
HFKLHPDDVAGIQALYGKKSPVIRDEEEEETELPT	LGLLHPDDVAGIQALYGKKSPVIRDEEEEXXXXXX	0
PFLTPILEALNITVFPRKVISFLTKSVKQIKEGRL	ENTKKLLRFLNITVFPRKVISFLTKSVKMASIIIF	1
TKKVPIVQPSFGAEDLGKSLEDTKKLQEKWSLKTP	XXXXXXXXXSFGAEDLGKSLEDTKKLQEKWLLKDK	0
LAEPLIQNVRKILESDRKEPLFGISTGNLITGLAA	KMEYDGILVRKILESDRKEPLFMHESKPFFFFSLI	1
SRPEPAVFKATLDRSLLKTYEQVLENLESKRFQLV	XXXXXXXXMLVLDRSLLKTYEQVLENRFQLVPLIA	1
LQELQVNLVRSHSSGVGKPLSPERCRMLLALRINV	XXXIPSQPEGVYSSGVGKPLSPERCPYVPEKGTAP	1
DYVLYKNKVEDSGIFTIKNMINTEEGITLENSFVL	DYVLYKNKVEDSGIFTIKNMINTEEIFVRVTHGVX	0
CLMEVTVDRNCLEVLPTKMSYAANLKNVMNMQNRQ	LMRSHNDEHSPCLVLPTKMSYAANLKNVRWXXXXX	0
MGDQNVYPGPIDNSGLLKDGDAQSLKEHLIDELDY	XXXXXLVDSRIDNSGLLKDGDAQSLKEHLIDYMEG	0
PARPSGPSKALKLGAKGKEVDNFVDKLKSEGETIM	RAVRETQREALKLGAKGKEVDNFVDKLKSEGETIM	1
GSKIYVDDGLISLQVKQKGADFLVTEVENGGSLGS	NICKVVEVGSKILQVKQKGADFLVTEVLAAVXXXX	1
LRLCIQSKWEDAIPLALKMATEQGRMKFTRPLFKD	TNNSRFWLRIDAIPLALKMATEQGRFTRPLFDLSQ	0
EGVEEKKKEVPAVPETLKKKRRNFAELKIKRLRKK	XGVEEKKKEVPAVPETLKKKRRNFAELKIKRLRKK	1
MWKQSIWTSTISSHLATKHLKEGGLLTLAGAKAAL	LGEEKVDAITISSHLATKHLKEGGLLLSGMPPAXX	1
NNEQGSTLRDLLTTTAGKLRVGSTDAGIAFAPVYS	KELTGSTLRDLLTTTAGKLRVGSTDAGIXXXXXXX	1
VDEKTEKIANLQENLANKEKAVAQMKIMISECESS	VDEKTEKIANLQENLANKEKAVAQMKIMISECESS	0
TIDSLKDAFASTSEGHDKTSVSTHTRSGNLKRPKI	PTDSLKDAFASTSEGHDKTSVSTHTRSPQDXXXXX	1
DVRVIEECHYTVLGDAFKECFVSRPHPKPKQFSSF	XLCALACYDVTVLGDAFKECFVSRAKIFCARSDWG	0
AEAFEAIPRALAENSGVKANEVISKLYAVHQEGNK	GGGIEAIPRALAENSGVKANEVISKLYAGLDIEAE	1
LEGHLRFLKNIILPVYDKSLWDFLKLDVTTSIGRR	XXGHLRFLKNIILPVYDKSLWDFLKLDVTTSIGRR	0
TAPVTPSRPEGGEPGLSKTAKRNLKRKEKRRQQQE	KPELPPTRPEGGEPGLSKTAKRNLKRKEKRRQQNX	0
AMELPHNVSSAEAVLRHKLQVFQALRGLQRGSAVV	TLVAMELPVSAEAVLRHKLQVFQALIKNFFITTEN	1
SAKVNKIVKNRRTVASIKNDPPSRDNRVVGSARAR	XAKVNKIVKNRRTVASIKNDPPSRDNRVVGSAKSP	1
LPEDAIHTMIENLQPETKYRISVFATYSSGEGEPL	KSLYDDVDTIENLQPETKYRIGDATTELAPGKYMG	0
KKMVKKSKPERKEKKMPKPRLKATVTPSPVKGKGK	QAASKASKPERKEKKMPKPRLKATVTPSXXXXXXX	1
KISRDADCRAVVISGAGKMFTAGIDLMDMASDILQ	SQLNRPNKRNAMISGAGKMFTAGAVHGGCIGCAQD	0
QAARAGNAIHAILLYRRKLDREEIKPIRLLGSTIP	KIRNPMLYIHAILLYRRKLDREEIKPISWERMFDL	1
APMITCRVCQSLINVEGKMHQHVVKCGVCNEATPI	SAPMITCRVQSLINVEGKMHQHVVKCGVCNEATPI	0
QFSQILKNIGENEGGIDKFSRGYESFGVHRCADGG	XXXXILKNIGENEGGIDKFSRGYESFWEILRFLLS	1
DRVQSLKDKNEATVSTGKIAKGKPVDSQTSRSESE	DRVQSLKDKNEATVSTGKIAKGKPVDSQTSRSESP	1
LALSRRLESIATTLVSHKADVDMVDKSGWSLLHKG	LNELALDASIATTLVSHKADVDMLFLKNGAFXXXX	0
CARIGAIHSLIFGGFASKELSSRIDHVKPKVVVTA	XXXXXXXXVYIFGGFASKELSSRIDHVEYVPLVEE	1
SKKAKKKEEPSQNDISPKTKSLRKKKEPIEKKVVS	SKKAKKKEEPSQNDISPKTKSLRKKKEPIEKKVVD	1
CTGQVPSAEDEPAPKKQKLSASVKKEDLKSKHDSS	TVEGVLPSSDEPAPKKQKLSASVKKEGWKAEVTGA	1
APKGSLRKFLEHLSGAGKAIGVLTSGGDAQGMNAA	XXXXXXXXXXXXLSGAGKAIGVVMGIYVGAKVYEL	0
ANQLQQLQSQLAHQTEQKECRAVAGVIDLGTVEIF	XXXXXXXQSQLAHQTEQKECRAVAQMSGIAPETGE	0
LYQKDSQGKLFRNILKEKGIVVGIKLDQGGAPLAG	NQSIGGVDKLFRNILKEKGIVVGGVDMAXXXXXXX	1
VQEATRLKAEAELLQQQKELAQEQARRLQEDKEQM	XQEATRLKAEAELLQQQKELAQEQARRLQEDKEEQ	0
IRKPIDYTILDDIGHGVKWLLRFKVSTQNMKMGGL	IRKPIDYTILDDIGHGVKWLLRFKVSTQNMKMGGL	0
TTREPTPRLQEGSLSSSKASQDRKLTSTPREIAKS	GAPFAGHLLQEGSLSSSKASQDRKLEYNISQPGTP	1
VVISAYRKALDDMISTLKKISIPVDISDSDMMLNI	XXXXXXXXXLDDMISTLKKISIPVVDPQLVPGASE	1
PSKPAASIASGGSNSSNKGGPEGVAAQAVASAASA	XXXXXXXXXSGGSNSSNKGGPEGVAAQASAASAGP	0
GCWQGPNRSTTVRLLCGKETMVTSTTEPSRCEYLM	FRLKKILIEFYLYLLCGKETMVTELMTPAACPEPX	1
VFNPFQKEIFTYLVEGFKVSIGSSKASGSKQQWTK	XXXXXXXXXFTYLVEGFKVSIGSSAKWTKILWSCK	0
LTEAMGGGWQQEQFEHYKINFDDSKNGLSAWELIE	EEIEYLLKWQQEQFEHYKINFDDSKNGLSELIELI	0
IPLELRTVDLVKGQHKSKEFLQINSLGKLPTLKDG	ELFLDRTVDLVKGQHKSKEFLQINSLGKLPTLKDI	1
GGHRGFVPEKNFRVTAYKAVQEKSSSPPPRKTSES	KRSEGFVPEKNFRVTAYKAVQEKSSSPPXXXXXXX	1
SFEKTADHLFDAAYFGQKDSVCGVSECIIMGIPMN	TKESVLMHLFDAAYFGQKDSVCGEXXXXXXXXXXX	0
HCSYTASRQHLYVDKNTKIICQGFTGKQGTFHSQQ	XXXXXXXXXHLYVDKNTKIICSALGTKLVGGLPVA	1
GILTGPGDVSLSTSQVQKELQSINQKWVELTDKLN	EAAQGILTVSLSTSQVQKELQSINQKWVEXXXXXX	0
RAEEREIKFLDVLELAEKFWYDMAALLTTIKDTQD	XPAEVDIRFLDVLELAEKFWYDMAALLELEFIRIL	0
HCSRNAYMLVYRLQTQEKPNTTVQVPAFLQELVDR	ELSKDPQSGEYRLQTQEKPNTTVQXXXXXXXXXXX	0
IATTAKLVNKVIELLPEKHGQYGLALHLIEAVEAI	TGPTLWLVNKVIELLPEKHGQYGLALHLIEAXXXX	0
AELASHEGWLENIDAEGKQLMDEKPQFTALVSQKL	LQNFLNCGWLENIDAEGKQLMDEKPQFTALVSQKL	0
DIQTIQPSLNSVNEGGQKIKNEAEPEFASRLETEL	RKIQHIPSLNSVNEGGQKIKNEAEPEFASRLETEL	0
LAFREKEWQRLQSNPHLKEGSVTSVNLTKLEGGVA	FYSERKEWQRLQSNPHLKEGSVTSRVAPDVLEPEI	1
LYITIKLLDPFPDHVVFKDLRITQQKIKYSRGPFS	YLVIDKILDPFPDHVVFKDLRITQQKIKEDXXXXX	0
IPHCVLLREFSVLTELLKKLCSGPEGGLRKLDVET	XXXLEFSGKVSVLTELLKKLCSGPGGLSWGLDLQL	0
SSASAIMGNPKVKAHGKKVLTSLGDAIKHLDDLKG	GETLGLFFNPKVKAHGKKVLTSLGDAIFLLHFLGL	1
VNKAELSLVFVDKPEKAKLLLEGVENKLIPGLKII	XXXXFNITVFVDKPEKAKLLLEGVENILIIVVDYG	1
PVVPPTPPVVKKKGVKRKADTTTPTTSAITASRSE	XXXXXXXPVVKKKGVKRKADTTTPTTSEKRLQDVS	1
LSRIHTIPTVPIVDCFQKIRQQVKCYLQLAGVMGK	LDILSRIHIVPIVDCFQKIRQQVKCYVITMFXXXX	0
LLSRLTGSRASGAQLEAKVRGLERQVEELRWRQRR	LLSRLTGSRASGAQLEAKVRGLERQVEELRWRXXX	1
FIRILGADLIFACGETEKPEVRKSIDEMNNAWENL	MIRILGADLIFACGETEKPEVRKSIDEMXXXXXXX	0
LVARYEALKEPMVARKQKLADSLRLQQLFRDVEDE	QNLQKKHAEEPMVARKQKLADSLRLQQGHFAXXXX	1
KAPTKKPKATPVKKAKKKLAATPKKAKKPKTVKAK	KKSVAKPKATPVKKAKKKLAATPKKAKKPKTXXXX	1
LEIFTKLEEIQQQILQQKHSMILLENQIGCLTPEL	KTQIGMTEEIQQQILQQKHSMILLENQLSELKKQY	0
EIPPHMKNQALFPACVLKNAELKFNFGEEEFKFPP	LCRVLDLGGGTTMACVLKNAELXXXXXXXXXXXXX	0
QWDNTLHLASTYLSHQEKLLLEGEKYLQSKEDLRL	EERIQIKLASTYLSHQEKLLLEGEKYLQQGYLLEC	0
DTQEEYSEYMNNKEALPKAAFQYGIKMSEGRKTRR	GPLGRYSEYMNNKEALPKAAFQYGIKMSEXXXXXX	1
DKLPYKVADIGLAAWGRKALDIAENEMPGLMRMRE	XXXXXXXXDIGLAAWGRKALDIAENEMMMTVETAV	1
AGPDDNEEVMRALLIHEKKTSSAMAGSVGAAAPVT	NGPDDNEEVMRALLIHEKKTSSAMAGSVGRFEDLF	1
ELPFTKSAHLTNPWNEHKPVKIGRDGQEIELECGT	FLSFTKSAHLTNPWNEHKPVKIGRDGQEIELECGQ	0
GTLNKAKDEMKVSDLDRKVSDLENEAKKQEAAIMD	SVTSLAKDEMKVSDLDRKVSDLENEAKKQXXXXXX	1
AGAVGSVVGQIAKLKGCKVVGAVGSDEKVAYLQKL	GGETVMVVGQIAKLKGCKVVGALQLGFDVVLKASP	1
SRLQPVLQPLPSPGVGGKRDVVFLIDGSQSAGPEF	XXXXXXXXXXPSPGVGGKRDVVLDVGFDTTRVLNS	0
SALRKRIREDRKATTAQKVQQMKQRLNENERKRKR	GQTPDQIREDRKATTAQKVQQMKQRLNENXXXXXX	1
ELEGVAVTAPRKGRSVEKENVAVESEKNLGPSRRS	ELEGVAVTAPRKGRSVEKENVAVESEKNLGPSRRS	1
CKRSDVLLEPFRRGVMEKLQLGPEILQRENPRLIY	AAVLRCLLEPFRRGVMEKLQLGPEILQYRSQSCRL	1
QKSEDVVKPPLSYLFEDKTHSSFSSTVKDKAASES	SASRHWQKPPLSYLFEDKTHSSXXXXXXXXXXXXX	0
TPQIINSKWEKVQQLVPKRDHALLEEQSKQQSNEH	HDQFKSLKWEKVQQLVPKRDHALLEEQSXXXXXXX	1
ALSIKLLRLGGIGQFLAKAIEPPPLDAVIEAEHTL	EYFFMIAILGGIGQFLAKAIEPPPLVXXXXXXXXX	0
SDGTGQSRPPLPSEDLLKELQKQLEEKHSRIVELL	KRIMGQSRPPLPSEDLLKELQKQLEEKHSRIVELL	0
TLFGRDLLDDLKSELTGKFEKLIVALMKPSRLYDA	XXXXXXXEILLKSELTGKFEKLIVALMAGTDDHTL	1
GSGFTSLLMERLSVDYGKKSKLEFSIYPAPQVSTA	GLQGFLVLMERLSVDYGKKSKLEHSDCDLTEFQTP	1
EDQEREMKLEKLLLLNDKREQAREDLKGLEETVSR	EDQEREMKLEKLLLLNDKREQAREDLKGLEETVSR	1
VELPKTEEGLGFNIMGGKEQNSPIYISRIIPGGIA	XXXXXXXXXXXXNIMGGKEQNSPIYISDQLLSVVS	0
LAEHESIQRRIQSGFSFKEHVDKAIALQPENPMAH	LWYAVLCGARIQSGFSFKEHVDKAIAAHFLLGRWC	0
ESTLRALRLLHDLQIGEKKLLVKVDAKTKAQLDEW	LILLQAFGLLHDLQIGEKKLLVKEIRYSELNAPSE	1
LRILSQCGAGVFEYFNAKSKHSWRKQIEDQMTRLC	DKAVTQGIGSTAEYFNAKSKHSWRKQXXXXXXXXX	0
ATNWAKFTATASLGVIHKGHEKEALQLMATYLPKD	LISFHCGTTSASLGVIHKGHEKEAALGLIHANHGH	0
VVSSPSISTPPIVPDIQKNLTQEQLIRQQLLAKQK	XXXXXXXXTPPIVPDIQKNLTQEQLIRQQLLAKRE	0
AEMTVFVRSFDGFSSAQKNQEQLLTLASILREDGK	SAITSVVRSFDGFSSAQKNQEQLLTLASYYTAGYR	0
GSSSQRTLSVQEAAAYLKDLGPEYEGIFNTSLQWI	KLHDRLLLSVQEAAAYLKDLGPEYEGIFNTSLQQF	0
LDGLNASQIRELREKSEKFAFQAEVNRMMKLIINS	LDGLNASQIRELREKSEKFAFQAEVNRMTIAKXXX	1
NVAEVLVNQGAHVDAQTKMGYTPLHVGCHYGNIKI	SNKSGLTPLHLHVDAQTKMGYTPLHVAKTKNGYTN	0
NLLVNLNESKELVQDLLKTLPQMFTKTLETQSALG	TYLSQPQMSKELVQDLLKTLPQMFTXXXXXXXXXX	0
KQCYERGEKPKVTDFGDKVEDPTFLNQLQSGVNRW	PMITNVAQCPKVTDFGDKVEDPTFLNQLQSGELTL	0
RHLISGAEDGLICIWDAKKWECLKSIKAHKGQVTF	ALKFYGNRHLISCIWDAKKWECLKAEXXXXXXXXX	0
VFNKFEDEDSDDVPRKRKLVPLDYGEDDKNATKGT	RFNKFEDEDSDDVPRKRKLVPLDYGEDDKNATKGT	1
FLNALTLNMIRQIYPQLKKWEQDPETFLIIIKGAG	XXLEKTGVIIRQIYPQLKKWEQDPETFLIIIEEML	1
QWLTERLTERGVKFFQRKVESFEEVAREGADVIVN	AGGKVYADRFTLTFFQRKVESFEEVAREIVNCTGV	1
QMPYKGMTTVDDFFQGTKAALAGGTTMIIDHVVPE	XXXXXXXXXFDDFFQGTKAALAGGTTMIKSCCDYV	0
KGLESTTLADKDGEIYCKGCYAKNFGPKGFGFGQG	KGLESTTLADKDGEIYCKGCYAKNFGPKXXXXXXX	1
VVKGKEAGEVRVCLHVQKSTRDRLREGQIQSVVTY	VNGDKGLQPVLRVKHVQKSTRDRLREGQIQSLGLT	0
RTGTYRQLFHPEQLITGKEDAANNYARGHYTIGKE	FVDLEPTVVDERELITGKEDAANNRGHYTIGKEIV	1
EQAQSLIDKTTAAFQQGKIPPTPFSAPPPAGAMIP	EQAQSLIDKTTAAFQQGKIPPTPFSAPPPAGAMIM	0
ACPVQCVEGCHAHCPPGKILDELLQTCVDPEDCPV	CQVTCQHPEPHAHCPPGKILDELLQTCVDPEDCPV	0
RPREDHGRGYFEYIEENKYSRAKSPQPPVEEEDEH	XXXXXXXXGYFEYIEENKYSRAKSPQRPQCLGKTN	1
IKMDLAPSKDMGPPKENKIVPAKDLVLLSEIEVAQ	TDMAPSKSKDMGPPKENKIVPAKDLVLLSNNVTPA	1
REFQWLRANSSVVSVNCKGKDSEKIEEWRSRAAKF	XXXXWLRANSSVVSVNCKGKDSEKIEEWRSRAVQW	1
KSLGQVSLTHPYSECDFKLKEVARNNMGNDTNEEQ	FNPETKENTHPYSECDFKLKEVARNXXXXXXXXXX	0
TAKVAASDWTFLHCLPRKPEEVDDEVFYSPRSLVF	KRLFQGYQVTFLHCLPRKPEEVDDEVFYSVFXXXX	1
IDTYSDVGRYIDHYAAIKKAWDDLKKYLEPRCPRM	KKYWLISTVYIDHYAAIKKAWDDLKKGDYRCSYRI	0
QLAQTTMRSELGKLSLDKVFRERESLNASIVDAIN	NVTLQIMRSELGKLSLDKVFRERESLNASIIDIHV	1
IAGKEERVSFGQNFDALKSIKNEVVREICAEKGCE	LEVTEMVISFGQNFDALKSIKNEVVXXXXXXXXXX	0
DAVTSVKVSQLLCLENIKDKPWHICASDAIKGEGL	RIPILFVVSQLLCLENIKDKPWHILQVXXXXXXXX	0
GDKDQKIQNLEALLQKSKENISLLEKEREDLYAKI	XXXDQKIQNLEALLQKSKENISLLEKEREDLYKNT	1
SERTVSAGKGSATSNWKKTPLSTGGTLAFVSPSLA	IPQPTAPGKGSATSNWKKTPLSTGGTLAHKSSSAV	1
SNFHDGRKAQQHIETCWKQLESSKRRFERDCKEAD	XXXXXXRKAQQHIETCWKQLESSKRRFESDYSSIL	0
IEDLCLTKAAYCRCWRSKTFPACDGSHNKHNELTG	KENVVNEIAAYCRCWRSKTFPACDGSHNKHNELVG	1
GAGLLQSREDPNQRSSTKVVQHLGPATDFYKKLAL	XXXXXXXXXDPNQRSSTKVVQHLGAVRSVSSSLSD	1
GPNLIAIGSSESAQKALKIMQQMSDHRYDKLTVPD	FCSLIAIGSSESAQKALKIMQQMSDHRYDKLTXXX	1
FGKATSIDPNTYITWIDKYQAQLVVLSAQIAWSEN	LAESVTEVPNTYITWIDKYQAQLVVLSAPLRRRKL	0
TAKVCLPKNFSIKEIFDKAISARKINRPMLQAALM	TEEALLLINFSIKEIFDKAISARKDRERDGLALXX	1
GKWPYAGTAEAIKALGAKHCVKEVVEAHVDQKNKV	VTVGHEGTAEAIKALGAKHCVKHVDQKNVVTTXXX	1
KPGGYRLFVQKLQDLKKKYYEEPRKGIQAEEILQT	IFSPLELFVQKLQDLKKKYYEEPRKGQAEEILQYL	1
GLNEDDAFAKGPTLTVYKESFESQFLADTERFYTR	VVQSYVELGLNPTLTVYKESFESQFLADVLHESTQ	0
KGNVLPPGTEGDIGIRVKPIRPIGIFSGYVENPDK	QETCYDVQIKGNVGIRVKPIRPIGIFSGTAANIRG	1
SESPEEPEEVEETEEEEKGPRSSKLEELVHFLQVM	EEAKLVSERFRETEEEEKGPRSSKLEELVXXXXXX	0
EDPDYGIRDLFNAIATGKYPSWTFYIQVMTFNQAE	TDQGIGIRDLFNAIATGKYPSWTKLVLNRNPXXXX	0
HEREVLQKALEENNNFSKMAEEKLILKMEQIKENR	HEREVLQKALEENNNFSKMAEEKLILKMEQIKENR	1
SKAAARQKQLEDILVLAKQFHETAEPISDFLSVTE	YKVVKAQIQLEDILVLAKQFHETAEPIQAIKNGQA	0
RGDRNVNLVLLCSEKPSKTLLSRIAENLPKQLAVI	XXXXXXXALLLCSEKPSKTLLSRIAENKCAVSEAA	0
VGLGTWKSPLGKVKEAVKVAIDAGYRHIDCAYVYQ	XXXXXXGLGTGKVKEAVKVAIDAGYRHIEVGEAIQ	1
KKVLGAFSDGLAHLDNLKGTFSQLSELHCDKLHVD	XMVHLAFSDGLAHLDNLKGTFSQLSELHCPFKVVA	1
LVAGQQQVLQQLAEEEPKLLAQLAQECQEQRARLP	ALQRLRQVLQQLAEEEPKLLAQLAQECQEQLXXXX	0
TKKVPIVQPSFGAEDLGKSLEDTKKLQEKWSLKTP	XXKVPIVQPSFGAEDLGKSLEDTKKLQELKDKIAE	0
DVDMATRVQDLLEFLHEKQQELDLAAEQHRKHLEQ	MNNLTFVIQDLLEFLHEKQQELDLAAEXXXXXXXX	0
SDVSSLIFLMKDYMGRGKISKEKSFLDLVVELEKL	XXVSSLIFLMKDYMGRGKISKEKSFLDLVVELEKL	1
KEKRKILTTEGRNALIHKSSVNCPFSSQDMKYPSP	GKRLGYHRDKRKIALIHKSSVNCPFSFEKIRTRAI	1
FSEQSTLIRSLQSQLQNKESEVLEGAERVRHISSK	XSEQSTLIRSLQSQLQNKESEVLEGAERVRHISSE	0
VYKALSDHHVYLEGTLLKPNMVTPGHACPIKYTPE	RCVLPIVEPEITLVTLLKPNMLVVPGVTFLSGALT	1
VTEKKLANSEPVGTQTAKIQQQIIRHKALNEEIVN	XXXXXXXNSEPVGTQTAKIQQQIIRHKALTLEQAR	0
PPLGSTELQAAKKVHTSKGDLPREPLVATNLPGRG	PPLGSTELQAAKKVHTSKGDLPREPLVATNLIDPS	1
CREILSVDCSTNNPSQAKLRRELDESLQVAERLTR	FWMNLSVDCSTNNPSQAKLRRELDESLQVXXXXXX	1
GQTVDDPYATFVKMLPDKDCRYALYDATYETKESK	XXLFCLSEKEKVKMLPDKDCRYAFWAPESAPLKSK	1
QRRISIKKALDAKIARYKAPFHQLRIQYGTSKGKN	XXXXXXKKALDAKIARYKAPFHQLRIQEEEDRFLI	1
CIKNMVWKYCRSISPEWKQQLQQKAVASEIFKGKK	XXNVMVWKYCRSISPEWKQQLQQKAVASEISVPRL	0
SDTVVIRGPSSDVEKAKKQLLHLAEEKQTKSFTVD	IHFTVVIRGSSDVEKAKKQLLHLAEEXXXXXXXXX	1
YQDFDKNSVRDITGALFKHSKKGPRASGNLIPQEK	YQDFDKNSVRDITGALFKHSKKGPRIPQEKIVNLV	1
LDMIKKIADEKYNDTFWKEFGTNIKLGVIEDHSNR	FVPLFIIADEKYNDTFWKEFGTNIKLLLRFQADIT	1
AEIYEEFLAAFEGSDGNKVKTFVRGGVVNAAKEEH	XXXXEEFLAAFEGSDGNKVKTFVRGGVVNAAKEEH	0
CALTLEAGEKLLLTTDLKTKESVGRRISQLQDSWK	WQFTVLAGEKLLLTTDLKTKESVGRRISQLXXXXX	0
GKALAESWNAAFLESSAKENQTAVDVFRRIILEAE	YSVTVGNKKDLHLESSAKENQTAVDVXXXXXXXXX	0
EYNFIGYKNFKNFEITIKARYFYNKVVTEADVYIT	XXXXXXXFSVSIEPITIKARYFNKVVTEADVYITM	0
PDEYLTYSLKLKKGTSQKDETFNLPRLCIRKFFPK	LYYVTEYSLKLKKGTSQKDETFNLPRLCIRLEGFQ	1
KHLEINPDHPIVETLRQKAEADKNDKAVKDLVVLL	KEIPINPDHPIVETLRQKAEADKNDKAVKDLVVLL	1
VKDACQTLLKRLEPIISKNPKGTWKDWAQTAFDES	ELRMCQTLLKRLEPIISKNPKGTWKDWAQTAFDES	1
ASLVHKSPDPFGAVAAQKFSLAHSMLAISGHLDSD	XDVYERLPDPFGAVAAQKFSLAHSMLHLMFAVREE	0
TVTVLRKKGPTAAQAKSKQAILAAQRRGEDVETSK	XXXXLRKKGPTAAQAKSKQAILAAQRRGEDVETSK	1
ATYGITVAELTGDHQLCKEEISATQIIVCTPEKWD	XXXXXXXDKAELTHQLCKEEISATQIIWITKGGER	0
RLQLLSPQVDINSPINAKKVNTTTSSDSYIGLWRN	XXQLLSPQVDINSPINAKKVNTTTSSDSYIGLWSG	0
VRTGTYQRAILQNHTDFKDKIVLDVGCGSGILSFF	XXXXXXQRAILQNHTDFKDKIVLLSFFAAQAGARK	0
GLVWGSSKLVPVGYGIKKLQIQCVVEDDKVGTDML	AKLEVSSKLVPVGYGIKKLQIQITYVQSMDVAXXX	1
GRKKGAKLTPEEEEILNKKRSKKIQKKYDERKKNA	LPLGRAKLTPEEEEILNKKRSKKIQKKYDERKKAX	1
EEFAKDVGAQILLHSHKKDILMHRWRYPSLSLHGI	YDDIDFDIEFALLHSHKKDILMHRWRYPDLTREGX	1
ASTGLRRTLPSTSSSGSKRHKSGSMEEDVDTSPGG	LAYDLRRTLPSTSSSGSKRHKSGSMEEDVDTSPGX	1
TQVQLQLLTAIVKLFLKKPTETQELVQQVLSLATQ	NADELLELTAIVKLFLKKPTETQELVQVLPVAKEV	0
FTFIEKCNNPRSVTLLIKGPNKHTLTQIKDAVRDG	SETDTSLIVDYLFTLLIKGPNKHTLTQIKDAVXXX	1
QAERYEDMAAFMKGAVEKGEELSCEERNLLSVAYK	ASLIQKAMAAFMKGAVEKGEELSEERLLTVGLLDS	1
GHYKGQQIGKVVQVYRKKYVIYIERVQREKANGTT	RKIMSSPIRKVVQVYRKKYVIYIVHVGIHPSKVXX	1
LSQPTPPPMPILSQSEAKNPRINQLSARWQQVWLL	VTKTYKRKNIELSQSEAKNPRINQLSAXXXXXXXX	0
QMESQKFLAENSASVYIKKVEARINEEIERVMHCL	XXXXFESFLENSASVYIKKVEARINEEVELIHMIV	0
NTFWRTPCRGATEGLSKKSVVWENKHITWFATLDG	KKPKDNPCRGATEGLSKKSVVWENKHPMQEKTILD	1
EIDRYASENVNKLLVGNKCDLTTKKVVDYTTAKEF	CLRYEVYDVTDQSFVGNKCDLTTKKVVDYLETSAK	1
KDAKSHGLIDEQILCQLKELSKAKEIISAASPTTI	FDLKDAKLIDEQILCQLKELSKAKEIIITMKVFLN	0
KDEVFGTVKEDVSLHGYKKYLLSQSSPAPLTAAEE	IKDEVFGVKEDVSLHGYKKYLLSQSSPXXXXXXXX	1
AIDTYCEQKEWAMNVGDKKGKIVDAVIQEHQPSVL	XXXLEIDTCEWAMNVGDKKGKIVDAVYSRMDNHYQ	1
AVLVISARKGEFETGFEKGGQTREHAMLAKTAGVK	DAGHKSISKGEFETGFEKGGQTREHAMCKLPFLIE	1
NNAERVLLTTQGVDMISKMLKMQMLEDEDDLAYAE	AMLLFFLRLTQGVDMISKMLKMQMLEXXXXXXXXX	0
LSSSDDPPAEVDIFELLKVSYEKFSSLRAEDIEQM	ALAVDAVVNKVDIFELLKVSYEKFSSXXXXXXXXX	0
VLREERAYILNLVKQIKKTGCNVLLIQKSILRDAL	AKIGLILYILNLVKQIKKTGCNVLAFLNKMKIMVH	1
KAREEKQKKLIELQAGKKSLEDQVEMLRTVKEEAE	XXXXXKQKKLIELQAGKKSLEDQVEMLRTVKFEEA	1
DQHPENAAEIKLTMAQLKISQGNISKACLILRSIE	HTKAIELLQIKLTMAQLKISQGNISKACLILRSAL	1
GERLIEEGCIHIISLGSKALMIQVWADPHNATLIF	XXXXXSSWHPWPHSLGSKALMIQVCMDSNDDMKAV	0
KWSPPQNYKKRVAALEAKQKPSTSQSQGLTRQDQM	VWSPPQNYKKRVAALEAKQKPSTSQSQGLTRQDQM	1
VAPIERVKLLLQVQHASKQITADKQYKGIIDCVVR	XXXXXXXXXLLQVQHASKQITADKQTRLAADVGAE	1
YLNLSSTRIHSVTGCIPKTLEILDVSNNNLNLFSL	TCQWPEKMKYLVTGCIPKTLEILDFSLNLPQLKEL	0
VKTKDVWEIPRESLQLIKRLGNGQFGEVWMGTWNG	XXXXXXXXXXRESLQLIKRLGNGGEVWMGTWNGNT	0
EETGSRFHNCLIQLYCEKVQGLMKEYLLSFPAGKT	XIKGLAIPNCLIQLYCEKVQGLMKEYAGEGELGEY	0
KYALNYLELFHTSIEQEKERNSEDAVMTAVRAWEF	DYSMNYLELFHTSIEQEKERNSEDAVMTAVRAXXX	0
AGGDLEKELVNKEIIRSKPPICTLPNFLFEDGESF	HERLVEKELVNKEIIRSKPPICTLPNFGQGRDRSS	0
TIIIPCRLDVPQNLMFGKWKYEKPDGSPVFIAFRS	XXXXXXXXXPCLVLMFGKWKYPVFIAFRSSVQYDN	0
VAAFAVSAVASQWERTGKPFNPLLGETYELVRDDL	IFNEPLSFLQRLQERTGKPFNPPLVACCVILWIYN	0
SLLLTPQENESLFTFLGKKCVTMSSAVVQLYAADR	RVTNVGQENESLFTFLGKKCVTMSSCLVKDNPQRS	0
EEWKRLRSLLSPTFTSGKLKEMVPIIAQYGDVLVR	XXXXXXXXLLSPTFTSGKLKEMVPIIVISTSFGHR	1
KDLEEKLAAEEQFQALVKQMNQTLQDKTNQIDLLQ	NDLEEKLAAEEQFQALVKQMNQTLQDKTNQIDLLQ	0
PETRGTAYVVYEDIFDAKNACDHLSGFNVCNRYLV	FGKYGPIYVVYEDIFDAKNACDHLSVVLYYNXXXX	0
MLKRKPDVVTPNGLNVKKFSAVHEFQNLHAMYKAR	STVQTKAKTIEGGLNVKKFSAVHEFLDYEERAECT	1
IRKLPFQRLVREIAQDFKTDLRFQSSAVMALQEAC	IRKLPFQRLVREIAQDFKTDLRFQSSAVMALQEAC	1
FTFRNVKITDESLFQVMKLLNQISGLLELEFDDCT	FLFHFSELFDESLFQVMKLLNQISLLFRASDRVID	0
CSKELNQWEALTEYGQSKGHINPYLVLECAWRVSN	QWEDWIQWEALTEYGQSKGHINPYLVLECANTAMK	0
PTLICSDDLQPNLNLQTKPVDPTVEGGAQVQQVVN	GRMFIFYFTPTLINLQTKPVDPTVQQVVNIELNIX	0
DFHMRITEQFESLSSILKLPGKKTFNNMDRDFLEK	DFHMRITEQFESLSSILKLPGKKKRKKDLNAYLQL	0
NPMAYVMEKAGGMATTGKEAVLDVIPTDIHQRAPV	PAVLYPANPNGAMATTGKEAVLDVIRAPVILVLEF	1
RRPSAAPASQQLQSLESKLTSVRFMGDMVSFEEDR	MCELKRDLLQQLQSLESKLTSVRFVFATVRLLVVV	0
YEQVKSIVSTLESFKIDKPPDFPVSCQDEPFRDPA	YDQVKSIVSTLESFKIDKPPDFPVSCQPPPVPAEH	0
PGVSGQLPKGKALELALKRPRPPVLSVCSSSETPY	EDENSSLPKGKALELALKRPRPPVLSVCSSSETPX	1
NCEEYIHDFNRRHTEKQKESTLTRTNRTSPNNARK	REEEYIHDFNRRHTEKQKESTLTRTNRTSPXXXXX	1
VLSGDSLPREKGRMRFHKLQNVQIALDYLRHRQVK	GHNLISLPREKGRMRFHKLQNVQIALDIRNDDIAD	1
VNKALAERFHISEFPTLKYFKNGEKYAVPVLRTKK	VLAAVALARFHIEFPTLKYFKGEKYAVPVLFWMPA	0
LSSASATVGHGLTAVKEKAGATLRIHGVNSGSSEG	QEQSSATVGHGLTAVKEKAGATLRIHGVNENPSSL	1
GDTLTAVESKVSKLVTDKAAGKITDAFSSLAKRSN	GDTLTAVESKVSKLVTDKAAGKITDAFSSLAKRSR	1
KLPQVAEEISGPLTSANKITLVSSGSGTMGAAKVT	XLPQVAEEISGPLTSANKITLVSSGSGTMGAAKVT	0
GSSQKEESAASGGAAYTKRYLEEQKTENGKDKEQK	LSPRERESAASGGAAYTKRYLEEQKTENGSQSPKR	1
PLSRKLHKILETRLDNDKEMLEALKALSTFFVENS	XXXXKLHKILETRLDNDKEMLEALKALSTFFVENR	1
MGEKPVGSLAGIGEVLGKKLEERGFDKAYVVLGQF	XKEKPVGSLAGIGEVLGKKLEERGFDKAYVVLQWL	0
IEAAAKKLEQLKPRAKPKEADESLNFEEQILEAAK	XXXXXXXLEQLKPRAKPKEADESLNFEEQILEANA	1
DEANQSDTSVSLSEPKSKSSLHLLSHETKIGSFLS	LNLRDLGTSVSLSEPKSKSSLHLLSHETKIGSFLS	1
VSLATRLLAQCSEVQLGKTTTAQDLVQHFKKLSTQ	ENVSLATRLLAQEVQLGKTTTAQDLVQHFXXXXXX	0
PPCDVVIKAVSEYVSSIKDPSNLDVVGKDVFKQSQ	FPIFAALLAVSEYVSSIKDPSNLDVVGKDVFKIFK	0
SFVPLKALTGRVDSGTEKPGLVAPESPVRKSPSEY	SFVPLKALTGRVDSGTEKPGLVAPESPVRKSPSXX	0
SLAALKKALAAGGYDVEKNNSRIKLGLKSLVSKGT	SLAALKKALAAGGYDVEKNNSRIKLGLKSASGXXX	1
ARAEEDVEPECIMEKVAKASGANYSFHKESGRFQD	HVTINDVEPECIMEKVAKASGANYSFXXXXXXXXX	1
RIIPAIWFRYDLSPITVKYTERRQPLYRFITTICA	YEDKGKQRYSYQSPITVKYTERXXXXXXXXXXXXX	0
CGVTSDNCRDLCGIVASKASLRELALGSNKLGDVG	DSPCQLEALDLCGIVASKASLRELGLLHPSSRLRX	0
HPRDFTPVCTTELGRAAKLAPEFAKRNVKLIALSI	XXXXXXXXCTTELGRAAKLAPEFAKVKLIASKDIN	1
IPDETMVIGNYRTQLYDKQREEYQPATPGLGMFVE	XXMAVYFHIGERTQLYDKQREEYQPATPGLSSSTK	1
VIVKILDENDNKPQFLQKFYKIRLPEREKPDRERN	XXXXXXXXXXNKPQFLQKFYKIYHVIATDYSIEDG	0
DVETWQQEQPVVLHTWTKESAHNYENNCHEVSVFV	XXXXXXXXXXXXXHTWTKESAHYHEVSVFVFEVEF	0
EQEKEGKSNEKNDFTKFKTEQENEAKCRNSKPGKK	EQEKEGKSNEKNDFTKFKTEQENEAKCRNSKPGXX	1
SSPDAVMGNPKVKAHGKKVLGAFSDGLAHLDNLKG	GEALGLFFNPKVKAHGKKVLGAFSDGLTFQLLHFL	1
ECAGPPVPDPKNQHSQSKLLRDDEAHLQEDQGEEE	XXXXPPVPDPKNQHSQSKLLRDDEAHLQEDQGEEC	1
EVYRLALQTREQHIRRDKATSNICTAQALLANMAA	TRMMPGLQTREQHIRRDKATSNIHGTNPASAHMAG	1
LTRKRGLKLATALSLSNKFVEGSHNSTVSLTTKNM	SSVIDALQYKLELSLSNKFVEGSTTKAQIPILRMN	0
SERKRKHLPDRQDGPAAKSEKAAPRSQHWLHRDLR	DNSERKHLPDRQDGPAAKSEKAAPRSQHWLSPDTE	1
TEGWSKNFKLLQSQLQVKKAALTQAKSQRTKQSTV	XXXXSKNFKLLQSQLQVKKAALTQAKSQQGKSDSN	1
KPAVTTKSPAVKPAAAPKQPVGGGQKLLTRKADSS	KGATQTKSPAVKPAAAPKQPVGGGQKLLTRKADXX	1
NGSKWTYFGPDGENSWSKKYPSCGGLLQSPIDLHS	NGSKWTYFGPDGENSWSKKYPSCGGLLQSNSLTTP	0
MNFKKEETAKLIEKLDIKLDSEDKDKEGKPLLKAV	MIVIKEETAKLIEKLDIKLDSEDKDKEPLLKAVMR	1
KIPDVAPIVSDQKPSVSKSGRKIKGRGTIRYHTPP	XXXXXXXXVSDQKPSVSKSGRKIKGRGTIRYHTPP	1
NRTQFGEKIHNFGLIQEKLARMVMLQYVTESMAYM	IAKAVHATIHNFGLIQEKLARMVMLQAAWKVTDEC	1
WHFPELGKIISDNLTYCKCLQKVGDRKNYASAKLS	XXXICRYLGISDNLTYCKCLQKVGDYAKLSELLPE	0
CMRNKSAYFAEKLYKSMKGLGTDDNTLIRVMVSRA	XXXXXGAYFAEKLYKSMKGLGTDDNTLIVMRHFKR	1
HPLQNRWALWFFKNDKSKTWQANLRLISKFDTVED	XXXXXXXXLWFFKNDKSKTWQANLRLISLMPGCDY	1
LSKEHNPTQYEERMRIQKAGGNVRDGRVLGVLEVS	XXLAHNPTQYEERMRIQKAGGNVRDGRVLGLVSRS	1
PTMMLYAGRSQDGSHLLKSARYLQQELPVRIAHRI	XLMMLYAGRSQDGSHLLKSARYLQQELPIKDQADE	1
WVFTYAQRKWYTMLANEKAPVEGIGQPEKVGLLLE	WVFTYAQRKWYTMLANEKAPVELSLHTLQTAXXXX	1
SKGQKCEFQDAYVLLSEKKISSIQSIVPALEIANA	XXXXXXXXXXXXXLLSEKKISSSIIIAEDVDAAVK	1
AEKYKAEDEVQRERVSAKNALESYAFNMKSAVEDE	XXXXXXXTEVQRERVSAKNALESYAFNCVISWLDA	1
EKQQRKTFTAWCNSHLRKAGTQIENIDEDFRDGLK	XXXXXXXFTAWCNSHLRKAGTQIELKLMLLLEVIS	1
DTPFFSTGKLILGPQEEKGKQHVGQDILVFYVNFG	VKHGELKVKLILGPQEEKGKQHFLLCTLYYNIKNL	0
DFYRKLYGLLDPSVFHVKYRARFFHLADLFLSSSH	GALSLLANLLDPSVFHVKYRARFFHLAAPEAMLLE	0
PSKKLKDEGVELFAIGIKNADEVELKMIATDPDDT	ANFTVTLITDGKSAIGIKNADEVELAYNVADFESL	0
VAEDDDESLLGHLMIVGKKCAADLGLNKGYRMVVN	LAFTHFLVILGHLMIVGKKCAADLGLNKGYRMVVH	1
PLGVTGVAGEPLPVDSEKDIFDYIQWKYREPKDRS	GFNMRAIEYTILPVDSEKDIFDYIQWKYREPKDRX	0
MLKSKTFLKKTRAGGVMKIVREHYLRDDIGCGAPG	MLKSKTFLKKTRAGGVMKIVREHYLRTQEHHRYVE	1
IPYSPFRIHALPTGDASKCLVTVSIGGHGLGACLG	XXXXXXXXXXSPTGDASKCLVTITVDAKAAGEGKV	0
VKTIAQGNLSNTDVQAAKNKLKAGYLMSVESSECF	LQHVLGASLSNTDVQAAKNKLKAGYLSVLQQIDSV	1
TSSRYSMYNSVSQKLMAKMGFREGEGLGKYSQGRK	TSSRYSMYNSVSQKLMAKMGFREGEGLGKYSQGRK	1
GEKFKECLDKFLRMNFSKGCPPVFNTLRSLYKDKE	XXPRGLRLDKFLRMNFSKGCPPVFTVYLRLFGKEE	1
SQEICSPRLPISASHSSKTRSLVGGLLQSKFTSGA	KADTSQEICPISASHSSKTRSLVGGLLSPAPEVPL	1
FFIRQGRSYRDQQLLLLKKHLENNYRSRDRKWIVL	WLGDFFIRYRDQQLLLLKKHLENNYRSILSGATKI	0
GSDRNSMDSVDSCCSLKKTESFQNAQAGSNPKKVD	FSTRNSMDSVDSCCSLKKTESFQNAQAGSNPKKVD	1
AKAKRRNTTGTGRMRHLKIVYRRFRHGFREGTTPK	KKAKRRNTTGTGRMRHLKIVYRRFRHGFREGTTPK	1
GAQFPDAYGKELFDKANKHHFLHSLALLGVPHCRK	LGFASYGAGKELFDKANKHHFLHSLALGTTFCTSF	1
CKTVKKKRKQDYTDAMKKLQEIENAINEYRIRCGK	LVEAAKKRKQDYTDAMKKLQEIENAINEYQKATLX	0
QRYFIADLPHLQDSFVDKLLDLMPRLMTSKPAEVV	ALVDFQILPHLQDSFVDKLLDLMPRLMVKILQTML	0
KLSKHCSQVDSVRGFGGKFGVQMDRVDQSAVGFEY	KLSKHCSQVDSVRGFGGKFGVQMDRVDQSAVGFEY	1
NKIISTTASKTETPIVSKSLSSSLDDTEVKKVMEE	NKIISTTASKTETPIVSKSLSSSLDDTEVKKVMXX	1
KYALNYLELFHTSIEQEKERNSEDAVMTAVRAWEF	ALSSDELELFHTSIEQEKERNSEDAVMTAVRXXXX	0
GKKRKRTRKESYSIYIYKVLKQVHPDTGISSKAMS	XXXXXXXRKESYSIYIYKVLKQVHPDTGISSKAMS	1
ISDSEEEEEERKKKCPKKASFASASAEVGKKGKKK	ISDSEEEEEERKKKCPKKASFASASAEVGKKGQEP	1
FQVLVKSLKSWIKETTKKVPIVQPSFGAEDLGKSL	XXXXXXXLKSWIKETTKKVPIVQLKSLEDTKKLQE	0
LVKESSSCGKDTPSKKRKLDPEIVPEEKDCGDAEG	XXXXXXXXXXXTPSKKRKLDPEIVSVIGEFLEKVR	1
LGAKHCVKEVVEAHVDQKNKVVTTPAFMCETALHY	VLRGVEVTAKHCAHVDQKNKVVTKVELTGXXXXXX	1
EAQLNAVDALIDSMSLAKKDEKTDTLEDLFPTTKI	GDRGHGPDALIDSMSLAKKDEKTDTLEDLFPTPPA	0
CVLVSEEDKHAIIVEPEKRGKYVVCFDPLDGSSNI	LKSSFATCVLAIIVEPEKRGKYVVRKEPSXXXXXX	1
AGQAPSQEDRAQVVSNLKGISMSSSKLLLAAKALS	SFLEAGVMARAQVVSNLKGISMSSSKAVDSIQLXX	1
AVGISGAIQHLAGMKDSKTIVAINKDPEAPIFQVA	AIVAPELYIALAGMKDSKTIVAIFQVADYGXXXXX	1
VKTIHDLHLFIENIDFNKSGSSTASWIQNVDTKYQ	XXXXXDLHLFIENIDFNKSGSSTASWIQNVDTKQI	0
TAAEDNVRLTCLVAELQKQWEVTQATQNTVKELQT	TAAEDNVRLTCLVAELQKQWEVTQATQNTVKELQL	0
NRLPQPSDQHFTSAVHQKHKDHFRLTIPRKSKLAV	ILDILDEEQHFTSAVHQKHKDHFRLTIDDGFIIXX	0
NRILLVAKREVENSEDPKFREAVKAASDELSKTIS	XXXXXXAKREVENSEDPKFREAVKAASDKVREAFQ	1
AQILAGGRGKGVFNSGLKGGVHLTKDPNVVGQLAK	VLKAQGGRGKGVFNSGLKGGVHLTVVQLAKQMIYN	1
LTSNHRNSWAKAYNTLIKDKVNRDSVRSIQKSIFT	GPVGLTNSWAKAYNTLIKDKVNRDSVRSIQLRFNI	1
APLTPSSAPVSQESLAVKEKFIPPELSIWDYFIAK	IRGGAHVPSKEQESLAVKEKFIPXXXXXXXXXXXX	0
KVRIDEYDYSKPIQGQQKKPFEEHWRKHTLSYVDV	EVRIDEYDYSKPIQGQQKKPFEEHWRKHYRPVIDK	1
IFTLGNSEFPVSWDNEVKLWTFLEDRASLLLKTYK	FLRVFCMTEPVSWDNEVKLWTFLEDRAVSAAVNRE	0
PGERRKIIIPPFLAYGEKGYGTVIPPQASLVFHVL	NKLFLIKGIPPFLAYGEKGYGTVIPPQASLXXXXX	0
DPSIMGIGPVPAISGALKKAGLSLKDMDLVEVNEA	IVGYFVSGPVPAISGALKKAGLSLKDMVLYAVGSG	1
EDVPTFGPPLPSPPVFQKGPEFREFLLTKLTNAEN	ETPGTETPSYKVPPVFQKGPEFREFLLXXXXXXXX	0
VVIPAEASSPDSEPVLEKDDLMDMDASQQNLFDNK	KGDGHPNPNQMSEPVLEKDDLMDMQVVLELENELQ	0
FTPDLAHPVAEVGKVAEKEGWPLDIRVGLIGSCTN	PFTDLAHPVAEVGKVAEKEGWPLDIKNTIVETHAF	1
SFALLFDDIDHNMCAADKEVFSSFAHAQVSITNEI	FSNPKEVFIDHNMCAADKEVFSSFAHAQVSITTPY	0
KRSEASPHENTNHKSPHKNSISLKEQEESLGSPVH	PTEYHEPVANTNHKSPHKNSISLKEQEESLXXXXX	1
WKTPCPGPFLRYNFDVTKGKIFIEWMKGATTNICY	XXXXXXXXPLRYNFDVTKGKIFIEWSGEVFKQPRT	0
IDEAKKWERKFSDAIQSKEEEIRLKEDNCSVLKDQ	ADEAKKWERKFSDAIQSKEEEIRLKEDNCSVLKXX	0
NSQFPFPQITNNEELNQKGSLKKATVTLKDEPNNL	LNPVGSTQITNNEELNQKGSLKKATVTAPVITAPP	0
PTGDLALRPGTVSGYEIKGPRAKVAKLNIQSLSPV	RSFCLKRTVLTVSGYEIKGPRAKVAVDEKAKSXXX	0
QLGEMFLEEKIPSISDLKLAIRRATLKRSFTPVFL	RLICVASDQLIPSISDLKLAIRRATLFTPVDAVLE	0
RDETKKTQNDVLHAENVKAGRDKYKTLRQIRQGNT	QASSAKTQNDVLHAENVKAGRDKYKTLQXXXXXXX	1
KGSRSVVPRDTPLNIFVKIIQFIAQERLDFAMKEI	ELYRLLWVILTPLNIFVKIIQFIAQAIIIGLRVFL	0
VTKQGNIVRELKAQKADKNEVAAEVAKLLDLKKQL	VTKQGNIVRELKAQKADKNEVAAEVAKLLDLKPKG	1
DAGRYSCKAINIAGTSQKYFNIDVLVPPTIIGTNF	DNQGKILRYSCKAITSQKYFNXXXXXXXXXXXXXX	0
LASCLQRGRDLGLPSYTKARAALGLSPITRWQDIN	XRLVPASYSEGGLPSYTKARAALGLSPITIDLSWL	0
NVFCLYGNVEKVKFMKSKPGAAMVEMADGYAVDRA	VYGLDQSKMNCVKFMKSKPGAAMVQKLNVCSKIGQ	1
LIVALMKPSRLYDAYELKHALKGAGTNEKVLTEII	XXXXXXXXXRLYDAYELKHALKGAGTNEKVLTIII	1
MLQQSKILKVIRKNIVKKCLELFSELAEDKENYKK	LIPLIRGVVVIRKNIVKKCLELFSELANRLXXXXX	1
PNRSQTGWPRGVTQFGNKYIQQTKPLTLERTINLY	XXXXQTGWPRGVTQFGNKYIQQTKPLTLERTINLD	1
ELTGRTLADLTLLDSPIKVPLLLSEPINIIDALEM	XXXXNNLADLTLLDSPIKVPLLLSEPINIIDALEM	0
PAGWQVGGAQGCGECVSKPCPSPCTPEQQESFGGP	AVSYKPAGAQGCGECVSKPCPSPCTDCQVQXXXXX	0
AHQKYVRQAWQKADINTKWAATRWAKKIEARERKA	TDFILKRQAWQKADINTKWAATRWAKKIEXXXXXX	1
LKITAELNAFNVFVCDQKCNIADIKIHGMDASISV	DSGLVLHLEALLFVCDQKCNIADNVDLQKFMSLNF	0
RSLSTSGESLYHVLGLDKNATSDDIKKSYRKLALK	XXXXTSGESLYHVLGLDKNATSDDIKKSYIAHAIL	0
SYDLGIENRDATNDQVTKDAAEAIKKHNVGVKCAT	QHSYDLGNRDATNDQVTKDAAEAIKKGKWKSPNGT	1
SLADAINTEFKNTRTNEKVELQELNDRFANYIDKV	SLADAINTEFKNTRTNEKVELQELNDRFANYIDKV	1
LELDTNLPANRVPAGLEKRLCAAAASILGKPADRV	XXXMPFLELDAVPAGLEKRLCAAAASILKPADRVN	1
EEQRMEGKKPRVMAGTLKLEDKQRLAQEEESEAKR	EEQRMEGKKPRVMAGTLKLEDKQRLAQEEESEAKR	1
SPDGSLQTGKPSAPKKLKLDVGEAMAPPSHRKGDS	XXXRGSPTGKPSAPKKLKLDVGEAMAPPSHRKEEE	1
LPFGGVGNSGMGSYHGKKSFETFSHRRSCLVRPLM	TITLHSLPFGMGSYHGKKSFETFSHRXXXXXXXXX	1
IRAHFKRLYGKSLYSFIKGDTSGDYRKVLLVLCGG	GTDDLIMRFKKSLYSFIKGDTSGDYRKVLLVLCGG	1
RYLWQHLKKHVVPLPDGKSTDFLPVDCPVRSKLKT	XXXXXXXXKHVVPLPDGKSTDFLPVDCPVRSKLKT	0
ICKRNLEASSDYCSALLKDIFGPLEEAVKQGIYSK	XXXXXXXXSSDYCSALLKDIFGPLEEAVKKTELKA	0
QPLQNKVQLKGRDLLTLKNFTGEEIKYMLWLSADL	XXXXXXXXXXXXDLLTLKNFTGEEIQNLYHPIILN	1
VPPDSVPSLQNMGLLLDKLAKENQDIRLLQAQLQA	QLQASVPSLQNMGLLLDKLAKENQDIRLLQAQLQA	0
RPVSLFMCYEGDPEKTAKVECGDFYNTGDRGKMDE	GIRILFMCYEGDPEKTAKVECGDFYNTGDSDXXXX	1
NSPFKILVGPSEIGDASKVRVWGKGLSEGHTFQVA	XXXXXXXXXXSEIGDASKVRVWFIVDTRNAGYGGL	0
ENACYPLGICAERTAIQKAVSEGYKDFRAIAIASD	RIFKGCNIICAERTAIQKAVSEGYKDFAICVMEFX	1
MRKLFEKYGKAGEVFIHKDKGFGFIRLETRTLAEI	PDITEEEMRKLFEVFIHKDKGFGFIRPLRGKQLRV	1
SMTNRTREVLLPKFKLEKNYNLVESLKLMGIRMLF	APIIKDALNCIYFFKLEKNYNLKHQGTITFMGRVR	1
HGVPPPCKPLASASISQKNHLPQDSQDLVLGGDVP	HGVPPPCKPLASASISQKNHLPQDSQXXXXXXXXX	0
IEARASGKSPQPQLLSNKEKAEARKLWEYKNSVIS	XXXXXXXFAPQPQLLSNKEKAEARKLWEYKLNALS	0
NRKDAEARINAQLPLTDKARMARHVLDNSGEWSVT	TVVVYCDRINAQLPLTDKARMARHVLDXXXXXXXX	0
RIASRAIDNAADLLIFGKELSAIGSDTTPLPSWAA	XXXXXXIDNAADLLIFGKELSAIGSDTLKQALKGL	0
LDPNVKSIFVTCGDWDLKVMLPGQCQYLGLPVADY	PSWLDFQIFVTCGDWDLKVMLPGQCQPVADYFKQW	0
YFHLGDAMQRVGNKEAYKWYELGHKRGHFASVWQR	FYFHLGDAMQVGNKEAYKWYELGHKRGHFASVWQR	1
KREDAGTYWCEVFNPISKNQSDPIMLNVNYNALPQ	IRWFNSNTWCEVFNPISKNQSDPXXXXXXXXXXXX	0
EEIIYECDKGYILVGQAKLSCSYSHWSAPAPQCKA	SYSKEEIIYECILVGQAKLSCSHWSAPAPQCXXXX	0
EAGRAEMLDHAVLLQVIKEQQVQQKRLLDQQEKLL	SFSASEMLDHAVLLQVIKEQQVQQKRLLDXXXXXX	0
HRHLMLPDFDLLEDIESKIQPGSQQADFLDALIVS	TDGTVHRDFDLLEDIESKIQPGSLHLHXXXXXXXX	0
QVKMKYIIKFSMPGDQIKDFHPSDHTELEEYRPEF	GETDGTRLKFSMPGDQIKDFHPSXXXXXXXXXXXX	0
SKLEKALKAQNDLIWNIKDELKKVCSTNDLKELLI	XXXYDELRWQNDLIWNIKDELKKVCSTDLLESAIL	0
KRLIGRRYDDPEVQKDIKNVPFKIVRASNGDAWVE	NFYATRLYDDPEVQKDIKNVPFKIVRAVEDDQALR	1
AKVWDAVSGDELMTLAHKHIVKTVDFTQDSNYLLT	XXHKGAAADFTAKTLAHKHIVKTVLTGGQDKLLRI	0
VKTVVQLEGDNKLVTTFKNIKSVTELNGDIITNTM	ETMTGEKVKTVVQVTTFKNIKSVNTMTLGDIVFXX	1
EESSNNLTQFQTVEAQLKQWLVEKELMVSVLGPLS	XXXXXXXXQFQTVEAQLKQWLVEKELMFRKQYEQL	0
SKVTSKGAGLSKAFVGQKSSFLVDCSKAGSNMLLI	XXXXXKGAGLSKAFVGQKSSFLIGVHGPCEEVSMK	1
QLEETRHLYHSSQNELAKLESELKSLKDQLTDLSN	QLEETRHLYHSSQNELAKLESELKSLKDQLTDLSN	0
QGNERQTAQQIVSHVQNKGTPPPKVWFLPPVCMAH	XXDWVSTAQQIVSHVQNKGTPPPKWIAKIENLDPR	0
SAVASSVVKQKLAEVILKKQQAALERTVHPNSPGI	XXXASSVVKQKLAEVILKKQQAALERTVHPALPTV	1
GPCNMPKPGVFDLINKAKWDAWNALGSLPKEAARQ	GPCNMPKPGVFDLINKAKWDAWNALGAYXXXXXXX	1
VRKINDQYIAVQGAELIKTVDIEEADPPQLGDFTK	HTHGGDSENSTPGAELIKTVDIEEADPPQLGDFKG	0
KPTKISKFGFAIGSQTTKKASAISIKLGSSKPKET	ESSKISKFGFAIGSQTTKKASAISIKLGSSPPXXX	1
DNLTYRTSPDTLRRVFEKYGRVGDVYIPRDRYTKE	XXXTSLVSPDTLRRVFEKYGRVGDVFVRFHDKRDA	1
VVIVGAGPAGLSAAVRLKQLAVAHEKDIRVCLVEK	XXXXXXDVVGLSAAVRLKQLAVAHEKDIRVCLLGQ	1
DIFERIAGEASRLAHYNKRSTITSREIQTAVRLLL	DIFERIAGEASRLAHYNKRSTITSREIQTAVRLLL	1
PLASGIRSSSQPAAKRQKLNPADAPNPVVFVATKD	SQNRGLGGISQPAAKRQKLNPADAPNPVXXXXXXX	1
YVLKKVGCKALVFPKQFKTQQYYNVLKQICPEVEN	GPNSWVNPAYQAFPKQFKTQQYYNVLSVDAPASPI	1
SSTVIENIHTIIAAAAVKFNSDQLNHLFVLIQKSW	LLGSKLSLLTIIAAAAVKFNSDQLNHLRIGREARF	0
AQYKGAASEAGRAMHLMKKREKQREQMEQMKQRIA	AQYKGAASEAGRAMHLMKKREKQREQMEQMKQRIA	1
FIQLFRTLFSVINNSHNKKVQMHMLDLMSSIIMEG	NYFYLEAWLFVINNSHNKKVQMHMLDLMSKQSFDL	0
DFSIHNEDFPALPGSSYKDPTSSNDDSKSNLNTSG	DFSIHNEDFPALPGSSYKDPTSSNDDSKSNLNTSG	0
NAGKPKDPTFIPAPIQAKTSPVDEKALQDQLVLVA	XXXXXXXXXFIPAPIQAKTSPVDEVVGVFTPVVLP	1
IPDVDCLLWAIGRVPNTKDLSLNKLGIQTDDKGHI	AAFTIATGGMPSRVPNTKDLSLNKLGIQTDDKGHI	1
SINFAKVLHGEQYLELYKPLPRAGKLKCEAVVADV	XXXXSCLPTFGVILELYKPLPRAGLYSYSEKELIC	1
SRIEDGVPQHLVLVLGGKSQDDVSRFAQVIRSSGI	GVFSNSPLNTGALVLGGKSQDDVSGVGDRNIDRTE	0
TEGLVRGQKVLDSGAPIKIPVGPETLGRIMNVIGE	SPSPLNALEVLESGAPIKIPVMNVIGETKQFAPIH	1
VLSGSAMNVVFSEDEMKKFLEEATRVSQEHPVVLT	CLLRPAMNVVFSEDEMKKFLEEATRVSPVVLNXXX	1
ATGNYIIIMDADLSHHPKFIPEFIRKQKEGNFDIV	VKSFSESGIIMDLSHHPKFIPEFIRKSGGFRLVPI	0
DAGDLAKGDQKGRKGGTKGPSNVFKIVKMIMERNF	GAGDLAKGDQKGRKGGTKGPSNVFKIVKMDAYALQ	1
TPKKNKHKRKKVKLAVLKYYKVDENGKISRLRREC	XXXXXXXXRKKVKLAVLKYYKVDENGKISRLRREC	1
NEDQIKLMNVAINELNIKLQDTNSQKEKLKEELGL	NEDQIKLMNVAINELNIKLQDTNSQKEKLKEELGL	0
ERHLLASKPLGGLPETAKEQLNVHMEVCAAFEAKE	XXHLLASKPLGGLPETAKEQLNVHMEVCALNERKT	0
SEEFQKDPQFSLISATIKSMKEEGITFPPAGSQTV	MVEWSEFQPFSLISATIKSMKEEGITFPPAXXXXX	0
QAEGEAEAAKMLGEALSKNPGYIKLRKIRAAQNIS	XXEGEAEAAKMLGEALSKNPGYIKLRKIRAALESF	1
LSVNLKGEGMSQAATICKSNFKYMYWTMLQQLTHH	XELEDINLSVNLAATICKSNFKYTISGPEPENFGS	1
ASAPASRSGSKSTQTVAKTTTAAAVASTGPSSRSP	XXXXIKMDLSKSTQTVAKTTTAAAVASSPSTLLPK	1
IVDPLYGIAEVEIPNIQKQRKQLARLVLDWDSVRA	IERLDRGIAEVEIPNIQKQRKQLARLVKVQCKDQL	0
VPVQRELLRRRYQSSPAKPDSSFYKGLDLNGGPDD	HERVFIRLRRRYQSSPAKPDSSFYGPDDKPEPVLQ	1
KFICTVTGTPVIETIWQKDGAALSPSPNWRISDAE	XXXXXXXPSLAKFTIWQKDGAALSPSNWRIILELL	0
YTMGDAPDYDRSQWLNEKFKLGLDFPNLPYLIDGA	AEKKYTMGYDRSQWLNEKFKLGLDFPNLPYLIDHK	1
KPGQVCQPSGGILSCVNKDPCHGVTCRPQETCKEQ	KPGQVCQPSGGILSCVNKDPCHGVTCTCKEQGGQG	0
LFLIPKNNPPTLVGDFTKSFKEFIDACLNKDPSFR	TLGIAILAKPTLVGDFTKSFKEFIDACLLKHKFIV	0
NEDQIKLMNVAINELNIKLQDTNSQKEKLKEELGL	NEDQIKLMNVAINELNIKLQDTNSQKEKLKEELGL	0
EESKQEQLILDHLPSVTKESSLRATQPSENDKLQK	EESKQEQLILDHLPSVTKESSLRATQPSENDKLQK	0
SDADEELLFNIPFTGNVKLKGIIIMGEDDDSHPSE	XXXAYGLYRIIPFTGNVKLKGILYKNATKISRFSN	0
PESNAVTKTAGPIASAQKQPAGKVQIVSKKVSYSH	PAKTSTTKTAGPIASAQKQPAGKVQIVSKXXXXXX	1
VPSPEPQKPAPVSPESVKATLSNPKPQKQSHFPET	XXXXEPQKPAPVSPESVKATLSNPKPQKQSHFPET	0
LKTKTDVLILPEEVEWIKFNVGMNGYYIVHYEDDG	LTFITSKSDMVHRVEWIKFNVGMIVHYGWSLTLAV	0
KRVAGSVTELIQAAEAMKGTEWVDPEDPTVIAENE	VAPDVRRAELIQAAEAMKGTEWVDPXXXXXXXXXX	0
NFKYEDALRLLQCAEPYKVSFCLKRTVPTGDLALR	SARVFFENFDALCAEPYKVSFCVEFSFPXXXXXXX	0
IYSMEGSIVRLPEVIALKKKYKAYLYLDEAHSIGA	KAIKILILVRLPEVIALKKKYKAYLYLDEDVDVXX	0
TTTFAVTSILRVAAEDWKKGDTFSCMVGHEALPLA	ELVTLTLQGLRVAAEDWKKGDTFSTIDRLAGKPXX	1
RTIKLLTGSSYKVEVKIKPSTLQVENISIGGVLVP	XXXXLPGLVRLSIEVKIKPSTLQVLSKEPDGDRVV	0
NGVIVKINNQLTLDSNTKYFHKLNIPKLDFSSQAD	TVASLTLELSNGVDSNTKYFHKQADLRNEISSGKG	0
PQEKGEVLGDVLQLETLKQEAATLAANNTQLQARV	LLEKGEVLGDVLQLETLKQEAATLAANNTQLQSKV	0
KVEGDNTKERDLDRASEKVEPRDEDLVVAQQINAQ	DVDQQEHSPRDLDRASEKVEPRDEDAQRPXXXXXX	1
SLDQTPQSHSSEQIQAIKEEEEEKGKPRGEEIPTQ	PAPQDPQSHSSEQIQAIKEEEEEKGKPRGXXXXXX	0
QLREPSFPDVQHGVLIHKVILGSPAHRAGLRPGDV	DFSTMKVIGVMMLVLIHKVILGSPAHGLRPGDVIX	0
NVSLGQGQETVAEVALEKASKGGHWVILQNVHLVA	ISGKFHNVETVAEVALEKASKGGHWVILLLLRFSQ	0
NKMKKEGKLIMGIGHRVKSINNPDMRVQILKDYVR	XXXXXXXVHIMGIGHRVKSINNPDMRVQILKLVEK	1
EEAKLEIMEFVNFLKNPKQYQDLGAKIPKGAILTG	XXXXXXXMEFVNFLKNPKQYQDLGAKIPKAAPTTT	1
RTCVHTFFDHQDQVWGVKYNGNGSKIVSVGDDQEI	NVAFCPFVSSVKVVWGVKYNGNGSKIVSVIHIYCX	0
KGLLGKVLVALASEELAKGWTQWYDLTEDGTRPQA	SLPEVQRLVALASEELAKGWTQWXXXXXXXXXXXX	0
VSSALDKLKEFGNTLEDKARELISRIKQSELSAKM	PSSALDKLKEFGNTLEDKARELISRIKQSELSAKM	1
MILVGNKCDLEDERVVGKEQGQNLARQWCNCAFLE	NILVGNKCDLEDERVVGKEQGQNLARQCAFLESSI	1
TIDNSQGAYQEAFDISKKEMQPTHPIRLGLALNFS	KVFYLKGAYQEAFDISKKEMQPTHPIRLGLAFLTA	1
YKDAAKAATGECTATVGKRSSTKFSVATQTCQITP	ATKTVGSDTFYSFATVGKRSSTKFSVATKDFVQPP	1
VETIAQEHSTLSQQVDEKCSFLETKLQGIGHFQNT	LTMLQTQQKLLSQQVDEKCSFLETKXXXXXXXXXX	0
LNIPKPDEAYSAPSCGNKLVDAGEECDCGTPKECE	XQTRYLNIPKPDPSCGNKLVDAEECDCGTPKECED	0
QFPDISQESDSPFVFICKNPQEMVVKFPIKGNPKI	IGCVDLIDCLFIEVFICKNPQEVXXXXXXXXXXXX	0
VGGAYVGPTQNRILRLSKELGIETYKVNVSERLVQ	XXXXXSVGPQNRILRLSKELGIETYRKFVGGSGQV	1
EPVPTGFFNMWGFGRVSKQASQPVKKQQENATSCS	EPVPTGFFNMWGFGRVSKQASQPVKKQQENAXXXX	1
ETVFTKSPYQEFTDHLVKTHTRVSVQRTQAPAVAT	KIKEIKSPYQEFTDHLVKTHTRVSVQRTQAXXXXX	1
FQHAIEKTHQSALQVQQKAEAMLQANHYDMDMIRD	LRHLQAEVVQSALQVQQKAEAMLQANHDMMIRDCA	0
DVEKRGSAKELLQHQFLKIAKPLSSLTPLIAAAKE	IFRDFLRAKELLQHQFLKIAKPLSSLXXXXXXXXX	0
KTKENVVQSVTSVAEKTKEQANAVSEAVVSSVNTV	KTKENVVQSVTSVAEKTKEQANAVSEAVVSSVNTV	1
LLIYAVLPTGDVIGDSAKYDVENCLANKVDLSFSP	IMAKGIAPVARLLIDSAKYDVKDLTGFLDMGXXXX	0
IDPECRMIGLRLYDGLFKVIPLDRDNKELKAFNIR	SIIGIIMIGLRLYDGLFKVIPLKAFNIRLVIVSLK	0
LLKHDPCRMLQISRVDGKTSPIQSKSPTLKDMNPD	PCKCLPCRMLQISRVDGKTSPIQSKSPXXXXXXXX	1
CFPMRTYSKQSKPLFSNKRKIHLSELMLEKCPFPA	QIVEISIEKDNKPLFSNKRKIHLSELKCPFPAGSD	1
RILNVFQKLCAGLDCPWKFCDEKVSVDESVMSTHS	TKQLHFQKLCAGLDCPWKFCDEKVRAAVCLCKEGR	0
RVIRSITAAKYREKQQVKDVQKLRKKEPKTLLPHD	RVIRSITAAKYREKQQVKDVQKLRKKEPKTLLPHD	1
FNRSPLTMDQIRPNTELKEKIQRWLAERKQQKEQL	LRVTVDRSTIIRPNTELKEKIQRWLAERXXXXXXX	0
STHEFLHEVPAASEEIFKIASMAPGALLLEAQKEY	LDSAFYREVPAASEEIFKIASMAPGALLLEQCAEL	0
VMLYWTTGTIISSQRFYKENLGQGWMTQKHERMKV	QCTKPDTVGIISSQRFYKENLGQGWTQXXXXXXXX	1
ELTKKSEEVFQLQEQINKQGLEIESLKTVSHEAEV	ELTKKSEEVFQLQEQINKQGLEIESLKTVSHEAEX	0
NLKLELLHPIIPEQSTFKVLSTKIEIKLKKPEAVR	NDVNVEFLSALVPQSTFKVLSTKIEIKLKXXXXXX	0
INVRKRNVESGEEELASKLDHYKAKATRHIFLIRH	INVRKRNVESGEEELASKLDHYKAKARADARQEPN	1
LPPEPPSPARAPVPSATKNKVAITVPAPQLGHHRH	SCPLPPSPARAPVPSATKNKVAITVPAPQSDEESG	1
QEHKYLLGDAPVSPSSQKLKRKAEEDPEAADSGEP	QEHKYLLGDAPVSPSSQKLKRKAEEDPEAAXXXXX	1
TETLLNTVKDNLPIQIQKLTEEKYQVEQCVNEASI	SDWLDETVKDNLPIQIQKLTEEKYQVIRNTKXXXX	0
MESLTKHLFAILGGSEGKLTVVAQKMSVLSGIGSV	LKSNMKHLFAILGGSEGKLTVVAQKMSVLSGIFPF	0
QKLLEPLEAEIQQGVNLKEEDFNKDMNEDNEGTVK	XXXXXXXXXEIQQGVNLKEEDFNKMLRSQRRKKAL	0
RKTVEDYFCFCYGKALGKSTVVPVPYEKMLRDQSA	XXXXEDYFCFCYGKALGKSTVVPVPVVVISFIIKR	1
EREEQETTSSKITELQLKLESALTELEQLRKSRQH	XREEQETTSSKITELQLKLESALTELEQLRKSRKT	0
MKKKFDADPVELFEIPVKELTFDQLQLLKLTHVTA	DFVPVVYHDLTCCEIPVKELTFDQLFKWIDGNLST	0
TVLTAEEKQRLEELQLFKNKETSVAIEVIEDTKEK	XXXXXXXXQRLEELQLFKNKETSVFPGLEAYHAAG	0
FRVTIPTDLIASSGDIIKVSAAGKEALPSWLHWDS	XXXXXXIPTDIASGDIIKVSAAGKEALHWDSQHTL	0
VAEDNERYRLVSDTITQKVEEIDAAILRSQQFDQA	MRPKELKKALVSDTITQKVEEIDAAIXXXXXXXXX	0
TGYGAYLAQPLLREVLEKQPVLSQTEARDLVERCM	APSLAALAQPLLREVLEKQPVLSQTEARDLVERCX	1
TLHLQTGNLLNWGRLRKKCPSTHSEELHDCIQKTL	XXXXXXTNLLNWGRLRKKCPSTHSEELHDCIQKTL	1
RLLLENGAGINTHSNEFKESALTLACYKGHLEMVR	NGHTLMESGINTHSNEFKESALTLACYADQEHKTD	0
TASAKVAPVRVGTQAPRKAGTATSPAGSSPAVAGG	XXXXXXXPVRVGTQAPRKAGTATSPAGTPRKARAS	1
NPNYDKTSAPITCELLNKQVKVSPDMAIFITMNPG	VQCIQEALAPITCELLNKQVKVSMXXXXXXXXXXX	0
TRDSQSLCPYDWIGFQNKCYYFSKEEGDWNSSKYN	XXXDQSLCPYDWIGFQNKCYYFCQHADLTIIDNEE	0
DEKSFRWLHNEDQMAVEKLSDGIRKFAADAVKLER	WHVANPGSHNEDQMAVEKLSDGIRKFXXXXXXXXX	1
KYVDTPFGKPSDALILGKIKNVDCVLLARHGRQHT	IGIDPEILEGRTELILGKIKNVDCVLLEGCHKLLT	0
LPTQGPSCPAEDGPPALKEKEEPHYIEIWKKHLEA	TTFQQLVGEAEDGPPALKEKEEPHYIEIWKKHEXX	0
NSQFPFPQITNNEELNQKGSLKKATVTLKDEPNNL	GTDTDSDDYLNNEELNQKGSLKKATVXXXXXXXXX	0
SGSLPYTQTLQDHLNSLKEFNLQNMGLPDFHIPEN	MSSWLQTQTLQDHLNSLKEFNLQNMGLXXXXXXXX	0
YSLPPVIDKMNIELTQLKLSRTILQASLPQNDIEI	XXXXXXXXXXXIELTQLKLSRTNDIEILKPVNMLL	0
SKSCCDYSLHVDISEWHKGIQEEMEALVKDHGVNS	XXXPPGTSLLVDISEWHKGIQEEMEALVFVFQLTD	0
KIKVVALKITNNINVLIKDLFHIPPSYKSTVTLSW	RLQYFARLQTNNINVLIKDLFHIPPSYKSTVIYNP	0
PAPVEIPVTPPTLVSGLKNVTVIEGESVTLECHIS	XXXXXXXXXXXXLVSGLKNVTVSVTLECHIWYREI	0
VRNVEVIELAKEWTPAGKAKQENSAKKFYSESEEE	LDNVEVIELAKEWTPAGKAKQENSAKKFYSEXXXX	1
KFSDDHYRVAGAQIQGAKEVLASDLVVKVRAPMVN	GVPKEIVVESGAQIQGAKEVLASDLVVPVNPTLGV	1
EKEVQIPELSQVFVEDVKDILKSRLKEGHMNPQEV	XXXXXXPELSQVFVEDVKDILKSRLKEGHADTKIL	0
KVKAHGKKVLTSLGDAIKHLDDLKGTFAQLSELHC	TSLWGKVVVLTSLGDAIKHLDDLKGTFSWKMVAVA	1
QEAFKAVEDIHGLFSLSKKPPKPQLMANYYNKVST	QSMHLEREDIHGLFSLSKKPPKPQLMTLLGLXXXX	0
YSGLIVNKAPHDFQFVQKTDESGPHSHRLYYLGMP	XXXXXXXXXXXXXQFVQKTDESGPHSHRLYYSEIP	0
GKEDAANNYARGHYTIGKEIIDLVLDRIRKLADQC	ITGKEDANYARGHYTIGKEIIDLVLDGTSGFTSLL	1
SRIEDGVPQHLVLVLGGKSQDDVSRFAQVIRSSGI	VFSNSPLNTGKALVLGGKSQDDVSGVGDRNIDRTE	0
RVRELEQERKKLQVQLEKREQQDSKKVQAEPPQTD	ERRELEQERKKLQVQLEKREQQDSKKVQAAAYLXX	0
ANASFNIKWIEAGPVVLKHPASEAEIQPQTQVTLR	XXXXXXXXXXXXGPVVLKHPASEAEIQTQVTLRCH	0
QKLQELENRLSLQDGTLKKILALAKSVKQNTSSVG	CVTDLNTLRLSLQDGTLKKILALAKSVKIKDIKSL	0
AFDVNDEKNWGLSVYADKPETTKEQLGEFYEALDC	FFYFYLDTKTYMSVYADKPETTKEQLYTDWKDCEX	0
QPSTQIVANAKGAVTGAKDAVTTTVTGAKDSVAST	QPSTQIVANAKGAVTGAKDAVTTTVTGAKDSVAST	1
KAYLKKISMQCFDFTDSKGEPLHIINSSNVTDEPL	XXXPLHESMQCFDFTDSKGEPLHIINSSNDLVLHL	0
KFYPLEIDYGQDEEAVKKLTVNPGTKSKLPKPVQD	XXXXXXKLTLQDEEAVKKLTVNPGTKIKFDVEYSL	1
VTVRLNVHKVTVLTLQDKIVKEKFAMVAPDVQIED	DADQVRLNKVTVLTLQDKIVKEKFAMVAPVINHLA	0
GLKEFLKTTKQSFDLSVKAQYKKNKHRHSITNPLA	SAGNIMEAHVGINDLSVKAQYKNITYDFSFLNTNA	0
SRIEEGVPQFLVLISSGKSDDEVDDPAVELKQFGV	AFSDRQINVGNALISSGKSDDEVDTIARNADQEEL	0
GGKTVSDGLHHPSQLHSKLENDQVIIPEAAFWVLC	PDYNYEFMEHHPSQLHSKLENDQVIIPEAAFXXXX	0
QCGKCRICKNPESNYCLKNDLGNPRGTLQDGTRRF	FTPQCGKCRICKSNYCLKNDLGNPRGTLQDGFVGV	1
HNPDSWISQSASFPRNQKQPGVDSLSPVASLPKQI	TGVSSWISQSASFPRNQKQPGVDSLSPVASLPKAQ	1
RHKRPKAKYIIWPRIDQKSCFKSMITAGFEPVVIE	XXXXXATGMLTWPRIDQKSCFKSMITAPVHTCFNA	1
NQGESITHALKHVSDDMKTHKNPALKAQSGPVRSG	NQGESITHALKHVSDDMKTHKNPALKAQSGPVRSG	1
PYTIITTPPLKDFSLWEKTGLKEFLKTTKQSFDLS	IPLTIPTPPLKDFSLWEKTGLKEFLKTTKQXXXXX	0
GQYGVQGFPTIKIFGSNKNRPEDYQGGRTGEAIVD	SDSLWLVKLQYKIFGSNKNRPEDALQLDRRSGGYS	1
RSRSRERDGHYSNSHKSKYQTDLYERERSKKRDRS	QDRSRERDGHYSNSHKSKYQTDLYERERSKKRDRX	1
SNREDVLTLLLPVMGDSKSSMEVAGVTALACGMIA	NSNTMRLILLLPVMGDSKSSMEVAGVTAQTIMEKS	0
FQESEEEKQPEVPSSLAKGESLSLPGPSPPPDGTE	KKHNEEEKQPEVPSSLAKGESLSLPGPSPPPDGVG	0
LSEKEKKQISEQLNALNKAYHDLCDGSANQLQQLQ	VSEAIKSQISEQLNALNKAYHDLCDGSAXXXXXXX	0
IAYEQHGFFEQAQESYEKAMDKAKKEHERSNASPA	ATAIAYEFFEQAQESYEKAMDKAKKEHEYQLWEDH	0
HTLALTETGSVFAFGENKMGQLGLGNQTDAVPSPA	XXXEKGQGRNHTAFGENKMGQLGLGNQTDAVPAEF	0
SNNIFISERPTDVLQTVKLLDLSSNQLIDENQLYL	VLVCPGLEELYPVLQTVKLLDLIAHLPRLEQLIFP	0
RIVLAGCPEVSGPTLLAKRRYMRQHLDHVRRRLMF	XXXXXXCPEVSGPTLLAKRRYMRQHLDAVLVPSEL	0
PEMEQRETTSSTPRISSKTGSIPLKTPAKDSEGGW	XXXXXRETTSSTPRISSKTGSIPLKTPAKLGVVAL	1
SVEDAAILLQQVMRAFSKQASTVVFSDTVVVSEKF	SGTWVAILLQQVMRAFSKQASTVVFVVVSEKFIXX	1
VYYYHDADGHFHLIDGDKIATLISSFLKELLVEIG	XXXXXXXIVYYHLIDGDKIATLISSVQANSSTYLY	0
DATLKNPILWNVADVVIKFPEEEAPSTVLSQNLFT	RKIEFDSASGTYTDVVIKFPEEXXXXXXXXXXXXX	0
IGKTGTIALSEVENIHQKGGEGISEKAEVIPVTLA	VNSSGQQALSEVENIHQKGGEGISEKAELSSEVPD	0
VYVFDGKPPQLKSGELAKRSERRAEAEKQLQQAQA	XXXMGIQPPQLKSGELAKRSERRAEAEKQFKRLVK	1
DGRVVEPKRAVSREDSVKPGAHLTVKKIFVGGIKE	XXXXXXXXRAVSREDSVKPGAHLTVIFVDVVQKEV	1
SKVPYEIQKGQALITFEKEEVAQNVVSMSKHHVQI	XXXXXXXXXXXXLITFEKEEVAQNVVSAKPVTSKR	0
CRVTCIDPNPNFEKFLIKSIAENRHLQFERFVVAA	NFKFVTCDNPNFEKFLIKSIAENRHLQFERFXXXX	1
SGGYPALMDCMNKLKNNKEYLEFRRERSQMLLSRR	DYPCSLLMDCMNKLKNNKEYLEFRRERSQMXXXXX	1
PGNVEKYRVVYYPTRGGKPDEVVVDGTVSSTVLKN	AGSRTGRRVVYYPTRGGKPDEVVLKNLMSTEYQIA	0
AIQKKWPLYMSTKNTILKAYDGRFKDIFQEIFDKH	EVGMYNTDIMSTKNTILKAYDGRFKDIFQEHRLID	1
RLVVSRLGLDSLCPFSPKERIIEYLVPERGPERGL	LLEEQRIRVVLDCPFSPKERIIEYLVPEXXXXXXX	1
VMGNNAVSPYQQVIEKTKSLSFRSQMLAMNIEKKL	AMGNNAVSPYQQVIEKTKSLSFRSQMLAMNIEKKL	1
PSLQRTMIRYFTSNPASKVLCSPMLLSTFSHFSLF	IKPFRTMIRYFTSNPASKVLCSPMLLSFYVYGPSX	0
NLREDYKFHHTFSTEIAKFLKVSQGQLVVMQPEKF	LIIGVFKGHHTFSTEIAKFLKVSQGQLVVMRSHMM	1
KMKGTKVKTPEMIIQKPKISMQDVDLSLGSPKLKG	GLTITKVKTPEMIIQKPKISMQDVDLSAPVXXXXX	1
AWCPVEDDTHVPQPAFLKAAENFTLLVKNNIWYPK	NTIWDYVMTNVPQPAFLKAAENFTRLGVSFQDMAV	0
LEALKENGGARLAEYHAKATEHLSTLSEKAKPALE	LEALKENGGARLAEYHAKATEHLSTLSEKAKPALE	1
PIQWEERNVTAIQGPGGKWMIPSEAKESMDKNKMG	XXXXXXXNVTAIQGPGGKWMIPSEAKETPAAGHPS	1
RVFCNFQYAPQLAEALIKVFVDIEFTGDPHQFEQK	TGSIPRALAPQLAEALIKVFVDIEFYRMLILPPLF	0
PKAQHTHDAITEAAQLMKEAVDDIMVTLNEAASEV	TLAESALQMITEAAQLMKEAVDDIMVXXXXXXXXX	0
DEAADALLKAKEELEKMKSVIENAKKKEVAGAKPH	DALRQTATKAKEELEKMKSVIENAKKKHITAAEGK	1
KAKELKSERVSSDGSWLKLNLHKKYDYYYNTDSKE	XXXXXAKWVTVVDGSWLKLNLHKKYDYYYNTESSW	1
SSDSEEETPAAKALLQAKASGKTSQVGAASAPAKE	XXXXXXXTPAAKALLQAKASGKTSQVGAPVQVIKP	1
HWYQRIPVTRALQREALKILALSQNEPKRPMSGEY	SLMYTKEVTRALQREALKILALSQNEPEQLTIDLK	1
EKKRKEEERKKKETDQKKEAVAPVQEESDLEKKRR	EKKRKEEERKKKETDQKKEAVAPVQEESDLEKGLE	1
QPAPQAGPIPVAPIGTLKPQPQPVPASYTTASTSS	XXXXXXXXXXVAPIGTLKPQPQPVPYMAYAVETLE	0
ELEGQIAKLEEQWLSLNKKIDHELHRLQALLKHLL	KRNIGKHKLEEQWLSLNKKIDHELHRLQXXXXXXX	0
KNIHIMEKHDNWDLTQLKVIQLGTLVDNLTVDPAT	YVADAKNIHIMEKLTQLKVIQLIIQNVLSEKPRVX	0
RKLTSTSAITRQPNIKQKFVALLKRFKVSDEVGFG	KRKRATSAITRQPNIKQKFVALLKRFKVSDEVGXX	1
AVVITDGHVTGSPCGGIKLQAERAREEGIRLFAVA	DCALATVGHVGSPCGGIKLQAERAREIRLFAKEQG	0
RYMGGFAKSVSFSDVFFKGFKWGFAAFVVAVGAEY	RYMGGFAKSVSFSDVFFKGFKWGFAAFVVAVGAEY	0
HQSNQARGAGVPPSKSKKGQTPGGAQFVGLELYKR	VHQSNQRGAGVPPSKSKKGQTPGGAQFVGLEHWVR	1
NASKLAQLVEKKLEDYYKIDEKSLIKGKTHSQLLI	DENPGVQLVEKKLEDYYKIDEKSLIKGKTSCXXXX	0
QWDNTLHLASTYLSHQEKLLLEGEKYLQSKEDLRL	RIQKIKHLASTYLSHQEKLLLEGEKYLQSLSLLKX	0
GFNSKSGKRGSSKSGKLKGDDLQAIKQELTQIKQK	VANSKSGKRGSSKSGKLKGDDLQAIKQELTQIKQK	1
QHLTARNRPPLPAGTNSKGPPDFSSDEEREPTPVL	QHLTARNRPPLPAGTNSKGPPDFSSDEEREEKSVE	1
LHERGLKLHQTIYNQACKLLSDDYEQVRSAAVQLI	GDYFSDPRTITIYNQACKLLSDDYEQVRSAAVQLI	0
FSFLMDSRNEVWWTIDGKKPDDITIDVTINESISH	XXXXXXXICEVWWTIDGKKPDDITIDVTIQILSIE	0
PEEDKGNVKQCEINYVKKFQSFQDHKLKISKEDSK	XPEEDKGVKQCEINYVKKFQSFQDHKLKISLHELL	1
RGNVLQPEESLLDPFGAKPFHSPDLSWHPPHQGLS	XXIVLQPEESLLDPFGAKPFHSPDLSWNTVLADVL	0
YSQKRYEEIVKEVSTYIKKIGYNPDTVAFVPISGW	TGVKQLIVIVKEVSTYIKKIGYNPDTVAFVTRRSX	1
EEGLILFDQIPVSSGFSKNGVLVSVLGTTTMRVDI	MDIVILFDQIPVSSGFSKNGVLVSRVDIPASQLXX	0
RIVTENIPCGTTGTTCSKAIKLFVESYELILQEGT	SCEYLIVTENIPCTTCSKAIKILQEGTFWDRKTSV	0
EEEKLAGDMKSKVVVTEKAAATAEEPDPKGIPEFW	EEEKLAGDMKSKVVVTEKAAATAEEPDPKGITXXX	1
CQTVLSPTASEPDTTLTKTSPKNSLKGDKDPGEES	XXXGCSPTASEPDTTLTKTSPKNSLPESEAELART	0
ESPIPILPLPTPDAETEKLIRMKDEELRRMQEMLQ	KNILPILPLPTPDAETEKLIRMKDEELRRMQEMLQ	0
VQRGIHDAFVKAFAEAMKKNLRVGNGFEEGTTQGP	VAAMAKFTFVKAFAEAMKKNLRVGGTTQVVTGGKH	1
DGFFARNNEEYLALIFEKGGSYLGREVALDLSQHK	XXXXXXXELEPAKLIFEKGGSYLGREVRRVLNTEA	0
NGAIKFYEQQLGLAHQVKDRRLEASAYAALGTAYR	QAKFRLYEQQLGLAHQVKDRRLEASAYAQEEVYQE	0
DDLDIMLGNKKKKKKNVKFPDEDEILEKDEALEDE	XXXXXMLGNKKKKKKNVKFPDEDEILEKDEALVAG	1
AANGSLRALQATVGNSYKCNAEEHVRVTKAFSVNI	ASMGFFLALQATVGNSYKCNAEEIFKVWVQAFGSV	0
HNLWFRSTLMLEHQAFEKGLSLQIKPKQTTEFYEQ	PIRPCLSTLMLEHQAFEKGLSLQIQESITPPQQEI	0
VERYTEFYHVPTHSDASKKRLIEDTEDWRPRTGTT	XXSKTIPYHVPTHSDASKKRLIEDTEDWRSRSFRI	1
KEIFLRELISNASDALDKIRLISLTDENALSGNEE	XXXXXXXXXSNASDALDKIRLISLTDALLDTGVGM	1
IRHFAGAVCYETTQFVEKNNDALHMSLESLICESR	FCLLDENPSDETTQFVEKNNDALFISVGXXXXXXX	0
GVISDMEETRHAVVQASKLPMSIIIVGVGNADFAA	RFAAQATQYFHAVVQASKLPMSILREEAARDIVQV	0
SKKEKKPLTKKEKKVLQKILEQKEKKSQRAEMLQK	XXKEKKPLTKKEKKVLQKILEQKEKKSQRAEMLQK	1
VVRVVYQPEHMSFEELLKVFWENHDPTQGMRQGND	XXXAFMAKFLMSFEELLKVFWENHDPIAALSSKEN	0
FTIKDVYDKVDYLSSLGKTQTAVVQRDADIGVAEA	YQDRDVYDKVDYLSSLGKTQTAVVQRDADIGVXXX	0
LETILISNNQVGSVDPQKMKMMENLTTLDLQNNDL	VLYRIFTLETIVSVDPQKMKMMENLTTLIPPELGN	0
IGDEILVSGGIGALVRLKSLQGDKLEVSLKNNVVS	LKYHIGDEILVGILVRLKSLQGDKLEVSSVNGVLQ	1
FQDPGRIVAIAVGDSAAKSLLQGTIQMIQERLGSE	THEYRNESRRLVGDSAAKSLLQGTIIQGLGYRQAW	0
KSAYHQYLQTSQSHSSEKGARFGGIFQEPVSKYFR	DKYSMQYLQTSQSHSSEKGARFGGIFQXXXXXXXX	0
VSTNRGVIVESAYSDIVKMISANIFRTLPPSDNPD	KLQQCCILLESAYSDIVKMISANIFRVYFFFAKRY	0
GYKVYWDNGAQIISPHDKGISQAIEENLEPWPQAW	CRYLKQKVYWQIISPHDKGISQAIEENKSSXXXXX	0
ARKQGAGDSLIAGSAMSKAKKLMTGHAIPPSQLDS	RQMAARGDSLIAGSAMSKAKKLMTGHAIPPKEAAR	1
FVIDISGSMRGQKVKQTKEALLKILGDMQPGDYFD	XXXFVIDIMRGQKVKQTKEALLKILGLVLAQDFVR	1
CAVQKVIGTNRKYFTNCKQWYQRKICGKSTVISYE	YLVLQHSLRAVQYFTNCKQWYQRKICGSTVIYPNG	1
KELGETNKGSCAGLSQEKEKCKHSHGEAPSVDADP	XXKKNCERGSCAGLSQEKEKCKHSHGEAPSVAVET	1
TDKPKVAPAPARPSGPSKALKLGAKGKEVDNFVDK	MRRKAELPAPARPSGPSKALKLGAKGKEVDNNQTX	1
TKYTDGLPAADLIPPPLKPRKVWIIYSADHPLYVD	XXXXXXXXXXXXIPPPLKPRKVWFLLTACGTEVAE	0
TDSCSSHPLYNPAELEEKDAIGVRRAAQRRLQAEL	NDKVRAFPLYNPAELEEKDAIGVRRAAPEDIVFMT	0
IARRSKTFNPGAGLPTDKKKGGPSPGDVEAIKNAI	XXVRSKTFNPGAGLPTDKKKGGPSPGDVLLQSGQI	1
HRDIVELLFSHGADVNCKDADGRPTLYILALENQL	RGYDGRNALRVAADVNCKDADGRPTLYILANVEAS	0
PELLQTEDSLKAAPKSQKADSPSIDYAELLQHFEK	AYLQDVKNNPYLAPKSQKADSPSIDYXXXXXXXXX	1
PTVKLFIGGKFVESKSDKWIDIHNPATNEVIGRVP	XXXSSVPTVKLVESKSDKWIDIHVGRVPQATKAEM	1
KLWPTFFERPLVRKAFEKTLKDLKLSYLDVYLIHW	VGVSKLWTFPLVRKAFEKTLKDLKLSYLYDLMLLV	1
CVPISAHHRWNFDDLLEKIWDYLKLVRIYTKPKGQ	YKVPHCVPIWNFDDLLEKIWDYLKLXXXXXXXXXX	0
TPFLLKSKILSPNGGKPKAINQEMFKLSSMDVTHA	XXXXXXXXXXXSNGGKPKAINQEMFKLLCYRLHGL	1
LRLRQLEKSLLQALNEVKGRILDDDTIITTLENLK	VDQVKSLKSLLQALNEVKGRILDDDTIITTLEXXX	0
PSTIHCDHLIEAQVGGEKDLRRAKDINQEVYNFLA	XXXXXXXDLIEAQVGGEKDLRRAKDINQPGSGTIT	1
VKENQTVKFRCEVSGIPKPEVAWFLEGTPVRRQEG	SAFPKFESKRCEVSGIPKPEVAWYEDAGSHYCTAS	0
VEYPDPIAQKTCFIILSKLVELWGGKDGPVGFADF	GSGMSEILVKTCFIILSKLVELWGGGVIECAVTLK	0
LGLLRFVTAVGTQGAISKETKKKYYVKTYKIDVSS	SRLNYPENGWTPQGAISKETKKKYYNPTETGISMR	0
VHKVDPRKDAHSTLLSKKETSNLYKIQFHNVKPEY	XXXXXXXKDAHSTLLSKKETSNLYRFSGGYPALLL	1
RALHDTGKFTDGQLVSQKSDSSKDIRGDKITWIEG	PSPSERDRQSDGQLVSQKSDSSKDIRGYVRHVDPN	1
TEQSVALLEQKWHVVSSKMEERKSKLEEALNLATE	ELYSQLKEEQKWHVVSSKMEERKSKLEXXXXXXXX	0
KDQITAGNAARKNHLEGKAAISNKITSCIFQLLQE	XXKTKQSKDQITNHLEGKAAISNKITETADNDDKY	1
IFCRGTERNLDLSWSELKKEVTLAVENELQGSVTE	FTNEALCALLDLSWSELKKEVTLAVEWFYCLPXXX	0
PSNVLRGGQEVKYEQCSKSTSEISKDCFKEKNEKE	XXXXXXXXQEVKYEQCSKSTSEISKDCFKEQSSFK	1
DTQLEKIASHPAEQYVSKLKTFADLAAHNQTFLKK	GASDTQLEKIAAEQYVSKLKTFADLAAHNTFKXXX	0
ASSVSVVLSSLFLKLYRKPTYESYELPARSQIGQK	DVVASIDLSRKTLKLYRKPTYESYEXXXXXXXXXX	0
ENKLGSRQAQVNLTVVDKPDPPAGTPCASDIRSSS	XXXXKVRAGEARQTVVDKPDPPGSSYDGGSAVQSY	0
GILTGPGDVSLSTSQVQKELQSINQKWVELTDKLN	LNEAAQGILSLSTSQVQKELQSINQKWVXXXXXXX	0
GARKNAFKILVVITDGEKFGDPLGYEDVIPEADRE	EEGRTHTATGIVITDGEKFGDPLGYGVAFKSRQEL	0
TGKTTFVKRHLTGEFEKKYVATLGVEVHPLVFHTN	TGKTTFVKRHLTGEFEKKYVATLEDTAGQFDTSNK	1
NQTAEKEEFEHQQKELEKVCNPIITKLYQSAGGMP	DKCNEIIEFEHQQKELEKVCNPIITKLXXXXXXXX	1
RVNREWYTGRVTAVEVGKHVVRWKVKFDYVPTDTT	ADLKRAQKDKVTAVEVGKHVVRWKVRWVEKGSEVX	1
AVLLGSYAVQAKFGDYNKEVHKSGYLSSERLIPQR	XXXXGSYAVQAKFGDYNKEVHKSGYLSSEDQWEDR	1
QSMLSLRSCVQDPVAAFKRGVLEPLTNLRNEQKIP	HIALQMLSSCQDPVAAFKRGVLEPLTNFITKIISK	0
CITGLRAAMEALVVEVTKQPAIISQLDPVNERMLN	CILINSGFPEALVVEVTKQPAIILXXXXXXXXXXX	0
LEQKSGELGKKITELTLKNQTLQKEIEKVYLDNKL	IRQLKGELGKKITELTLKNQTLQKEIEKVYXXXXX	0
QLKEKVTNSTELQHQLDKTKQQHQEQQALQQSTTA	XXXXKVTNSTELQHQLDKTKQQHQEQQALQQSLTS	1
LVKSYPGSQLDILIDQGKDDQFLLDGQLLPDNFIA	XXXXXHSAFAPICIDQGKDDQFLLDGQLLPDIVFR	0
KTSTKLHVGNISPTCTNKELRAKFEEYGPVIECDI	XXXXXXLHVGISPTCTNKELRAKFEEYGPVIECDI	0
SSDLETSKVLPIQDNVSKDVPQTRWGYWGSWGKSI	XXXXXXXXVLPIQDNVSKDVPQTRWGYWGSWKILN	0
SIQEVLGDYRACHGTLIKWIEETTAQQEMMKPGQA	XXXXXXXDYRACHGTLIKWIEETTAQQELEIRNQT	0
LYSGVHKKPLFFDGSPEKPPEDDSDSLTTSPSSSS	SDDETEESPLFFDGSPEKPPEDDSDSLTSSSSLDT	0
CILLTSELGFDAAINYKKDNVAEQLRESCPAGVDV	CGTHEKCILLTAAINYKKDNVAEQLRESVNISTVS	1
PATSTEPSVILSKSDSDKSSSQVPPILQETDKSKS	DATSTEPSVILSKSDSDKSSSQVPPILQETDKSKX	1
AAKGFGGKYGVERDRADKSAVGFDYKGEVEKHTSQ	AAKGFGGKYGVERDRADKSAVGFDYKGEVGAGAGA	1
EATDYPWRPALTPFEFQKLLNNLTSIKIRGTYSER	EGAGLRVLHELTPFEFQKLLNNLTFELGPYSXXXX	0
LKVSELKEELKKRRLSDKGLKAELMERLQAALDDE	LKVSELKEELKKRRLSDKGLKAELMERLQAALDDP	1
GESRSIAVKAVSSNISQKDVFDLKITAELNAFNVF	GFKTHDSTKQRSSNISQKDVFDLKISVKPKQTDTL	0
AAYLHGRLQALGLQLFVKDPALRLPTVTTVAVPAG	GVLQAALHGLQGLQLFVKDPALRLPVTTVAVPSKV	1
SRPSLILDTVLFQIDEHKVFANEVNSHREQIIELD	TLASRPSDTVLFQIDEHKVFANEVNSHRVVQRLVE	0
NRPCIIRNALQHWPALQKWSLPYFRATVGSTEVSV	XXXXXXXXXLQHWPALQKWSLPYFRATVGLLPQLL	0
NQPEQLVSSAPTLSAPEKESTGTSGPLQRPQLSKV	QESGALVSSAPTLSAPEKESTGTSGPLQRPQFXXX	0
WLAEHKPLVLCGPPGSGKTMTLFSALRALPDMEVV	XVDTHELLVLCGPPGSGKTMTLFSALFCDEVGACN	0
EIDFEDDIDFDVYFRKTKAATILTKSTLENQNWRA	FEIDFDDIDFDVYFRKTKAATILTKSTLENQNXXX	1
VLAKALEVIKPAHILQEKEEQHQLAVTAYLKNSRK	XLAKALEVIKPAHILQEKEEQHQLAVTAYLGPWRN	0
IIGKKGQNLAKITQQMPKVHIEFTEGEDKITLEGP	KANSFTVSLAKITQQMPKVHIETLEGPTEDVNVAQ	0
NPVLYTPGEEPDHCVVIKYVPYVGDSKRALDEYTS	ENLSAPLQFRSKECVVIKYVPYVGDSKRALDDXXX	0
SPIAALKNVAEALGHSPKDPGGGGGPVRAGGASPA	PPIAALKNVAEALGHSPKDPGGGGGPVRAGGPAQA	1
SRGRSSFYPDGGDQETAKTGKFLKRFTDEESRVFL	XXXAKTFYPDGGDQETAKTGKFLKRFTDEESRPLH	1
VSTANRSGRSTEFRNIQKLPVESKSEETNTEIVEC	KRVSISSGRSTEFRNIQKLPVESKSEETNTEIVXX	1
TVKGKALEVAEYLTPVLKESKFKETGVITPEEFVA	XXXXXXXXXXEYLTPVLKESKFKETGVITPEEFVA	0
APGKGILAADESTGSIAKRLQSIGTENTEENRRFY	XXXXXXXXADESTGSIAKRLQSIGTENTENRYGGR	1
LAVTVGQAKSVGKGLQVKAASVPVKGSLGQGTAPV	KESASAPAKSVGKGLQVKAASVPVKGSLGQGTAPR	1
APTSQEQPRRHYADKRIKVAKPVVEMDGDEMTRII	XXXXXXXXRRHYADKRIKVAKPVLILPHVDIQLTG	1
ETEKSLHLIQESLTFIDKQLAAYIADKVDAAQMPQ	XXXXXXXLIQESLTFIDKQLAAYIADKVDAMEAKI	0
VAEKKGPGEVAGTVTGQKRRAEQDSTTVAAFASSL	XXXXXXPGEVAGTVTGQKRRAEQDSTTVVDLEIES	0
IINKMYKVYLGDIPLKTKEGAVLKPELKRDPVSTR	SPANKYKVYLGDIPLKTKEGAVLKPELKRDPETFP	1
GDSESEEDEQDSEEVRLKLEETREVQNLRKRPNGV	GDSESEEDEQDSEEVRLKLEETREVQNLRKRPNLV	1
CTRSVTVRLPGLHNSLVKLKHGAGVAMDGQDVQLP	QSIVIETRSVTVRLSLVKLKHGAGVAMDGQDVQIV	0
AGGIRSAKDSLAWLSLVKEELGDEWLKPELFRIGA	MLRIRKGFKSLAWLSLVKEELGDEWLKPLFRXXXX	0
YQAHQDKVIKIKALDSCKIARSGFTTPNQVLGVSS	VDISGNCKVTIKALDSCKIARSGFATSPIVGQVQE	1
GLKEFLKTTKQSFDLSVKAQYKKNKHRHSITNPLA	SAGNIMEAHVGINDLSVKAQYKNITYDFSFLNTNA	0
QRKAFGKTVAHLQTVQHKLAELKTHICVTRAFVDN	EETRNYVKVAHLQTVQHKLAELKTHICLQNSVAYD	1
ISRRKEFPYRIPLDLVPKTEIKRILSVKGLLVGEI	GLEIGVVPEGIPLDLVPKTEIKNVHKTDCFIKKKE	0
AKDFGNYLFNFASAATKKITESVAETAQTIKKSVE	XQDFGNYLFNFASAATKKITESVAETAQTIKKSVG	1
AGGSERSGQQIVGPPRKKSPNELVDDLFKGAKEHG	XXXDEEEEEGQVGPPRKKSPNELVDDLFKGLWKSG	1
PKITLEHLGICCHEYCFKCGICSKPMGDLLDQIFI	CTYCPKITLICCHEYCFKCGICSKPMGDLLDQIFI	0
TESEDRTASAEEIKAFEKELSHATIDSKTGDLGDI	LPAQDIRASAEEIKAFEKELSHATIEAYQRWIKIG	1
IQIKLVGDFTHDQSISQKLMAGFVECLDCEDAEEF	IARYLYHGFTHDQSISQKLMAGFVECYLPRTCXXX	0
IGSSLYALGTQDSTDICKFFLKVSELFDKTRKIEA	IGSSLYALGTQDSTDICKFFLKVSELFDKLLQNCL	0
RLKIRIDAMHGVVGPYVKKILCEELGAPANSAVNC	AKLIRIDAMHGVVGPYVKKILCEELGAPANSAVNC	1
SKIADGSVKREDIFYTSKLWCNSHRPELVRPALER	XXXXXXDSAHLYNEYTSKLWCNSHVRALERSLVDL	1
GLLVYQGKGKFAIRPDKKSNPIIRTVKSVGMIAGG	RGPSGLLVYQFAIRPDKKSNPIIRERCFVFXXXXX	1
ARAVGDGILCNTYIDSYKGTVDCVQARAALDKATV	KLPVGIAVLCNTYIDSYKGTVDCVQARAALDKATV	0
KLDGIKTRYADITVTSSKALRTLEQARQLATKFQS	ALNEEIVRYADITVTSSKALRTLEQARQXXXXXXX	0
TGRVYNVTQHAVGIVVNKQVKGKILAKRINVRIEH	KCYHGKTGRVYVGIVVNKQVKGKILAKRINVHISX	1
AYIEFKTEADAEKTFEEKQGTEIDGRSISLYYTGE	VFEDAAIFADAEKTFEEKQGTEIRSISLYYTFIXX	1
IEHIRKQNWFEAFEILDKLLDGDLTSDPSYFQNVT	YFQKQCHECFEAFEILDKLLDGDLTSDPSYFQNVS	0
LSSVDQPLKIARDKVVGKDYLLCDYNRDGDSYRSP	XXXXXXXLKIARDKVVGKDYLLNYRSPWSNKYDVN	1
TKNAEPLINLDVNNPDFKAGVMALANLLQIQRHDD	XXXMEPLINLDVNNPDFKAGVMALANLLQIQRHDD	0
LDSIVIQQGRLVDQNLNKIGKDEMLQMIRHGATHV	RIVRAEMKLLDVDQNLNKIGKDEMLQMRNFXXXXX	0
IKEVKQNIHLIRAPLAGKGKQLEEKMVQQLQEDVD	IKEVKQNIHLIRAPLAGKGKQLEEKMVQQLQEDVD	1
SIMRAALSGANVLTLIEKDIRTPNGLAIDHRAEKL	TNWNEQHPSIMRLTLIEKDIRTPNFSDATLDKIER	0
MLAQPLKDSDVEVYNIIKKESNRQRVGLELIASEN	XXXXPLKDSDVEVYNIIKKESNRQRVGLEFASRLE	1
KQFSSADEAALKEPIIKKFEEEGNPYYSSARVWDD	QAANVLAEAALKEPIIKKFEEEGNPYYSARXXXXX	1
GSYTFDPVTKVLTWDVGKITPQKLPSLKGLVNLQS	KTIEGITVPTQGSWDVGKITPQKLPSLIQFKIQKA	0
SALRTRVPQFSFLDIFPKVTCRPPKEVIDMELSAL	KYVYIVEILESFLDIFPKVTCRSTEPXXXXXXXXX	0
AVESSKPLSNAQPSGPLKPVGNAKPAETLKPMGNA	FAKQLKPLSNAQPSGPLKPVGNAKPAEXXXXXXXX	0
DVKVSKASGVSKATEVSKTPEAREAPATQASSTTQ	XXXXXXASGVSKATEVSKTPEAREAPATQASSTLT	1
FKDGQYWIRGRTSVDIIKTGGYKVSALEVEWHLLA	XXXXXEGTRGRTSVDIIKTGGYKVSALEVVIGVPD	1
GVIALCIEDGSIHRIRAKNTVVATGGYGRTYFSCT	VFNTALLMEECRGVIRAKNTVVPGLYIESCRPGDK	1
ALVASQYGWSGNMERIMKAQAYQTGKDISTNYYAS	GSEPVEYGWSGNMERIMKAQAYQTGKDISTNYYAS	1
NYAVDAYFREALRVSEPKAPKAPRPPKQPNVQDFQ	GSNSSNKGREALRVSEPKAPKAPRPPKIRIGYKVP	1
SCRASQSVSSNLAWYQQKPGQAPRLLIYGASTRAT	XXATLSVSPATLAWYQQKPGQAPRLLIAGIPFLTI	1
EAEKDGVPVFKYSRWRAKGQALPDVVAKYQALGAE	XXXXIFTVPFKYSRWRAKGQALPDVVAKYQCSQFI	1
EHALSKVHFTAERSSYYKSLLSAEEAAKQKKEKVW	VEHASKVHFTAERSSYYKSLLSAEEAAKXXXXXXX	1
ENAVGRLYVEAAFAGESKHVVEDLIAQIREVFIQT	XXXXXXXXXVEAFAGESKHVVEDLIAQERIGYPDA	0
KMGFREGEGLGKYSQGRKDIVEASSQKGRRGLGLT	KMGFREGEGLGKYSQGRKDIVEASSQGXXXXXXXX	1
LRRLGRPPKITTTNENQKTNTVAKQEQRPIKKNSL	LRRLGRPPKITTTNENQKTNTVAKQEQRPIKLAXX	1
YYSLIKMVFAAAKASNRKPSPQDIAQAVLRNFSGK	FSFLIKMVFAAAKASNRKPSPQDIAQALPEAKCXX	0
GYSMNFNMSSSRGPLPVKRGPPPRSGGPPPKRSAP	RGPPRFNMSSSRGPLPVKRGPPPRSGGPXXXXXXX	1
KARQKRSQSSSQFRSQGKPIELTPLPLLKDVPSSE	XXXXXXXXSSSQFRSQGKPIELTPLKQQCCVIFDF	0
HRMGGGKGAIDHYVTPVKAGRLVVEMGGRCEFEEV	EATILALGGGYLRVTPVKAGRLVLPFAAHYWGKFY	0
DFSAFMKHLKKLWKALDKDQYLPRKLCDSARNLEW	VQGYASLHLKKLWKALDKDQYLPRKLCXXXXXXXX	0
TKPLATTQPAKTSTSKAKTQPTSLPKQPAPTTIGG	RASPIKTEMAKTSTSKAKTQPTSLPRAKVEKKTEA	1
EQKLQDLQGEKDALHSEKQQIATEKQDLEAEVSQL	XQKLQDLQGEKDALHSEKQQIATEKQDLEAEVSQL	1
GHLFGPAPGEQTQAVAIKTLKDKAEGPLREEFRHE	EELGEDRFGKVYKGVAIKTLKFREALLGVVQPLSM	0
KSLGQVSLTHPYSECDFKLKEVARNNMGNDTNEEQ	KSLGQVSLTHPYSECDFKLKEVARNNMGNDTNEEQ	0
SGKLKPTMAFMSGKLKIKGNMALAIKLEKLMNQMN	VVMSMTPTAFMSGKLKIKGNMALAIKLEXXXXXXX	1
MRGKSTEEARKELQAAGKSPEDLERLLPHKVFEGN	LRGKSTEEARKELQAAGKSPEDLERLLPHKVFEGX	1
GDVLLARFDGAEGSWFQKISSRFCSRQSFALEQLK	LELEVHRFDGAEGSWFQKISSRFCSRELCCEILHH	0
SLLLPDAVPKTANTLPSKEAITVQQKQMPFCDKDR	PASLPDAVPKTANTLPSKEAITVQQKQMXXXXXXX	0
KIGDVVGSSGANQQTSGKVLYEGKEFDYVFSIDVN	ATNSKTGDLGDIQQTSGKVLYEGKEFDYVFLPYNT	0
SPAGSIVHELNPNFQPPKRPFKRMNYSDAIVWLKE	EDLVCDVVDRILNFQPPKRPFKRMTDINEPILLVL	0
REQMEQMKQRIAEENIMKSNIDKKFSAHYDAVEAE	REQMEQMKQRIAEENIMKSNIDKKFSAHYDAVEAE	1
PVKVVVGKTFDSIVMDPKKDVLIEFYAPWCGHCKQ	XXXXXXXKTFDSIVMDPKKDVLIYKGQKGLVIAYF	1
NLLRAGRIFVFEPPPGVKANMLRTFSSIPVSRICK	XXXXXXXXXXXXPPPGVKANMLRTFSFLAWFHAII	0
FMERKKLKESEEKEVLLKTNLSGRQSPSFKLSLSS	DMERKKLKESEEKEVLLKTNLSGRQSPSXXXXXXX	1
WHSENEEEEKLAGDMKSKVVVTEKAAATAEEPDPK	WHSENEEEEKLAGDMKSKVVVTEKIFTINRAVLYF	1
TNPLKSSGIENGAFQGMKKLSYIRIADTNITSIPQ	TFNGLNQMIVIGAFQGMKKLSYIGLPPSLTELGLN	0
PDVSIEEPEGKLKGPKFKMPEMNIKVPKISMPDVD	XXXXXXXXEGKLKGPKFKMPEMNIKVPKISGPDWH	1
RAVALDEAISQSTQFHDKIDQILESLERIVERLRQ	XXXXXXXYISQSTQFHDKIDQILESLERKLQPLYE	0
VKGNVFKNKRILMEHIHKLKADKARKKLLADQAEA	YLKVVFKNKRILMEHIHKLKADKARKKLLXXXXXX	1
DQLTKWLESSQHTLNYWKEQSLNVSQDLDTIRSNI	XXXXXXXXSSQHTLNYWKEQSLNVSTISNINNFFE	0
LGKVGEVIVTKDDAMLLKGKGDKAQIEKRIQEIIE	AIATGGGKVGEVIAMLLKGKGDKIKLSDGVXXXXX	1
PPGTGKTLLARACAAQTKATFLKLAGPQLVQMFIG	VIVLPMNHLARACAAQTKATFLKAKAPSIIFQVKV	1
KSNTPAAHLEIKPDELAKKRGPNIEKSVKDLQRCT	KSNTPAAHLEIKPDELAKKRGPNIEKSVKDLQRCS	0
SRLTESRGPLSVVEAIEKRIISETVGLKILEAHLA	SRLTESRGPLSVVEAIEKRIISETVGLKILLISAW	0
NLLLLDLQHNRLSDGVFKPDTFHGLKNLMQLNLAH	RIPPGVFSKLRLSDGVFKPDTFHGLLLILRKMPPR	1
VAQVDQTGSKSSNLLDLKNPFFRYTGTTPSPPPGS	VCLIANKRQSYDILLDLKNPFFISXXXXXXXXXXX	0
EKNVESTRTFLQTVSSEKVRSTNLNCSVIADVRHD	LRPVKQVRTFLQTVSSEKVRSTNLNCSVIALTFAI	0
IDLTQVKGTGPDGRITKKDIDSFVPSKVAPAPAAV	IDLTQVKGTGPDGRITKKDIDSFVPSKVXXXXXXX	1
TKATNSDVRKEVTNVISKESKLDSLEAAAKSKNCS	TKATNSDVRKEVTNVISKESKLDSLEAAAKSKNCS	1
FEDPTVDKEVEIRKKVLKIYNKREEDFPSLREYND	XXXXXXXXEVEIRKKVLKIYNKRFLEVEIVLKKME	1
VADTANEALEAAKRLNAKEIVLKAQILAGGRGKGV	XXVQRFFALEAAKRLNAKEIVLKHLTKDPNVVGMV	1
KAGVKLEVANMQAELVAKPSVSVEFVTNMGIIIPD	KNDFFAPGAKAGVELVAKPSVSFHESGLEAIPSPK	0
PPPTGQSDYTKAWEEYYKKIGQQPQQPGAPPQQDY	ADPNAAWDYTKAWEEYYKKIGQQPQQSAAWAEYYR	1
IEGMCYLHGKGVIHKDLKPENILVDNDFHIKIADL	XXXXXXNLMHIIMHKDLKPENILKIADLGTLYYMA	0
YKMISEFTWPNHDLPSDKEAVKKLIERCGFQDDVA	EKFLHRYKFTNHDLPSDKEAVKKLIERQVAYGKTK	0
PECLGEGKMENPKGESLKNAGGGGLENALSKGREK	PECLGEGKMENPKGESLKNAGGGGLENALSESPSA	1
VLSSKKPGTAVVEFATVKAAELAVQNEVGLVDNPL	LLLQKYGEVLNVEFATVKAAELAVQNEISWLEGQP	0
QVSLAQVTDVDKAVAAAKDAFENGRWGKISARDRG	XXXXXXIGGVDKAVAAAKDAFENGRWGPVGVCGGN	1
VIQALHPETLISCQSQFKPAVFDFPSQDVFTVEPQ	XXXXXXXXXXAHCQSQFKPAVFDFPSQDVFVHLSM	0
AGWGHASENPKLPELLLKNGIAFMGPPSQAMWALG	RIPVQAVWNPKLPELLLKNGIAFMGPPSQAMWAMX	0
ALEVSEDVKVSKASGVSKATEVSKTPEAREAPATQ	XKASKADVKVSKASGVSKATEVSKTPEARGLFAGL	1
NIVHISNLVRPFTLGQLKELLGRTGTLVEEAFWID	XXXXXXVHILPFTLGQLKELLGRTGTLVEEAFWID	0
SVKENLEINKLSGVITTKESLIGLENEFFTFFVRA	SESVKENLEINKGVITTKESLIGLFVKIXXXXXXX	0
QQRLGREVEEKIKQTHRKYLLQEQLKIIKKELGLE	GGRLGREVEEKIKQTHRKYLLQEQLKIIKKELGLE	1
MANAKFNYGFEYLGVQDKLVQTPLTDRCYLTMTQA	RKLEHLITELVHLGVQDKLVQTTGTESVKALGHQI	0
TTLGPRGMDKLIVDGRGKATISNDGATILKLLDVV	XXXXXXAVDKLIVDGRGKATISNDGATILKLLDVL	1
YDEQTQAFIDAAQEARNKFEEAERSLKDMEESIRN	EAEKEPAFIDAAQEARNKFEEAERSLKDMXXXXXX	1
NKAEFPSYLLGGRSGALKNFVIPKIKRDKDGNVTQ	NKAEFPSYLLGGRSGALKNFVIPKIKRDKGLVEDL	1
ALSDLHAHKLRVDPVNFKLLSHCLLVTLAAHLPAE	MFSFPTTKVLHVDPVNFKLLSHCLLVTALDKFLAS	1
PAKPERRPSLPPSKQANKNLILKAISEAQESVTKT	XAKPERRPSLPPSKQANKNLILKAISEAQESVTKT	1
ENWLKIQPTTPSEPTAIKSQLKICKDEVNRLSDLQ	XXXXXLQPTTPSEPTAIKSQLKICKDEVNVQAREK	0
KSAYHQYLQTSQSHSSEKGARFGGIFQEPVSKYFR	XXXXXXXLQTSQSHSSEKGARFGGIFQDYPDINFK	0
ESNEKGESSIYISDLNDKRQKIPARENPCEGGSKN	WAPNEDESSIYISDLNDKRQKIPARENPCDPVIQG	1
QAGFLMKKEVQDEEKNKKFGLSVGHHLGKSIPTDN	YFAPLMKKEVQDEEKNKKFGLSVGHHLGKSIPTDN	1
KKYSLPSKFSDFLLDPYKYMTLNPSTKRKNTGSPD	TATNPPSKFSDFLLDPYKYMTLNPSTKRKTPLNPK	0
AEHKLLGNIKNVAKTANKDHLVTAYNHLFETKRFK	KFLQLHKLIKNVAKTANKDHLVTAYNHLXXXXXXX	1
WGITSCKAPGEAQFIPNKQLQPKETQIYIKLVKYA	ITWGITSCKAPEQFIPNKQLQPETVFTMMNPLTFK	0
AIALKAAKDGANIVIAAKTAQPHPKLLGTIYTAAE	XXXXXXXXITGASRIAAKTAQPHLLGTIYAPCIVD	1
IEEALQKYQNLIDVGFSKSSYIVSQIAVAYHNIRD	AFSLPAFYQNLIDVGFSKSSYIVSQIAIFNELRKQ	0
ISVRGYVSCALGCPYEGKISPAKVAEVTKKFYSMG	ASELFTVSCALGCPYEGKISPAKVALGDTIGVGTP	1
RLKPGYLEATVDWFRRYKVPDGKPENEFAFNAEFK	KGYMIDEGDTVDWFRRYKVPDGKPENEVWFHHXXX	1
HDSSIRYLQEIYNSNNQKIVNLKEKVAQLEAQCQE	HDSSIRYLQEIYNSNNQKIVNLKEKVAQLEAQCQE	1
QKLQELENRLSLQDGTLKKILALAKSVKQNTSSVG	CVTDLNTLRLSLQDGTLKKILALAKSVKIKDIKSL	0
KTLLSVGGWNFGSQRFSKIASNTQSRRTFIKSVPP	XNISNDHIVGFGSQRFSKIASNTQSRRTFIAWLYP	1
ESILSYPKDFTCVHQALKGFTTKGVTSVSQIFHSP	FSIASLLTQLTCVHQALKGFTTKTSVSASRTLYSS	0
KKSLWEQKGGSKTSSTIKSTPSGKRYKFVATGHGK	KKSLWEQKGGSKTSSTIKSTPSGKRYKFEKVLVEG	1
FTVTRSSLQSQCLNEVLKAERPDVDEKRSDLLKLQ	XXXXXXXPASQCLNEVLKAERPDVDEKRSDVEVSQ	0
QGAELSNEERNLLSVAYKNVVGGRRSAWRVISSIE	RYDDMATMKRNLLSVAYKNVVGGRRSLICTVLYKM	1
SVSSPIVAGGLRNIHDNKVSGPLSGNSANHHADNP	XXXXXXXXXGLRNIHDNKVSGPLSGNDSQASITQD	1
IPEAIRRNYELMESEKTKLLIAAQKQKVVEKEAET	IPEAIRRNYELMESEKTKLLIAAQKQKVVEKEAET	1
IADQVIPKQRAAQFDVVKHMRQDQITNGMVNAIST	EMKKIADQVIRAQFDVVKHMRQDQXXXXXXXXXXX	0
DTETCDYGWHKFQGQCYKYFAHRRTWDAAERECRL	XXXXXXCDYGWHKFQCYKYFAHAEECRQGAHLTSF	0
KRLQPQTTYDITVLPIYKMGEGKLRQGSGTTASRF	VVNYRVKVPPTVVLPIYKMGEGKLRXXXXXXXXXX	0
QYSDRTRPEFYLNSYMNKQDVVNAVRQLTLLGGPT	GQDRVRVAVFYLNSYMNKQDVVNAVRXXXXXXXXX	0
YYLVLDVQESDCSVLSRKYWNDCEPPDSRRPSEIV	RRDGYLFQESDCSVLSRKYWNDCEPFEVFDPEHEN	1
VKKPINKQGDKSKENTRKIFSGPKRSPTKAVYNAR	QVERKNKQGDKSKENTRKIFSGPKRSPTKAVYNPY	1
MPVNGAHKDADLWSSHDKMLAQPLKDSDVEVYNII	XXXXXAHKDADLWSSHDKMLAQPLKDSDVEVYNII	1
VNVLQAVGESLAKINEEKCNLAFQRDEKVLELEKE	SNVLQAVGESLAKINEEKCNLAFQRDEKVLELEKX	1
KVSASSPSLAVASQSDSKQRRLLVDFPKGSVSNAQ	XXXXSSPSLAVASQSDSKQRRLLVDFPKGSNRSTS	1
VVGAQNITARIGEPLVLKCKGAPKKPPQRLEWKLN	XXXXXXXXXAQNIPLVLKCKGAPKLEWKLARVLPN	0
GAGNQNPPGMYPVTGPKKTYITDPVSAPCAPPLQP	XXGLQPEPGYYPVTGPKKTYITDPVTCIICNNYCE	1
VNLQYRRLYRSMNSQYLKLLSSQKYQILLYNGDVD	VMQDLQGLSYSMNSQYLKLLSSQKYQIFVSLNQSH	0
LILRWKQYEAYVQALEGKYTDLNSNDVTGLRESEE	RLLRWKQYEAYVQALEGKYTDLNSNDVTGLRESEX	0
WLPAGTLKIIDRKKHIFKLAQGEYVAPEKIENIYI	XXVEELNYIIDRKKHIFKLAQGEYVAPEKIVHGDS	1
RIGDKEGALTAFRKTYDKTVALGHRLDIVFYLLRI	AMMAKAEALTAFRKTYDKTVALGHRLDIVYLLXXX	1
EVVIPQKKGKKAAATSAKKVVVSPTKKVAVATPAK	XXXXXQKKGKKAAATSAKKVVVSPTKKVAKAAATP	1
ALKVDVANSLPELLEQQKTYKMLEAEVSINQTIAD	SPDIEHAVALPELLEQQKTYKMLEAEVRRKGDVDG	0
AQVLIRFPMQRNLVVIPKSVTPERIAENFKVFDFE	DCAYSPLGSPDRAIVIPKSVTPRIAENFXXXXXXX	1
SAQLIASAKYSVINEINKIRENEDRIFVYFITKLS	LKVRNCLTKYSVINEINKIRENEDRIXXXXXXXXX	0
YKGRPENKSFLYEIVSNKRNGIDVDKWDYFARDCH	QIVGPLPYSFLYEIVSNKRNGIDVDKRIYGMQKNP	0
FKEIEKKLEEEGEQFVKKIGGIFAFKVKDGPGGKE	XXXXIEKLEEEGEQFVKKIGGIFVDVKNGKGSVAD	1
VTAVLGETLKVPCHFPCKFSSYEKYWCKWNNTGCQ	XXXXXXXEPNLKCHFPCKFSSYEKPSKAFVNCDEN	0
GPDIKITYVPAEHLEEFKISLGQQSGRVMALDIFS	DCILTISYVPAEHLEEFKISLGQQSGXXXXXXXXX	0
QDEMLRRVDAENRLQTMKEELDFQKNIYSEELRET	QDEMLRRVDAENRLQTMKEELDFQKNIYSEELRET	1
KKDLRNDEHTRRELAKMKQEPVKPEEGRDMANRIG	KKDLRNDEHTRRELAKMKQEPVKPEEGMXXXXXXX	1
KKMPKPRLKATVTPSPVKGKGKVGRPTASKASKEK	QRELMVRLKATVTPSPVKGKGKVGRPTASXXXXXX	1
LKEKIDRRSGKKLEDGPKFLKSGDAAIVDMVPGKP	AKFAELKEKIDKLEDGPKFLKSGDAAIVDMAXXXX	1
RIYVGNASVAQDIPKLQKLGITHVLNAAEGRSFMH	RIYVGNASVAQDIPKLQKLGITHVYDSGITAKNGR	1
TGHLIYKCGGIDKRTIEKFEKEAAEMGKGSFKYAW	STGHLIYKGGIDKRTIEKFEKEAAEMGKGSFKYAW	1
SVNSVIAQAPPVAQEALKKELETLTTNYQWLCTRL	SVNSVIAQAPPVAQEALKKELETLTTNYXXXXXXX	0
VPHTGRYTCLASSPAGHKSRSFSLNVFVSPTIAGV	TWHGGRYTCLASSPAGHKSRSFXXXXXXXXXXXXX	0
PGCPRVLLAGPLHILEPKAHVPDAEKRMMDSSPVR	XXXXXXXXXXXXHILEPKAHVPDAVDGEPYDDVRV	0
TVEEIYKDRQKFSEQVFKVASSDLVNMGISVVSYT	HQRAIMHMRQKFSEQVFKVASSDLVNMISVVSYTL	0
EACRILVDNLCDMEMVNKVGQTAFDVADEDILGYL	YDGWTPLHAAHDMEMVNKVGQTAFDVADESPATWR	0
FQDLGAAYEVLSDSEKRKQYDTYGEEGLKDGHQSS	IKDIKAAYEVLSDSEKRKQYDTYGEEGLKDGHXXX	1
DKCNEIINWLDKNQTAEKEEFEHQQKELEKVCNPI	SLESYAIIWLDKNQTAEKEEFEHQQKELEXXXXXX	1
GQKEVHGMAQPSQNNYWKAMEGIFMKPSELLKAEA	WVRDGEVRFLSVQNNYWKAMEGXXXXXXXXXXXXX	0
LKIGACPSAHKPLLGTEKCIWGPSYWCQNTETAAQ	TVKLQHLSAHKPLLGTEKCIWGPSYWCQNTETAAQ	0
IKQLMKKEFTLEFSRDRKSMSVYCTPNKPSRTSMS	XXTTRVIKCTLEFSRDRKSMSVKGAPEGVIDRRCL	1
GLQNGVPGLRLIQQEDIKKKEPYCRGLMAIDCPHT	XXGKLIVAVRLIQQEDIKKKEPYCRGLMAIDCPYL	0
GNGYINDFPMGRFLRDAKLYEIGAGTSEVRRLVIG	AECATQVALMGRFLRDAKLYEIGAGTSXXXXXXXX	1
DGPEERNTFDHCLGLLVKSGTLLPSDRDSKMCKMI	TFSRCGYNSLGHCGLLVKSGTSDRDNAVSTAGSEE	0
ADKEVTAKDSKFKMPKFKMPSFGVSAPGKSMEDSV	PGSQRRTKDSKFKMPKFKMPSFGVSAPGKVAPGKS	1
YISPSDDPHTNLVTEAIKNDHLRQMERERKAMAEK	YISPSDDPHTNLVTEAIKNDHLRQMERERKAMAEQ	0
AIDTEERLKGVIDLIFEKAISEPNFSVAYANMCRC	VRSILNKLTGVIDLIFEKAISEPNFSVAYAMCRER	0
AAQLRILAGPAGDSNVVKLQRIEDLPTMVTLGNSF	DRYDAAQLRLAGDSNVVKLQRIEDLPTMVSFXXXX	0
SSEELPLASSWRSNNSRKSSADTEFSDECTTAERV	RNPPAGVRSSWRSNNSRKSSADTEFSYKDRGILHP	1
EESKQEQLILDHLPSVTKESSLRATQPSENDKLQK	XXXKQEQLILDHLPSVTKESSLRATQPSENDKLQK	0
RQALVAIFTHLRKIRNTKYPIQRALRLVEAISRDL	VNDYNPLMKHLRKIRNTKYPIQRALRLLLLRDIVK	1
KRIDMVPELLSSNLCSLKCDVDRLAFSCIWEMNHN	IDDALHIADLSSNLCSLKCDVDRLAVINSKASLTI	0
NAGGIQPDLLISLTAPKKSATQFTGRYHYLGGRFV	SWDVEKGNALISLTAPKKSATQFTHLLLXXXXXXX	1
MKDKTTNQSRGFGFVKFKDPNCVGTVLASRPHTLD	SYFSQYGEVVDCVFVKFKDPNCVGTVLPKPCXXXX	1
VASEFGLKISFVDCSKIKLLEAAITPETKLVWIET	XXXIICMDDSFVDCSKIKLLEAAITPTVWIKVIDI	1
EFVEGIYKVEIDTKSYWKALGISPFHEHAEVVFTA	AINVAVKTGEIDTKSYWKALGISPFHEHAALLSPY	1
DGKPDNLGLLVLDEPSTKQSDPTVLSLWLTENSKQ	TVGDIDAFLGVLDEPSTKQSDPTVLSWKNPKAIDT	0
QEDPSDPASKIASLLLAKLADYVVPGCQTVLSPTA	LLLLDQVLLWIASLLLAKLADYVVCQTVANMAAEV	0
YRDLKLDNLLLDTEGYVKIADFGLCKEGMGYGDRT	VLGLLLDNLLLDTEGYVKIADFLXXXXXXXXXXXX	0
EAIAYGRKLGGSQEDQIKNAIDKLFVLFGAEILKK	XAIAYGRKLGGSQEDQIKNAIDKLFVVDARLRRLL	1
TNVISKESKLDSLEAAAKSKNCSSPQRGGSPPWAA	TNVISKESKLDSLEAAAKSKNCSSPQRGGSPPWAA	1
ALAIMGDKLWWADQVSEKMGTCSKADGSGSVVLRN	QLGKATALLWWADQVSEKMGTCSVVLRNSTTLVMH	0
SDVQYQVSPFNHGHKVAKFCYADKSLLNKAIEAAL	VWTSDVQYQVSHGHKVAKFCYAGSDTAMLASYVPA	1
FGLYRGLLPQLLGVAPEKAIKLTVNDFVRDKFMHK	LGSVAGAGAQLLGVAPEKAIKLTVNDGCAGGSQVI	0
GSGYLCEMEPVAHFGLGKDEASSVEVTWPDGKMVS	NWLLYTKKSGAHHFGLGKDEASVSGEMNSGQXXXX	0
PLATIVKDLVAQAPLKPKTPRGTKTPINRNQLSQN	XLATIVKDLVAQAPLKPKTPRGTKTPINRNQLIRS	1
EHKKKHPDASVNFSEFSKKCSERWKTMSAKEKGKF	QTCREEHKASVNFSEFSKKCSERWKTMKEDEEEEE	1
YETLKDQQEGKKGKTTIKTGASVLNKWQMNPYDRG	XXXXXXXDQGKKGKTTIKTGASVLNKWQNPYGTKS	1
RPGGVVHSFSHNVGPGDKYTCMFTYASQGGTNEQW	XXXXXXSPTSHNVGPGDKYTCMSLGTSEDHQHFTC	0
TVSNSQQAYQEAFEISKKEMQPTHPIRLGLALNFS	KVFYLKQAYQEAFEISKKEMQPTHPIRLGLAFLTA	1
GAMEELEKALSSPGQPSKCVTIPRSLDGRLQVSHR	GAMEELEKALSSPGQPSKCVTIHPLDICEFPFEVC	0
ASSLPADDLCTENAIMLKRFNRYPLIIDPSGQATE	TLSNERRWLCTENAIMLKRFNRYPLIAFIEYPSFV	0
EKVFLLGEEVAQYDGAYKVSRGLWKKYGDKRIIDT	AINQMDGEEVAQYDGAYKVSRGLWKIEFMTRGPEN	0
DLQHGSLFLRTPKIVSGKDYNVTANSKLVIITAGA	LVDVIEDKLKGEMIVSGKDYNVTAITAIFIIPNVK	1
HIIIATPGRLIDHLENTKGFNLRALKYLVMDEADR	AKKPIAPGRLIDHLENTKGFNLRALKIKVIXXXXX	1
DWKKQVEILNRYPHFKTKIEGLDIHFIHVKPPQLP	WWGRAREDDSIRPFFKTKIEGLDIHFPSPFSEASR	1
VCEVSVTPKTVTPASSAKTSPAKQQAPPVRNLHQS	DRCQSVTPKTVTPASSAKTSPAKQQAPPVRNLHQS	1
SCSSQLRAAPAVQTKTKKTLAKPNIRNVVVVDGVR	XXXXXXXXXXXXQTKTKKTLAKPNAYLRDVLEKAG	1
PKISMPDVDLHLKGPNVKGEYDVTMPKVESEIKVP	PEGKLGPEGKLKGGPDAKLKGPPEGKLKGPGKLKG	1
VIFPAPTPKNIPQGAPVKQKTVAELEAEKAATITP	XXXXXTAEGGIPQGAPVKQKTVAELEAETAGKPME	1
VRYLQSTQAIHDVFSQYKNTARQYAYFYKVIQTHP	VQIRTLVPLIHDVFSQYKNTARQYAYYRXXXXXXX	0
MQLGMICYNPEFEKLKPKYLEELPEKLKLYSEFLG	MQLGMICYNPEFEKLKPKYLEELPEKLKLLHRIFE	1
PRVEGKVKVPEVDVRGPKVDVSAPDVEAHGPEWNL	AKVKTPSFGINLKGPKIKGDVPSVGLLGEAKIKFP	1
IPLPVIKEPNQYVQTILKHLQNLFVPRQEQGSSQI	SMEICYLTYIQYVQTILKHLQNLFVTWEVLLLFLL	0
GIEDYNGDMDFKIAGTNKGITALQADIKLPGIPIK	CALPVISSAVAGIAGTNKGITAIQQASVAKKEILQ	1
VAVISYDGSNKYYADSVKGRFTISRDNSKNTLYLQ	WVREWVAVINKYYADSVKGRFTISYLQMNSLRAED	1
RKDAFADAVQRARQIAAKIGGDAATTVNNSTPDFG	RKDAFADAVQRARQIAAKIGGDAATTVNNSTGGER	1
DLKGARGNLTKNQEIKSKTYQVMRECEQAGSAAPS	XXXXXARNLTKNQEIKSKTYQVMRECEQAGSAAPS	1
THLCFHPDGNRFFSGARKDAELLCWDLRQSGYPLW	PSYGRGHQGGITHSGARKDAELLGREVTTNQRIYG	0
GTPGRVFDMLNRRYLSPKYIKMFVLDEADEMLSRG	EAPHIIVFMLNRRYLSPKYIKMFIFQKLNSNTQXX	1
GAKDSVASTITGVMDKTKGAVTGSVEKTKSVVSGS	GAKDSVASTITGVMDKTKGAVTGSVEKTKSVVSQS	1
KVVATGLCGTEMKVLGSKHLDLLYPTILGHEGAGI	LWKPGAPFGTEMKVLGSKHLDLLYPTILKQYFGGN	1
NVSLGQGQETVAEVALEKASKGGHWVILQNVHLVA	FHNVSLGQETVAEVALEKASKGGHWVILQLTXXXX	0
SRAEAARIEGEGSVLQAKLKAQALAIETEAELQRV	SRAEAARIEGEGSVLQAKLKAQALAIETEAELQRV	1
RYHKYHLYSEPQFNVPEKPELVTFNTAFGRFGIFT	QYNTNRYHKYHLFNVPEKPELVTIFTFDFYDPGVT	0
LELYYKLLKTAMVELINKDYADFVNLSTNLVGMDK	FMLYYKLLKTAMVELINKDYADFVNLSTNLVXXXX	0
CCYFPSAARLPSLWADNKRSLLSMLVEVHKGVHGF	FLYANNHPTLPSLWADNKRSLLSMLVXXXXXXXXX	0
ICGPGTKKVHVIFNYKGKNVLINKDIRCKDDEFTH	GDSEYNIMFHVIFNYKGKNVLINLEDDWDFLPDSI	1
VPETFLNRLQDLSSSFLKDIAVFITDKISSFCLQV	DDFLVYCGLQDLSSSFLKDIAVFITDSSCLAFCHL	0
NILHDDCAFLSAFGDVSKPERYSGDNIIYKPPGHS	FEQKDSDNYLSAFGDVSKPERYSGDNIIVYMXXXX	0
SMPSLKGEGPEFDVNLSKANVDISAPKVDTNAPDL	XXXXXXXXEPEFDVNLSKANVDISAPVEVQGPDWH	1
LTGDSKKATKESGLISTKKRKMVEMLEKKRKKKKI	NIKQNAIQTKESGLISTKKRKMVEMLEKKRKKKKI	1
DGTLSLTSTSDLQSGIIKNTASLKYENYELTLKSD	QGTNQITSTSDLQSGIIKNTASKSDTNGKYFATSN	0
NRVGTEHFPNEFTSGDGKKAHQDFGYFYGSSYVAA	GALSTEHFPNEFTSGDGKKAHQDFGYFXXXXXXXX	1
QAVIFINTRRKVDWLTEKMHARDFTVSAMHGDMDQ	DLYEIFITRRKVDWLTEKMHARDFTVSAMVLITIY	1
VPINTPTAAVDQTLFPGKVHSLSWALRGYEELLLL	AMANGEGRVKDQTLFPGKVHSLLASGPGGVVAQRW	0
DFSAFMKHLKKLWKALDKDQYLPRKLCDSARNLEW	VQGYASLHLKKLWKALDKDQYLPRKLCXXXXXXXX	0
ETKIDSFHITGLPDNSEKPRLLSSLDDAMSLFQIT	ELVDIVFHITGLPDNSEKPRLLSIIYDARTVSIGI	0
IKLCSLLLQEHFGEIVEKIGVHLIRTGSQPLRVIA	IKLCSLLLQEHFGEIVEKIGVHLIRTIAHDTGTSL	0
REYSGTIASEANTYLNSKSTRSSVKLQGTSKIDDI	ESLTSYFSIEANTYLNSKSTRSSAGEATLQRIYSL	0
ETKALQGQISSQQVAVEKLKKTAEVLLDARGSLLP	SCGLLAGLISSQQVAVEKLKKTAEVLLIQTLDIVG	0
GKKGKEEKSKGKAKPQNKFAALDNEEEDKEEEIIK	XSEEQQPALKGKAKPQNKFAALDNEEEEKQEKKLK	1
LTRSTHYQQYQPVVTLQKGYTIHWDQTAPAELAIW	HGCYAIIKNDFPVVTLQKGYTDWIRVGELKLKFTE	0
TLHRYEHALSQCSVDVYKKVGSLYPEMSAHERSLD	DCVLVLYALSQCSVDVYKKVGSLYPHLPPVELRAA	0
LAKACYALENFVENLGPKVQPYLPELMECMLQLLR	SREVMPLLENFVENLGPKVQPYLPELMAIATAAQA	0
CALQQILGTKKKYFSTCKNWYKKSICGQKTTVLYE	HKILHSRALQQIYFSTCKNWYKKSICGQKTTVYPN	1
DAIRRLRLRGGSPLNTGKALEFVARNLFVKSAGSR	SVQFSNDVFPGSPLNTGKALEFVARNLLKSQDDVS	0
RETKRRHETRLVEIDNGKQREFESRLADALQELRA	RETKRRHETRLVEIDNGKQREFESRLADALQELRA	1
PIRHHPDFEVFVFDVGQKTWKSYDWSQITTVATFG	XXXXXXXXXXXVFDVGQKTWKSYDWIVATFGKYDS	0
PTPKSPPSRKKDDSFLGKLGGTLARRKKAKEVSEL	XXXKSPPSRKKDDSFLGKLGGTLARRKKAKEVSEL	1
PVEKASLLLCGSDLPLHKMAIQGFHLIDADRIYQH	XXXXXXXXXXXXDLPLHKMAIQHLIDADRIYHLSE	0
GEANPKLQKVLDALQAIKTKGKRAPFTNFDPSTLL	INVGHSFHVVLDALQAIKTKGKRAPAQFRSLLSNV	1
GKKVAPAPAVVKKQEAKKVVNPLFEKRPKNFGIGQ	GKKVAPAPAVVKKQEAKKVVNPLFEKRPKNFGIGQ	1
LLHSFDLLKAVCLEFSPKNTVLATWQPYTTSKDGT	XXIFSKDGTLFASEFSPKNTVLALYDVKPSWSEDE	0
QVGVIADPSSKTLSFFNKDTRGEVQTVTFDTEEVK	PPSQITDKPQVGVSFFNKDTRGEVQTVVTSKSVDI	0
IAYEQHGFFEQAQESYEKAMDKAKKEHERSNASPA	ATAIAYEFFEQAQESYEKAMDKAKKEHEYQLWEDH	0
YDGRFKDIFQEIFDKHYKTDFDKNKIWYEHRLIDD	WPLYMKDIFQEIFDKHYKTDFDKNKIWYEHFVXXX	1
GSKAFLDALQNQAEASSKIIGQFGVGFYSAFMVAD	KLRHSKFLDLQQAEASSKIIGQFVSFAMYSRKVDS	0
RTSTADYAMFKVGPEADKYRLTYAYFAGGDAGDAF	YKEGNEKIHLKVGPEADKYRLTHNGMQFSTWDNDN	1
MDRWLSKLEASNWLTHIKEILTTACLAAQCIDREG	XXXXXKSIEESNWLTHIKEILTTACLSQVLLFLDC	0
YHEKNYAAALETFTEGQKLDIETGFHRVGQAGLQL	TAMLRKGAALETFTEGQKLDIETGFHRITGADANF	0
ERVTWIQASTLKELLDLKAQHPDAKLVVGNTEIGI	XXXTWIQASTLKELLDLKAQHPDAKLVFPMIVCPL	1
HSEDASALQGGTSVAQIKAQLKEIEAEKVELELKV	HSEDASALQGGTSVAQIKAQLKEIEAEKVELELKV	0
AANRAASASESALQTVIKEDLPRKAKTLSSNSDKL	AANRAASASESALQTVIKEDLPRKAKTLSSNSDKL	0
NIKASTEVGEMAKQYIEKSLLVPDHVITRLMMSEL	ENIKSTEVGEMAKQYIEKSLLVPDHVIPPGQQEDD	1
GSLAADKVVEEIRRRGGKAVANYDSVEEGEKVVKT	LVVVADKVVEEIRRRGGKAVANTAAFGXXXXXXXX	1
RYLWQHLKKHVVPLPDGKSTDFLPVDCPVRSKLKT	XXXXXXXKKHVVPLPDGKSTDFLPVDCPVRSKLKT	0
LRLLIPVRTVQNSGYGPKLTSVHENLNSWIELKKF	TFPECVRRTVQNSGYGPKLTSVHGNESXXXXXXXX	0
GTPDVRIDTRLNKAVWAKGIRNVPYRIRVRLSRKR	RAPRALKITRLNKAVWAKGIRNVPYRIRYVPVTXX	1
KSYEAYVLNIVRFLEKYKDSAQRDDMIFEDCGDVP	XXXXXXXLNIVRFLEKYKDSAQRDDIFEDVCRFKL	1
KAGHFDKEIVPVLVSTRKGLIEVKTDEFPRHGSNI	QDLSTNSKIVPVLVSTRKGLIEVKTDEFDGXXXXX	1
GLAMKVSSPPPTIMQQNKKGDMTHELVRHFLIETG	LKDQKVSSPPPTIMQQNKKGDMTHELVRHXXXXXX	0
YHQGPEWLWPIGYFLRAKLYFSRLMGPETTAKTIV	EAWKALEIAEIGYFLRAKLYFSRLMGTTAKTIVLV	1
EMQGPDWNLKMPKIKMPKFSMPSLKGEGPEFDVNL	PHFKTPKISMPDVDLHLKGPKVKGDVDVSVPKXXX	1
QEGSLLGKGETQGLLTAKGGVGKLVTLRNVSTKKI	SDVFPGGKGETQGLLTAKGGVGKLVTLRNVXXXXX	1
AKSRGVEAARERMFNGEKINYTEGRAVLHVALRNR	XXXXXXXAARERMFNGEKINYTEGRAVLHVAILVD	1
FLSEGLKLVDKFLEDVKKLYHSEAFTVNFGDTEEA	TLNQGNGLVDKFLEDVKKLYHSEAFVXXXXXXXXX	1
GKQMVAKVPPTVTSTVLKRLQPQTTYDITVLPIYK	TVVYRPKQMVAKVSTVLKRLQPQTTYDISGTTASX	0
ARSMVSTIMKFLDSGPNKAVDSTLKTRILASEPDN	XXXMVSTIMKFLDSGPNKAVDSTLKTRILSFAPLG	0
WSEISYLSKWWDIIDIQKKDAVKSLIENGQLEIVT	KLKEFYLSKWWDIIDIQKKDAVKSLIENQLELNIG	0
LSSQVTQELRALMDETMKELKAYKSELEEQLTPVA	ELALGRFELRALMDETMKELKAYKSELLQAQARLG	1
FSEQSTLIRSLQSQLQNKESEVLEGAERVRHISSK	XSEQSTLIRSLQSQLQNKESEVLEGAERVRHISSS	0
WSLDMLSHPQDSMELVHKQSKAVAVTSMSFPVGDV	XXXXXXXTDGKIMELVHKQSKAVAVVVGSEEGSVY	0
TANRRLLRTSPPVRAFAKELFLGKIKKKEVFPFPE	XXXXXXXXXXXXVRAFAKELFLGKIKEPDCSIEMY	1
NEVEQMIRDLEASIARYKEEYAVLISEAQAIKADL	QQEAEMIRDLEASIARYKEEYAVLISEAQAXXXXX	0
IVLGADTRATEGMVVADKNCSKIHFISPNIYCCGA	TGTTADTRATEGMVVADKNCSKIAIFDLGSGSNID	1
TALAKIPQKVLWRFDGNKPDALGLNTRLYKWIPQN	NVIATALAKVLWRFDGNKPDALGLNTRLYKWISXX	1
NKKITEVALMGHLSCDTKEERKIKGVISIPRLQAE	DESTEGKTSYRHLSCDTKEERKIKEILAHWSPAKL	0
DRSSSCLQAKLTDLQVIKNETDARWKEFEIISLKL	QNNKFRITAKLTDLQVIKNETDARWKEKRERELQM	0
LDLTGDLESFKKQSFVLKEGVEYRIKISFRVNREI	XXXLVCSSAPGPLSFVLKEGVEYRVEEAPKGMLAR	1
LASDFGVRVFQQVAQASKDRNVVFSPYGVASVLAM	XXXXXXXXVFQQVAQASKDRNVVFKSDGVPLSALT	0
AKAQGLEEGVAETLVLVKSLQSKDEQQQLDFRREL	PTLGKSEFGEVFLAVLVKSLQSFRELLLGLCPHYM	0
QQIGATNVPLEAINEQTKMIKNFDRENVRIPGMLI	XXXXXXLVPLEAINEQTKMIKNFDRENVGSPDSDV	0
PLNNGAGCRFEGQFSINKVPGNFHVSTHSATAQPQ	GGKIDVIQDEMGRFSINKVPGNFFGKIVPYSYRYD	0
LNQAWSSLGKRADQRKAKLGDSHDLQRFLSDFRDL	VQALQRKHEKRADQRKAKLGDSHDLQRLHGHYASX	1
MYLAGRLCKFEIQEWTSKPMYRRWWEQFVQDVPVD	KGDKIVMYGFEIQEWTSKPMYRRWWEQFVQDVYLP	0
YKCAVVDVPFGGAKAGVKINPKNYTDNELEKITRR	RIRYSTDVSVDEVKAGVKINPKNYLITFDMSTXXX	1
DSLHKNSVSQISVLSGGKAKCSQFCTTGMDGGMSI	TFITDNSLVAISVLSGGKAKCSQFCVIKXXXXXXX	1
HIQNAIDTEKSQQALVQKRHYLFDVQRNNIAMALE	HIQNAIDTEKSQQALVQKRHYLFDVQRNNIAMALE	1
SGHKHLTVEELFGTSLPKEQPAVVGLDSEEMERLP	SGHKHLTVEELFGTSLPKEQPAVVGLDSXXXXXXX	0
ENLLDLNQKLQLQLNQEKANLQLESEELNILIRCF	QIRQLEKMKLQLQLNQEKANLQLESEEXXXXXXXX	0
KGRLSKEEIERMVQEAEKYKAEDEVQRERVSAKNA	KEAVIAGEIERMVQEAEKYKAEDEVQREXXXXXXX	1
ELRTECNHYNNIMALYLKTKGDFILVGDLMRSVLL	XXVSMVEFLLASVALYLKTKGDFILVGDVLLLAAV	0
DHVDLTTCPLAAGAQQEKLRCDFEVLVVPWQNSSQ	EMGSTDCCPLAAGAQQEKLRCDHNCVQMXXXXXXX	0
YGVKGDVAVVRINSPNSKVNTLSKELHSEFSEVMN	XXXXXXXXTHRINSPNSKVNTLSLSSKPGCFIAGA	1
EKLPSLFNPGNPDAFHEKYTISMDFVRRLERQCGS	YLLPSLFNPGNPDAFHEKYTISMDFVNKWNLYEML	0
NEVTVELRKNKRDEHLLKKRNVPQEESLEDSDVDA	XXXXXXXXXXXXDEHLLKKRNVLTNIASGTSQTQV	1
ATGTHVGKVNIFGVESGKKEYSLDTRGKFILSIAY	SQYLATGTVNIFGVESGKKEYSLXXXXXXXXXXXX	0
AKSKMLTPEHVFIHPGWKLLEVPEGRTNFDNDIAL	XTAAHVVEGNVFIHPGWKLLEVPEGRTNFDNDIAL	0
ETRETCRASYDTSAPNAKRKYLDEGETDEDKMEEY	ETRETCRASYDTSAPNAKRKYLDEGETDEDKMEEY	1
ASTIGHYDINAHACVTGKPISQGGIHGRISATGRG	GEREMSWIADAHACVTGKPISQGGIHGRIGVSYFE	1
HVSRTEVSSNHVLIYLDKVSNQTLSLFFTVLQDVP	ASNMAIVSNHVSRIYLDKVSNQTLVYDYYEEXXXX	0
QVESGSLEDDWDFLPPKKIKDPDASKPEDWDERAK	INKNGSLEDDWDFLPPKKIKDPDASKTWIHPEIDN	1
MKKFYDDKVSALMQPSQKRYVQFLSGLLSGSVKMN	VVISSHYDVSALMQPSQKRYVQFLSGLQFHEDLDS	0
DYDKTKDSGLPSQGLNFKFGDILHVINASDDEWWQ	XXVRALFDYDKTKGLNFKFGDILHARQVTIPLSYE	0
AEKGTSKLPKSLSSSPVKKANDGEGGDEEAGTEEA	XXXXXXXLPKSLSSSPVKKANDGEGGDAVPRRNGA	0
HGTKKKKEKMVSAAFMKKYIHVAKIIKPVLTQESA	LTAPDQDTQIVSAAFMKKYIHVAKIAMXXXXXXXX	1
IAYEQHGFFEQAQESYEKAMDKAKKEHERSNASPA	ATAIAYEFFEQAQESYEKAMDKAKKEHEYQLWEDH	0
TLSQAIQLGKVDFASTLKVLEAQANTGGIIDTATG	VDPENCRIPFVDFASTLKVLEAQANTIMVIIHXXX	0
TNEPVWEENFTFFIHNPKRQDLEVEVRDEQHQCSL	VLTILSSALLVGFIHNPKRQDLKVPLSQLLTSMAL	0
IIAKAVDHATNRTQFGEKIHNFGLIQEKLARMVML	IIAKAVDHATNRTQFGEKIHNFGLIQEKLARMVEC	1
LRDQSRLAPEIITATQYKKCDEFQTGILIYEMLHL	AKQKSHLLAPEITATQYKKCDEFQLNPSERILIXX	0
ASSLPADDLCTENAIMLKRFNRYPLIIDPSGQATE	TLSNERRWLCTENAIMLKRFNRYPLIAFIEYPSVI	0
EEIKKRKKAVIFCLSADKKCIIVEEGKEILVGDVG	XMASGVQVAVIFCLSADKKCIIVEDCRYLAAPLKS	1
VNDAFKDALQRARQIAAKIGGDAGTSLNSNDYGYG	VNDAFKDALQRARQIAAKIGGDAGTSLNSNDGERA	1
AFDSLLAGPVAEYLKISKEIGGDVQKHAEMVHTGL	XXXXXLAGPVAEYLKISKEIGGDVQKHAEMVHTKL	1
EGDCPVQSGKTWQDCEYKDAAKAATGECTATVGKR	YEIKEGDCPVTWQDCEYKDAAKAATGITPAEGPWK	1
TLREQGVEEHETLLLRRKFFYSDQNVDSRDPVQLN	DEYSLVDLNWLDHLLRRKFFYSDLLQAYGVSITKQ	1
SQVKYAGSQVASTSEVLKYTLFQIFSKIDRPEASR	LVEYHDGSHAASTSEVLKYTLFQIFSKITLLEMSN	0
TIAKEEIFGPVMQILKFKTIEEVVGRANNSTYGLA	EDIYDEFVGDVQDILKFKTIEEVVGRAVFTKLXXX	1
DRVVYTGTYDTEGVTPTKSGERQPIQITMPFTDIG	FGQTIKLLTGGTGVTPTKSGERQPIWQVKFYNYHK	0
MGHVGFVIKKGKIVSLVKGSSAARNGLLTNHYVCE	DSMGHVGFVIKKIVSLVKGSSAARNGLLTNHLNVV	1
KSAADAEGYLAHPVNAYKLVKRLNTDWPALEDLVL	KSAADAEGYLAHPVNAYKLVKRLNTDWPALEDXXX	0
AEQLDNIAEKACCGVPCKCSGQRGDRGPIGSIGPK	AEQLDNIAEKACCGVPCKCSGQRGXXXXXXXXXXX	0
QAGQLKVPPGYHPLDVEKEWGKLHVAILEREKQLR	ADKNSKYPPGYHPLDVEKEWGKLHVAILXXXXXXX	0
EIKLTMAQLKISQGNISKACLILRSIEELKHKPGM	QIKLTMAQLKISQGNISKACLILRSIMALVTMYSH	1
KGNMEVARIHAENAIRQKNQAVNFLRMSARVDAVA	EKAKIKARIHAENAIRQKNQAVNFLRMSARXXXXX	1
IAYEQHGFFEQAQESYEKAMDKAKKEHERSNASPA	IAYEQHGFFEQAQESYEKAMDKAXXXXXXXXXXXX	0
DRSSSCLQAKLTDLQVIKNETDARWKEFEIISLKL	QNNKFRITAKLTDLQVIKNETDARWKEKRERELQM	0
VRLQFHDVAGDIFHQQCKRNELVIRVQPNEAVYTK	IALQFHDVAGDIFHQQCKRNELTKMMTKKNPEESE	1
GLLVKNRITLEDVISHSKKLNKKKGGEMEILNNTD	XXXVKNRITLEDVISHSKKLNKKKGGEMILKNRKN	1
KATVVYQGERVKIQEKFKNGMLHGDKVSFFCKNKE	KKATVVYQERVKIQEKFKNGMLHGDKVSFQCGTIX	1
KESPSRSIDGMQYPIVIKNTKGEEIRCQYVVTCAG	TNFEVKGIEMAKYPIVIKNTKGEEIRCVILSXXXX	0
VSKSQLKVLSHNLCTVLKVPHDPVALEEHFRDDDE	XLKLLIKVLSHNLCTVLKVPHDPLLNRFILEKVQD	0
AVATAQQQYDSDTSCHYKVELSYENFITSGPDPHP	XXXXXXXXXXXDTSCHYKVELSVSCKESFYPRADQ	0
EYYRKQLSYFDRRSFENKPPAHIAASHLSEPAKPA	XGDQPTYSYFDRRSFENKPPAHIAAPPEADGVDRS	0
LNGPGDVETGTSITVPQKKWLHFISPIFVQALTLT	LNGPGDVETGTSITVPQKKWLHFISPIFVQALTLF	0
RLTHQIQELTLDTPYYFKIQARNSKGMGPMSEAVQ	STDVNAEIHWVIEPYYFKIQAGPMSEAVQFXXXXX	0
TRFAEVECLAESHQHLSKESMAGNKPANAVLHKVL	RRFAEVECLAESHQHLSKESMAGNKPANAVLHKVL	0
HPARLYTGCHSYDEICCKTGMSYHELDERLENDPN	HPARLYTGCHSYDEICCKTGMSYHELDRXXXXXXX	0
VMHLFYARFFSHFCHDQKMVKHREPFHKLLAQGLI	VADYWMPRFFSHFCHDQKMVKHREPXXXXXXXXXX	0
KWWKTLREKMKSNEAASKELASKKSLPMNYYTVFY	XXXXGAAEKMKSNEAASKELASKKSMNYYTVFYHV	1
VKKGQPVDPASVLLKHSKADGLAGSRHRYAEQENG	IGYGQPVDPASVLLKHSKADGLAGSRHRYXXXXXX	1
AKAKELGATECINPQDYKKPIQEVLKEMTDGGVDF	FGIAVDINKECINPQDYKKPIQEVLKEMTDGGLDT	1
FIVDVKANKHQIKQAVKKLYDIDVAKVNTLIRPDG	KFPLFVANKHQIKQAVKKLYDIDVAKVVRLAYAVA	1
NDVGIFVAGVLEDSPAAKEGLEEGDQILRVNNVDF	DSVGLRVAGVLEDSPAAKEGLEEGDIGEEVTILAQ	0
NGVIVKINNQLTLDSNTKYFHKLNIPKLDFSSQAD	NTVASTLELSNGVDSNTKYFHKQADLRNEISSGKG	0
LAKLRQELSKVSKELVEKSEAVRQDEQQRKALEAK	LAKLRQELSKVSKELVEKSEAVRQDEQQRKALEAK	1
LMSGSHDCSIRLWNLDSKTCVQEITAHRKKLDESI	LAVDGIYLMSRLWNLDSKTCVQEXXXXXXXXXXXX	0
SKGTLVQTKGTGASGSFKLNKKAASGEAKPKAKKA	LKLVKGTLVQTKGAGSFKLNKKAASAXXXXXXXXX	1
TLSDWESQFTFKYHHVGKLLKEGEEPTVYSDEEEP	KVFDGRDASYDETHHVGKLLKEEEPTVYXXXXXXX	1
AKAGVEAMSKSLAAEWGKYGMRFNVIQPGPIKTKG	AQKGAAFMSKSLAAEWGKYGMRFNDASWINGAXXX	1
IRIENPNSLQDQSHALLKYWLERDGKHATDTNLVE	LALFQIIENQDQSHALLKYWLERDGKHATLXXXXX	0
NISLPKAIKLDLITSDLKREIQEVQAFTGNFVDLI	QISLPKAIKLDLITSDLKREIQEVQAFFVDLAEGL	0
SHGQASITTDDGVVFQFKSSKKSNNGTDVNAGQIP	DHEWWYVAWGQASIFQFKSSKKSGTDVNAGIPXXX	0
TERCIESLIAVFQKYAGKDGYNYTLSKTEFLSFMN	XXXXXXSLIAVFQKYAGKDGYNYTLSKTEFLSFMN	1
RLPLATIVKDLVAQAPLKPKTPRGTKTPINRNQLS	XLPLATIVKDLVAQAPLKPKTPRGTKTPINRSSSQ	1
ADPKKELENLATSLEHYKFIVDYCEKHPEAAQEIE	KFRVARYGNLATSLEHYKFIVDYCEKHAIELELSK	0
FAQEQIAPLVSTMDENSKMEKSVIQGLFQQGLMGI	XXXXXXIPLVSTMDENSKMEKSVIDASVAVFSSAE	1
ATAEVLNIGKKLYEGKTKEVYELLDSPGKVLLQSK	XXXXXXXXXXKLYEGKTKEVYVLLQSKDQITAHLG	1
RLGPKRASRIRKLFNLSKEDDVRQYVVRKPLNKEG	XLGPKRASRIRKLFNLSKEDDVRQYVVRAPKIQRL	1
RLPPSGSKPVAASTCSGKKTPRTGRHGANKENLEL	LLQNKVAKPVAASTCSGKKTPRTGRHGANXXXXXX	1
WENLRIASGRPYNPSMSKPDGWGVTKGTAELMQQK	DLPEFPFGLPRYNPSMSKPDGWGFKQKFKSQXXXX	1
STPDAVMGNPKVKAHGKKVLGAFSDGLAHLDNLKG	GEALGLFFNPKVKAHGKKVLGAFSDGLTFTLLHFL	1
KETDTATLRASLAQFEQKWTMLITQLPDIQEKLHQ	SSLKTVILRASLAQFEQKWTMLITQLXXXXXXXXX	0
LNYHVPRTRREILETLIKGLQRLEYRGYDSAGVGF	XXXXGIFAYREILETLIKGLQRLEYAGVKVKLDVG	0
LKDATLTALDRGQQQVFKGLNDKVKKKALTSFERD	AGIAQVVDLDRGQQQVFKGLNDKVKKKALTSERDI	1
TEGPCNMPKPGVFDLINKAKWDAWNALGSLPKEAA	QEGPCNMPKPGVFDLINKAKWDAWNALGSTDSXXX	1
LGRFCGQLGSPLGNPPGKKEFMSQGNKMLLTFHTD	KILGRFCGQLGSGNPPGKKEFMSLGFLAYYQXXXX	0
AVILTTGEAGHPSADVLKYTYEDFKKGASDTYVTY	XXXXXXXXAVIPSADVLKYTYEDFASDTYVTYLLG	0
SQLNEKETPFELIEALLKYIETLNVPGAVLVFLPG	XPHCIMTHFFELIEALLKYIETLNVPGAVLNPHFG	0
LINEDVKRTVDLSSHLAKVTAEVVLAHLGGGSTSR	XXXXXXXRTVDLSSHLAKVTALRLAHLGIVETVYT	0
KDTILQTVDLVSQETGEKEANIQAVDSEVGLTKED	XXXXXXTVDLVSQETGEKEANIQAVDSEVVEVGQE	0
TDRITAAQHSVTGSAVSKTVCKATTHEIMGPKKKH	XXXXXXXXHSVTGSAVSKTVCKATTHPKKHLDYLI	0
TPGRAKGSETPGATPGSKIWDPTPSHTPAGAATPG	TPGRAKGSETPGATPGSKIWDPTPSHTPAKTLSPE	1
KAQALRDNSTMGYMAAKKHLEINPDHSIIETLRQK	CCIVTSTYGWTAEMAAKKHLEYEALLSGFSLXXXX	1
KDGAPYCEKDYQGLFGVKCEACHQFITGKVLEAGD	XXXXRSIEKDYQGLFGVKCEACHQFITGKVLEAGD	0
VINPEKDKTMVQELLDFKDKVDHIIDICFLKNEKF	XLNYIKFGIMVQELLDFKDKVDHIIDFIMKEAFEF	0
TAENPRPVGQLADRPEVKARSGPPTIPSPLDHEAS	EAENPRPVGQLADRPEVKARSGPPTIPSPLDHXXX	0
HSTPTKGGWKVVNLHPLKKQPPSFPGAAEERACQS	XXXPTKGGWKVVNLHPLKKQPPSFPEQIIVVDSST	1
APKRGEIVRQIGDALREKIQVLGSLVSLEMGKILV	XXWLKELGLQIGDALREKIQVLGSLVLGVGEVQEY	1
YCWENFVYNDNEPFKPWKGLKTNFRLLKRRLRESL	ARIMDYEDFKCWPFKPWKGLKTNFRLLKXXXXXXX	0
VKASEKILQVRAASAPAKGTPGKGATPAPPGKAGA	XXXXXKILQVRAASAPAKGTPGKGATPAPASVPVK	1
REGGSIPVTLTFQEATGKNVMLLPVGSADDGAHSQ	DFSHPHYVTLTFQEATGKNVMLVDXXXXXXXXXXX	0
FKDSAHGFLKVPPRMDAKMYLGYEYVTAIRNLREG	YDAYLNLKPPSVPRMDAKMYLGYEYVTAIRAKIMN	1
RIPDQLVILDMKHGVEAKNYEEIAKVEKLKPLEVE	TGAKFAFTTDMKHGVEAKNYEEIAKVELEVELRRL	1
RCTICGKLTEIRHEVSFKNMTHKLCSDHCFNRYRM	DMNLMITHVTTIHEVSFKNMTHKLFYRMANGLIMK	1
LIVADTENLLKAPTIVGKSSLNPILFRGVGMVADP	XXXXDTENLLKAPTIVGKSSLNPIILTGNYELAVA	1
KENTDSVVMQPKRKHFIKDIRHLPVNSKEFLAKEE	GDDRNPKPHKPKRKHFIKDIRHLPVNSKEFLAKEE	1
QQPTEKVLADTKELVSSKVSGAQEMVSSAKDTVAT	LQQPTKVLADTKELVSSKVSGAQEMVSSAKDTVXX	1
GGTAMQGLTRFEAWNIIKALPDGPVTIVIRRKSLQ	QLGGTAMLTRFEAWNIIKALPDGPVTIXXXXXXXX	0
DIEDFVHPGHGDLSGWAKQGVLLLNAVLTVRAHQA	DVKVVIHGLCSDLSGWAKQGVLLLKPIDWKELXXX	0
SRANEEYGLRLGSQIFVKEMTRTGLATKDGNLHEG	XXXXXXYGLRLGSQIFVKEMTRGATLHEGDIILLT	0
TGIVAKKQKTEDEVLTSKGDAWAKYMAEVKKYKAH	TGIVAKKQKTEDEVLTSKGDAWAKYMAEVKKYKAH	1
SATWELFPWRGYCSQKAKGELCRDFVEALKAVVGG	XXXXXXXPWRGYCSQKAKGELCRDFVTAAVREGCE	1
SYQVCVTDLNTTLDNFSKEFVSFSDKPVDQIAVEE	XXXXXXTDLNTTLDNFSKEFVSFSDKKLQELENRL	0
NELKKAYRKLAKEYHPDKNPNAGDKFKEISFAYEV	VELKKAYRKLAKEYHPDKNPNAGDKFKEISFAYEF	1
VIPKDYKTMAALAKAIEKNVLFSHLDDNERSDIFD	XXXXXXXXMAALAKAIEKNVLFSHLDDERSIFFYV	1
GPLAVANGVVKQLHFQEKQMPEEPKLTLDESYDLV	XXXXXXXXXVKQLHFQEKQMPEEPKLTMASLPSES	0
FIVPLTDLRIPSVQINFKDLKNIKIPSRFSTPEFT	ISLQALQKATFQVQINFKDLKNIKXXXXXXXXXXX	0
KKIGGIFAFKVKDGPGGKEATWVVDVKNGKGSVLP	FKANLVFAFKVKDGPGGKEATWVPNSDITMADSDF	1
VTHRFPLEKALEAFETFKKGLGLKIMLKCDPSDQN	PSRVTHRFKALEAFETFKKGLGLKIMLXXXXXXXX	1
VAYYFEKDVKGESLFHSKKMDLTVNGEQLDLDPGQ	QVYYFEKDVKGESLFHSKKMDLTQXXXXXXXXXXX	1
VKSVPGCEGVALVVAQTKAISGLTIDGHAVGAKLT	XXXXXXVVAYCPVVAQTKAISGLTAVGAKLTWEAV	0
GFAIGSQTTKKASAISIKLGSSKPKETVPTLAPKT	VSSSNSQTTKKASAISIKLGSSKPKETVPTPPEAM	1
NIFHQYSVRKGHFDTLSKGELKQLLTKELANTIKN	XXXXXFYSVRKGHDTLSKGELKQLLTIDKAVIDEI	1
FTEVHPDYGSHIQALLDKYNAEKPKNAIHTFVQSG	QKAVKFDYGSHIQALLDKYNAEKPKNAXXXXXXXX	1
RCQKICDQWDNLGALTQKRREALERTEKLLETIDQ	EAFESLAQWDNLGALTQKRREALERTEXXXXXXXX	1
NDTVSFLEYRTFQFQPSKSHGSESDYIVMPNILVL	FERGPYVYREFFQFQPSKSHGSESDVGASWFAESG	0
DIKIATGHNIIDELPPCKKKAVLCYFGSVTSMGSL	DYVLIAGHNIIDELPPCKKKAVLCYFGXXXXXXXX	0
ENEVQSLHSKLTDTLVSKQQLEQRLMQLMESEQKR	ENEVQSLHSKLTDTLVSKQQLEQRLMQLMESEQKR	1
WLNALTKRQEYLDQQLQKLVSKRDKTEDDADREAQ	TKGAALSRQEYLDQQLQKLVSKRDKTEDDADREAQ	0
NYPPSFKYEDFGPLFTAKFFNANQWADIFQASGAK	XXXWGVSVPSFGPLFTAKFFNANQWLAIDEGPKRD	0
LAEADGLSTNHWLIGTDKCVERINEMVNRAKRKAG	GGTRSGLSTNHWLIGTDKCVERINEMVLLSGAGIL	0
PKGSRIQQITRDFSVQIKFPDREENAVHSTEPVVQ	RVMGSRIQQITRFSVQIKFPDRERCDIIIISGCAK	0
EANKLKLTPEYLQLMKYKAIASNSKIYFGKDIPNM	EANKLKLTPEYLQLMKYKAIASNSKIYFGIPMFMD	1
ELEGQIAKLEEQWLSLNKKIDHELHRLQALLKHLL	NIGKHLAKLEEQWLSLNKKIDHELHRLQXXXXXXX	0
PQVLSTSSPAQQAENEAKASSSILIDESEPTTNIQ	XXXXXXSSPAQQAENEAKASSSILIDIQIGRLVQK	0
LATAMQEGEYDAERPPSKPPPVELRAAALRAEITD	EQPEDCTAALAAERPPSKPPPVELRAAAXXXXXXX	0
TEKSTEETEKLKNDQQAKIPLKKREIKLSDDFDSP	NEEDAEETEKLKNDQQAKIPLKKREIKLSCKEEQL	1
STESLQANVQRLKEYRSKLILFPRKPSAPKKGDSS	IRAIAIGIVQRLKEYRSKLILFGDSSEELKLATQL	1
GNLLARQFEGRHSKGVAKTVTKQRVESHFDLELRA	WGNLLARQEGRHSKGVAKTVTKQRVESHFDLELRA	1
FMPGLGFDKHGNRLGRGKGYYDAYLKRCLQHQEVK	NHMDTSWMPGLGRLGRGKGYYDAYLKVNNDMXXXX	1
KYVKTPEGLKPLDCFYLKLHGVKLEALNQSINIEQ	XXXXXXXXXHVVTVFYLKLHGSINIEQPFNPVTVV	0
EDKSGKQRYSYQYTVANKEYVAYSHTGRIIPAIWF	TSNPLASHDYILKTVANKEYVAIPAIWFRYXXXXX	0
FEFRPDGKLRYANNSNYKNDVMIRKEAYVHKSVME	GKFGHEFLEFYANNSNYKNDVMIRKRVGRKGFIGF	1
VKEEEVHRLSALFSSSQKRIAELEEELVCVQKEAA	VKEEEVHRLSALFSSSQKRIAELEEELVCVQKEAA	0
LTLFVNGQPRPLESSQVKYLRRELIELRNKVNRLL	LTLFVNGQPRPLESSQVKYLRRELIELRNKVNRLL	1
ACLDPGAFKELFPDWKEKGAPLNTPVTEDRFGILT	LSVRQPAFKELFPDWKEKGAPLNTYVRLGHLVSWM	1
VAPICTDKINAANYASVKTPALIVYGDQDPMGQTS	PGSQLPGFVPAANYASVKTPALILKQLPNHRGLQX	0
TLPRLLRASGRTPEAVQKLLEQGLRHSQDLAFLSM	XXXXQLRASGRTPEAVQKLLEQGLRHLLAFRGYAG	1
TVLQQRLERYLSYGSGPKRFPLVDVLQYALEFASS	YYQQQRLERYLSYGSGPKRFPLVDVLQYALFRITX	0
EVSARQELKQRARYLAEKYEWDVAEARKIWCFGPD	KGEVSQELKQRARYLAEKYEWDVAEARIPNIGVRX	1
EIDVKWLNENAVEKVNIKPQVDRYRLKNGRRIILL	GIKRATDVDIVCEKVNIKPQVDRYRRIILLAEGRV	1
CNRLLKWCPAPDCHHVVKVQYPDAKPVRCKCGRQF	LHFVECNRLLKWCHHVVKVQYPDAKPVRCKFCFNG	0
RVLLEAAIRNCDEFLVKKQDIENILHWNVTQHKNI	LDLLEAAIRNCDEFLVKKQDIENILHWTIEVPFKP	1
LQQLETQKSPEELAALVKAELGFLESCLRVNPKSY	ELSRLLEKSPEELAALVKAELGFLESCHRCWLLGR	0
ALVDQSGVLLAFADQPIKNWEPQFNHHEQSSEDIW	XXXXXXVGTGSVRDQPIKNWEPHHEQSSEDIWAAC	0
KRRWCVLKDETFLWFRSKQEALKQGWLHKKGGGSS	FLYKRRWCVLKFLWFRSKQEALKQRQQEMHDEQAN	1
AENELLGAAAAIEAAAKKLEQLKPRAKPKEADESL	XXXXXXXXAAAIEAAAKKLEQLKPEILEAAKSIAA	1
EQEDLIKALHTQLEMQAKEHDERIKQLQVELCEMK	EQEDLIKALHTQLEMQAKEHDERIKQLQVELCEMK	0
SADWVSDWSSRPENIPPKEFHFRHPKRSVSLSMRK	LMDWVSDWSSRPENIPPKEFHFRHPKRSVXXXXXX	0
HLPKVEMPSFKMPKVDLKGPQIDVKGPKLDLKGPK	EKEPERELSFKMPKVDLKGPQIDVKGPVDLKGXXX	1
KKENPFLRQELLGWLAEKLPTLRSTPTDLILCVPH	EQTGMKEWLELLGWLAEKLPTLRSTLKDALPFFMH	0
AVDDINGDRIQDVLFLYKNTNSSNNFSRSCVDEGF	XXXXXXYSAAVIYDFLYKNTNSSSCFSSPCTFAAE	0
PFAEHRPPKIADREDEYKKHRRTMIISPERLDPFA	XXXXXXXPKIADREDEYKKHRRTMIITPPMKAVQE	1
KAKALGATDCLNPRDLHKPIQEVIIELTKGGVDFA	FIGIDINSDCLNPRDLHKPIQEVIIELTKGGVSET	1
GKSLLARKHYASEEIKEKLLQLTEKRKEMIDKWED	CIELGKSLLHASEEIKEKLLQLTEKRKXXXXXXXX	1
LVQMASQLRLFDPQLKEKPEEESLAAPTWLVHLQQ	QFHEASQLRLFDPQLKEKPEEESLAAPTWLVXXXX	0
LRLLIPVRTVQNSGYGPKLTSVHENLNSWIELKKF	TFPEIPVRTVQNSGYGPKLTSVHENLNSWNEMSRT	0
NEVEQMIRDLEASIARYKEEYAVLISEAQAIKADL	NEVEQMIRDLEASIARYKEEYAVLISEAQAIKADL	0
KEVYELLDSPGKVLLQSKDQITAGNAARKNHLEGK	XXXXYEGKTKEVYLLQSKDQITKNHLEGKAAISNK	1
KSTGGAPTFNVTVTKTDKTLVLLMGKEGVHGGLIN	WAPVGLVGLLFSVTKTDKTLVLYMASHLRRSQYXX	1
MEDLGDKAVYCRCWRSKKFPFCDGAHTKHNEETGD	VHAFLGKAVYCRCWRSKKFPFCDGAHTKHVGPLII	1
TDVGAKNYRHLCAVYYNKNPGFEIIHGLLDRIMQL	LIANRKMPLPLKLVYYNKNPGFEIIFRGVLHPDVI	0
LIPEATEKYLGGTDDTVKKKDLFLDLIADVMFGVP	KTAMLTEKYLGGTDDTVKKKDLFLDLIAPKTVIXX	1
GQIIDIESAQISDAGIYKCVAINSAGATELFYSLQ	KDNRLLSFGQIIDAGIYKCVATELFYSLXXXXXXX	0
KKTQDQISNIKYHEEFEKSRMGPSGGEGMEPERRD	KKTQDQISNIKYHEEFEKSRMGPSGGEGMEPERDG	1
EQKLLTPITTLTSEQIQKLLASTRYPPPAVESDAA	FSLSPEYPITLTSEQIQKLLASTRYPSRPXXXXXX	0
EDIGKRSLFHYTSSITTKFGDSFYFLSNHINSYFK	XXXAVFGLFHYTSSITTKFGDSFYFLSNHIVNRGI	0
AKSIDFPLTKVYVVEGSKRSSHSNAYFYGFFKNKR	FFKDAPLFDKFTVVEGSKRSSHSNLFDTLYSNKQX	0
QPLLKGLLSGQTSPTNAKLEKLDSQQVLQLCLRYQ	QPLLKGLLSGQTSPTNAKLEKLDSQQVLQLCLRYQ	0
AREELVQRIPEASLNFQKVPPGSLNSRDFDQNMND	ASGEQVQRIPEASLNFQKVPPGSLNSRDFDQXXXX	0
ESYDKIRAAGGHLCQQPKDIECQAESFPNWTLAQV	WTEWFESYDIGHLCQQPKDIECHCDVHFGLIRVLC	0
VFENPDPSDGFVLIPDLKWNQQQLDDLYLIAICHR	IIETPKTTERIVLIPDLKWNQQQLDDLYLIASHVH	0
SALGGVKVERQVFGEATKQPGITFIAAKFDGILGM	YSFDIHGSLSGYLGEATKQPGITFIDGXXXXXXXX	1
KDLVLGPSGVLQGIRPGKCYVDMSTVDADTVTELA	VVSTCDITFVLQGIRPGKCYVDAVIVSRGGRFLDG	0
KERSSLLRKWYNLMIQNKDDLARIITAESGKPLKE	XXXLSALLKWYNLMIQNKDDLARIITLKEAHGEIL	1
AVSEHEATKCQSFRDHMKSVIPSDGPSVACVKKAS	XXDKTVRWKCQSFRDHMKSVIPSDGPSVACLIELL	1
LSTPDAVMGNPKVKAHGKKVLGAFSDGLAHLDNLK	GRLLFFVMGNPKVKAHGKKVLGAFSDGLGVLVLXX	1
YSDESLQYPKTVRVPYPKAGAVNPTVKFFVVNTDS	XXXWVEDEVPLIEVPYPKAGAVNPVRWEYYDSVYT	1
SDLSHVQNKSAFLCGVMKTYRQREKQGTKVADSSK	EFGAAVLQFSAFLCGVMKTYRQREKQTTGDPLTGY	1
RWDLGLNKKRIAYFTLPKTDSGNEDLVIIWLRDMR	CRNVFLQQTQDNIFTLPKTDSRDMPGDEIIASSGT	0
TIKKENIQQKAQLDSFVKSMSSLQNDRDRIVGDYQ	TIKKENIQQKAQLDSFVKSMSSLQNDRDRIVGDYQ	0
SSPTWENHNAVFSAAGFKDIRSYRYWDAEKRGLDL	NTPVYVNHNAVFSAAGFKDIRSYAPFSIVVXXXXX	1
VSPEGGLSVPGPGAPLEKPGRREKLLGWLRGEPGA	XXXXXXXXVPGPGAPLEKPGRREKLLGWLRGEPGA	0
DLGTTNSCVAVMEGKQAKVLENAEGARTTPSVVAF	XAVVGIDCVAVMEGKQAKVLENARTTAYLALVNDE	1
GTLKKRLDKFNEVVSVLKDGKPEMNKQIKNLEISI	XXXXXXLDKFNEVVSVLKDGKPEMNKQIKLLSALQ	0
DKADSMIRLLFNDVQTLKDGRHPQGEQMYRRVYRL	IVTKLQIRLLFNDVQTLKDGRHPQGEQMYRRVYXX	0
SRLQPVLQPLPSPGVGGKRDVVFLIDGSQSAGPEF	XXXXXXXXXXXXPGVGGKRDVVVLDVGFDTTRVLN	0
ASMPPVKVEFSLTDYGSKEKLVDFLSRGMTQLQGT	PDPFARVAVFSLTDYGSKEKLVDFLSRGXXXXXXX	0
AVKFLISDQPHPIDPLLKSFIGEFMESLQDPDLNV	LPRIVKLISPHPIDPLLKSFIGEFMEFFSAVNKPS	0
ELEGQIAKLEEQWLSLNKKIDHELHRLQALLKHLL	NIGKHLAKLEEQWLSLNKKIDHELHRLQXXXXXXX	0
RPGVLLNQFPCENLLTVKDCLASIARRAGGPEGPP	XXXXXXXXXXXENLLTVKDCLASIALPRTFNLRIC	0
IEPGRRVEYVPLVEEALKIGQHKPDKILIYNRPNM	VKPKVVTEYVPLVEEALKIGQHKPDKILARDXXXX	0
KGDYFRYLAEVACGDDRKQTIDNSQGAYQEAFDIS	KGDYFRYLAEVACGDDRKQTIDNSQGAYQFVFYYE	1
VAAVEHRDRSASATYYFKDQSAAEIGDKSWLYLRT	KGTFLNEEHRDRATYYFKDQSAAEIGDKSWLYVKN	0
TTPSSSFFTKKSEDTISKMNDFMRMQILKEGSHFP	XXXXXXXXXKKSEDTISKMNDFMRMQILVLNTPKK	1
RPPSAFFLFCSEYRPKIKGEHPGLSIGDVAKKLGE	XXPSAFFLFCSEYRPKIKGEHPGLSIGDVAKKLGE	1
LSGSNPYTTVTPQIINSKWEKVQQLVPKRDHALLE	LADEREILTVTPQIINSKWEKVQQLVXXXXXXXXX	1
SSDYLLESAKMFNYAGWKNTCNNIFIVFAIVFIIT	IKLFLLESAKMFNYAGWKNTCNNIFIVFMAHKFIT	0
GFHIRVRLHPFHVIRINKMLSCAGADRLQTGMRGA	RPARCYYCRGVPVIRINKMLSCAGADRLQTGMRGA	1
VIVAARNLMTSEIHNTVKIIPDSKINVPELPTPDE	XXXXXXXXXXXXIHNTVKIIPDSKISLPTCRISES	0
RQSNVAAPGDATPPAEKKYKPLNTTPNATKEIKVK	DKKREKAPGDATPPAEKKYKPLNTTPNATGGGGGH	1
LGERIHKLPDTTSIFALKEIQLQKEASLRSSSMPD	LGERIHKLPDTTSIFALKEIQLQKXXXXXXXXXXX	0
LFERLTGADGTPPGFLLKAVIGMTAGATGAFVGTP	TVLFERLTGGTPPGFLLKAVIGMTAGATAVVVNAA	0
VTENTRKVTHGCIVSTIKLFLPDGMEARLRSDVIH	KFYLIEILSGDIIVSTIKLFLPGMEARLRXXXXXX	0
DQASQLLAGTEATLGHAKTLLAAIRAVDRTLSELM	XXXXXLLAGTEATLGHAKTLLAAIRAVDRTPQAAE	0
RLLVKFGSAIPIPSLPDKQVTGRFEEEFIKMRMER	EHRYKHFDWLYEPSLPDKQVTGRFEEFIKMRMERL	0
EKKINQRFDHEMFGLKPKHRALSQHPTLNDDLPNR	SNKLEKINDHEMFGLKPKHRALSQHPTKGNKRYVE	1
GPAGLGRPTPGLSQGPGKETLESALIALDSEKPKK	MFKSITHSTVGLSQGPGKETLESALIALDLQKVLL	0
VIRVQPNEAVYTKMMTKKPGMFFNPEESELDLTYG	IFHQQCKRNEYTKMMTKKPGMFFNPEESELDYEGT	0
ESMSQAPYCVRNVRFGTKLGSDIKLEDSLWVSLTD	SDAIQAPYCVRNVRFGTKLGSDIKLEDSLWVSLTD	1
EAMKRALASIDSKLNQAKGWLRDPSASPGDAGEQA	XXXXXXXXXIDSKLNQAKGWLRDPSADAGEQAIRQ	1
VDNDFHIKIADLGLASFKMWSKLNNEEHNELREVD	MYSLGVIHKDDLGLASFKMWSKLNNEEHKPXXXXX	0
CINLRGSFACQCPPGYQKRGEQCVDIDECTIPPYC	QVCINLSFACQCPPGYQKRGEQCVDIDECTIPNTP	0
ANEDVTQIVEILHSGPSKWNWLTRRLVEFTSSGSV	XXXXXXXIVEILHSGPSKWNWLTRRLLFVTNAELA	0
AAKNQVAMNPTNTVFDAKRLIGRRFDDAVVQSDMK	XXXXDLGTTYSSYVFDAKRLIGRVDYPEEVSSVLT	1
DSVLVDIKDTEPLIQTAKTTLGSKVVNSCHRQMAE	XXXXXXXPDTEPLIQTAKTTLGSKVVNSCHRQMAE	1
QASQGLRHQVEQLSSSLKQKEQQLKEVAEKQEATR	QASQGLRHQVEQLSSSLKQKEQQLKEVAEKQEATR	0
AGCKEEIKHGQSLLALDKQWHVSCFKCQTCSVILT	SHCAGCKEEIQSLLALDKQWHVSCFKSKDGVPRKP	0
KLDGIKTRYADITVTSSKALRTLEQARQLATKFQS	KALNEEIVYADITVTSSKALRTLEQALVXXXXXXX	0
VAHRLSTVVNADQILVIKDGCIVERGRHEALLSRG	GPSGAGKSTIVAHILVIKDGCIVERGVYADMXXXX	0
NAKGSNYWRNRVMMVAKKFLDAGHKLNFAVASRKT	FEDGICLLRNRVMMVAKKFLDAGHKLNFADGKALE	1
QELVSTLVETLMTGKRVKHEVSGETVVFQGGALGK	AFVSVLSENTETTGKRVKHEVSGTVVMNANHHAMW	1
TYGPNGCFKALDDILNLKLVHILNMVTGTIHTYPV	XXXXGLNSVLRDDILNLKLVHITYPVTEDESLPAT	0
RLDGLQQRFDVSSTSVFKQRAQIHMREQMDNAVYT	GFCYEKMESLRLSTSVFKQRAQIHMRRFFAXXXXX	0
WFEEKLQEVECEEQRLRKLHAVVETLVNHRKELAL	XXXLFAQEVECEEQRLRKLHAVVETLVNHDFFLLA	1
INANDPEASKFHDIDDVKKFKPGYLEATLNWFRLY	ILLIAIEASKFHDIDDVKKFKPGYLEATLNGEFKN	1
ANLPFTLILANQRDSISKNLPILRHQGQQLANKLQ	NSIESLSILANQRDSISKNLPILRHQGQQVDVPAG	1
CFITFKEEEPVKKIMEKKYHNVGLSKCEIKVAMSK	GFGFCFIEEPVKKIMEKKYHNVGLSKCEIKVAMXX	1
NTIPWYRVVAEVQICHGKTEAVGQVHIFFQDGMVT	GATTSPGVYAEVQICHGKTEAVGQVTPNLGANGKV	0
GNCKVTYQAHQDKVIKIKALDSCKIARSGFTTPNQ	NEVDISGNCKVTYQIKIKALDSCKKATSVTTAEET	1
RTYLLDFRSIDDEITEAKSGTATPQRSGSVSNYRS	VCEKFEIRSIDDEITEAKSGTATPQVDLTPRPGSH	1
IELENWTEGKGLIVRGAKNTFSSGSDLNAVKSLGT	DILTLNNPSRMNAVRGAKNTFSSLVQGWAGMTESS	1
MKQRIAEENIMKSNIDKKFSAHYDAVEAELKSSTV	MKQRIAEENIMKSNIDKKFSAHYDAVEAELKSQEL	1
AALDKACGRFINNNAVTKMAQSSSKSPELLARYCD	ALNDPYVGRFINNNAVTKMAQSSSKSPELIEDXXX	0
FWKPQEAVQGDVGSFVLKLVEGLQGQTWAPDWVEE	RAAVTLAVVGDVGSFVLKLVEGLQGQXXXXXXXXX	0
EYRRTPNGVVLAPVQLGKWLVLFCDEINLPDMDKY	VVFHYCEYRVLAPVQLGKWLVLFLERIQFVEXXXX	0
VRQIIEQDKHALLDVTPKAVDLLNYTQWFPIVIFF	XXVSVSTKFVVVLDVTPKAVDLLNYTPVLTCAHLF	0
CTGQIKTGAPCRSERLAKYNQLMRIEEALGDKAIF	DLVVIKTGAPCRSERLAKYNQLMRIEXXXXXXXXX	1
PVAFVRRIPWTAASSQLKEHFAQFGHVRRCILPFD	XXXPVAFVRITAASSQLKEHFAQFGHVRRCILLGW	0
MRLDRFRDSILRSDEAVKPFGLKVSQLLLSTDEST	XXXXXXRDSILRSDEAVKPFGLKVSQLLLVHSFVS	1
NSASTPQSQCLPSEIEVKYKMAECYTMLKQDKDAI	AVSKYTMALQKPSEIEVKYKMAECYDAIAILDGIP	0
VPLKTFYEPGEEITYSCKPGYVSRGGMRKFICPLT	XDDLPFSTVVPLITYSCKPGYVSRGGMRKTLKCTP	1
ALLIRGCGRTDFQQGCAKTLYHSVHEKIFTLPGDC	HTPCALCGRTDFQQGCAKTLYHSVHEKRLTLSCEE	1
AANRAASASESALQTVIKEDLPRKAKTLSSNSDKL	LANRAASASESALQTVIKEDLPRKAKTLSSNSXXX	0
SLQLPMEKAIETALDCLKSANTEPYYRRQAWEVIK	XXXXXXXKQIETALDCLKSANTEPYRRAWIQALTG	0
DLDFANDASSMLASAVEKLNEGFISQNDRRFVIQL	XXXXXSDNSSMLASAVEKLNEGFISQNDRRFVIQV	0
GQTKTFAPEEISAMVLTKMKETAEAYLGKKVTHAV	SYVRLIGDAAISAMVLTKMKETAEAVGAGLAADXX	1
LSNSSHKCQADIRHILNKNGGVMAVGARHSFDKKG	PGGSSLICQADIRHILNKNGGVMAPDLEQAAHLIQ	1
KRKLSEKLDSTDFTGTIKLLNENSYVPREAGSQKD	XXXXXXXXXXTDFTGTIKLLNENSYVPLPGAAKSG	0
DVAYSHDGAFLAVCDASKVVTVFSVADGYSENNVF	XVGAKGPVTDVAVCDASKVVTVVFYGHHAKIVCLA	0
PGSAVGKQPAPRNLVPKKSSFANVAAATPAIKKPP	EKTAPGSAVAPRNLVPKKSSFANVAMPVPEEKEPA	1
SRLQANQKSVLVSVSEVKAVAEMQFGELLAAVRKA	XXXXXNQKSVLVSVSEVKAVAEMQFGELLALLENY	0
SLPYNQPGTCYTLVALPKEDPTAVACTFSCMMKFT	HMVEPTEAYEVLLVALPKEDPTAVACVTVHFRGEE	0
IMKPASISEEELLNLINKLNNDDNVDGLLVQLPLP	LETIMKISEEELLNLINKLNNDDNVDGLLVICNAV	0
RLIRHCAKYVSDRPQAFKEYTSDDMNVAPEDRVWV	PATIDSFQYVSDRPQAFKEYTSDDMNVAPEDRVWV	0
SVANNRLFVGSIPKSKTKEQILEEFSKVTEGLTDV	XXXXXXLFVGSIPKSKTKEQILEEFSKLTDVILYH	1
VIPSPFKHADIVTTTTHKTLRGARSGLIFYRKGVK	FCSGSMAHISGLVTTTHKTLRGARSGVAASVHLGA	1
ANCVGKELAPHVKKHGSKLVPESLKKDKDGKSPLD	XXXXXXELAPHVKKHGSKLVPESLKKDKGKSPLDG	1
VETQRFQSISTEFLALMKKVSKSPLVMDVLNIQGV	RLIRWQWSISTEFLALMKKVSKSPLVDVLNIQVSX	0
AHRDVPRPILLGASAPLKIKCQSGFRKALHSDRPP	RPIVPVDSILLGASAPLKIKCQSGFMDDYSLCGLI	1
SPETKWIDATSGIYNSEKSSNLSVTTDFSESLQSS	SPETKWIDATSGIYNSEKSSNLSVTTDSSLQSSNI	0
GKPEIACENPHCTVVPLKQPTLHIADKDPIPEEQE	CWEEAISQKPHCTVVPLKQPTLHIAXXXXXXXXXX	0
HEAAGIVESIGPGVTNVKPGDKVIPLYAPLCRKCK	VRIQGIVESIGPGVTNVKPGDKVIPVVSDILAKID	1
KPTLFPAVPRLLNRIYDKVQNEAKTPLKKFLLKLA	XXXXXXRAPRLLNRIYDKVQNEAKTKKLIFKIQDS	1
PAGSVVQDSRLDTIFFAKQVINNACATQAIVSVLL	XXXXXXXXXXXXLIFFAKQVINNACATQAVSSFDA	0
VLKGHIAVSAAVFPTGTKGHLLDSFARSALWDSGL	XXXXXXXXAVAVFPTGTKGHLLDSFTGHGGPCGIS	0
AQVEKEDFSDMVAEHAAKQKQKKRKAQPQDSRGGS	SQVEKEDFSDMVAEHAAKQKQKKRKAQPQDSXXXX	1
NSNPKIVQLLAGVADQTKDGLISYQEFLAFESVLC	TPEFKIVQLLAGVADQTKDGLISYQEFAFVFQLFD	0
TGCAPPGKNIYYKSDLTKDVTTSVLIVNNKAHMVT	LYIGCAPPGKNYKSDLTKDVTTLDYTVQVPGAGSP	1
QKWDTERVFEVNASNLEKQTSKGKYFVTFPYPYMN	XXXXXXXVFEVNASNLEKQTSKGKYFQRKGKCCLT	1
KAGVKINPKNYTDNELEKITRRFTMELAKKGFIGP	WEVIEGYVIPYTDNELEKITRRFTMEREMSWIADT	1
EEEMDECEQALAAEPKAKDPFAHLPKSTFVLDEFK	XXXXPKTEQALAAEPKAKDPFAHLPKLDKLRKNAF	1
KKEQVSEAIKTSQIFLAKHGHKLSEKEKKQISEQL	EHVKVSEAIKTSQIFLAKHGHKLSEKEKKQISELX	0
EKEVQIPELSQVFVEDVKDILKSRLKEGHMNPQEV	XXXFPFAELSQVFVEDVKDILKSRLKEGHDNNEAE	0
DIERKSLAINEEFVSIFKEVKEELESISEDVQAMS	DIERKSLAINEEFVSIFKEVKEELESISEDVQAMS	0
LKKAAEVPNEELINLLLKFEIKEVILEFTKQQKEE	AKARFKVSGGLPINLLLKFEIKQLGTEATMLTVVS	0
CSENKLDIQEKKLINQEKKMFRIRNRSYIDRDSEY	XXXXXXHIQEKKLINQEKKMFRIRNRISEYLLQEN	1
KVASKNVIPALELVEPIKKHEVPAKSDVYCEVCEF	XKVSKNVIPALELVEPIKKHEVPAKSDVYCECSML	0
LHNLRKLFVQDLATRVKKSAEIDSDDTGGSAAQKQ	LHNLRKLFVQDLATRVKKSAEIDSDDTGGSQXXXX	1
GSSQKAHGILARRPSYRKILKDLSSEDTRGRKGDG	XSSQKAHGILARRPSYRKILKDLSSEDTRGRKNGS	1
SEQGLIEILKKVSQQTEKTTTVKFNRRKVMDSDED	QLQGLIEILKKVSQQTEKTTTVKFNXXXXXXXXXX	1
FNYKIQALGLGEDWNVEKGTSAGGGQKVRLLKKAL	XXXXXXVATKTEDWNVEKGTSAGGGQKYDQDSDSD	0
DATPYIKDLFTCTIKRLKAADIDQEVKERAISCMG	XXXXXXXVGFTCTIKRLKAADIDQEVKERAISCMG	1
WDMAKHGTDDGVVWMNWKGSWYSMRKMSMKIRPFF	AANPGGQYTDGVVWMNWKGSWYSMRKMXXXXXXXX	0
LLTEKVTTCGTDVIALTKQVLKGSRSSELLGQAAR	LLTEKVTTCGTDVIALTKQVLKGSRSSELLGQAAR	0
ASSFSSSVPTVKLFIGGKFVESKSDKWIDIHNPAT	XXXXXPTWYSVKLFIGGKFVESEAAIASCALMLLA	1
IVKKPMVLGHEASGTVEKVGSSVKHLKPGDRVAIE	IPEPGPNEVLLRMGTVEKVGSSVKHLKPGDRVIRF	1
KKVARTIGISVDPRRRNKSTESLQANVQRLKEYRS	GFSLEELRVAVDPRRRNKSTESLQANVQRXXXXXX	1
CMRTGIIFIPATILLKAKDILYRLQLSKAKGIVTI	XXXXXXXXXXATILLKAKDILYRLQLLASEVDSIA	1
TAILRRQGRYICSTVPAKAEEEAQSLFVTECIKTY	XXXXXXXXXXXCSTVPAKAEEEAQSLVTECIKTYN	0
FDYKEKLAKHESQQDYSKGFGGKYGVQKDRMDKNA	XXXXXKLAKHESQQDYSKGFGGKYGVQKDRMDKNA	1
TESKIPARVVFQIWDNDKFSFDDFLGSLQLDLNRM	YVKKTDVHYRSLIWDNDKFSFDDFLSFLWFTSPTX	0
PWCGHCKQLEPVYNSLAKKYKGQKGLVIAKMDATA	PVKVVLIELEPVYNSLAKKYKGQKGLVIAKDLEHL	1
NNDILSITQPDVIYQIHKEYLLAGADIIETNTFSS	XXXXXDGMMPDVIYQIHKEYLLAGADIIETVARKA	0
IQSQVDSQHVGHSVLTAKGMALFGEGKAEFTGRHD	LVYESFSKLEIQSVLTAKGMALKAEFTGRHNSLFF	0
AKRMKALVEQGFTVPEIKTILGTMPAFEVSLQALQ	XXXXXXXXXXGFTVPEIKTILGTMPAFEVSALTFQ	0
DNATDSVPLRTGIGVQLKDIKVFNRDRQKGTNVCA	DMFSVWSDRGSIIGVQLKDIKXXXXXXXXXXXXXX	0
GINLTDPMFRGIYRGVQKHQDDLQDVIGRAVEIGV	XXNLTDPMFRGIYRGVQKHQDDLQDVIAPWPTKKK	1
QKYQWHVEDLVPWIEDCKAKMSELRVTLDPVQLES	XXXXXXXXDLVPWIEDCKAKMSELRSRSKAMLNEV	0
LKHGYIPGKNRDLKVVKKNILDSKPTANKKCDLIS	EALIEAEEWFEDLKVVKKNILDSKPTXXXXXXXXX	1
KEYKSDSGKPYYYNSQTKESRWAKPKELEDLEGYQ	KEYKSDSGKPYYYNSQTKESRWAKPKELEDLEEKA	0
VGMNYVDHCKEQNVPVPKEPIIFSKFASSIVGPYD	VGMNYVDHCKEQNVPVPKEPIIFANQMVFKTEDLI	1
TEQRKIDQKAVDSQILPKIKAIPQLQGYLRSVFAL	IDISNVKIKAVDSQILPKIKAIPQLQGYLXXXXXX	1
HNHQPCSKLFSFYDYASKVNEESLDRILKDRRKKV	XXXEGFCKLFSFYDYASKVNEESLDRIWRMSYREQ	0
QDCRAEILHEIAVLELAKSCPRVINLHEVYENTSE	XXXXXPQIHEIAVLELAKSCPRVINLHEVLILEYE	0
LTAALRDVRQQYESVAAKNLQEAEEWYKSKFADLS	LTAALRDVRQQYESVAAKNLQEAEEWYKSKFADLS	1
NGVIVKINNQLTLDSNTKYFHKLNIPKLDFSSQAD	TVASLTLELSNGVDSNTKYFHKQADLRNEISSGKG	0
GKDLMEKVKSPELQAEAKSYFEKSKEQLTPLIKKA	GKDLMEKVKSPELQAEAKSYFEKSKEQLTPLIKKA	1
PSKKLKDEGVELFAIGIKNADEVELKMIATDPDDT	WSIGNFTVITDGKAIGIKNADEELAYNVADFESLS	0
NLLRAGRIFVFEPPPGVKANMLRTFSSIPVSRICK	XXHSIMEQPLFEPPPGVKANMLRTFSSIRLYFLLA	0
QENKLKFSQFLETEYKVKINPSSMFDVQVKRIHEY	XXXKLKFSQFLETEYKVKINPSSMFPRTVIADVVN	1
FGHALERGRDYEKNKVCKEFSHLGKEDFTSLSLVL	XXXXXXRGRDYEKNKVCKEFSHLGKEDFTSLSLVV	1
QHGPNVCAVQKVIGTNRKYFTNCKQWYQRKICGKS	XXXVLSCAVQKVIGTNRKYFTQWRKICKSTVISYE	1
FKLVNANGEAVYCKFHYKTDQGIKNLSVEDAARLS	NTPPHRHMNGYGSKFHYKTDQGIKPSWTFYIQHLI	1
GRDQIFKNTFQGIYSDQKICKDCPHRYEREEAFMA	XXXXXXXXXXXXXYSDQKICKDCPHRYEREEVRGE	0
GHGIGRLTAYEFAKLKSKLVLWDINKHGLEETAAK	TGEIVLITAYEFAKLKSKLVLACKGLGAKVHTVKE	1
SKLQQAAQQHIQQQLLAKQVKAFPASAALAPATPA	SKLQQAAQQHIQQQLLAKQVKAFPASAAXXXXXXX	0
SIGVSNFNHRLLEMILNKPGLKYKPVCNQVECHPY	MEKIGVFNHRLLEMILNKPGLKYKPVCCKDINXXX	1
RYSDRNMQINRHQYCALKAMSAVLCCGPVADNVGL	QLFFSWAFINRHQYCALKAMSAVLCIKVHQLGEAX	0
MDVVVCTLVLCSVQSPRKVLQEVRRVLRPGGVLFF	EDMRLDVCVLCSVQSPRKVLQEVRRVLLRETWKDL	1
DDFESPQKLAEFIDFLDKNDEEYMKYLAYKQPGGI	VRYKFAVKLAEFIDFLDKNDEEYMKYXXXXXXXXX	0
LVARAHNVPVLVCCETYKFCERVQTDAFVSNELDD	AGAHALLAGVMSCCETYKFCERTEVVLKXXXXXXX	0
SVRVGQAVDVVGQAGKPKTITGFQTHTTPVLLAHG	SVRVGQAVDVVGQAGKPKTITGFQTGERAELATEL	1
NQMRAFKSSATGSVFTGKAVREAKCGDFKAVIVEV	LQYHLLELNQMRAFFTGKAVREVIVEVSGXXXXXX	0
GTYAPPEVPRNRAVEVTKLAIEAGFRHIDSAYLYN	XXXXXXXFGTNRAVEVTKLAIEAGFRHIEQVGLAI	1
GTVQTGVDTAKTVLSGAKDAVTTGVTGAVNVAKGT	VSLTGTKDTVCSVLSGAKDAVTTVLMGTKDTVFLT	1
PAKRQAVTNPNNTFYATKRLIGRRYDDPEVQKDIK	XXXXXLGTTNSSVFYATKRLIGRVAWSPSQIGAVT	1
EQFKTKSQGPSLDLSALKSKAAQKAPSKATLIEAN	RMLKTKSQGPSLDLSALKSKAAQKAPSKATEANXX	0
ETGETLEPAGAHLVLEEKSSEKNEDFAAHPGEDAV	ETGETLEPAGAHLVLEEKSSEKNEDFAAHPXXXXX	0
GMFCFTGLKPEQVERLIKEFSIYMTKDGRISVAGV	NSKKMNLLKPEQVERLIKEFSIYMTKGYLHAIHQV	1
SVLPGFIATPMTQKVPQKVVDKITEMIPMGHLGDP	NVGQGFIATPMTQKVPQKVVDKITEMIPMGHLGDT	1
DLLRAARTLAGAVSDLLKAVQPTSGEPRQTVLTAA	HVQTVVGISAGAVSDLLKAVQPTSGEPRQTVLTAA	0
NLGAAVLRIPILYGEVEKLEESAVTVMFDKVQFSN	TGLLGRARRRRLYGEVEKLEESAVTVMFDKVQHVI	0
PLSVGVQLQDVPRGQVVKGSVFLRNPSRNNVPCSP	XXXXXRLLLVQLVGQVVKGSVFKVDFTLSSERDFA	1
SAARQAGPAPAAATAASKKFPGSAALVGAVRKPVV	XXXXXXGPAPAAATAASKKFPGSAALVGAVATVPQ	1
TMKLQSPEFQSLFTEGLKSLTELFVKENHELRIAG	XXXXXXXXFQSLFTEGLKSLTELFVKEHELRIIDF	0
RIEDLPTMVTLGNSFLHKLCSGFVRICMDEDGNEK	IAAGDSNVVMVGNSFLHKLCSGFVXXXXXXXXXXX	0
RPNFGHLTDPFDTPAFNKLYRVVPIRKIHALTITW	XXXXXLFSLAFDTPAFNKLYRVLTITWAYAVPQKA	0
IANPVNSTIPITAEVFKKHGVYNPNKIFGVTTLDI	AQHCPEITIPITAEVFKKHGVYNPKIGEDFVKTLK	1
SVDDLCKKAVEHNIQIGKFSQLVMNRATVLASSYD	SALGVCKKAVEHNIQIGKFSQLVMNAXXXXXXXXX	0
VRIKNPTRVEEIICGLIKGGAAKLQIITDFDMTLS	XXXKIITRVEEIICGLIKGGAAKLQIHIDNSNIIN	0
QFDYKAVADRLLEMTSRKNTPHFNRKRLSKLIKKF	KDHLVAVADRLLEMTSRKNTPHFNRKRLSKLIKXX	1
IVFSACRMPPSHQLDHSKLLGYLKHTLDQYVESDY	IARHQIVMPPSHQLDHSKLLGYLKHTLDNPSWLDA	0
VLIDPVLETAPRDAQLIKELGLRLLYAVNTHCHAD	RESREAVLTAPRDAQLIKELGLRLLYALLRSLLPG	1
RLRVFDSGVMVIELQSHKEEEMVASALETVSEKGS	IMEPLRLRVFVIELQSHKEEEMVASALELAERLLL	0
RPMFVSPCVDKSKNPDFKVFRYSTSLEKHKLFISG	DRMFVSPCVDKSKNPDFKVFRYSTSPPQRKVXXXX	1
SKAAARQKQLEDILVLAKQFHETAEPISDFLSVTE	XXXXXXQKQLEDILVLAKQFHETAEPISNVDQAIK	0
ASLTKDRLLASTLVHSVKKEQEFRSIFDHIKLPQA	PYLTKDRLLASTLVHSVKKEQEFRSIFDHIKXXXX	1
GDASKCLATGPGIASTVKTGEEVGFVVDAKTAGKG	XXXXXXXXXGPGIASTVKTGEEVGFVTPAAFYTAA	0
VVGTPSRILSHLQQDSLKLRDSLELLVVDEADLLF	EKPDVVRILSHLQQDSLKLRDSLELLLLCHLPXXX	0
QSAQQDSIKKANMKRENKAYSFKEQIIELELKEEI	XXXXQDSIKKANMKRENKAYSFKEQIIELELKEEI	1
AIQVRRKGKSTQVWTIEKLENKLIDMRDLYQEWKE	AYQVTEPAIQVQVWTIEKLENKLIDMRGDPFYEAQ	0
HLYSNPIKEEMTESKFSKYSEMSEEKRAKLREIEL	NLNNPMFREEMTESKFSKYSEMSEEKRAKLEKEKE	1
VSPLALHIKIISGQNFPKPKGACAKGDVIDPYVCI	XXXXXXXXXXXXGQNFPKPKGACAKGDVIDPYQQN	0
MLDKQKELDSKVRNVKDKVMCIEHEIKSLEDLQDE	XXXXXXXXDSKVRNVKDKVMCIEHEIEVVHKIIEL	1
LVVQCLQRATPEQYQILKENYGQKEAEKVARVKAL	DNKCVVCLATPEQYQILKENYGQKEKVARVKLYXX	1
DTRDNPKGLCDLCPSLEKQLLVFPGHKCGSLQLVD	DRMRHDKIVSDLCPSLEKQLLVLVDLASTKPSLNQ	0
YLVVSRPFLDLSHPRHLKSTHSELLEDYYQSGRML	YLVVSRPFLDLSHPRHLKSTHSELLEDYYQSGRMX	1
VKPEGTRIAVAQYSDDVKVESRFDEHQSKPEILNL	XLFLFDGSAVAQYSDDVKVESRLVMKIKTGKALNL	1
MILLEVNNRIIEETLALKFENAAAGNKPEAVEVTF	XXXXXXXXXIIEETLALKFENAAAGNKPEAVEVIS	0
AMPTKTIEVLQLQDQGSKMLLDSVLTTHERVVQIS	AMPTKTIEVLQLQDQGSKMLLDSVLTTHEEGVRGK	0
VTDNADGTYQVEYTPFEKGLHVVEVTYDDVPIPNS	ATTIANPSGASTYTPFEKGLHVVKVAVTEGCGAGI	0
TDPSLSEMVVVAIQILRKNPKGFFLLVEGGRIDHG	DPHNVDYLVVVAIQILRKNPKGFFLLTSDTXXXXX	1
LTRKRGLKLATALSLSNKFVEGSHNSTVSLTTKNM	SSVIDALQYKLELSLSNKFVEGSTTKAQIPILRMN	0
SAGKVNLGAFRTYPKGYKPPDEGPSEYQTIPLNKI	LSGVSQMQQFRTYPKGYKPPDEGPSFGVHCKQYYA	0
KQPTEEEASSKEDSAPSKPVVGIIYPPPEVRNIVD	XXXXXXXXXSKEDSAPSKPVVGIIYPRVDAAFPND	0
AFSLKYEQQTQSLVVHVKECHQLAYADEAKKRSNP	XXXXXGRIAFSLKVVHVKECHQPYVKTKTSIKINP	0
SFGDLSTPDAVMGNPKVKAHGKKVLGAFSDGLAHL	QFSFGDLPDAVMGNPKVKAHGKKVLGALLVXXXXX	1
SRDEERISKPGAVSTPVKHADDHTPKTVEEVTVER	XXXXXRISKPGAVSTPVKHADDHTPKTVESPEPKP	0
LEKWQKSIVEELCAWVEKFINVKAHHFQKRHKYSP	XXXXXXXXVEELCAWVEKFINVKAKYSPSDVFCKL	0
VDKLKSEGETIMSSSMGKRTSEATKMHAPPINMES	VNLAQIRTETIMSSSMGKRTSEATKMHASRISDDK	1
PECFNGRHVPLSGSQIVKGKLAGKRHRYRVLSSCP	FAPECFNGRHVPLSQIVKGKLAGKRHRYRVLLRIL	1
KKKKKCKDYKKKLSMQQKQLDWRPERRAGPSRMRH	YLKRESKDYKKKLSMQQKQLDWRPERRASXXXXXX	1
TQDQHVLFGKFAQIIQEKEVEIDQLNEQVTKLQQQ	TQDQHVLFGKFAQIIQEKEVEIDQLNEQVTKLQQQ	0
RFAECCREERPLNASALKLDLEEKLFGQHLATEVI	XXXXXXXXXXPLNASALKLDLEEKLFGQHLATEVI	0
SARSEQLEELFSQVGPVKQCFVVTEKGSKACRGFG	FVRSEQLEELFSQVGPVKQCFVGYVTFSMLEDVQR	0
FIVPLTDLRIPSVQINFKDLKNIKIPSRFSTPEFT	SLQALQKATFQTVQINFKDLKNIKXXXXXXXXXXX	0
LPQQSSPSVDVLPGVTLKAPQNQVTLRGRVPHLGR	XXXXXXXXXXXXXGVTLKAPQNQVTFYQAAHPTFP	0
VPTIQDQASAMQLSQCAKNLGTALAELRTAAQKAQ	MVAAAKASVAMQLSQCAKNLGTALAEGVDTXXXXX	0
SKENVKGGEKTPVSGSLKSPVPRSDIPEPEREQKR	KEKPKEEREKTPVSGSLKSPVPRSDIPEPXXXXXX	1
DLQKLKDELASTKQKLEKAENQVLAMRKQSEGLTK	DLQKLKDELASTKQKLEKAENQVLAMRKQSEGLTK	1
KLGASNSPGQPNSVKRKKLPVDSVFNKFEDEDSDD	XXFLEKKERQPNSVKRKKLPVDSVFNKFEVDSILM	1
AGNVKLEESADNILSIVKQRTGSFGDRPARPTLLE	TASTGLEESADNILSIVKQRTGSFGDRPEXXXXXX	0
LVQFDSGKLEALAILLQKLKSEGRRVLILSQMILM	XXXXXHLKLEALAILLQKLKSEGRRVLILHYLTFC	0
GVQEPTTGNWRGMLKTSKAEELLAEEKSKPIPIMP	XILTRNPGNWRGMLKTSKAEELLAEEQKGHAVNLL	1
KKTKKIKEKYIDQEELNKTKPIWTRNPDDITQEEY	KHSQFIGYPITLQEELNKTKPIWTEYGEFYKSLNR	1
VPPVPPASSTPYKPPYGKLLLPPGTDGGKEGPRVL	XXXXXXXXXXXYKPPYGKLLLPPGTFDKALVVSVN	0
RFLNHSTEHQCMQEFMDKKLPGIIGRIGDTKSEIK	XXXXXXTEHQCMQEFMDKKLPGIIGRILQILSKVQ	1
AFLNSQKAGKEKDGTKRKSLSDSESDDSKSKKKRD	AFLNSQKAGKEKDGTKRKSLSDSESDDSKSKKKRD	1
TPPNQRRRTLENLIPDTKYEVSVIPEYFSGPGTPL	PVAGGESRTLENLIPDTKYEVSTGNAATEEXXXXX	0
AVIYAGVRGYLDKLEPSKITKFENAFLSHVVSQHQ	ELLKQVAGGYLDKLEPSKITKFENAFLSVFLAGFE	1
EESSNNLTQFQTVEAQLKQWLVEKELMVSVLGPLS	XXXXXXXXQFQTVEAQLKQWLVEKELMFRKQYEQL	0
GESEKLVKNLFQLARENKPSIIFIDEIDSLCGSRS	ANNSTFFSNLFQLARENKPSIIFGVDNDGILVXXX	0
NRYCARLPSDPFTHLAPKCRTRELPDGTFYSTLYL	XXXXVEEIGINYCHLAPKCRTRSTLYLPISLRASI	0
FSCQRRTRFISLGEACKKVFLDCCNYITELRRQHA	MSCQRRTRFISLGEACKKVFLDCCNYIVDXXXXXX	1
DVTTSEYEKEKLNERLAKLSDGVAVLKVGGTSDVE	TMLLKGIRIIKLNERLAKLSDGVAVXXXXXXXXXX	1
TVVESSEKAYSEAHEISKEHMQPTHPIRLGLALNY	YESKVFLKAYSEAHEISKEHMQPTHPIRLGLALYL	1
AVGAHLPASGLDIFGDLKKMNKRQLYYQVLNFAMI	XXXXHLPASGLDIFGDLKKMNKRQLYYQVLNFAMI	0
ADPVVTFCETVVETSSLKCFAETPNKKNKITMIAE	XXXXXXXXXXXXETSSLKCFAEKITMIAEDTFKIL	0
ALQIMCERATQRIAFKKKLYAHEVVAHWIAESRIA	ALQIMCERATQRIAFKKKLYAHEVVAHWIAESRID	1
DAIRRLRLRGGSPLNTGKALEFVARNLFVKSAGSR	IDVQFSNDVFPSPLNTGKALEFVARNSQDDVSRFA	0
IASTQRPDGTWRKQRRVKEGYVPQEEVPVYENKYV	IASTQRPDGTWRKQRRVKEGYVPQEEVPVYENXXX	1
VTEDAKRLIAVADSVLTKVVGDLLSGTILVGQLEL	FNDILKLLIAVADSVLTKVVGDLLSGTILQLLIFL	0
VNCHFDPTISLKTVKLMKEGLEAARLKAHLMSQPL	AVRLVIIGVSLKTVKLMKEGLEAARLKAHLMSANL	1
SELNGKNIEDVIAQGIGKLASVPAGGAVAVSAAPG	SELNGKNIEDVIAQGIGKLASVPAGGAVXXXXXXX	0
NTTGALTTRLANDAAQVKGAIGSRLAVITQNIANL	AGEILTKRLRANDAAQVKGAIGSRLADYKAKSAIX	1
KKVVVSPTKKVAVATPAKKAAVTPGKKAAATPAKK	XXXXXXXXKKVAVATPAKKAAVTPGKKFSDVFAKN	1
AGGSKEVKHIAWLAEQAKLDGGRQQWRPVLMAVTE	XXXXXXXXXNLSLAEQAKLDGGRQQWRPVLLYDCH	0
PKSRVLKFSPGVDHIFFKVEILSNEDREWHESFSL	RCSTRYYPKSRVLHIFFKVEILFSLVLATVXXXXX	0
AMVLTKMKETAEAYLGKKVTHAVVTVPAYFNDAQR	GVILTKMKETAEAYLGKKVTHAVGTAGLNVASEAE	1
FKVHQYFNVELIQPGAVKVYAYYNLEESCTRFYHP	TSILDISMTLIIYPGAVKVYAYLEESCTRFYXXXX	0
VRVSWLGEEPVAGVWSEKGQVEVFALRRLLQVVEE	SNRLPHYGGINRGVWSEKGQVEVPSFAGHMGEGFT	0
MGPKGRTVIIEQSWGSPKVTKDGVTVAKSIDLKDK	XAVVTRTVIIEQSWGSPKVTKDGVTVAKSIDGTSD	1
ARRDCQEQAKIAVEAQNKYERELMLHAADVEALQA	ARRDCQEQAKIAVEAQNKYERELMLHAADVEALQA	1
FPLSPPKKKDLSLEEIQKKLEAAEERRKSHEAEVL	FPLSPPKKKDLSLEEIQKKLEAAEERRKSHEAEVL	1
KIYKKFLKKAQDLTSLLKELKSQGNYLLECTKNPS	SKEDLRMLKAQDLTSLLKELKSQGNYLLFSEEPWL	0
RRNLGLFQHHDAITGTAKDWVVVDYGTRLFHSLMV	WLKTFDYSRHDAITGTAKDWVVVDYGGAYQDDRGL	0
TQDQHVLFGKFAQIIQEKEVEIDQLNEQVTKLQQQ	TQDQHVLFGKFAQIIQEKEVEIDQLNEQVTKLQQQ	0
DRAAAQETVRLLGGPGSKEGPPRGNHAAFQADVSE	AAAAAQETVRLLGGPGSKEGPPRGNHAAXXXXXXX	1
PGRDAPAPAASQPSGCGKHNSPERKVYMDYNATTP	XXXXXXXXXASQPSGCGKHNSPERKVYVVLAQCRV	1
SSSGFGKSAPPQLPSFYKIGSKRANFDEENAYFED	XXXXXGKSAPPQLPSFYKIGSKRANFDEENAEDNL	1
YEKLQSSLESEVSVLASKLKESVKEKEKVHSEVVQ	YEKLQSSLESEVSVLASKLKESVKEKEKVHSEVVQ	0
YETRRYCTSSEVAAHYCKKYNIQYQENFYAWSAPG	YETRRYCTSSEVAAHYCKKYNIQYQENSAPGXXXX	0
YKAGMTHIVREVDRPGSKVNKKEVVEAVTIVETPP	XXXXXXHIVREVDRPGSKVNKKEVVEAVDNKKIYY	1
LIDLNKVILLDPSIIEAKMELEEVTRLLNLKDKTA	LIDLNKVILLDPSIIEAKMELEEVTRLLNXXXXXX	0
HVPISSEDERNAIFQLEKAILSNEATKSDLQMAVL	LLSRRPRDERNAIFQLEKAILSNEATKDLXXXXXX	0
KFCLSPLTNLCGKISNLKSPASDQQLMEDKTSRFT	VKFEGLAYALCGKISNLKSPASDQQFFFIGVAAGS	1
PSAEGGSTSSTLRAAASKLEQGKRVSEMPAAKRLR	GDEGGGSTSSTLRAAASKLEQGKRVSEMPAAKRDT	1
ARQGFPVGKGLAAALENKRTVIEQQPVLCEVFCRD	XXNAHSQKKGLAAALENKRTVIEQQPLCVFCRKVL	1
LHLQENNIRTITYDSLSKIPYLEELHLDDNSVSAV	TNLPKYVKELITYDSLSKIPYLELAFRDSNYLXXX	0
HRGRGSAQRDGKGRLALKTLSKKVRKELSRVDQRH	HRGRGSAQRDGKGRLALKTLSKKVRKELSRVDQRH	1
LEKPNYIVPDYMPVVYDKLPQPPSHREAIVNSCVF	EALYQVGKEVYMPVVYDKLPQPPSHREAIVNSCVF	0
LYKKSGKLVFLGLDNAGKTTLLHMLKDDRLGQHVP	XXXXXXXLVFLGLDNAGKTTLLHMLTSEELFTTFD	0
RYLWQHLKKHVVPLPDGKSTDFLPVDCPVRSKLKT	XXXXXXXXXXXXXLPDGKSTDFLPVDCRKLTGVLL	0
GNRVKGPEKEEKLRQAVKQVLKCDVTQSQPLGAVP	TDLLEKWLKEEKLRQAVKQVLKLVPLPAXXXXXXX	1
AHLYGIAGSTNVTGDQVKKLDVLSNDLVMNMLKSS	GAHLYGIAGSTNVGDQVKKLDVLSNDEEDDPLDGS	1
ELLTQMVSKGFLGRKSGKGFYIYQEGVKRKDLNSD	GVDLQMVSKGFLGRKSGKGFYIYQEVKRKDLNSDM	1
DIASAIKELLDTVNNVFKKYQYQNRRALEHQKKEF	FQDLNKKELLDTVNNVFKKYQYQNRRALEHQKKIL	0
DHSMAQTPRLIDGIVLTKFDTIDDKVGAAISMTYI	GKSTNKVGEALVGIVLTKFDTIDDKVGAAFVGTGQ	0
FLIEITANILKFQDTDGKHLLPKIRDSAGQKGTGK	FEIEITANILKFQDTDGKHLLPKIRDSXXXXXXXX	1
DSEGDDTEETEDYRQFRKSVLADQGKSFATASHRN	DSEGDDTEETEDYRQFRKSVLADQGKSFATASRGV	1
QVAKSDEKTWNLGLSNAKLSYYDGMIQLNYRGGTP	FDLSLTNVCGPGGLSNAKLSYYMIQLNYRTLITFX	0
IEKQKAKERYMKMHLAGKTEQAKADLARLAIIRKQ	IEKQKAKERYMKMHLAGKTEQAKADLARLAIIRKQ	1
VWDTPYHTVWDCDFSTGKIGWFLGGQLNVSVNCLD	XXXXXXXXXWDCDFSTGKIGWFLEDVHTGQAWPGM	0
YSKGFGGKYGIDKDKVDKSAVGFEYQGKTEKHESQ	YSKGFGGKYGIDKDKVDKSAVGFEYQGKTEKHESA	1
LVAPKAQRPSPKAPQKVKAAIASIPVGSFEAGASG	DSQALQERPSPKAPQKVKAAIASIPRVLSEVDFEE	1
SLVKSSLADSDHLQDWLKKLTLLIPETAVRHESCS	XXXXMSAYYDDHLQDWLKKLTLLIPRSCLAASTLL	0
CRALGSGMAVDCSTLTSKCLLLKARMSAPKNARTL	XXXXXXXXNMASVTLTSKCLLLKARDPDCDEGRFK	0
IANGNNQSPVDIKTSETKHDTSLKPISVSYNPATA	XXXXXXXXXVDIKTSETKHDTSLKPGPTVDLDFWT	1
SEFFLKTYAVGIQQVLLKILDQYRQKEYVAPRVLQ	TIIDRTVKLVGIQQVLLKILDQYRQKEYVVLAFYL	0
LQLSLYMKSVAGIGQTGKIEPVVLPLLWFAESGAM	TRAFAYMKSVAGIGQTGKIEPVVLXXXXXXXXXXX	0
KVLKGEIPWSQELRPEAKNFKTFFVHTPNRTYYLM	LFPEKFFAYLPAMRPEAKNFKTFFVHYYLMDGNAH	0
TMQGDREQLKWKNSSYGKVEGFWSKDQSQWKNASE	DFDAEWLFEKWKNSSYGKVEGFWSKDQXXXXXXXX	1
APFVQIGRFFLSSGLIDKVDNFKSLSLSKLEDPHV	AVKLTAPVQFLSSGLIDKVDNFYAGLHVVTVIALV	0
KKEQVSEAIKTSQIFLAKHGHKLSEKEKKQISEQL	EKQEHVEAIKTSQIFLAKHGHKLSEEKKQISLXXX	0
KHNQLPLVIEFTEQTAPKIFGGEIKTHILLFLPKS	KHNQLPLVIEFTEQTAPKIFGGEIKTHGILFIFIL	1
AGEATLQRIYSLWEHSTKNHLQLEGLFFTNGEHTS	GTSKIIWNLEVKEEHSTKNHLQFTNGEHTSVHASQ	0
HVRLCARDAFLSQELLYKEETLDEIAQMMVYVPKE	HVRLCARDAFLSQELLYKEETLDEIAQMMCSISQR	0
AVLVSRNLFRPSLPSSWKEMEGPPGLRLFGSPLSD	GLGSPAVLVRPSLPSSWKEMEGLSYYAYSPVRERX	0
GFLRCKNIIHVIGGNDVKSSVSSVLQECEKKNYSS	XXXXXXVSDYVIGGNDVKSSVSSVLQLPAIGTQHP	0
PRKQPPVSPGTALVGSQKEPSEVPTPKRPRGRPKG	PRKQPPVSPGTALVGSQKEPSEVPTPKRPRGRPKG	1
TGAPSKEGKEKKEKHKTKTAQQIAKDMERWARSLN	WAIQALEQSAKKEKHKTKTAQQIAKDMERWARSLX	1
PEAIRTVTSALKELYRTKLLPLEEHYRFGAFHSPA	XXXXXXXXXALKELYRTKLLPLEEHYALLLVRARL	1
AKADALYPVVSAASICAKVARDQAVKKWQFVEKLQ	ERELFLDVDVSAASICAKVARDQAVKXXXXXXXXX	0
GVSSRINEWLTKTPDGNKSPAPKPSDLRPGDVSSK	GVSSRINEWLTKTPDGNKSPAPKPSDLRPGDXXXX	1
VQCHACIGGTNVGEDIRKLDYGQHVVAGTPGRVFD	LVQCHACIGTNVGEDIRKLDYGQHVVAGRVDMIRR	1
TYGTEGLQQLQEFEAAIKQRDGIITQLTANLQQAR	TYGTEGLQQLQEFEAAIKQRDGIITQLTANLQQAR	0
HFTDEYLECVSKYTEQLKPFGDVPRKLKLQVTRAF	XNWALLEMFVSKYTEQLKPFGDVPRKLKIDAIMNM	0
KQIEICNRLEEPGNFVLKELHPFDLHAMQNIILKY	ETALRLVRLEEPGNFVLKELHPFDLHAMQNFSKWG	0
ADNFNDILKHLLTLADVKHVFRLCGTDEKILANVT	TSILQGLVIHLLTLADVKHVFRLCGTIADLHKNQF	0
EATELITETFTSKSAISKTAESSGGPSTSRVTDPQ	XXXXXXXXXXTSKSAISKTAESSGGEEFRNIDLKP	1
GSCGSSGRTAEKTSLSFKSDQVKVKQEPGTEDEIC	TPAPAPASTAEKTSLSFKSDQVKVKQEXXXXXXXX	1
TRDGKNATTDALTSVLTKINRIDIVTLLEGPIFDY	FSLLWNATTDALTSVLTKINRIDIVTLLEXXXXXX	0
INLLTGESDTQQIEAEKKPTSALDEPVSHWRPRLA	EEINLGESDTQQIEAEKKPTSALDEPVSHVINRST	0
TVENVFVKYKATLLDIYKTGEAVAEKDSEITFIKK	ACKPEIAYAYKVLLDIYKTGEAVAEKLIMGKFAED	0
YIQIEDKEGWAPATFIDKYKKTSNASRPNFLAPLP	IEKGWWYIQIAPATFIDKYKKTXXXXXXXXXXXXX	0
EKTTEAKMMKAGGTEIGKTLAEKSRGLFSANDWQC	XXKNFRVSDKAGGTEIGKTLAEKSRGLFSANDWQC	1
CEKSTKVITFIDLAGHEKYLKTTVFGMTGHLPDFC	HHEESGRTSSVDLAGHEKYLKTTVFGVGMTKEHMR	0
VKYCVEEEEKAAEMHKMKSTTQANRMSVDAVEIET	TLYCVEEEEKAAEMHKMKSTTQANRMSVDAVEIET	1
ELREKLAAAKEKRLLNQKLGKIKTLGEDDPWLDDT	XXREKLAAAKEKRLLNQKLGKIKTLGEDDPWRLEK	1
YPGSVYGRLIDLCQPTQKKYQIAVTKVLGKNMDAI	XXXXXXXXXXXICQPTQKKYQIAVTKVLVIDVIRY	0
SHGQASITTDDGVVFQFKSSKKSNNGTDVNAGQIP	DHEWWYVAWGQASIFQFKSSKKSGTDVNAGIPXXX	0
ERAMKDIHYSVKTNKSTKQQALEVIKQLKEKMKIE	ADKCVIEMYSVKTNKSTKQQALEVIKQLRADPGXX	1
GQAKEFSEHIDSVPNFLKNNGDFHRIGSIRVIGGV	HGQAKEFEHIDSVPNFLKNNGDFHRIGSIEKEHPI	0
TASVQNEAKLDEILKEIKSIKDTICNQDERISKLE	TASVQNEAKLDEILKEIKSIKDTICNQDERISKLE	0
TTLDAGNIKLAFNSLLEKAEAREREREKEEARKMK	VNTTFFNIKLAFNSLLEKAEAREREREKESDSDXX	0
VEEEEEEKVAEEEETSVKKKKKRGKKKHIKEEPLS	SVEEEEEKVAEEEETSVKKKKKRGKKKHIKEEPLX	1
DFNVPMKNNQITNNQRIKAAVPSIKFCLDNGAKSV	XXXXVDFNVPITNNQRIKAAVPSIKFLSPVAVELK	1
DLEIGPGQLSSSTFDSEKNESRRNLELPRLSETSI	XXXNKPGQLSSSTFDSEKNESRRNLELPRLSETTQ	0
ISVKAVCDYRQIEITICKNDECVLEDNSQRTKWKV	EQHSVKAVCDYRQITICKNDECVVSPTVPSVCFLI	0
LFAGQHISKSPFEVSVDKAQGDASKVTAKGPGLEA	KDPEYLPKVTGLHVSVDKAQGDTAGAGVGNQXXXX	1
RAPPGPAGLSGGESLLVKQIEEQIKRNAAGKDGKE	KLLGRSLGLSGGESLLVKQIEEQIKRNAAGKDLSC	0
PQCAAPSFDCGKPQVEPKKCPGRVVGGCVAHPHSW	XXXXXXVVQDTSPQVEPKKCPGRVGCVAHPHSWPH	0
ITQLPDIQEKLHQLQMEKLPSRKAITEMISWMNNV	DTIRSNIQEKLHQLQMEKLPSRKAITEMKWIVDFV	0
NITALKDQLLAAKHVQSKAIEARHASLMKRWSQLL	NITALKDQLLAAKHVQSKAIEARHASLMKXXXXXX	1
TQPGYANTLRDAAPKMYKEEGLKAFYKGVAPLWMR	TQPGYANTLRDAAPKMYKEEGLKAFYKGVXXXXXX	1
QQYSTIVKDYELQLMTYKAFVESQQKSPGKRRRML	EVRRVQLRDYELQLMTYKAFVESQQKSPGKRRRMX	0
VFEKDPIKYSQYQQAIYKCLLDRVPEEEKDTNVQV	XXXXXXXXXSQYQQAIYKCLLDRVPEQASLRAAKQ	0
KAGVKINPKNYTENELEKITRRFTMELAKKGFIGP	WEVIEGYVIPYTENELEKITRRFTMEREMSWIADT	1
AAAAAAATPAVRTVPQYKYAAGVRNPQQHLNAQPQ	KRKQQDTQPAVRTVPQYKYAAGVRNPQXXXXXXXX	1
RTIYENRIYSLKIECGPKYPEAPPFVRFVTKINMN	FRLLEEMTLTRWIECGPKYPEAPPFVPVLAKWQNS	1
LQEENLVITPRLFECSNKTGRFLATEIPDFNQDDL	GDESTRMEAVPDTECSNKTGRFLATEEDDVFGHAN	1
AYRTQNCFLNSEIHQVTKIWRKVAEKEKALLTKCA	TLRQQNCFLNSEIHQVTKIWRKVAEKEKALLXXXX	0
VDKVAFTGSTEVGHLIQKAAGDSNLKRVTLELGGK	VVDKVAFTSTEVGHLIQKAAGDSNLKRVTLLEGNX	1
QGVGDEEDEDEIIVPKKKLVDPVAGSGGPGSRFKG	XXXXXEEDEDEIIVPKKKLVDPVAGSGGPGSRFKG	1
RFLENRVNDAMNMGHTAKQVKSTGEALVQGLMGAA	RRAMLRVNDAMNMGHTAKQVKSTGEALVQGXXXXX	1
RLQQTQSLHSLRSISASKASPPGDLQNPKRARQDP	RLQQTQSLHSLRSISASKASPPGDLQNPKRARXXX	1
AGGAYVPAMADENIIVRKQGTIFLAGPPLVKAATG	XSRGKLDVVMGSCIIVRKQGTIFSAEDLGGADLHC	1
VGAQTFPSVSAPSKKVAKQMAAEEAMKALHGEATN	YCVATFPSVSAPSKKVAKQMAAEEAMXXXXXXXXX	1
IKEYPGKEVKKGLDNLYKKVDKHLCEEENLLQVVW	TPVVSLQPVKKGLDNLYKKVDKHLCENLLQVVWHM	0
PGLSVSGPQGHLESGSGKVTFPKMKIPKFTFSGRE	PDTAPSGPQGHLESGSGKVTFPKMKIPASIQAGAG	0
ITGSHDTTIRLWDLVAGKTRVTLTNHKKSVRAVVL	EPQIITGTIRLWDLVAGKTRVTLPDGXXXXXXXXX	0
ALGVSNFNHFQIERLLNKPGLKYKPVTNQVECHPY	MEELGVFNHFQIERLLNKPGLKYKPVCKGIDXXXX	1
QINPAFADAHSNLASIHKDSGNIPEAIASYRTALK	XXXXKVQALHSNLASIHKDSGNIPEAIASYRDAYC	0
ILNNWLEAQEERLKTLQKPESVISVQKLLLDCQDI	XXXXXXXXGAERLKTLQKPESVISVQKLLDCQVQL	0
FSYATKRQDNEILIFWSKDIGYSFTVGGSEILFEV	YTELSSTRGYSILIFWSKDIGYSFTEILFEVPEVT	0
QKLLEPLEAEIQQGVNLKEEDFNKDMNEDNEGTVK	XXXXXXXXAEIQQGVNLKEEDFNKMLRSQRRKKAL	0
FQVLVKSLKSWIKETTKKVPIVQPSFGAEDLGKSL	XXXXXXXLKSWIKETTKKVPIVQLKSLEDTKKLQE	0
PVLMHHGESSQVLHPGNKVTLTCVAPLSGVDFQLR	XXXMHHGESSQVLHPGNKVTLTLLVPRSFFHLNAV	0
ELATLKSQLNSQSVEITKLQTEKQELLQKTEAFAK	QLQQLKDQLNSQSVEITKLQTEKQELLQKETKELK	0
PQDPPKPVAAHSESSSHKPRPGPDPGPPKTKHPDR	TPSHASGREPHSESSSHKPRPGPDPKQTNRQTDKS	0
EVGVSGQGRDNALTLLIKAVPRKSLKDPNNSLTLW	VMFDKLLILDNALTLLIKAVPRKLTSAILLKLESP	0
KPGQVCQPSGGILSCVNKDPCHGVTCRPQETCKEQ	KPGQVCQPSGGILSCVNKDPCHGVTCTCKEQGGQG	0
EDQVVVNKAAVMVHQLSKKEASRHAIMRSPQMVSA	YDDALATIAAVMVHQLSKKEASRHAIMRCTAGTLH	1
SRPSFHPLSDELVNYVNKRNTTWQAGHNFYNVDMS	SRPSFHPLSDELVNYVNKRNTTWQAGHYSDFLLYK	0
ISTYGLPAGGIQPHPQTKNIKKKTKKRQCKVLFEY	XXXXXLPAGGIQPHPQTKNIKKKTKKRDEVTDDGE	0
GGEDFDNRMVNHFIAEFKRKHKKDISENKRAVRRL	XXXXXXNRMVNHFIAEFKRKHKKDISENKRAVRRL	1
YFSPVDKMQLLEIITTEKTSKDTSASAVAVGLKQG	AVSKRPEKVIGMIITTEKTSKDTSASAVVKDGIXX	1
EASFQPPPGVNICDVNWKDYVLIGDYSSSAQFYVT	EASFQPPPGVNICDVNWKDYVLIIELPPCXXXXXX	0
PKSTTSDIPHMLNQVESKVKDILSKVQKNHVGKPL	IPKSTTDIPHMLNQVESKVKDILSKVQKNHVGAXX	0
LHNEDQMAVEKLSDGIRKFAADAVKLERMLTERMF	TLLFRDWSVEKLSDGIRKFAADAVKLEXXXXXXXX	1
TSPPKQAEAVLKTLQELKKLTISEQNIQRANLFNK	XXXXXXXXXVLKTLQELKKLTISEQNIQRANLFLL	1
EALYQVGKEFTSKMDLEKPNYIVPDYMPVVYDKLP	XXXXXXXXXKTSKMDLEKPNYIVPQPPSHREAIVN	0
DATLMLPTQTISQGAIEKVKDATRKIAKAFAISGP	VAQEVEMAITISQGAIEKVKDATRKIAVQFLVKGN	1
ISKYLMDEGAHLHIYDPKVPREQIVVDLSHPGVSE	LGFAFKKDTGDTSIYDPKVPREQIISKDPCTEWDM	1
PLAKKLAVEKGIDLTQVKGTGPDGRITKKDIDSFV	SPLAKKLAVKGIDLTQVKGTGPDGRITKKDIDSFV	1
LAEIVFKVGKVIDPVTGKPCAGTTYLESPLSSETT	VLEIVFKVGKVIDPVTGKPCAGTTYLESPLSSETT	0
PVTIMDVFDQSALSTEAKEEMYKLYPNARRAHLKT	IFTIMDVFDQSALSTEAKEEMYKLYPARAHLGNXX	0
SLSGDHCIIGRTLVVHEKADDLGKGGNEESTKTGN	GFHDLGNVTADGAVVHEKADDLGKGESKTGNAGSR	1
FGIAAKYMLDCRTSLSAKVNNASLIGLGYTQTLRP	FETSINLFGIAAKYLSAKVNNASLIGLGYSALIDG	1
QYDQAKLSRILDVAQDLKALSMLLNGTPFAFVIDL	PIRQIMMSRILDVAQDLKALSMLLNGLAAREYLSX	0
INDMKAKVASLEESEGNKQDLKALKEAVKEIQTSA	INDMKAKVASLEESEGNKQDLKALKEAVKEIQTSA	1
ADNFNDILKHLLTLADVKHVFRLCGTDEKILANVT	TSILQGLVIHLLTLADVKHVFRLCGTIADLHKNQF	0
VFPVQPPFAEGSDECLPKVLNSNPPPIIKYLALQD	SIVFPVQPAEGSDECLPKVLNSNPPIKLALDLVHN	0
VPIRHSRKMRKLMLDLNKAKSMGQRLSLISKFRFN	SPIRHSRKMRKLMLDLNKAKSMGQRLSLISKFRFN	1
DVFSRYSGSEGSTQTLTKGELKVLMEKELPGFLQS	XXXXFYSGSEGSTQTLTKGELKVLMEDKDAVDKLL	1
ASALDCDLRASQAALFEKNKELADLKHVHGKLKKQ	ASALDCDLRASQAALFEKNKELADLKHVHGKLKKQ	0
FVVRAFLRSSTSEGLLLKIDPLLPKEVKNEESEKE	LQINPFVVRAFLRGLLLKIDPLLPKXXXXXXXXXX	0
ASVGELSSSGLGDPRLQKGHPTGSRLADPRLSRDP	DMHPDMHPDGLGDPRLQKGHPTGSRLXXXXXXXXX	1
NITGFMVGREYEAEGIAKDGAKMVAAVACAQVPKI	GTHGFMVGREYEAEGIAKDGAKMVAAVAAGYGGIF	1
MVTSESKNVKLTVSNVLKEIKILNIFGVIKGFVEP	KAHDPYTSFNHTPSNVLKEIKIAFVXXXXXXXXXX	0
KARNGNRSSTRSSSTKGKLELVDNKITTKKRSKSR	XXXEGNRSSTRSSSTKGKLELVDNKITTKLSPGRR	1
ARRTSCNRCGREKTTEAKMMKAGGTEIGKTLAEKS	NVNFARRTSCREKTTEAKMMKAGGPKYAKLEERXX	1
TITFTSSKNEELQGNDSKITPSSKELASQKGSVSE	XXXXXXXKNEELQGNDSKITPSSKELAQIIETDII	1
IETKNKFSQAKLLAGAVKHKSSESGNSVKRLKPDP	XXXKNKFSQAKLLAGAVKHKSSESGNSSGPSIHCP	1
HKSTRPVKKVSKEEKKSKKPPPVPALPSKLPTFGA	XXXXXXXKKVSKEEKKSKKPPPVPALPNTAHNKMP	1
FQTSRYKLHYYETPTGIKVVMNTDLGVGPIRDVLH	YLFRFLALHYYETPTGIKVVMRLHHIYSYGXXXXX	0
WKKRYFLLRASGIYYVPKGKAKVSRDLVCFLQLDH	KDDSWKKRYFLLIYYVPKGKAKVSRDLVCFLKYLC	1
ENWLKIQPTTPSEPTAIKSQLKICKDEVNRLSDLQ	XXXXWLQPTTPSEPTAIKSQLKICKDEVVREKELQ	0
QRATPEQYQILKENYGQKEAEKVARVKALYEELDL	DIQDNKCSVILKENYGQKEAEKVARVKAXXXXXXX	1
FKKALEELATKRFKGKSKEEAFDAICQLVAGKEPA	FKKALEELATKRFKGKSKEEAFDAICQLVAXXXXX	0
RGMRLDWFRLQAYTSVSKASLGLADHRELGKMMNT	NSSVCPEDELQAYTSVSKASLGLADHXXXXXXXXX	0
FLDLSLDIPSQFRSKRSKNQENGPVCSLRDCLRSF	XXXXXXXIPSQFRSKRSKNQENGPVCSDRFHTLRN	1
TLEALFGKQGFFPDSVNKALYWVNGQVPDGVSKVL	XXXXXXXKQGFFPDSVNKALYWVNGQVSLVFGYTK	0
KNCQDKLETSLHVLNQIKSQLQQPLLINLEIKHIQ	XXXXXXXXTSLHVLNQIKSQLQQPLNCEAFQEQVW	0
HKLQDLRDENFPLFVTSKQLLLLLDASLPKPFFLR	XXXXXFVTKNHCHFVTSKQLLLLLDAFIGWSAQEE	0
QQEDDKPEAVAARLRQYKDVAKPVIELYKSRGVLH	NIPFETLKAVAARLRQYKDVAKPVIELYQSXXXXX	1
NTIPWYRVVAEVQICHGKTEAVGQVHIFFQDGMVT	GATTSPGVYAEVQICHGKTEAVGQVTPGANGKVPM	0
EESSNNLTQFQTVEAQLKQWLVEKELMVSVLGPLS	XXXXXXXXQFQTVEAQLKQWLVEKELMFRKQYEQL	0
ASEKGTVIRVFSIPEGQKLFEFRRGVKRCVSICSL	TKLATAVIRVFSIPEGQKLFEFRLETVENQGXXXX	0
KNATKGTVNTEEKRKHIKSLIEKIPTAKPELFAYP	XXXXXXTVNTEEKRKHIKSLIEKIPTAELYRVKMW	1
TLVEEAIQCAEKIASNSKIVVAMAKESVNAAFEMT	VGAIVKKPVAEKIASNSKIVVAMAKETTDDRGNFK	1
RMQNQRSTGSFVGELMYKNSFDCFKKVLRYEGFFG	TRMQNQRSTGSVGELMYKNSFDCFKKVLRYEEKAL	0
TCAGSCKCKECKCTSCKKSCCSCCPVGCSKCAQGC	TCAGSCKCKECKCTSCKKSCCSCCPVGCSKCAQGC	1
KVEFNIRKPNEGADGQWKKGFVLHKSKSEEAHAED	PPEFNIRKPNEGADGQWKKGFVLHKSKSEEHFRKP	1
PSLGSNVACGLAYTDYHKAAMGLGARGLLLSRENE	IEFDVMALVGNAYTDYHKAAMGLGARGLLLSAHPV	0
METGETCVYPTQPSVAQKNWYISKNPKDKRHVWFG	XXXXXXXXXXXXXSVAQKNWYISFGMTDGFTYHCK	0
QDFPLMPNEESSLPAVEKEQASTEHQSRTSEEISL	AEEADHPNEESSLPAVEKEQASTEHQSRTSEEKEL	0
ELQDCALPLLKDVIATDKEDVAFKDLDVAILVGSM	AVLLDITPMMGLVIATDKEDVAFKDLALGIFSQGA	1
CHKCSTKEIPIIKFDLNKPVRVCNICFDVLTLGGV	CGRHSTKEIPIIKFDLNKPVRVCNICFDVLTLGXX	0
VVVDGVRTPFLLSGTSYKDLMPHDLARAALTGLLH	XXXXXXXTPFLLSGTSYKDLMPHDLAIEVELMSDV	1
LGELVGMTPEIIQKLQDKATVLTTERKKRGKTVPE	XXXXXXMTPEIIQKLQDKATVLTTERKKPSLHATG	1
GFKSKEGIPKLVADFMAKKFSLDALITHVLPFEKI	KAAELGGIPKLVADFMAKKFSLDALIXXXXXXXXX	1
CRGSFPRWYYDPTEQICKSFVYGGCLGNKNNYLRE	SNKVFPRWYYDPTEQICKSFVYKNNYLREEECILA	0
EEDLKLLQLKLRASVSTKCNLEDQVKKLEDDRNSL	EEDLKLLQLKLRASVSTKCNLEDQVKKLEDDRNSL	1
EKKIISEEHWYLDLPELKEKESFIIEEQSFLLCED	EKKIISEEHWYLDLPELKEKESFIIEEQSFLLCEX	0
IHNPATNEVIGRVPQATKAEMDAAIASCKRAFPAW	XXLFIVESKSDKWPQATKAEMDAAIASLKNIIHGQ	1
QNHLASLEKTGETLLTLKNLTNIDISKNSFHSMPE	DAWPSLQTLTGETLLTLKNLTNIQWPEKMKYTXXX	0
LRLRQLEKSLLQALNEVKGRILDDDTIITTLENLK	DQVKSLLKSLLQALNEVKGRILDDDTIITTLXXXX	0
YRFQGILPSSGSEDLLWKWDALKAYQNFVFEEDRL	IILGGICTVSGSEDLLWKWDALKANIVVQWKLXXX	0
HRCPLQDFLRLTEPVVPKDWQQECQLASGPADTEV	AQIRKNTALRLTEPVVPKDWQQECQLAXXXXXXXX	0
NLRVKTLRDLIHGAPVGKPAANRAFVSMVYSEEGA	GRGVKTLRDLIHGAPVGKPAANRAFIVGGPEQGDC	0
VSVVGIFSYDGAQDQFHKMVELTVAARQAYKTMLE	CVIPFVFAYDGAQDQFHKMVELTVAARELXXXXXX	0
PSPPPPTPTESRKKSGKKGQASLYGKRRSQKEEDE	ARKRKHTPTESRKKSGKKGQASLYGKRRSQKEEDE	1
MAVIVQDTETVPSVMDGKEYQAGRFARGLRLQCFR	NQKYRADDNTVPSVMDGKEYQAGRARLDIQDPVSD	0
HAACKEEKLAISREANSKADPSLNPEQLKKLQDKI	HAACKEEKLAISREANSKADPSLNPEQLKKLQDKI	1
RVTSIADRLNVEFALIHKERKKANEVDRMVLVGDV	XXXXXVSPDAGGAALIHKERKKANEVDRMVLVGLV	1
CNSTHPQVRAQTAELFAKMTADKLIGPKVRITLMK	TSSTIIALLAQTAELFAKMTADKLIGPKVRMDAMR	0
QCPQPAARRRRSVQLTEKRMDKVGKYPKELRKCCE	XISLPESLDGVQVQLTEKRMDKVGKYRCEDGMRDC	1
QRWKQLSNPQQEVQNIFKAKHPMDTEVTKAKIIGF	XXXXXXXXXXXAVQNIFKAKHPMDTVTKIANFRLE	0
EMVANWRHHPAVVEQWSKVICALTSRLLRFTYGPS	XXXEIGFELPAVVEQWSKVICALTSRFKVPDEDAS	0
INDISLQDYIAVKEKYAKYLPHSAGRYAAKRFRKA	FGKWSTDDVIAVKEKYAKYLPHSAGQCPIVERLTV	1
ILSSRKENGRSNSLPIKKTVHFEADTYKDPFCSKN	LTENGERTYTSNSLPIKKTVHFEADTVSXXXXXXX	1
RSRGFGFILFKDAASVEKVLDQKEHRLDGRVIDPK	KFGEVVFILFKDAASVEKVLDQKEHRIDPKKAXXX	1
KAPAAAVVRAAVSASRAKSAEAGIAGEAQSKKPVS	XXXXXAVVRAAVSASRAKSAEAGIAGEAQSNWKKA	1
KNSNQIKILGNQGSFLTKGPSKLNDRADSRRSLWD	WKNNQIKILGNQGSFLTKGPSKLNDRADSRRFPLI	0
RSLAAYTAACQAAGVAVKPWRTDSFCPLHCPAHSH	QAVLAAYTAACQAGVAVKPWRTFCYSICTCFEGXX	0
KPIRPIGIFSGYVDNPDKTAANIRGDFWLLGDRGI	KMAETETIFSGYVDNPDKTAANIRGFWLLGNXXXX	1
ARTGNEEQTRINLNCTQKALMQVVDFLSRNKQLYQ	EAVKGIDGVSVNLNCTQKALMQVVDFLSTEILSLE	0
LQVPRSGDGGGGRVRIEKMSSEVVDSNPYSRLMAL	XXXXXXXXXXXXRVRIEKMSSEVVSNPYSRLMALK	1
LFAGQHIAKSPFEVYVDKSQGDASKVTAQGPGLEP	ADPAYVPEVTGTHVYVDKSQGDATAGAGTGESFAX	1
DFSAFMKHLKKLWKALDKDQYLPRKLCDSARNLEW	QGYASLKHLKKLWKALDKDQYLPRKLCXXXXXXXX	0
REATKWSSKGNDIIAAAKRMALLMAEMSRLVRGGS	HREATKWSSKNDIIAAAKRMALLMADIASEVMVKV	1
REIISEMGELGVLGPTIKGYGCAGVSSVAYGLLAR	XXXXXXXXLSGVLGPTIKGYGCAGVSSVAYSSVMH	0
VFLHGLFGSKTNFNSIAKILAQQTGRRVLTVDARN	LLDGEAVVFKTNFNSIAKILAQQTGRRVLTVVHAP	1
KNELLQAQNPSELYLSSKTELQGLIGQLDEVSLEK	MREIKNELLPSELYLSSKTELQGLIGQVIEVQTLI	0
GSPSTSTMRLDLQFQAIKIISIIVKNDDSWLASQH	LAPRFILLRLDLQFQAIKIISIIVKNLLVLVTNWK	0
EDEGGNPDEIEITSEGNKKTSKRSSKGRKPEEEGV	RVIDLRAERKEITSEGNKKTSKRSSAKLPPPPRDX	1
DQVAEIVSKYDPNVYSIKYNNQLATRTAQAIFDDS	DQVAEIVSKYDPNVYSIKYNNQLATXXXXXXXXXX	0
SQRQTERDLCQVSHPHTKLMRIPSFFPSPEEPPSP	SQRQTERDLCQVSHPHTKLMRIPSFFPSPXXXXXX	0
SSGATSSKSSTLGPSALKTIGSSASVKRKESSQSS	SKGACSSKSSTLGPSALKTIGSSASVKRKESSQSS	1
SMDIDVSYKHKGALHNYKMTDKNFLGRPVEVLLND	KGLRLSMDIDVSALHNYKMTDKNFLGRVSTGFGSG	0
VYMFQYDSTHGKFHGTVKAENGKLVINGNPITIFQ	LNYMVYMFQYDKFHGTVKAENGKLVINGNPITIFX	1
TGGITEIMAEGGELEFVKRIIHDSLQLKKRLRWYS	XXLLCPPFAEGGELEFVKRIIHDSLQYSCMLSLAP	0
SFFPKGEDFYCVTCHETKFAKHCVKCNKAITSGGI	SFFPKGEDFYCVTCHETKFAKHCVCNKAITSGPWH	1
TKSNALDIIFQTDLTGQKKGWKLRYHGDPMPCPKE	DSLYCGHGFFQTDLTGQKKGWKXXXXXXXXXXXXX	0
APEPGPVPSSPSQEPPTKREYDQCRIQVRLPDGTS	XXXXXXXXXSPSQEPPTKREYDQCRIQTFRAREQL	0
EVGRTFDPTTSYVVEDLKPNTEYAFRLAARSPQGL	ETSITFREGDGRVVEDLKPNTEYARQRTLQSKPSP	0
REREMELYGPKKRGPKPKTFLLKAQAKAKAKTYEF	XXXXXELYGPKKRGPKPKTFLLKAQAKAKAKTYEP	1
KYVLHSVDLQSENPWDNKAVYMLYTELFTGFIKVL	KYVLHSVDLQSENPWDNKAVYMLYTELASSCLRSW	0
LFTDAIKLNPRLAILYAKRASVFVKLQKPNAAIRD	LNLAIDLFTAILAILYAKRASVFVKAAIDCRASQP	1
KTRAQAVHPGYGFLSENKEFARCLAAEDVVFIGPD	XXALNMMVHPYGFLSENKEFARCLAAVVFIGPDTH	1
VLIPGKLKQFVFDLHSGKLHREFHHGPDPTDTAPG	MYVFGKLKQFVFDLHSGKLHREFHHGPDPTGADVS	1
NLFFVEHNFPEQEIQEGKSHQNQHEAHFVVELCKY	IRVNSKRTENEQEIQEGKSHQNTTYTGQLFCVVRN	0
SDVSLYRITWAPFGSSDKMETILNGDENTLVFENL	EGFRGYRITWAPFGSSDKMETILLVFENLNTIYEV	0
FTAQGLPDLNHSQVYAVKTVLQRPLSLIQGPPGTG	QLPKRFTALNHSQVYAVKTVLQRPLSLITSATIVY	0
LMNAVVLTVKASYVASTKYQKVYGTAAVNSPVVSW	SACKQDLTVKASYVASTKYQKVYGTAAVSPVVSWK	1
FLKMADSGGQPQLTQPGKLTEAFKYFLQGMGYMAS	GDLKMADSGQPQLTQPGKLTEAFKYFMTRLSRSXX	0
KCSGQRGDRGPIGSIGPKGIPGEDGYRGYPGDEGG	XXXEEGSEQKPIGSIGPKGIPGEDGYRGRGVKGSR	0
KTTNVLGAVNKPLSSAGKQSQTKSSRMETVSNASS	YLKVRSHDNGKPLSSAGKQSQTKSKGSQRSRKRGX	1
STPKASAGPQPLLVQSCKAVAEQIPLLVQGVRGSQ	TIAAAQHAPQPLLVQSCKAVAEQIPLSFLQPGGKM	0
CVLRDFQEYLAAVESSMKALLTDKESLKVGPLDSV	XXXXXXXEYLAAVESSMKALLTDKESLFISIEKEK	0
VCEIGSKILSCGEVIHVKILGILALIDEGETDWKL	EYENLFNMLVCEIGIHVKILGILIAINANDEASKF	0
ALDVHESEPFSFSQGPLKDAPNLICTPHAAWYSEQ	ALDVHESEPFSFSQGPLKDAPNLICTPXXXXXXXX	0
GIADRLEAGLEQVHLALKAQCSTEDVDSLVAQLTD	GAPTTPEAGLEQVHLALKAQCSTEDVDSLVLPLRL	0
IIPRHLQLAIRNDEELNKLLGKVTIAQGGVLPNIQ	AAPRHLQLAIRNDEELNKLLGKVTIAQGGVLPNXX	1
ENKPPAHIAASHLSEPAKPAHSQNQSNFSSYSSKG	EEEYRKHIAASHLSEPAKPAHSQNQSNFSSSKGKP	0
AKAPAQLCEGCPLQSLHKLCERIEGMNSSKTKLEL	PMLPWQLCEGCPLQSLHKLCERIEGMTELQKHLTL	0
AAAEKTKQGVAEAAGKTKEGVLYVGSKTKEGVVHG	AAAEKTKQGVAEAAGKTKEGVLYVGSKTKEGVVHG	1
WEWSHLSFHWKPGQFVFKGDLDINVRTASKYDDCC	QANWEWSHLSFHWQFVFKGDLDHLPDLCMTLIKMD	0
CRFSNTGEDWYVLVGVAKDLILNPRSVAGGFVYTY	GQWASLEQNEAAFVGVAKDLILRSVAGGFVYKTPV	0
ATDRSTGKANKITITNDKGRLSKEEVERMVHEAEQ	QAQVYNLLGRFITITNDKGRLSKEEVXXXXXXXXX	1
GERPQITINEISEITSIKKEDVISTLQYLNLINYY	RYWSTITINEISEITSIKKEDVISTLXXXXXXXXX	0
PHVDGEPGDLRFRIKVVKHPIFERRGDDLYTNVTI	EEVYAIGVRDGMRIKVVKHPIFERRGDDLYTNTHL	1
LKKAAEVPNEELINLLLKFEIKEVILEFTKQQKEE	AKARFKVSGGLPINLLLKFEIKQLGTEATMLTVVS	0
KIETWHKPDLGTQENVHKLEPEAWKHVEAVYIDIA	CRKIETWHKDGTQENVHKLEPEAWKHVEACAYKLV	0
SQKLMAKMGFREGEGLGKYSQGRKDIVEASSQKGR	SQKLMAKMGFREGEGLGKYSQGRKDIVEAXXXXXX	1
GTIFGIYRKKSTDEPSEKDALQPGRNLVAAGYALY	KYVVCIYRKKSTDEPSEKDALQPGNLLIPTDIHQX	1
LTSHVKKTTPELEIVLQKVHELQGNAPSDPDAVSA	YCLSILTSHVELEIVLQKVHELQGNAVSAEEALYL	0
LASRFDVSGYPTIKILKKGQAVDYEGSRTQEEIVA	DTVLLPPIPVARFKILKKGQAVDYKVREVSQPDWT	1
FSSVKADSKAITTSLTTKWFSTPLLLEASEFLAED	XXXXXXXXXXXXXSLTTKWFSTRSAIQAQQPRKEP	0
TPKEEPTMKTSKKGSKKKSGPPAPEEEEEEERQSG	PKKGKPTMKTSKKGSKKKSGPPAPEEEEEEERESP	1
PVIKISYSTPQGKGEVVKIPSRVHGSLEPFRPQQA	RSPVIKISYSTGKGEVVKIPSRVHEPFRPQQAPQT	1
TYHGMTLKSVTEGASARKTQTPAAQPVPRPVSQAR	TYHGMTLKSVTEGASARKTQTPAAQPVPRXXXXXX	1
LPTACTIQLRGGQIMTLKRDETLQDGCDTHFCKVN	EECLPTACTIQLQIMTLKRDETLQDTHFCKVNEGE	0
STIVKERGTVYFKEGKYKQALLQYKKIVSWLEYES	ENLDVKRGTVYFKEGKYKQALLQYKKSNLAMCHLK	1
TEEDLKQISTLESVSTSKKDKKDERRRKATEGSGS	XXXDLKQISTLESVSTSKKDKKDERRRKGGGGGNA	0
YDEKLYDLHGDCSYVLSKKCADSSFTVLAELRKCG	XXXXXXXXXXXCYYVLSKKCADSSFTVLATLSLDG	0
FLSIHPSGKLALSVGTDKTLRTWNLVEGRSAFIKN	LKAHKGQVTFLLSVGTDKTLRTFIKNIKQNAHIVV	0
SSSKRQSQQLEALQQQVKQLQNQLAECKKQHQEVI	SSSKRQSQQLEALQQQVKQLQNQLAECKKQHQEVI	0
AQAVEHRKKAQAELASFKVLLDDTQSEAARVLADN	QHRKEHRKKAQAELASFKVLLDDTQSEAARVXXXX	0
QEDPSDPASKIASLLLAKLADYVVPGCQTVLSPTA	LLLDQVLLSVIASLLLAKLADYVVCQTLANMAAEV	0
WNKPLTSFGSAPSSEGAKNGQESGLEIGTDTIQFG	QPPSVTSFGSAPSSEGAKNGQESGLEQEKVEEKPP	0
KCAIWLAEQRVPLSVQLKPEVSPTQDIRLWVSVED	LSLTRAVAGGDALSVQLKPEVSPTQDVRPDMTVSQ	0
PKETSSATPGRDSKTIQKGSESGRGRQKSPAQSDS	PSSQSSATPGRDSKTIQKGSESGRGRQKSPAKIES	1
RNIGGKHARLYQTLNEGKQLVASVSCPELEGQIAK	WEEFDENYRLYQTLNEGKQLVASVSCPELEGQIAK	0
AVFGLGNKTYEHFNAMGKYVDKRLEQLGAQRIFEL	PYLFAVFGLGNHFNAMGKYVDKRLEQRFELGLGDX	1
VPGSPFKVPVHDVTDASKVKCSGPGLSPGMVRANL	XXXXXXXTTNHDVTDASKVKCSQVDTSKAGVAPLQ	1
KIRRSPSKPLPEVTDEYKNDVKNRSVYIKGFPTDA	XXGDFNLPRLPEVTDEYKNDVKNRSVLNQFVVFDS	1
PVNTSKTRPKQEKAFSLKTISTSDPAEVLVKNSQP	ELEKEIRRPKQEKAFSLKTISTSDPAEXXXXXXXX	1
LTASLPRELTLQDVELLKVGHVGPLQIGQAVKKPR	KFFTGSLAEVEQDVELLKVGHVGPLQIGQAVKKPR	0
TSSWRDGRLFNAIIHRHKPLLIDMNKVYRQTNLEN	XSRMVEYRLFNAIIHRHKPLLIDMNVQAFSVAERD	1
KAQYPIADLVKMLTEQGKKVRFGIHPVAGRMPGQL	NSIIIIADLVKMLTEQGKKVRFVPDIVDDTDLVLQ	1
LCNKPEEEKALLVQVVNKLGDPQNRIATKASHLLE	SHVKTALTAHLLVQVVNKLGDPQNRIATKASHLLE	0
LKQLDDLKVELSQLRVAKVTGGAASKLSKIRVVRK	KKQLDDLKVELSQLRVAKVTGGAASKLSKIRVVRK	1
ASESCSKNGPERGGQDGKASLEAHRDAPGAGAPPA	XXXXXXKNGPERGGQDGKASLEAHRDAPGSPVDTE	1
TGTAEKKLTVHNFDELKKVNKRIVRNICTTAGESN	FLSVVGILTVHNFDELKKVNKRIVRXXXXXXXXXX	0
SKGQPRGGVEEGPTVLRKAGLLEKLKEQECDVKDY	XXXXIIGPVEEGPTVLRKAGLLEKLKDGDLGIVNP	1
CISEGRAYDTDAGPVFVKVNRRTQARQMFEGEVAS	MLPGAGCISEGRAYVFVKVNRARMFEEVPMKVIDL	1
GDPNKPSGFRSVKAPVTKVAASIGNAQKLPMCDKC	GKDFEQPLSNSVKAPVTKVAASIGNAQKLPMCDKC	1
IEVTETICKRLLDYSLHKERTGSNRFAKGMSETFE	XXXXEEDWVRLPEYSLHKERTGSNRFAKGMSETFE	0
AGKQAVSASGKWLDGIRKWYYNAAGFNKLGLMRDD	XXXXXVSASGKWLDGIRKWYYNAAGFNKLGLMRDD	1
IEDGEAIDSRSLMIKTKKLIIDVIRNQPGNTLTEI	DSDLDFQELRSLMIKTKKLIIDVIRMIDAQLLKKK	1
LLKVNQIGSVTEAIQACKLAQENGWGVMVSHRSGE	PKIEVCLLLVTEAIQACKLAQENGWGVMVLVGLCT	0
WNYLRKDLDLVQTWNLEKLRSSAPGECHQIMKNLQ	XXXXXKDLDLVQTWNLEKLRSSAPGECHQIMKNLE	0
RAEEREIKFLDVLELAEKFWYDMAALLTTIKDTQD	XPAEVDIRFLDVLELAEKFWYDMAALLELEFIRIL	0
SKAVPWVILSDGDGTVEKGFKAEWLAVKDERLYVG	DRTGVVVILSDGDGTVEKGFKAEGGWVNENPWVKH	0
RKVPLDSSPATCHNNIMKQTMVDSSCRILTSDVFQ	XCAPTRSSPATCHNNIMKQTMVDSSCRLDVCIYDT	0
EGDYRTRHAACPVLVGCKWVSNKWFHERGQEFLRP	AGGATWPKKACPVLVGCKWVSXXXXXXXXXXXXXX	0
FQEFIKMTNYDVEHTIKKEMSGDVRDAFVAIVQSV	AEILEIATNYDVEHTIKKEMSGDVRDAFVVXXXXX	1
SGSLGGEYRVLFYVDSEKLKQNDFNSVEEKKCKSS	YNSIGKSYQLLFYVDSEKLKQNDFNELENALKAAS	0
ADNANACAKQYAGTGALKTDFTRTGKRTHLGLIMD	TNVIKNWADNANATGALKTDFTRTGKRTHLGLIMD	1
RIKQLQNISLAAASGGAKELKNIHVCLGGLFVPEA	PLFRFFEISLAAASGGAKELKNIHATYVQALDACS	0
IPGSPFKAHVVPCFDASKVKCSGPGLERATAGEVG	XXXXXXXSAGSPCFDASKVKCSGQVDCSSAGSAEL	1
LHYVDNKGFPTWLKLDKKVSAQEVRKENPLQFKFR	QLFDQGLHYDTWLKLDKKVSAQEVRKLQFXXXXXX	1
QTRAILNYIASKYNLYGKDIKEKALIDMYIEGIAD	XXLAALNYIASKYNLYGKDIKEKALIDMYIVHQDY	1
TTTATVLARSIAKEGFEKISKGANPVEIRRGVMLA	XXXXGARALSIAKEGFEKISKGANPVEIRGVEDQK	1
LLHVDAHTDTTDKALGEKLYHGAPFRRCVDEGLLD	HTITYPQTDTTDKALGEKLYHGAPFRRCVDEYXXX	1
KEMPTSGSKEKTKVEATKNETSAPFKERPTPSLNN	XKEGKNADGKIIKVEATKNETSAKVFDKVASQGEV	1
QQLRAEKASYAEQLSMLKKAHGLLAEENRGLGERA	QQLRAEKASYAEQLSMLKKAHGLLAEENRGLGERA	0
QNSNSQSTPGSSGQRKRKVQLLPSRRGEQLTLPPP	SQTNSQSTPGSSGQRKRKVQLLPSRRGEQLTLPPP	1
KVWVSDKASYAVSETIPKDHRCCMPYTPICIAKAV	EKVWVSDASYAVSETIPKDHRCCMXXXXXXXXXXX	0
TRFRVSWDPSPSPVLGYKIVYKPVGSNEPMEAFVG	XXXXXPPIVSWPSVLGYKIVYPMEAFVGEMTSYTL	0
FSGQKGPVGLAIDFPESKLYWISSGNHTINRCNLD	VHRKLYMLGLAIDFPESKLYWIINRCNLDGSGLEV	0
SWHNVYCVINNQEMGFYKDAKTAASGIPYHSEVPV	RKHSWHNVYCVINMGFYKDAKTAASGIPYHSEVPV	1
ELSYFGVKVAMIEPGYFKTAVTSKERFLKSFLEIW	XXXSGFGKLGISSPGYFKTAVTSKERFAEQMEQKC	1
FSRLMGPETTAKTIVLVKNVLSRHYVHLERSPWKG	SFLIGLRKLTAKTIVLVKNVLSRHYVILTLDLXXX	1
QLHLPNLNSQVDSPSSEKSPVMTPQFKFWAWDPEE	QLHLPNLNSQVDSPSSEKSPVMTPQFKFWAWDPQQ	0
DQASQLLAGTEATLGHAKTLLAAIRAVDRTLSELM	XXXXQLLAGTEATLGHAKTLLAAIRAVDRTLLGPQ	0
DEITSEKEIISKEQGNVKAAGASDVVLYKIDVPAN	REITSEKEIISKEQGNVKAAGASDVVLYKKDDSIE	1
KLLEDDFWADVSTLHVQKIISAISELLERLKSYGE	AIRAILCAINVSTLHVQKIISAISELLLYSVXXXX	0
DLKQRLGHRLQLTDLLIKPVQRIMKYQLLLKDFLK	IYHYYCKSELQLTDLLIKPVQRIMKYPXXXXXXXX	0
GWWVVIGDAKSNSLISIKRLTLQQKAKVKLDFVAP	VVLVQLGWWVVIGLISIKRLTLAKVKLDFLYFMSD	0
TIEKRLVNCEPIGTQASKLEEQIAQHKALEDDIIN	XXXXXXXXCEPIGTQASKLEEQIAQHKRSLLQQAL	0
LPSYKEKMAQAYDFALDKIGMEIMSYQIWVDYINF	LHIDLWKYLQAYDFALDKIGMEIMSYIWGNLKRVM	0
KNAQGIINPIEAKQRKGKGAVGAYGSERTTQSMQD	GLKKGAAEEAEAKQRKGKGAVGAYGSERKTEELKA	1
LNLVPDIEEIRPSSVVSKKGYLHFKEPLYSNWAKH	XXXXXXXLLLTHSSVVSKKGYLHFVVVRRPYVFIY	0
HPGSLVEKLPDSPALAKKALLALNHGLDKAHSLME	NAMTSNGKLPDSPALAKKALLALNHGLDKAXXXXX	1
TLDSVAKERARLQLELSKVREEFKELKARNTKKEG	TLDSVAKERARLQLELSKVREEFKELKARNTKKEG	1
SPTTVMSEGARNIVAAMKAHGVDKVVACTSAFLLW	AGQDAVIEGARNIVAAMKAHGVDKVVVLRESGLKY	1
NISLPKAIKLDLITSDLKREIQEVQAFTGNFVDLI	FISLPKAIKLDLITSDLKREIQEVQAFTNVDLISG	0
TYPSVKEQKAFEKNIFNKTHRTDSEIALLEGLTVV	ILDNDGDQKAFEKNIFNKTHRTDSEIALLEGLTVV	1
KVIMVTGDHPITAKAIAKGVGIISEGNETVEDIAA	PVPDVGVIMPITAKAIAKGVGIISEGNETDKACVE	1
ARLNGSFRYVVISQGLDKPRAITVHPEKGYLFWTE	XXXXXXXXXVVISQGLDKPRAITLFWTEWGQYPRI	0
DTVQSVKPWLTEIMNNYKVLIYNGQLDIIVAAALT	AHNLNGIAILTEIMNNYKVLIWKGQAGDFHQIRFI	0
FAKYFLHQSHEEREHAEKLMKLQNQRGGRIFLQDI	RQINLELSSHEEREHAEKLMKLQNQRGRILLLDFI	1
ASAFGASHHVAYFEASAKLRLNVDEAFEQLVRAVR	VFAINVGNKADLEEASAKLRLNVDAXXXXXXXXXX	0
EDVNAWERRAPLAPKHIKGITNLGYKVLIQPSNRR	XXXXXVLAVAPLAPKHIKGITNLGYKVLIIDKDYV	1
IWNINLQLRPSLITGIMKDSGNKPPGLLPRKGLYM	XXXXXXYDLSSLITGIMKDSGNKPPGLMLEGSLLK	1
ELTKKSEEVFQLQEQINKQGLEIESLKTVSHEAEV	ELTKKSEEVFQLQEQINKQGLEIESLKTVSHEAEX	0
PEASSPPASPLQHLLPGKAVDLGPPKPSDQETGEQ	HNSDPPPASPLQHLLPGKAVDLGPPKPSDQXXXXX	0
SHPQGPRGSPTGGAQLLKRKRKLGVVPVNGSGLST	RDRAKKGGSPTGGAQLLKRKRKLGVVPVKFDTPFL	1
QLQGRTEEALQLYNQIIKLKPTDVGLLAVIANNII	LAIIHGAEALQLYNQIIKLKPTDVGLLAVIANNID	0
NFHPLNELIPLVYIQDPKGNRIAQWQSFQLEGGLK	XXXXXXXXXXXXYIQDPKGNRIAPFQGSYKVPFTV	0
ESSWLIEDGKVVTVHLEKINKMEWWSRLVSSDPEI	LELYNEVKVEESSVHLEKINKMEWWSRLVXXXXXX	1
EKEVQIPELSQVFVEDVKDILKSRLKEGHMNPQEV	XXXXXXXXLSQVFVEDVKDILKSRLKEGHDTKILI	0
AMGHIMYFRFAQNTLGNKLFACGPDAKEVRKENQA	GLTLIMYFRFAQNTLGNKLFACGPDAKEVXXXXXX	0
QDKEGIPPDQQRLIFAGKQLEDGRTLSDYNIQKES	LDTIEVKPDQQRLIFAGKQLEDGRTLSDYNIQSTL	1
MRGKCTVGDRWSSQQGSKAVYPEGDGNWANYNTFG	XXXXXGKCTDRSSQQGSKAVYPEGDGVKYGEERAA	0
PDFSEDQEEKKKDSKKSKANLLERRSTRTRKCISY	XXXXXXXXEKKKDSKKSKANLLERRSTRTRKCISH	1
KIGNVMVTTSRNVVQTGKAVGQSVGGAFSSAKTAM	XIGNVMVTTSRNVVQTGKAVGQSVGGAFSAKMSSW	1
LEPRGEARSTAELYLTTKEIKLELKPPDIPDSRVP	NVTPDDEGVYAELYLTTKEIKLELKPPXXXXXXXX	0
PEVEGEMKVPDVDIKGPKVDISAPDVDVHGPDWHL	GPKMKKKPKIEGDLKGPKVQANLGAPDIXXXXXXX	1
GGFTVQNEANKYQISVNKYRGTAGNALMDGASQLM	ELLIKAHYGGFTVISVNKYRGTAGNALMDGIHNGI	1
GSQPTAERITQLSAPHCKKLSLELGGKNPAIIFED	PLISFAERITQLSAPHCKKLSLIGDFFTEXXXXXX	1
VFDRPLPVSRLVSLIGSKTQIPTQRYGRRPYGVGL	CNFMRQECSRLVSLIGSKTQIPTQRRRPYGVGLTC	1
RRFDGVQDPRILMAINGKVFDVTKGRKFYGPEGPY	XXXXRRDFTPLLMAINGKVFDVGRDASYDLSWESQ	1
KPGDKVIPLYAPLCRKCKFCLSPLTNLCGKISNLK	XXXXXXXXXYAPLCRKCKFCLSPLTNLCGKISNLK	1
QTTTIGGRQNSVVLQKLKPDTPYTITVSSLYPDGE	TYQPSTGEGNEQVLQKLKPDTPYTIRGKTKPLNEG	0
AALTSARTTANAIYCPPKLQATLDMQSGIIHAAEE	XXALVEVLLARAIYCPPKLQATLDMQSYFYEAFEG	0
KKSLGDDISSETSGDFRKALLTLADGRRDESLKVD	ILTLGDDISSETSGDFRKALLTLADGRDEDKFTEI	1
SPNQGPPPQVPVSPGPPKDSSAPGGPPERTVTPAL	XXXXXXXXXVPVSPGPPKDSSAPGGPCQQEEFEYI	0
GDRRIRIWGTEGDSWICKSVLSEGHQRTVRKVAWS	ASCRIRIWGTEGDSWICKSVLSLWKKNQDDFEVXX	0
LNVTGYYRVNYDEENWRKIQTQLQRDHSAIPVINR	STSGNEWVLNYDEENWRKIQTQLQRDHAIRILANN	1
VNAVFEWHITKGGNIGAKWTIDLKSGSGKVYQGPA	TFVFEVFEWHITKNIGAKWTIDVYQGPAKATTIIL	1
SVDDLCKKAVEHNIQIGKFSQLVMNRATVLASSYD	SALGVCKKAVEHNIQIGKFSQLVMNAXXXXXXXXX	0
DEIHERNLQSDVLMTVVKDLLNFRSDLKVILMSAT	VTVPYLIVLSDVLMTVVKDLLNFRSDLKVILFSEY	0
FWTKICKPVLHQGEVCTKQRKKGSHGLEIFQRCDC	XXXXXXXAVLHQGEVCTKQRKKGSHGLEIFQRCDC	0
GDGLFLQCCEEVAELYPKIKFETMIIDNCCMQLVQ	GRGKVTACCEEVAELYPKIKFETQFDVLVXXXXXX	0
NTVTPGGKPNKTRVIWGKVTRAHGNSGMVRAKFRS	LLITFYLGKRCAYVIWGKVTRAVRAKFRSNLIRVM	1
MFVKEQLSLLDRFTEDAKRLYGSEAFATDFQDSAA	RNMGNAMFLLDRFTEDAKRLYGSEAFNGIXXXXXX	1
QNRELKEQLAELQSGFVKLTNENMEITSALQSEQH	KTRELKEQLAELQSGFVKLTNENMEITSALQSELX	0
LCWHPSNPDLFVTASGDKTIRIWDVRTTKCIATVN	XKGHGDSVDQLVTASGDKTIRIATVNTKGENINIA	0
RADFQKVLQLYPNNKAAKTQLAVCQQRIRRQLARE	RADFQKVLQLYPNNKAAKTQLAVCQQRIXXXXXXX	1
SEVQASEAEMRLFYTTSKLGTGNRMYHTKEKADEV	XEVQASEAEMRLFYTTSKLGTGNRMYHPQKAERVK	1
PGCGNQNFAWRTECNQCKAPKPEGFLPPPFPPPGG	PGCGNQNFAWRTECNQCKAPKPEGFLPPPRXXXXX	0
TPKKTVPKKQVVAKAPVKAATTPTRKSSSSEDSSS	SSSSSSSKKQVVAKAPVKAATTPTRKSSSPXXXXX	1
VITKKIKVGEFFSHVVWKATDFDVLSYKKTMLHLT	XEFGLITKKIKVGEVVWKATDFLNVDGFYFSTLLP	0
LHRWNQKRYEALGEIITKYVYELLEKDCNLKKVSI	XXPDTLEAFEALGEIITKYVYELLEKDLKKFIFVV	0
RKVPLDSSPATCHNNIMKQTMVDSSCRILTSDVFQ	XXHPSVSSPATCHNNIMKQTMVDSSCRLDVCIYDT	0
AIQDYLSTQLAQDSEFVKTGSSSLPHLKKLTTLLC	FIQDYLSTQLAQDSEFVKTGSSSLPHLKKLTHSKG	0
GTPTEETWPGILSNEEFKTYNYPKYRAEALLSHAP	GTPTEETWPGILSNEEFKTYNYPKYFEXXXXXXXX	0
SDPTTSTMKLSWSGAPGKVKQYLVTYTPVAGGETQ	XXEVRGNPRDLWSGAPGKVKQYLVVTVRGDTTNSV	0
IRKLPFQRLVREIAQDFKTDLRFQSAAIGALQEAS	IRKLPFQRLVREIAQDFKTDLRFQSAAIGALQEAS	1
RPASERFAATTVEEILAKMEQPRKEVLASPDRLWG	GSKRPRFAATTVEEILAKMEQPRKEVLADPAQLTE	0
CQPLVPGPELRPSAAELKLEALTQRLEREMDAHPK	CQPLVPGPELRPSAAELKLEALTQRLEREMDAHPK	0
CQTFKLPLTPVFEGLAFKCIKLQFGGEAAQAEAWA	XXLVQAGLFPVFEGLAFKCIKLQFGAQEAWAWLAT	0
GPMQKELAEQLGLSTGEKEKLPGELEPVQATQNKT	GPMQKELAEQLGLSTGEKEKLPGELEELRPXXXXX	1
RILMAKSVKYTVNFLEAKEGDLHRIEIPFKFHMLH	KYLPNMPTIGTVNFLEAKEGDLHRIEAXXXXXXXX	0
EGLKSWEVNFGYIEHGEKRNALVKLRLCQECSIKL	KFGFRWEVNFGYIEHGEKRNALVKQEFDXXXXXXX	1
VESVTRSSTETCYSAIPKASSDASKVTSKGAGLSK	XXXXXRSSTETCYSAIPKASSDASKVTDCSKAGSN	1
RTYLDKAPPPGLPAETIKDLMRQFLRGLDFLHANC	XXXXXXXXXXGLPAETIKDLMRQFLRGTVVGIFAE	0
GSLASLSSPADSYNEGVKLQPQEISPPPTANLDRS	XXXXXXXXRSDSYNEGVKLQPQEISVKAVIEMSSK	0
EEELPVENREAVLKDHTKIRALVRAHSEKDQPPFG	EEELPVENREAVLKDHTKIRALVRAHSEKPXXXXX	1
LAFTCGLIRGGLSNLGIKSIVTAEVSSMPACKFQV	QGIYCGLIRGGLSNLGIKSIVTFQVMIQKLXXXXX	0
EVFMKNSFKDVDQMFQRKLGAQLEARRDDFCKQNS	YEAIVFMSFDVDQMFQRKLGAQLEARRSYHVLXXX	1
APAQSQTQFHVQPQPQPKPQVQLHVQSQTQPVSLA	XXXXXQTQFHVQPQPQPKPQVQLHVQSQTQPGAPG	0
VGSAAQTRAMKQVAGTMKLELAQYREVAAFAQFGS	NVGLSVSGSMKQVAGTMKLELAQYRELRGLTLLIG	1
QFRSQGSQAELHPLPQLKDATSNEQQELFCQKLQQ	XXXXXXXXXXXXPLPQLKDATSNEQQELFCQKLQI	0
VANADDSSKTELLFAALKALKYLFRFIIQSRVLYL	SLIGDNLYVTELLFAALKALKYLFRKIKGAALKYL	0
TDGSKWIKQYTGINAISKKEFSIDVGYERFLGPEI	LETAKAVRQYTGINAISKKEFSIDVXXXXXXXXXX	1
GEPITASLGTDGSHYWSKNWAKAAAFVTSPPLSPD	GITGPEGHVLDGSHYWSKNWAKAAAFVLPTAKAGK	0
GKTTTGQIVNLLSNDVNKFDQVTVFLHFLWAGPLQ	GMRLRVAMCNLLSNDVNKFDQVTVFLSAIERVSEA	0
SRIEDGVPQHLVLVLGGKSQDDVSRFAQVIRSSGI	VFSNSPLNTGKALVLGGKSQDDVSGVGDRNIDRTE	0
IGDMGVGKSCLLHQFTEKKFMADCPHTIGVEFGTR	XXXXXXGKSCLLHQFTEKKFMADCEFGTRIILIDN	1
EYRRTPNGVVLAPVQLGKWLVLFCDEINLPDMDKY	VVFHYCEYRVLAPVQLGKWLVLFLERIQFVEXXXX	0
LGEELGFASLHDLQLLGKLLLMGARTLQGIPQMIG	SKEVPEAASLHDLQLLGKLLLMGARTLQGLHYIFI	0
LDSLPLVDTHSKRTLLIKTVETRDGQVINETSQHH	RLDMHLEYQLLKRTLLIKTVETRGQVINETSQHHD	1
AARLKSHFQAQLQQEMRKTALAEDQLRQQSQVEEQ	AARLKSHFQAQLQQEMRKTALAEDQLRQQSQVEEQ	0
DQQLRDLGKFQVATDALKSREPQAKPQLDLSIDSL	DQQLRDLGKFQVATDALKSREPQAKPQLDLSIDXX	1
KFDAKGNEIEPNFSATRKVNTGFLMSSYKVEAKGD	HIHRRKDEIEPNFSATRKVNTGFLMSSYKVEAKGD	1
KAVHLLKKFQILDFTSPKQSVYLDLTLDMALGKKK	XXVHLLKKFQILDFTSPKQSVYLYPFASEKIATLD	0
VDTSLPRTLDELGIHLTKEELKLNIRPLLRLVCKK	VDTSLPRTLDELGIHLTKEELKLNIRPLLRLVCKK	0
TLSQAIQLGKVDFASTLKVLEAQANTGGIIDTATG	VDPENCRIPFVDFASTLKVLEAQANTIMVIIHXXX	0
DFPRGHVEELSISHQSLKTAFSSLSNVSSERTKQI	RKDMKLAEELSISHQSLKTAFSSLSNVXXXXXXXX	0
HDLRGQVAKLEAALGEAKKQLQDEMLRRVDAENRL	XDLRGQVAKLEAALGEAKKQLQDEMLRRVDAENRL	1
ENLEALQRPTLLHLIHGKVKEFYSYQNEAVAIENI	TTGLSDDDQLILHLIHGKVKEFASLFQTQLSTNEV	1
QGHEKLLRTLFEDAGYLKTPEENEPTQLEGGPDSL	WMRDKLLRTLFEDAGYLKTPEENEPTXXXXXXXXX	0
NSQFPFPQITNNEELNQKGSLKKATVTLKDEPNNL	GRKEEYVTGTNNEELNQKGSLKKATVTLKDESEYV	0
PFSQPEEQDAKLALIQEKTKNRYFPAFEKVLKSHG	DLGEMILLDAKLALIQEKTKNRYFPAFELLYVELD	1
MAARRITQETFDAVLQEKAKRYHMDASGEAVSETL	XXARRITQETFDAVLQEKAKRYHMDASGFELETAF	1
SVLVIKKMRDASLLQPFKELCTHLMEENMIVYVEK	XXXXXXXVIKASLLQPFKELCTHLMEVYVVLDAIA	0
ASDALDKIRYESLTDPSKLDSGKELKIDIIPNPQE	XXDALDKIRYESLTDPSKLDSGKELKDTGIGMTFT	1
NKTTLQKMGKKQNGKSKKVEEAEPEEFVVEKVLDR	XKTTLQKMGKKQNGKSKKVEEAEPEEFDTWEPENL	1
QPLPPGVTVTSWLGKPWKPGDKEPCAHPNSRFCAP	QPLPPGVTVTSWLGKPWKPGDKEPCAHPXXXXXXX	1
SAAGFKDIRSYRYWDAEKRGLDLQGFLNDLENAPE	XXXXXXXXXSPRYWDAEKRGLDLQGFHPTGIDPTQ	1
TIEKRLVNCEPIGTQASKLEEQIAQHKALEDDIIN	XXXXXXXXCEPIGTQASKLEEQIAQHKRSLLQQAL	0
KNYKGYEKKPYCNAHYPKQSFTMVADTPENLRLKQ	KNYKGYEKKPYCNAHYPKQSFTMVADXXXXXXXXX	1
EFTVKSKGAGGQGKVASKIVGPSGAAVPCKVEPGL	XXXXXXXXXXEFTVVASKIVGGAAVPCKVESVVRF	1
PVIWAEVGDTIRVTFHNKGAYPLSIEPIGVRFNKN	KLVYREYASFTNRTFHNKGAYPLSIHVAPTETFSG	1
VGSLKSTPENHPETPKKKSDPELSKSEMKQSESRL	SYTTHQASVSHPETPKKKSDPELSNKSKVDTNKAH	1
VLGLVDEVKSKLDIWNIKYGSRESVELLLEDWHKF	XXXXXXXXXXKLDIWNIKYGSRESVELLLNVKTLQ	0
RKAIIIFVPVPQLKSFQKIQVRLVRELEKKFSGKH	QLRELNIVPVPQLKSFQKIQVRLVRELVFIAEDLV	1
KDKVQYECATGYYTAGGKKTEEVECLTYGWSLTPK	YSKVQYECATGYYTAGGKKTEEVESLTPKCTKLKC	0
ISDTGRYTCVAVNAAGEKQRDIDLRVYVPPNIMGE	LGPGRRYTCVAVNAAGEKQRDIXXXXXXXXXXXXX	0
TTFAVTSILRVAAEDWKKGDTFSCMVGHEALPLAF	WLQGSQELLRVAAEDWKKGDTFSTIDRLAGKXXXX	1
ATCTSLGSSIQGLPTNVKDQVQQARRQVEDLQATF	LKCTSLGSSIQGLPTNVKDQVQQARRQAREALDHM	0
AKREVENSEDPKFREAVKAASDELSKTISPMVMDA	AKREVENSEDPKFREAVKAASDELSKTAVAKVREA	1
SDLPSAILQTSGVSEFTKKRSKLVLPAPQISDAEL	APDPSAILQTSGVSEFTKKRSKLVLPAXXXXXXXX	1
IKKKFKLTGPIQVIHLAKACCDVKGGKNELSFKQG	XXXXXXXXXXXXVIHLAKACCDVLSFKQGEQIEII	0
AIKNPKATLRYFQHLLGKQADNPHVALYQARFPEH	XXXXXXXXXXXFQHLLGKQADNPHVALYFDRQTVH	1
RRFKETNDKAELDRQWKKISAIIEKRKKMEADGVE	ERFKETNDKAELDRQWKKISAIIEKRKKMEADGVE	1
AKTFQMDDYSLCGLISHKDQHSPGFGENHLVQLIY	VKLMQADGASLCGLISHKDQHSPGFGEXXXXXXXX	0
FCRWREVSAKERSSLLRKWYNLMIQNKDDLARIIT	XXXXXXXXAKERSSLLRKWYNLMIQNKSAFFLEWF	1
QLSKQYSSRDLPSHTKIKYRQTTQDAPEEVRNRDF	LLSKQYSSRDLPSHTKIKYRQTTQDAPEEVRNRDF	1
IITNRLEYEARNQKKEAKELAFLEAARQQAAQPLG	EYTNRLEYEARNQKKEAKELAFLEAARQQAAQXXX	1
FGSTKLQQESTFLFHGNKTEDTPDKKMEVASEKKT	TPIFKDYQESTFLFHGNKTEDTPDKKMXXXXXXXX	0
LDRDTVFALVNYIFFKGKWERPFEVKDTEEEDFHV	XXXXXXXXSQLQLFFKGKWERPFEVMMKYLGNATA	1
ESTMKLVTNLSGQLSELKDQMTEQRKQKQRIGLLG	ESTMKLVTNLSGQLSELKDQMTEQRKQKQRIGLLG	0
KDLGNIIHNLCGHDLPEKAEGEPKENGLVILVSVI	XPIGNIIHNLCGHDLPEKAEGEPKENGLVLHLAPR	0
CGVNPVETYIRSGTYSRKPLLPYTPGSDVAGVIEA	PVLNPVETYIRSGTYSRKPLLPYTPGSSTISGGTL	1
KEVDSKPVSQKPPPPSEKVEVKVPPAPVPCPPPSP	PMMQVAPVSQKPPPPSEKVEVKVPPAPVPCPPPSP	0
KHGVGRIDIVENRFIGMKSRGIYETPAGTILYHAH	LENPKNIDIVENRFIGMKSRGIYEYTXXXXXXXXX	1
LKAYDGRFKDIFQEIFDKHYKTDFDKNKIWYEHRL	YAIPLMRFKDIFQEIFDKHYKTDFDKNIWYEHPXX	1
DEGLYSRQLYVLGHEAMKRLQTSSVLVSGLRGLGV	DIDELYSQLYVLGHEAMKRLQTSSILGGVKAYVQT	1
GELAVRALEQFATVVEAKLIKHKKGIVNEQFLLQR	ALGCMKGLSQFATVVEAKLIKHKKGIVNEQFLLQR	1
AEDRTFARVIVGGSSEYKINNKVVQLHEYSEELEK	SMVYDRTFARVIVSSEYKINNKVVQLHEYSEELXX	0
IRFLDKLPQQTGDHAGIKDRVYSNSIYELLENGQR	QARITKLPQQTGDHAGIKDRVYSNSEATPXXXXXX	0
SAFTALSEERDQLLSQVKELSMVTELRAQVKQLEM	KAFTALSEERDQLLSQVKELSMVTELRAQVKQLEQ	0
HCLQSRARPADCVLCPNKGGAFKKTDDDRWGHVVC	XXCCLHARPADCVLCPNKGGAFKRWGHVVCCVGHV	0
QISPEGRAAMEPIVISAKTMLESAGGLIQTARALA	LCFTEAAAAMEPIVISAKTMLESAGGTVDSIKLSX	0
ASLRAASCGEGKKRKACKNCTCGLAEELEKEKSRE	ITKKAASCGEGKKRKACKNCTCGLAEELEKEKSRE	1
MIPLKGSTLTSPCQDFGKRMFVFKITTTKQQDHFF	XXXXXXVKNTWPCQDFGKRMFVFFFQAAFLLNEGL	1
TAKVAPSAVLGPNVSIGKGVTVGEGVRLRESIVLH	PFRAVYIHPTAKVVSIGKGVTVIVLHGATLIVGWG	0
WLVEGNSSRSAQLTGLGKYVLYEVQVLAFTRIGDG	XLATTSSSMKEKLTGLGKYVLYERTLDDVPGPPAA	0
QDGSVVQFKIKRHTPLSKLMKAYCERQGLSMRQIR	INLKVVQFKIKRHTPLSKLMKAYCERQLSMIRFIN	1
ESYDKIRAAGGHLCQQPKDIECQAESFPNWTLAQV	WTEWFESYDIGHLCQQPKDIECHCDVHFGLIRVLC	0
CMNLIKMIVKNYAYKPSKNFEDSSPETLEAHKIKM	XXXPFTMIVKNYAYKPSKNFEDSSPETLEAHKIKM	1
KYALNYLELFHTSIEQEKERNSEDAVMTAVRAWEF	ASSLNYLELFHTSIEQEKERNSEDAVMTAVRAXXX	0
ARVACPQCNAEYLIVFPKLGPVVYVLDLADRLISK	KQRGNSTARVEYLIVFPKLGPVVYVLDLADRLISX	0
IPLYIPQCGECKFCLNPKTNLCQKIRVTQGKGLMP	XXXXIPQCGECKFCLNPKTNLCQTGAAVNTAKLVT	1
SDDDSSDDEQEKKPEAPKLSKKKLRRMNRFTVAEL	SDDDSSDDEQEKKPEAPKLSKKKLRRMNRFTEVTA	1
KVCLIGCGFSTGYGSAVKVAKVTPGSTCAVFGLGG	XXXXPESNFSTGYGSAVKVAKVTSVMGCKAAFFTS	1
ADQDQCIRHYEGSTVPEKKTPKSPVGVQPILNEHT	ADQDQCIRHYEGSTVPEKKTPKSPVGVQPILNEHT	1
NKKIETHKLTFRENAKAKTDHGAEIVYKSPVVSGD	GEEAETHKLTFRENAKAKTDHGAEIVYKSPLNSST	1
ETVRIVALDRSFHIGCYKCEECGLLLSSEGECQGC	CSVCRIVALRSFHIGCYKCEECGLLLSSECQGCYP	0
HDDVGWLKTVDQYFYGIKNDIQHAGVQYILDSVIS	XDDVGWLKTVDQYFYGIKNDIQHAGVQYILDFQES	0
IKDTEPLIQTAKTTLGSKVVNSCHRQMAEIAVNAV	DKVTNDGDGTAKTTLGSKVVNSCHMAIIEEAKRSL	1
ENFEKSFTVMELVKIIYKNTPENLHEMAKHNLLLH	LTLFENFTVMELVKIIYKNTPENLHEMAKHNLLLH	1
LDPYVQRLAETVFNFQEKVDDLLIIEEKIDLEVRS	LVAGLKKEVETVFNFQEKVDDLLIIEDLNLHSYSX	0
AHVAGKTTGEVVSGVVSKVFNQPKAKAKELGIEIC	DSNAVQLGLEVVSGVVSKVFNQPKAKELGIELGNN	0
LLKIKTELCKKEVLNMLKESKADIFVDPVLHTACA	KLRYADQIKKKEVLNMLKESKADIVDRGMRIEMWS	1
LASEDYGKDLASVNNLLKKHQLLEADISAHEDRLK	XVLLSDYGDLASVNNLLKKHQLLEADIAARRAKLN	1
SDFDACLITKAGLQVYNKCWKFEHCNFNDVTTRLR	TAVNCSFDACLITKVYNKCWKCVRLYYCCLCNFXX	0
KNQRCIPKPQVCLTTFDKFGCSQYECVPRQLACDQ	NGRGLQHQFQVCLTTFDKFGCSQDKEKLDTIAKVT	0
ELQLRVRQLVEQVEQIQKEQNYQRWREERFRQTSE	QVGEHANQLVEQVEQIQKEQNYQRWREEXXXXXXX	0
KVEEEIQTLSQVLAAKEKHLAEIKRKLGINSLQEL	KVEEEIQTLSQVLAAKEKHLAEIKRKLGINSLQEL	1
VLHPRHYTFASGSPDNIKQWKFPDGSFIQNLSGHN	HKVAVVLTFASGSPDNIKQWKGSFIQNLSGHILLS	0
IPVIAVDSDKNQLATANKMITSVLEKEASKMQQSG	VIAVIAVDDKNQLATANKMITSVLEKEAPKPRLTS	1
CHVLDPTPVARCSVRQLKEHAVEGDCDFQLLKLDG	XXXXXXXXLETTSVRQLKEHAVESPDSAEDVRKVC	1
GQKIFYVNYLSELSEHVKLEQLGIPRQVLKYDDFL	KIIVTLLYYLSELSEHVKLEQLGITREPWAKDAAT	0
VTSKSVKIYIDCYEIIEKDIKEAGNITTDGYEILG	HIVVTSKSVKIYIEIIEKDIKEAPXXXXXXXXXXX	0
LERLEQSKALVSNLISTKEELMKLRQILRLLRLRC	DIYTNLSMALVSNLISTKEELMKLRQIVSALWEKW	0
STVTLSWKPVQKVEIGQKRASEDTTSGSPPKKSSA	YKSTVTLKPVQKVEIGQKRASEDTTSGSPSGKYSS	1
KLKESCVRRRYSDFEWLKNELERDSKIVVPPLPGK	XXXXXXXXXRYSDFEWLKNELERDSKIVVPPLPGK	0
TLNSDLKYNALDLTNNGKLRLEPLKLHVAGNLKGA	NLQLSLVTTLNSDTNNGKLRLEKLHVAGNLIYAIS	0
ISEWRNCTIVSPDAGGAKRVTSIADRLNVDFALIH	HASQYAETIVSPDAGGAKRVTSIADRLVDFALIHV	1
DYRTRVLKISEEDELDTKLTRIPSAKKYKDIIRQP	TMVVDYRTISEEDELDTKLTRIPSAKKXXXXXXXX	1
ALKNQLQERDRLFHSLEKEYEKTKSQREMEEKYIV	ALKNQLQERDRLFHSLEKEYEKTKSQREMEEKYIV	0
SESNKRKSNFSNSADDIKSKKKREQSNDIARGFER	EEHNTWMSNFSNSADDIKSKKKREQSNDIXXXXXX	1
ARSNIWVAGDAACFYDIKLGRRRVEHHDHAVVSGR	XXXXXXXXXXNACFYDIKLGRRRVPYWHQSMIGLV	0
NISSKMKGLNGKVSDLEKAAAQRKAKLDENSAFLQ	TDFTHKKGLNGKVSDLEKAAAQRKAKLDXXXXXXX	1
EKYNNPAMLHNIDQEMLKCIELDERLKAMDQEITV	ERYFYPAMLHNIDQEMLKCIELDERLKAMDXXXXX	0
PYLLPFISKLPQSITNPKLDFFKNFLTSLVAGLST	XXXAKFISKLPQSITNPKLDFFKNFLTCLRFIMQQ	0
GSPWRTMDASERGRLLYKLADLIERDRLLLATMES	XXXXXXXXXSERGRLLYKLADLIERDRCIKTLRYC	1
LPEDAIHTMIENLQPETKYRISVFATYSSGEGEPL	WKSLYDDVDTINLQPETKYRIGDATTELAPGKYMG	0
LNVAHEEIDLRNPKGNKKNAGFTPQERQGFGELLQ	RQNVAHEEDLRNPKGNKKNAGFTPQERQGFGWLXX	1
WKPGAPFSIEEVEVAPPKAKEVRIKVVATGLCGTE	XXXXXXXTTGQVIVAPPKAKEVRIVESIGEGVSVK	1
EGKFANHVSGTLETALGKVKLNLGGSSRVESQSSF	XXXXXXHVSGTLETALGKVKLNLGGSVLLKDTEFG	0
RNEQLEEIEKLYTQLEAKKAAIKPLEQTECLNKTE	NTEDEKVIEKLYTQLEAKKAAIKPLEIGYSAQHLD	0
SRSGGGGYSSRRTSGRDKYGPPVRTEYRLIVENLS	XXXXXXXXSSRRTSGRDKYGPPVRTYSWQDLKDFM	1
QDYTKLEEKHNEESVSKKNIQATLHQKDLDCQQLQ	QDYTKLEEKHNEESVSKKNIQATLHQKDLDCQQLQ	1
QDIKLLENVTQEQNELLKVVIKQTNEWDEEIENLK	EEHLKHGEVTQEQNELLKVVIKQTNEKLLDLKTVD	0
RSVFDIPIFTEEFLNHSKAREAELRQLRKSNMEFE	RSVFDIPIFTEEFLNHSKAREAELRQLRKSNMEXX	0
GRRLVSDGNINSDRIQEKVDSIDDRHRKNRETASE	VVETGRRLVNNSDRIQEKVDSIDDRHXXXXXXXXX	1
KNCQDKLETSLHVLNQIKSQLQQPLLINLEIKHIQ	LICQDKLETSLHVLNQIKSQLQQPLLINHIQNEKD	0
VCTTELGRAAKLAPEFAKRNVKLIALSIDSVEDHL	LGDSWGIRAAKLAPEFAKRNVKLIPFVFGPFDEIL	1
RFLKSFLEIWDRSSPEVKEAYGEKFVADYKKSAEQ	TGLKSFLEIWDRSSPEVKEAYGEKFVADYKSPSPA	1
IKPLKRPRDEDDADYKPKKIKTEDTKKEKKRKLEE	XXXXXXXXXEDDADYKPKKIKTEDKSKEKLKIKEN	1
PSIPDGALRDLSSLQVFKFSYNKLRVITGQTLQGL	FLELLMIHGNIILLQVFKFSYNLLLLMRLHIDHNL	0
VFKMGRFQVSVAADGAQKEGKNKSEDAKSVHFESS	MGIPPVSESSVAADGAQKEGKNKSEDPESAHKTTA	0
PAENKLSDLLAPISEQIKEVITFREKNRGSKLFNH	VHTGLLESDLAPISEQIKEVITFREKNLSAVSESI	0
HKDSICQCPALVGTEKPKYLQHSCHSLEAVEGQSV	XXDSICQCPALVGTEKPKYLQHSCHSLEEKARNEL	0
GADRLTSNPLASHDYILKIVPTVYEDKSGKQRYSY	PGNFLSFGAFNALDYILKIVPTSYQYTVANWFRYD	0
SEARWWMKLALELPDVTKEDLAIQKDLEELEVILR	VKQEFSKAGVALLPDVTKEDLAIQKDLXXXXXXXX	0
VVCNDVVRTLLTHFCDLKAANARHEEQPRPFVLHA	XXXXXXXXTLLTHFCDLKAANARHEEQPRPFVLLI	0
QEKKQRLLARAEKKAAGKGDVPTKRPPVLRAGVNT	QEKKQRLLARAEKKAAGKGDVPTKRPPVLRVHTQV	1
MVGMGQKDSYVGDEAQSKRGILTLKYPIEHGIITN	MVGMGQKDSYVGDEAQSKRGILTLKYTTAEREXXX	1
ILVKHVGSRLYSVSYLLKDKGEYTLVVKWGDEHIP	SGVHGPRTPCEEISYLLKDKGEYTLVVVPXXXXXX	1
FKMVEGFFDRGASIVEDKLVEDLRTRESEEQKRNR	XXXXXXXXDRGASIVEDKLVEDLRTEEQKRNRVRI	1
ESKPNENRLVETKSSENKLETKVETQTEELKQNES	FNVQYPGQLVETKSSENKLETKVETQTEELKXXXX	1
QVYDAHTKEIDLVNRDPKHLNDDVVKIDFEDVIAE	LKQDAHTKEIDLVNRDPKHLNDDVVKIYSGMAWGY	1
SIILSKSQLQDTLIHLIKNDSSFLSTLHEVYLQVL	LSILSKSQLQDTLIHLIKNDSSFLSTLHEVYLXXX	0
TRMKENQKHIYYITGETKDQVANSAFVERLRKHGL	YYTSASGDEMVYITGETKDQVANSAFVEEVIYMIE	1
KYDPPLEDGAMPSARLRKLEVEANNAFDQYRDLYF	XXRSPWSNKAMPSARLRKLEVEANNAFDSVYLWDL	1
WEDIKWLRRLTSLPIVAKGILRGDDAREAVKHGLN	MSLQLYAIFVTVDTIVAKGILRDAALNGILVSNHG	1
KVAQRIAQLQEALLHCGKFQDALEPLLSWLADTEE	QQLQRIAQLQEALLHCGKFQDALEPLLSWLADRKA	0
QGGYVKILDLSNFEILAKVEPPKKEGTEEQDTFVS	ITTQGGYVKILDFEILAKVEPPTFVSVLAHFLQIG	0
SKREKREVIVEESIRTCKPAFLSEEKLYQETAIRD	XXXXXXXXXXEESIRTCKPAFLSEQSLKDLQDDIQ	0
VIQENGSLVEIRNFLGEKYIRRVRMRPGVACSVSQ	PINVVIQLVEIRNFLGEKYIRRVRIQQATTVKNKF	1
VTGPLVLNRVPLRRTHQKFVIATSTKIDISNVKIP	VVFKQLSGLLLVRRTHQKFVIATFXXXXXXXXXXX	1
GIEIIKRTLKIPAMTIAKNAGVEGSLIVEKIMQSS	PKGRTTVGGKIPAMTIAKNAGVEGSLIVEYDAMAG	1
SSVALCKLLQHGINADDKRLQDIRVKGEEIYSMDE	ALEFMAKLLQHGINADDKRLQDIRVIPLLVKICXX	0
FPTLGIMHHNKQATENAKEEVRRILGLLDAYLKTR	ASTWVFPTHNKQATENAKEEVRRILGLLYQVLESF	1
PQGLGRGCHRNCVTTTWKPSCCPGHYGSECQACPG	TPARCDHFETRPVTTTWKPSCCPYGSECGMSGXXX	0
SWQPPRARITGYIIKYEKPGSPPREVVPRPRPGVT	XXXXFTTPNSLLVIKYEKPGSPPREVTITGLEPGT	1
RAVALDEAISQSTQFHDKIDQILESLERIVERLRQ	XXXXXXEYISQSTQFHDKIDQILESLEKLQPLYET	0
LIANATNPESKVFYLKMKGDYFRYLAEVACGDDRK	TVLELLDKLIKVFYLKMKGDYFRYLTIDNSQGAYQ	1
VESRRVVSEDTSHYILIKGIQAKTVAEVDSESLPS	FLKEVESRRVVSHYILIKGIQAKTTEDXXXXXXXX	1
IPSYALHRDPKYWTEPEKFLPERFSKKNKDNIDPY	LRLFYAHRDPKYWTEPEKFLPERFIPLKXXXXXXX	1
KAQEHKREFTESQLQEGKHVIGLQMGSNRGASQAG	KAQEHKREFTESQLQEGKHVIGLQMGSNRGASQAG	1
DAANFEQFLQERIKVNGKAGNLGGGVVTIERSKSK	XXXLFEQFLQERIKVNGKAGNLGGGVVTIVTSEVP	1
IFNKLNLEHIATSSAVSKELTRLLKIPVDTYNNIL	VSLQVSTFHIATSSAVSKELTRLLKILFEYFDYES	0
IAARLNIPVSQVNPRDAKACVVHGSDLKDMTSEQL	EGNETVEDIAVVNPRDAKACVVDILKYHTEIVFXX	1
IDSNNQLFAPGGRLSWGKGSSGGSGAKPSDAASEA	IDSNNQLFAPGGRLSWGKGSSGGSGAXXXXXXXXX	1
VSEEGTEPEAMLQVLGPKPALPAGTEDTAKEDAAN	NSEEGTEPEAMLQVLGPKPALPAXXXXXXXXXXXX	0
HYDLLHHPYEPSGNKKGKTVGFGTNNSEHITYLEH	LRQPPSEPYEPSGNKKGKTVGFGTNNGHTKRXXXX	1
ALKVDVANSLPELLEQQKTYKMLEAEVSINQTIAD	SPDIEHAVALPELLEQQKTYKMLEAEVRRKGDVDL	0
VWYAGRDPAAAPATGNKKTHLTELQRLLDTAFDLD	QEEHGRDPAAAPATGNKKTHLTELQRLLDTXXXXX	1
LRQKKHFNSLHIPKALQKALPFKNKPKTQAKAGKV	KNDKKHFNSLHIPKALQKALPFKNKPKTQAKAGKV	1
SPEAIIKEPIDIEEGIKKEQALQLAQKMGFPPNIV	IPVLIGKEPIDIEEGIKKEQALQLAQKMFPIVESA	1
KFPSGKTEIPFEFPLHLKGNKVLYETYHGVFVNIQ	TVPIQIINSTIEFPLHLKGNKVLYEIQYTLVHSAX	0
GKEKKEKHKTKTAQQIAKDMERWARSLNKQKENFK	WAISQAKHKTKTAQQIAKDMERWARSLNKQKENXX	1
HLACSKGHETSALLILEKITDRNLINATNAALQTP	AELTLTALATSALLILEKITDRNLINVELGKGXXX	0
FSGRKLTWLHYLCTGEVKMNYLGKPYVAMVTTYQM	XXXXXXXXXGISETGEVKMNYLGKPYVAMVTTQMA	0
FTGSSALLTRTHINYGVKGDVAVVRINSPNSKVNT	XXXXXXGYICRNFNYGVKGDVAVVRISDQIRSAVL	1
CSTLNQYFGYSGAFKCLKDGAGDVAFVKHSTIFEN	KSCHCLQYFYSGAFKCLKDGAGDVAFVTIFENLDR	1
TVHAITATQKTVDGPSGKLWRDGRGALQNIIPAST	APSAITATQKTVDGPSGKLWRDGRGANIIPASTGA	1
RRGKGKSKGKGVGSARKKLDASILEDRDKPYACDI	XXXXXXSKGKGVGSARKKLDASILEDRDKPYACDI	1
VIKNSHLINVLMWELEKKSAVADKHELLSLASSNH	LIKNSHLINVLMWELEKKSAVADKHELXXXXXXXX	1
DEDGLPEKLAQKNPMYQKERETPPRFAQHGTFEYE	PADGLPEKLAQKNPMYQKERETPPRFAQHGTFEYE	1
ESQCQQQTQLIEVLTAEKGQQGVGPPTDNEARELA	ESQCQQQTQLIEVLTAEKGQQGVGPPTDNEARELA	0
TKKEFGPVVIDYGKVQSKVNLKYDSWHKEVLSKFG	DRTFDNAETKDYGKVQSKVNLKYDSWHXXXXXXXX	1
KTVISFHSKDQLNITLSKCGLVMLNNLVKAFTEAA	NEMFGVWEPLLENITLSKCGLVMLNNLVKKVGDTV	0
CIQALPEFDGKRFQNVAKEGVKFDESEKTKESREA	XXYFMASPFVEQFQNVAKEGVKSQRALVASQYGWS	1
LSTLISSSQSCQYTLDAKRKHVAEAICKEQHLFLP	XTEISTERQSCQYTLDAKRKHVAEAICKTQTLKLE	0
ARTHLTEDTPKVNADIEKVNQNQAKRCTVIGGSGF	XXXXXXEDTPKVNADIEKVNQNQAKRCTLLARGYA	1
LDRLDIFEFLNHVEDGLKDHYDIKMLTFLMLVRLS	XTKVRLRKFLNHVEDGLKDHYDIKMLTFMLRLVEP	0
FGKATSIDPNTYITWIDKYQAQLVVLSAQIAWSEN	LAESVTEVPNTYITWIDKYQAQLVVLSAPLRRKLV	0
ARLNGSFRYVVISQGLDKPRAITVHPEKGYLFWTE	EGWTDQGFDVIISQGLDKPRAIWTEWGQYPRIESW	0
AVAASKERNGLSLAALKKALAAGGYDVEKNNSRIK	TKAVAASKEGLSLAALKKALAAGGYDVEKNNSRIK	1
LVRRSRTDSLAATPPAAKCSSCRVRTASEGDGGAA	XXXXSRTDSLAATPPAAKCSSCRVRTAYMTMDRPL	1
FEDEKPALLSQIDAEFEKMQGQSPPAPTRGISKHS	GPSLRFALLSQIDAEFEKMQGQSPPXXXXXXXXXX	0
LHDLKIAIANIIDEIIEKLKSLDEHYHIRVNLVKT	XXXXXXXIANIIDEIIEKLKSLDEHYHIRIDIQHL	0
LSRIHTIPTVPIVDCFQKIRQQVKCYLQLAGVMGK	LDILSRIHIVPIVDCFQKIRQQVKCYGVITMFXXX	0
RQFRFDPQFALTNIAVLKHNLNSLIKRSNSTAATN	YTVDLGPQFALTNIAVLKHNLNSLIKRSNSPPXXX	0
MMAVLSKLDIEDQLVFLKSRKRLAEAADLLNREGR	XLAALMMLDIEDQLVFLKSRKRLAEAADLLNEAAL	0
YLENGYNQNYGRKFVQGKSIDVACHPGYALPKAQT	CLRKCYFPNYGRKFVQGKSIDVQTTVTCMENGWSP	1
KAASTFKHYSCISELNSKLQDTLEQIEEQLDVALS	ECQKAASKYSCISELNSKLQDTLEQIEEXXXXXXX	0
IIDDKSLIINTNPVEVYKAWVNQLETQTGEASKLP	XXXXXXXIINTNPVEVYKAWVNQLETQEASKLPYD	0
QVGVIADPSSKTLSFFNKDTRGEVQTVTFDTEEVK	PPSQITDKPQVGVSFFNKDTRGEVQTVVTSKSVDI	0
AVNTQALSGAGILRMVNKAADAVNKMTIKMNESDA	LHPEQALSGAGILRMVNKAADAVNKMTIKERIAAV	1
KPGQVCQPSGGILSCVNKDPCHGVTCRPQETCKEQ	KPGQVCQPSGGILSCVNKDPCHGVTCTCKEQGGQG	0
VKKSSMPWNKRQPKLQGKSAETRESTQLSPADLTE	RLQRKEIWNKRQPKLQGKSAETRESTQAHATEDLE	1
SPSGYRLVSETEWNLLQKEVHNAGNKLGRRCDMCS	SPSGYRLVSETEWNLLQKEVHNAGNKLGRRCDMCS	0
VFLQEKDQKYIFASLDQKSTVISLKKLIVREVAHE	MFLKNAALVFLFASLDQKSTVISFLISMGMDPEMV	0
LPTVQKALASTCKPELQKYEQFIFADHTNMIHVEN	IKAMVAPLASTCKPELQKYEQFIFAHTNIHVENVY	0
IAQGGVLPNIQAVLLPKKTSATVGPKAPSGGKKAT	DENGGVLPNIQAVLLPKKTSATVGPKAPSGGXXXX	1
WDLDRFHGTSSRIGSSMKSVGEVMAIGRTFEESFQ	DSPRWDLFTSSRIGSSMKSVGESSHISWPRLRATX	1
DYTKLEFSDETFGSNIPKQFVPAVEKGFLDACEKG	YGKVIGFSDETFGSNIPKQFVPAVEKGVLQDGAHH	0
NVGLISVSNLPKLPKLKKLELSENRIFGGLDMLAE	RELVNLEFLSLILPKLKKLELSLKLPNLTHLNLLC	1
AQNSGEAEYIEKVVYTVKQSAEDVKKTLDGELDEK	EVKLSEAEYIEKVVYTVKQSAEDVKKTLDXXXXXX	1
QREEWKMFIGGLSWDTTKKDLKDYFSKFGEVVDCT	XXXXXXMFIGGLSWDTTKKDLKDYFSKEVVDCTLK	1
PKMSLPDVDLDLKGPKMKGNVDISAPKIEGEMQVP	VTGSLPDVDLDLKGPKMKGNVDISAPKIDLNLKGP	1
GAAVIKARKLSSAMSAAKAICDHVRDIWFGTPEGE	VLTRLDHNRASSAMSAAKAICDHVRDXXXXXXXXX	1
DMDYVNPRGVRFTQSSQKEGTALVPYGLPCIRELF	ESVCETNMKKLKTQSSQKEGTALVPYXXXXXXXXX	0
GIPAGWMGLDCGPESSKKYAEAVTRAKQIVWNGPV	ITLPVDFTVDCGPESSKKYAEAVTRAVGTALMDEV	1
CPAVLQQLNFHPCEDRPKHKTRPSHSEVWGYGFLS	VGVPEPGNQCHPCEDRPKHKTRPSDPKVTLSLLQY	0
APDILAKKLAAAEGLEPKYRIQEQESSGEEDSDLS	XPDILAKKLAAAEGLEPKYRIQEQESSGEKRQFEM	1
QPPVPRPEHCEGAAAGLKAAQGPPAPAVPPNTDVM	GETILLQDKCEGAAAGLKAAQGPPAPXXXXXXXXX	0
QYDKILDLIESGKKEGAKLECGGGPWGNKGYFVQP	YDFVRSVLIESGKKEGAKLECGGGPTVFSNVTDMR	1
DLLSLSAACDALDQHNLKQNDQPMDILQIINCLTT	XXXXXSAACDALDQHNLKQNDQPMDQINCIRVLSF	0
GVAYRGRILVELATFLEKTPPDKKLEPISNDDLLV	LQIKFPSFVPTLATFLEKTPPDKKLEXXXXXXXXX	0
LEGHLRFLKNIILPVYDKSLWDFLKLDVTTSIGRR	XXXXLRFLKNIILPVYDKSLWDFLKLDVSITVYHW	0
AVKESSIRSVQETVLPIKKRKTRETVSIEVKEVVK	XXXXEKKRSVQETVLPIKKRKTRETVSIESSSASS	1
ISDTGRYTCVAVNAAGEKQRDIDLRVYVPPNIMGE	SLTWLRYTCVAVNAAGEKQRDIXXXXXXXXXXXXX	0
QVDREPGDVATPPRKRKKIVVEAPAKEMEKVEEMP	CKEKGQQVDRTPPRKRKKIVVEAPAKXXXXXXXXX	1
NTAKLTSAVSSLPELLEKKRLIDLHTNVATAVLEH	SYRAQEVAVSSLPELLEKKRLIDLHTNXXXXXXXX	0
LDINQADAGTLPLDSSQKVREALTCELSRAEFAES	TFFRHLQAGTLPLDSSQKVREALTCESFXXXXXXX	0
ASVDTKEAEGAPQVEAGKRLEELRRRRGETESEEF	GRVDTKEAEGAPQVEAGKRLEELRRRRGETESEEF	1
PNWKSLTSWTNDQGARRKTVFSPTLPAARSSLGSL	XNWKSLTSWTNDQGARRKTVFSPTLPAARSSLVAL	1
MEHIAMPIYKLLQDLFPKAAELYERVASNREHWTK	GYLSSTMIYKLLQDLFPKAAELYERVXXXXXXXXX	0
PDSRKRPLETPPEVVCTKRSNTGEEGEYFLKVLIP	XXXXXXPLETPPEVVCTKRSNTGEEGEYFQKETGA	0
FLQAVNDSCYQNDDSVLKSLVEIADTVPKYLRPHL	TAALFLAVNSCNDDSVLKSLVEIADTSLMQRQLAL	0
GTYAPAEVPKSKALEATKLAIEAGFRHIDSAHLYN	XXXXXXXFGTSKALEATKLAIEAGFRHIEQVGLAI	1
PMDYPVEDAFCKPQLVKKSYGVENRAYSQEEITQG	LSPYPVEDAFCKPQLVKKSYGVENRAYSQYAPYST	1
EQGARIIVTPEDALYGWKFTRETVFPYLEDIPDPQ	NKTETPVALMEDALYGWKFTRETVFPYLGNLYSEP	0
SEAGEGPFSETYTFSTTKSVPPTIKAPRVTQLEGN	GPQSLQRLTEFTCFSTTKSVPPSMKGDPVACRRCL	0
IMTKREDLVVAPAGITLKEANEILQRSKKGKLPIV	XXXXEQGFIVAPAGITLKEANEILQRSKKLPIAII	0
RVIAPKKARVVQQQKLKKNLEVGIRKKIEHDVVMK	RVIAPKKARVVQQQKLKKNLEVGIRKKIEHDVVXX	1
DGTLSLTSTSDLQSGIIKNTASLKYENYELTLKSD	QGTNQITSTSDLQSGIIKNTASKSDTNGKYKFATS	0
KDVLVRWLQGSQELPREKYLTWASRQEPSQGTTTF	LTCLVRWLQGSQELPREKYLTWTSILRVAAEDWDT	1
YSSSSIPEPFGSRGSPRKAATDGADTPFGRSESAP	YSSSSIPEPFGSRGSPRKAATDGADTPFGRSESAX	1
QDKEGIPPDQQRLIFAGKQLEDGRTLSDYNIQKES	TLTIEVKPDQQRLIFAGKQLEDGRTLSDYNIQSTL	1
LAMNRSRGKVLDAIIQEKKSGRIPGIYGRLGDLGA	XXXXXXXGKVLDAIIQEKKSGRIPGIYGRLDLYIV	0
SVILNLEQQVRERNLNPKAACLKRREEEKVSGVVG	SVILNLEQQVRERNLNPKAACLKRREEEKVSGVVG	1
FIYPAQNPELLNKLSQRKTTVLAMDQVPRVTIAQG	KTSGTLIPELLNKLSQRKTTVLVVMKDGKVIFXXX	1
TQRWFRRRRNQDRPQLTKKFCEASWRFLFYLSSFV	GLPLSRGVRDQDRPQLTKKFCEASWRRFDVKEKMN	0
LGPPGPASLGTTALFPRKAQPPQAFRGDGVPRVLG	XLPPGPASLGTTALFPRKAQPPQAFRGDDQRQRQG	1
QPTESEKEIYNQVNVVLKDAEGILEDLQSYRGAGH	XXXXXXXQIYNQVNVVLKDAEGILEDKFEFSQRLE	0
KIDYFERAKRLEEIPLIKSAYEEQRIKDMDLWEQQ	KIDYFERAKRLEEIPLIKSAYEEQRIKDMDLWEQQ	0
LTPATEGLCNKDFFQKMKETAVFINISRGDVVNQD	LAAQSDFIVCKDFFQKMKETAVFILALSGKIAAAX	1
GVEFKLSKKQLQAIEFNKALLAMYTNQAEQCRKIS	VSKKKVKLTNLQAIEFNKALLAMYTQAQCRKISSL	0
TFCGTPDYIAPEILQGLKYTFSVDWWSFGVLLYEM	SRASTFCGIAPEILQGLKYTFSVDWREPTXXXXXX	0
GQKTSAALSTVGSAISRKLGDMRNSATFKSFEDRV	GQKTSAALSTVGSAISRKLGDMRNSATFKSFEDRV	1
KPVIKSQPVPKNNKGPVKVVVGKTFDSIVMDPKKD	XXXXXXXXVPKNNKGPVKVVVGTFDSIVKDVLIEF	1
PMDQLDDEEGLPEKLVIKNQQFHKEREQPPRFAQP	QLRRLDDEEGLPEKLVIKNQQFHKEREQPPREAFN	1
ASIHEAWTDGKEAMLRQKDYETATLSEIKALLKKH	XXXXXXXXXGKEAMLRQKDYETATLSEIKALLKKH	1
DNGVVFVGSRLGDSQLVKLNVDSNEQGSYVVAMET	TSLTYLDNGVVFVSQLVKLNVDSNSYVVAMETXXX	0
EQFDELTLLHLREFDKKKLISVETDIVVDHYKEEK	LTEVLETLLHLREFDKKKLISVETDVEXXXXXXXX	1
GTHRLTAEERNQAILDLKAAGWSELSERDAIYKEF	XXXXXXXEERNQAILDLKAAGWSELSDAIYKEFQI	0
KISNLKSPASDQQLMEDKTSRFTCKGKPVYHFFGT	LAFPVKISNSDQQLMEDKTSRFTKPVYHFFGTSVV	1
LGTPALTSRGLLEKDFQKVAHFIHRGIELTLQIQS	EALTELITLTLLEKDFQKVAHFIHRGLREVESFAL	1
ISVKAVCDYRQIEITICKNDECVLEDNSQRTKWKV	VEQHSVKAVCDYRITICKNDECSPTVPSVCFLIPQ	0
SISADDDLQESSRRPQRKSLYESFVSSSDRLRELG	XXXXXXXXQESSRRPQRKSLYESFVSSSDRLRDRD	1
NVTLLVCGKKAYDYFQAKKIPIVSSLADPLDTPPD	PGVILVCGKKAYDYFQAKKIPIVSSLAXXXXXXXX	1
EFQGGTFTISNLGMFGIKNFSAIINPPQACILAIG	IDVNMVNIISNLGMFGIKNFSAILAIGASEDKLAS	0
YQESDGKAQVTGPSQISKTDKSFQGTTRQETNYQD	XXXXDGKAQVTGPSQISKTDKSFQGTTRQETNLLQ	0
LNAVVNDFWAEISESVDKIEVLYEDEGFRSRQFAA	DEDPLKEALLEISESVDKIEVLYEDFSRFAALVAS	0
NMKPQSGNDKPLSKTALKNQRKHEAKKAAKQEARS	EPPQNMQNDKPLSKTALKNQRKHEAKKAAKQEAXX	1
GPTAGDMAGLERPRAASKLDRDCLVKAEAPLHDPD	XXXXXXMAGLERPRAASKLDRDCLVKAEVHAVEAP	0
SKDNTAKLFDSTTLEHQKTFRTERPVNSAALSPNY	VTASNTAKLFDSTLEHQKTFRTAALDHVVLFFHLA	0
SDPTTSTMKLSWSGAPGKVKQYLVTYTPVAGGETQ	ATEEVRGNPRSWSGAPGKVKQYLVTVRGDTTNVTA	0
PMDLPANGFSGGNQPVKKSFLVYRNDCSLPRSSSD	EELLRRTGFSGGNQPVKKSFLVYRNDXXXXXXXXX	1
EAMNFADIERTITELGEKARKNELAIEDMDGGTFT	VVPVIRDIERTITELGEKARKNELAIEDMDXXXXX	1
DLEENKLESLPNEIAYLKDLQKLVLTNNQLTTLPR	VLGNLRKLRELNEIAYLKDLQKLRGIGHLTNLTHL	0
IQTVFEQLVLVDHPNIVKLHKYWLDTSEACARVIF	VVWNFEQLVLVDHPNIVKLHKYFITEYVALTIFQI	0
GALKGAVDGGLSIPHSTKRFPGYDSESKEFNAEVH	TTTGNKVFGALKIPHSTKRFPGYDSESKEFNAEVH	1
TPPNQRRRTLENLIPDTKYEVSVIPEYFSGPGTPL	RPVAGGESRLENLIPDTKYEVSTGNAATEEVXXXX	0
LIEEAASRIVDAVIEQVKAAGALLTEGEACHMSLS	CMEEAASRIVDAVIEQVKAAGALLTEGEACMSLKQ	0
ILGKEVKVNWATTPSSQKKDTSNHFHVFVGDLSPE	XXXXGQPTYWATTPSSQKKDTSNHFHVTEKKISDA	1
FNDQDIEEIVKEKERFRKAPPNYAMKKTQLLKEKA	YQLGTRTNIVKEKERFRKAPPNYAMKKQLNELEER	1
VEKNWGAVVRSPEGTPQKIRQLIDEGIAPEEGGVD	XXXXXXXVVRSPEGTPQKIRQLIDEGIAPESRETF	1
SHCKGCPSLSELWRSTRKYLQPDNLSKAEAVRNFL	XXXXXXXXLSELWRSTRKYLQPDNLSKAEAVRNFL	1
LSCIKAKKLLETKPEFLKWFVVLEETPWDATSHID	FEALIPKKLLETKPEFLKWFVVLHNMENERIPFDL	0
VAEQFLNMRGGLGLSGAKANYRGGEIREQNGDSLV	NHAAYRNALANLGLSGAKANYRESAVASYSDSGLV	1
KAFQKCPICEKVIQGAGKLPRHIRTHTGEKPYECN	KAFQKCPICEKVIQGAGKLPRHIRTHTGEKPYFTR	1
LRLIRELAEFEKLSDQVKISEEALRADGFGDNPFY	LRLIRELAEFEKLSDQVKISEEALRADGFYIEDYC	1
LLSAHNRAVLAQLGCPIKNLDALENAQAIKKKLGK	LLSAHNRAVLAQLGCPIKNLDALENAQXXXXXXXX	0
NFDAERDALNIETAIKTKGVDEVTIVNILTNRSNA	XXXXXRDALNIETAIKTKGVDEVTIVNILYTKLAS	1
RCSCSFRVLVVSAKFEGKPLLQRHRLVNACLAEEL	DLEAEHVVLVVSAKFEGKPLLQRHRLVNACLQKTL	1
GVGIDMEISKNFQRILQKQGFKFKLNTKVTGATKK	RGADVTAVSKNFQRILQKQGFKFKTHPEDTDGLGX	1
QEDPSDPASKIASLLLAKLADYVVPGCQTVLSPTA	LLDVLLWSYSIASLLLAKLADYVVPCQTVAMAAEV	0
IHDRREFAKFEKEKMNAKWDTGENPIYKSAVTTVV	YPSRREFAKFEKEKMNAKWDTGENPIYKXXXXXXX	1
HEVQELTTEVEKIKTTVKESATEEKLTPVLLAKQL	HEVQELTTEVEKIKTTVKESATEEKLTPVLLAKQL	1
RLSLPPNVRIMFEVQDLKYATLATVSRCGMVWFSE	KDGDVDPEWVEFEVQDLKYATLATVSCMVWXXXXX	0
ACAGSCKCKECKCTSCKKCCCSCCPVGCAKCAQGC	ACAGSCKCKECKCTSCKKCCCSCCPVGCAKCAQGC	1
PAMKGKNTIICAPTGCGKTFVSLLICEHHLKKFPQ	PRYQLELAIICAPTGCGKTFVSLLICQVIFDECIG	0
GLLSFSVASASRPGRRNKAAGADPGEGEEGRILLP	PEPLFSVASASRPGRRNKAAGADPGEGEEGRILLP	1
VIVNSLKNMINTFVPSGKIMQVVDEKLPGLLGNFP	XXVNSLKNMINTFVPSGKIMQVVDEKLPGLLIPLG	0
WLIAMQRYGPPPSYPNLKIPGLNSPIPESCSFGYH	LHPPWLMQGPPPSYPNLKIPGLNSPIPPPPLYGDV	0
GDVAFVKHSTIFENLANKADRDQYELLCLDNTRKP	FKLKDVKHSTIFENLANKADRDQYELLRKPVDEYK	1
KASREVESVDLPHCHLIKGIEAGSEDIDILPNGLA	XXXXXXXXXXXXHCHLIKGIEAGSAFFSVGILMMD	0
CIEHGDLELAAKFVNQLKGESRRVAQDWLKEARMT	EDINTFKLLAAKFVNQLKGESRRVAQDLXXXXXXX	1
KVYPPLKGSFPENLRHLKNTMETIDWKVFESWMHH	KVYPPLKGSFPENLRHLKNTMETIDWKVFESWMHH	1
VIKQQKEIIEHGIELFNKKPKRGIQFLQEQGMLGT	XXXXXXXIIEHGIELFNKKPKRGIQFLLEERLDST	0
EKVVSISSEHLEPITPTKNNKVKVILGEDREATGV	XXXXXXXXXXIQPITPTKNNKVKVTGVLLSIDGED	0
GSHQGPDPYRQLREKDPKYSALRQNFFRYHGLSSL	KERGLGDPYRQLREKDPKYSALRQNFFRYHXXXXX	1
RKIRDLSNQEEQYNRFMKLVGGKRRSRSKSSDPDL	RKIRDLSNQEEQYNRFMKLVGGKRRSRPTDSGXXX	1
SRDLKMLETVRTPALHFKSVGFHLPSREFQVPTFT	VNGIMLSETVRTPALHFKSVGFHLPSREFXXXXXX	1
DNATDSVPLRTGIGVQLKDIKVFNRDRQKGTNVCA	DMFSVWSDRGSIIGVQLKDIKXXXXXXXXXXXXXX	0
HGLFVKHCKVEVYLLELKLCENSDPTNVLSCHFSK	XXXXXXXXXXXXXLLELKLCENDPTNVLSCHFSII	0
QIDLLQAEISENQAIIQKLITSNTDASDGDSVALV	QIDLLQAEISENQAIIQKLITSNTDASDGDSVALV	0
DLKESGEGQGGYAKEMSKEFIEAEMKLFAQQCKEV	TREVDLKESGEGAKEMSKEFIEAEMKLFAALIKKA	1
GRRVDGLAFVNEDIVASKGSGLGTICLWSWRQTWG	RGCEGCFRRVDGLAVASKGSGLGTICLWRLQWSST	0
IGTAGASDVHVTSKPVDKISVPNCAPAASSLDGNK	IGTAGASDVHVTSKPVDKISVPNCAPAASSNMLEV	0
DNATDSVPLRTGIGVQLKDIKVFNRDRQKGTNVCA	DMFSVWSDRGSIIGVQLKDIKXXXXXXXXXXXXXX	0
LHDLKIAIANIIDEIIEKLKSLDEHYHIRVNLVKT	XXXXXIAIANIIDEIIEKLKSLDEHYHIRVNLIQN	0
QCHCPENYHGDGMVCLPKDPCTDNLGGCPSNSTLC	GTLHCPENYHGDGVCLPKDPCTDNLGVYQKPGQAX	0
REELLRRKLIHDGCLLWKTATGRFKDVLVLLMTDV	XXXXXXXXXXXXXCLLWKTATGRFKDVLVFLQPTL	0
NLKPSYLVVPQTGFHHEKSDLLILDFGTFQLNSKD	EVIYDALVVPQTGFHHEKSDLLILFARAEETWKKC	0
TQDHLPRVVVVGDQSAGKTSVLEMIAQARIFPRGS	XXXXXXXXVVVGDQSAGKTSVLEMIFRMTVLVDLP	0
YKLRAARLVEIAAKNLQKEVIHRKSKEVAWNLTSV	YDQHSSRLVEIAAKNLQKEVIHRKSKEVAWNLTSV	1
DETMQPAKPSFLEYFEQKEKENQINSFGKSVPGPL	XXXXXXAKPSFLEYFEQKEKENQINSFGKSVPGPQ	0
PEEEAPSTVLSQNLFTPKQEIQHLFREPEKRPPTV	FEEEAPSTVLSQNLFTPKQEIQHLFREXXXXXXXX	0
GIEGPIDAAFTRINCQGKTYLFKGSQYWRFEDGVL	XXTDLKNGAFTRINCQGKTYLYWRFEDGVLDAPEV	1
LARGSLSVGDKDHMCSVKSRLWKLLSPARLARRAH	TFRQLDLLLDKDHMCSVKSRLWKLLSEMARALVLL	0
ENREKAAAASVPNADGLKDSLYVAVADFEGDKDTS	XXXXXXXKELVPNADGLKDSLYVAVGTVFEVREKW	0
IFRDAGMQLQGYRYYDPKTCGFDFTGAVEDISKIP	XXXXXXXXXPKPRYYDPKTCGFDFTGAPTGVDPTH	1
EVDPNPANFVGAGIIHTKTTQIGCLLRLEPNLQAQ	IECVSDFLNKFFQIIHTKTTQIGKVXXXXXXXXXX	0
NMSNTWKFLSHSTDSLNKISKVNESTESLTDEGVG	XXXXXGKFLSHSTDSLNKISKVNESTESDMEGQLL	0
QNQSNNQFVLYRITEATKTVGSDTFYSFKYEIKEG	EEIDCNDKDLFKAVEATKTVGSDTFYSFKTATVGK	1
IIKEKAEAQAQYSAAVAKGKSAGLVKATGRNMEQF	VQEGKAEAQAQYSAAVAKGKSAGLVSVSVMVVTKP	1
SENRDEVEAVKNLYPSYKNYTSVYDKNNLLTNKTV	MGISREVEAVKNLYPSYKNYTSVYDKNNLLGYLSA	1
YPSWGAAQSKEIIFLPSKEPAFVTVPGNGFADPFS	MLRYVNPGTEAVIFLPSKEPAFVEGVLLDNXXXXX	0
MLLLTGRTWKGAILGGFKSKECVPKLVADFMAKKF	NAVAGCSTGNVAILGGFKSKECVPKLXXXXXXXXX	1
VKEPPVFSSFPPIVETLKNAEVSLECELSGTPPFE	XXXXXXXXXXXXIVETLKNAEVSLKKYHILNVDTS	0
LEKWQKSIVEELCAWVEKFINVKAHHFQKRHKYSP	XXXXXXXXVEELCAWVEKFINVKAKYSPSDVFCKL	0
AGPGPRPLARSASPPKAKNLNGGLRRSVAPAAPTS	XXXXXRPLARSASPPKAKNLNGGLRRSVAPAEEDN	1
CLQTKSIDDGELLHGILKIIISWKKEHEDIFLFSC	XIPLLGWGLGELLHGILKIIISWKKEHEIIFLFCS	0
DLGIDAKIKNIISTEDAKARLLAEQQNKKKDSETS	XLGIDAKIKNIISTEDAKARLLAEQQNKKKDSTNR	1
QWYESHYALPLGRKKGAKLTPEEEEILNKKRSKKI	QWYESHYALPLGRKKGAKLTPEEEEILNKKKAISE	1
FHSFFVTKKPTSQIPETKHPFSFPLENQAREAVSS	CLFHFVTKKPTSQIPETKHPFSFPLLHSHNVTXXX	0
ATVLARSIAKEGFEKISKGANPVEIRRGVMLAVDA	KFGADARAAKEGFEKISKGANPVEIRRGNEDQKIG	1
SKRPEKVIGMHYFSPVDKMQLLEIITTEKTSKDTS	VSDQVKGLDKHYFSPVDKMQLLGLQGKVIPEVVFG	1
PAILRHKALLEPTNTPFKSKHHLALSVKRLWQYLV	NSSPQNYIALEPTNTPFKSKHHLALSVKRWQXXXX	0
FSSHDEINNYLQQIDQLKERIAGLEEEKQKNKEFS	FSSHDEINNYLQQIDQLKERIAGLEEEKQKNKEFS	0
MVLFRFMQEKDVFERYYKQHLARRLLTNKSVSDDS	XXPELSLIDKDVFERYYKQHLARRLLEMILFTSKL	1
PVKKIFVGGLSPDTPEEKIREYFGGFGEVESIELP	XXXXXFVGGLSPDTPEEKIREYFGGFGEVESIELR	1
LIVGVNKMDSTEPPYSQKRYEEIVKEVSTYIKKIG	GFEGVNKMDSTEPPYSQKRYEEIVKEVSFVPINMP	1
SYIEVLLPLGSEPELREKYLTVQNTVRFGRILEDL	XXHIHLLPLGSEPELREKYLTVQNTVRFGRILEDL	1
KGRLSKEDIERMVQEAEKYKAEDEKQRDKVSSKNS	KEATIAGDIERMVQEAEKYKAEDEKQRDXXXXXXX	1
GDVAFVKHQTVPQNTGGKNPDPWAKNLNEKDYELL	XYTGFRVHQTVPQNTGGKNPDPWAKNLNEKDYVEC	1
VADLNGLAVKDACQTLLKRLEPIISKNPKGTWKDW	IVRELRMAVKDACQTLLKRLEPIISKNPWWATAFE	1
DLERQGQGQLVTCSGAFKEGSLRIIRNGIGIHEHA	GRETSIASRLGDPSGAFKEGSLVPLYESPSSRIEA	0
GDSGPSDPRLARALPTSKPEGSLHSSPVGPSSSKG	HDSGPSDPRLARALPTSKPEGSLHSSPVXXXXXXX	0
EESKQEQLILDHLPSVTKESSLRATQPSENDKLQK	XXXKQEQLILDHLPSVTKESSLRATQPSENDKLQK	0
PIEDHKRFHPDCGFLLNKDVGNIAKYDIRVKNLKS	CFCCSIHKHPDCGFLLNKDVGNIANWPFYVGKQDT	0
FVTWADKFQMYVTYCKNKPDSTQLILEHAGSYFDE	XELIIFGNMMYVTYCKNKPDSTQLILISSYLIKPV	0
AVATAQQQYDSDTSCHYKVELSYENFITSGPDPHP	XXXXXXXAYDSDTSCHYKVELSYENNCSATLFFLQ	0
SCQSAATQVQNLTLRSQKLGVLSSSQNGPPKSTSQ	XXXXXXTQVQNLTLRSQKLGVLSSSQNGPPNKPPQ	1
YVLGYKQTLKMIRQGKAKLVILANNCPALRKSEIE	XXVGKYVTLKMIRQGKAKLVIEYAMLAKTGVHLAI	1
RHIGNDIVTIVFQEPGSKPFCPTTIRSHFQHVFLV	AGQGSEEEMYVFQEPGSKPFCPTTILVVRAHRVAX	0
LEVSVPSANIEGLEGKLKGPQITGPSLEGDLGLKG	XXXQTPSANIEGLEGKLKGPQITGPSGVDASAPQI	1
IFENSFKPEAGSRTGVSKIGILITDGKSQDDIIPP	AIADIVITRIFSRTGVSKIGILRESGVELFSLCRV	1
EEAKYKLCKVRKIFVGTKGIPHLVTHDARTIRYPD	XXXXXXXCKVRKIFVGTKGIPHLVTHDARTIRYPD	1
APAKESPRKGAAPAPPRKTGPAAAQVQVGKQEEDS	XXXXXXXRKGAAPAPPRKTGPAAAQVQVGKDDSGS	1
NSGWQKINNFSADIKDSKAYFHLLNQIAPKGQKEG	XXALSGWQKIFADIKDSKAYFHLLNQNMSGFNETD	1
GDRLGKVADWTGATYQDKRYTNKYSSQFGGGSQYA	GDRLGKVADWTGATYQDKRYTNKYSSQFGGGSQYA	1
AQKHTEMITTLKKIRRFKVSQVIMEKSTMLYNKFK	RCIEALDITTLKKIRRFKVSQVIMEKSTMLYXXXX	1
EEWQESRTEGEHSKEVIKPYDWTYTTDYKGTLLGE	AEEWQESRTEGHSKEVIKPYDWTYTXXXXXXXXXX	0
GYIVKSQHSGNAQVTQTKFLPNAPKALIVEPSREL	LKDQQEGKKTNAQVTQTKFLPNAPKLENGVDGKLN	1
KSRGCAVVEFKMEESMKKAAEVLNKHSLSGRPLKV	KVGEVTVVEFKMEESMKKAAEVLNKHLKVKEDPXX	1
RYNQFHIRRFEALLQTGKSPTSELLFDWGTTNCTV	EGWKAHIRRFEALLQTGKSPTSELLFDPERKXXXX	0
VKPGVPMEIVLNKESRRKTPVIVTLKENERFFGDS	SESMKVAEIVLNKESRRKTPVIFGDSASLAGGNAD	1
RWVTYFNKPDIDAWELRKGINTLVTYDMVPEPKII	RWVTYFNKPDIDAWELRKGINTLVTYPIIAALRAC	1
ESYDKIRAAGGHLCQQPKDIECQAESFPNWTLAQV	WTEWFESYDIGHLCQQPKDIECHCDVHFGLIRVLC	0
QPIHEVLRHTSLGPLEAKRQNLRRALDQYLMEFNA	FIPIHEVLRHTLGPLEAKRQNLRRALXXXXXXXXX	1
GKVGFSKAMSNKWIRVDKSAADGPRVFRVVDSMED	RGKGFSKAMSNKWIRVDKSAADGPRVFRVVXXXXX	1
TTPIFANRRSQQSVSLSKSVSIQNITGVGNDENMS	LDNSRANRRSQQSVSLSKSVSIQNITGVGSKVNES	0
SAAFPSDATAEQGPILTKHGKNPVMELNEKRRGLK	XXXXXXXXXXXQGPILTKHGKNPVMELNEKRFQGK	0
IGKTGTIALSEVENIHQKGGEGISEKAEVIPVTLA	TPLAMGIALSEVENIHQKGGEGISEKAEVIPXXXX	0
RGRGGTRTHFDYQFGYRKFDGVEGPRTPKYMNNIT	GEIKGSESHFDYQFGYRKFDGVEGPRTPYYFDVGS	1
SGKTSACFEPSLDYMVTKIPRWDLDRFHGTSSRIG	GDSVVVAPRSLAKAMVTKIPRGEVMAISFQKALMC	1
PGTLRFRLSPAARNILEKHSLDASQGTATGPRGIF	XXXSPSRLSPAARNILEKHSLDASQGFTKEDALKL	1
RAAVGQESPGGLEAGNAKAPKLQDLAKKAAPAERQ	RAAVGQESPGGLEAGNAKAPKLQDLAKKAAPXXXX	1
KNSVEVALNKLLDPIREKFNTPALKKLASAAYPDP	VLDLLDRKNKLLDPIREKFNTPALKKLASXXXXXX	1
MPSKEDAIEHFMKLYEEKTGNAWHSKNFTKYPKKF	YKLQFRSWGHFMKLYEEKTGNAWFTKYPKKFYPLX	1
APSTPVIGGSDKPGMEEKAQPPEAGPQGLHDLGRS	RAEWKVIGGSDKPGMEEKAQPPEAGPQGLHDXXXX	0
ELQKVLLMLVDGIDPNFKMEHQNKRSPLHAAAEAG	XXHPKQLYFSARIDPNFKMEHQNKRSPLHAAALGA	0
LMEEMSALLARRRRIAEKGSTIETEQKEDKGEDSE	LMEEMSALLARRRRIAEKGSTIETEQKSANGVQTE	1
SKAVEHINKTIAPALVSKKLNVTEQEKIDKLMIEM	KILFTSINKTIAPALVSKKLNVTEQEKIDKLMIEM	1
SEADQSRLTSLLEETLNKFNFARNSTLNSAAVTVS	MPNENIRLTSLLEETLNKFNFARNSTLNSXXXXXX	0
PAGWQVGGAQGCGECVSKPCPSPCTPEQQESFGGP	CEHSQAVSAQGCGECVSKPCPSPPNSHYELCADLC	0
FADTRPWDPLNDMIQFEKDGVIQTKVKHRTPMVSV	HTVKEQGEKLKFAIQFEKDGVIQTKXXXXXXXXXX	0
VQNMASEEKLEQVLSSMKENKVAIIGKIHTPMEYK	TMLFQEHEKLEQVLSSMKENKVAIIRLRRKLDLSY	0
AKAKELGATECINPQDYKKPIQEVLKEMTDGGVDF	FGIAVDINKECINPQDYKKPIQEVLKEMTDGGLDT	1
RVPELQGLVTEHVFLLDKCLRENSDVKTHGPFEAV	SRIFSTAFVTEHVFLLDKCLRENSDVGPFEAVMRT	0
NLPGVTSVHSRFYDLSSKYYQTIGNHASYYKDALR	LNIGDLTKISRFYDLSSKYYQTIGNHSYYKDAFER	0
ETSKKWAAGQNKQHSITKNTAKLDRETEELHHDRV	XXXXXXXXWANKQHSITKNTAKLDRETEELHHDRV	1
VPHTGRYTCLASSPAGHKSRSFSLNVFVSPTIAGV	TWHGGRYTCLASSPAGHKSRSFXXXXXXXXXXXXX	0
QRGLAKSGQKSALVKRLKGALMLENLQKHSTPHAA	AALEQRLAKKSALVKRLKGALMLENLEXXXXXXXX	1
MSPAKLGEDIVITAHVLKQGKTLAFTSVDLTNKAT	LCTERGAPGSVDMAHVLKQGKTLAFTSVGRHTKHL	1
GLKDAGQCIDPYITVSVKDLNGIDLTPVQDTPVAS	XXXXXXXXXXXWGTVSVKDLNGIDLTPVQLQKVKL	0
EERNREKAEDRAARERIKQQIALDRAERAARFAKT	EERNREKAEDRAARERIKQQIALDRAERAARFAKT	1
LFETEETRKILDDICVAKAVECPPPRTTARLLDKL	ALGMKLTRKILDDICVAKAVECPRTTRLLDKLVGE	0
GSRAGPLSGKKFGNPGEKLVKKKWNLDELPKFEKN	XXXXXXXXXKKFGNPGEKLVKKKWTPGRLIDFLEC	1
SDGEKVIPRLTHELPGIKRGRQAEEECAHRGSPLP	XXFKANIPRLTHELPGIKRGRQAEEECAHRGSPLP	0
NGKLRLEPLKLHVAGNLKGAYQNNEIKHIYAISSA	SDLKYALDLTNNGAGNLKGAYQNNEIKHIYAADTV	0
IQARDLGELLQAWGAGAKTGAPKGSRFTHSEKFTF	IQARDLGELLQAWGAGAKTGAPKGSRFTHXXXXXX	0
SNAQRQDIAFAYQRRTKKELASALKSALSGHLETV	AIKIRQDIAFAYQRRTKKELASALKSALILLKXXX	1
AAHIRGAKHQKVVKLHTKLGKPIPSTEPNVVSQAT	AAHIRGAKHQKVVKLHTKLGKPIPSTEPNKDDKKX	1
WDLRKFEKPVLTLTEQPKPLTKVAWCPTRTGLLAT	VQGSFYEGQVATLTEQPKPLTKVATLTRDSNIIRL	0
CRGPSTEYGFYHDFFLGKERTIRGSELPVLERICQ	XAEFLGAVLCRHDFFLGKERTIREDNPFKNSSSLW	0
LKENQLEVLEVSWLHGLKALGHLDLSGNRLRKLPP	FQASATLDTLVSWLHGLKALGHLLLANFTLLRTGP	0
TQFKWIHIEGRNASEQVKMLQRIDAHNTRQPPEQK	FEKVLIHIEGRNASEQVKMLQRIDAHNVSVELQLF	1
MKAIGLPEELIQKGKDIKGVSEIVQNGKHFKFTIT	QLQSQENFELIQKGKDIKGVSETITAGSKVIMIIT	1
QKIASLPQEVQDVSLLEKITDKEAAERLSKTVDEA	QKIASLPQEVQDVSLLEKITDKEAAERLSKTVDEA	0
FCGGKGIKTKSPFEQHIKNNKDTNKYEGWPEVVEM	TSITNLGFRDNWVEQHIKNNKDTNKYEGWPEVVEX	0
GVKRSRSGEGEVSGLMRKVPRVSLERLDLDLTADS	LEHPHGEMKGEVSGLMRKVPRVSLEPGSTTEDYNL	1
VLTVQEPHDGTQPWFISKPRSVTASLGQSVLISCA	XXXXXXXXXXXSPWFISKPRSVLISCAIAGPVHWL	0
RNEQLEEIEKLYTQLEAKKAAIKPLEQTECLNKTE	MKNTEDEVEKLYTQLEAKKAAIKPLEIGYSAQHLD	0
FKIEESSSQVVPQGISVKHLDALTLFSSKQANEGK	EIISHMKSQVVPQGISVKHLDALTLFSSXXXXXXX	0
LTTLSNRVCSQYAAYGEKKSRLSNLIKLAQKVPTA	XXXXXXXXXCQYAAYGEKKSRLSNLILAEDITNIL	1
ATVRITDSPEEIVQKFRKAVTDFTSEVTYDPAGRA	DPDKLATVPEEIVQKFRKAVTDFGVNINTARYKLA	1
LKITAELNAFNVFVCDQKCNIADIKIHGMDASISV	XXXXXXXXXXXVFVCDQKCNIADIMNVDLQSKHKF	0
NRISTISSPSLQGLTSLKRLVLDGNLLNNHGLGDK	RLLPRTIEELRLGLTSLKRLVLFFNLVNLTELSLP	0
QLVKDRLGGRSGGYSSGKQGRSDSSSKKDVIELTD	SNKNRDRGGRSGGYSSGKQGRSDSSSKKDVIELTD	1
QVRSQLEEKENKKFPVFKAVSFKSQVVAGTNYFIK	TQHIADQVRSLEKFPVFKAVSFFIKVHVGDEDFVH	1
FQTLTHIYNKVRTGEKVKVEHVVSVLEKKYPYVEV	VLRALHIYNKVRTGEKVKVEHVVSVLLXXXXXXXX	1
VYEEIASTSSGQVFHLDKKQVNEVLKWVEEAVQAS	GFTDAFVLTGDCDFHLDKKQVNEVLKIHNSAXXXX	0
FGGWKSVDSIPKLVTDYKNKKFNLDALVTHTLPFD	LLGFSYMASIPKLVTDYKNKKFNLDALVXXXXXXX	1
KTQKRGITNTLEESSSLKRKRLSDSKGKNTCGGFL	XXAQKASTNTLEESSSLKRKRLSDSKGATTSSSSD	1
GLMNVLKKIYEDGDDDMKRTINKAWVESREKQAKG	GLMNVLKKIYEDGDDDMKRTINKAWVESREKQAXX	1
VCVKGPNVFQGYLKDPAKTAEALDKDGWLHTGDIG	GAMVTECVFQGYLKDPAKTAEALDKGWLHTGKXXX	1
DGVEANYIKTEILPPFFKHFWQHRMALDRRNYRQL	QSPKVLVIKTEILPPFFKHFWQHRMALVTTIISRI	0
SREIQTAVRLLLPGELAKHAVSEGTKAVTKYTSSK	SREIQTAVRLLLPGELAKHAVSEGTKAVTKXXXXX	1
LTRHLDLDPLDHRNFYSKLKSKVTTWKAKALWYKL	LTRHLDLDPLDHRNFYSKLKSKVTTAKLWYLDGAL	0
TEDGLSASVEAFDLTTNKWDVMTEFPQERSSISLV	KGKIVIASVEAFDLTTNKWDVMXXXXXXXXXXXXX	0
GHCKALAPEYAKAAGKLKAEGSEIRLAKVDATEES	AHKYLLVPEYAKAAGKLKAEGSEIRLAKADIVNLK	1
QPVHGDLDLVMNLMDAHKVFQKELGKRTGTVQVLK	VEQLAVLDLVMNLMDAHKVFQKELGKRTVCKLSVS	0
RNVHSGSTFFKYYLQGAKIPKPEASFSPRRGWNRQ	RNVHSGSTFFKYYLQGAKIPKPEASFSPRXXXXXX	0
NFDAERDALNIETAIKTKGVDEVTIVNIVTNRDNA	XXXXXRDALNIETAIKTKGVDEVTIVNIVYTKELA	1
SVTTDFSESLQSSNIESKEINGIHDESNAFESKAS	SSNLSFSESLQSSNIESKEINGIHDESNAXXXXXX	0
VEILNELYQQKEMALQKKLSQEEYERQEREHRLSA	AEILNELYQQKEMALQKKLSQEEYERQEREHRLSX	1
AVDWVSRNLFWTSYDTNKKQINVARLDGSFKNAVV	SADLPNAHGFWTSYDTNKKQINVKNAVVQGLEQPH	0
PVEKASLLLCGSDLPLHKMAIQGFHLIDADRIYQH	XXXXXXXXXXXXDLPLHKMAIQHLIDARIYHLSET	0
SNIHVVNEWIANDISSTKIRRALRRGQSIRYLVPD	ITNMHKGLDRANDISSTKIRRALRRGQSIRYLVQI	0
VKVAMIEPGYFKTAVTSKERFLKSFLEIWDRSSPE	XGISLPTAFYFKTAVTSKERFLKSFLEIVADYKKS	1
NTNQEALKRNFLELTELKFILRKTQQFFDEMADPD	XXXXXXXXXNFLELTELKFILRKTQQAGVAINLSV	0
NLKEKVAQLEAQCQEPCKDTVQIHDITGKDCQDIA	XXXXXVAQLEAQCQEPCKDTVQIHDITAKQSGLYF	1
FSPDSQLLVTASDDGYIKIYDVQHANLAGTLSGHA	IRSLTFLLVTASDDGYIKIYDANLAGTLSGVVFSW	0
SRDLLNALKSVINDPVYKENVMKLSRIHHDQPMKP	KKGAALALKSVINDPVYKENVMKLSRXXXXXXXXX	1
NKAAQPGSGKGKVQFQGKKTKFASDDEHDEHDENG	KQRKAPGSGKGKVQFQGKKTKFASDDEHDEHXXXX	1
SREIQTAVRLLLPGELAKHAVSEGTKAVTKYTSSK	SREIQTAVRLLLPGELAKHAVSEGTKAVTKXXXXX	1
PGRDPRATIQEQGTLQIKNLRISDTGTYTCVATSS	WKFPGRDPRATIQTLQIKNLRISDTGYLDVTEGXX	0
QEDPSDPASKIASLLLAKLADYVVPGCQTVLSPTA	LILCWSYSVKIASLLLAKLADYVVPGCQTVLATWA	0
IRCLRYEIKDIHVPPRVKESMQMQVEAERRKRATV	LDKVFRERKDIHVPPRVKESMQMQVEAERXXXXXX	1
PIVAKGILRGDDAREAVKHGLNGILVSNHGARQLD	RRPIVAKIRGDDAREAVKHGLNGIIVEAVEGKVEV	1
FRLEELTNRLASLQQENKVLKIELETYKLKCKALQ	FRLEELTNRLASLQQENKVLKIELETYKLKCKALQ	1
SKNLVTEDVMRMLVDLAKSRGVEAARERMFNGEKI	XALDPQFKLMRMLVDLAKSRGVEAARERTPLEKNV	1
MASQNSFRIEYDTFGELKVPNDKYYGAQTVRSTMN	XASQNSFRIEYDTFGELKVPNDKYYGAQTVRSTMN	1
VKLEDLIVKDGLTDVYNKIHMGSCAENTAKKLNIA	VKLEDLIVKDGLTDVYNKIHMGSCAENTVFQKGVE	1
TQKLISSTESELQQSYAKQRRSKSAALLHKELNCK	TWLLRDSTESELQQSYAKQRRSKSAALXXXXXXXX	0
IGQHILKNPLIINSIIDKAALRPTDVVLEVGPGTG	XXXXXXXXPLIINSIIDKAALRDVMKLKATCVANR	0
DLGEAGRLRKKADIATSKTTTRFRPSNTKSKKDVK	ADLEAGRLRKKADIATSKTTTRFRPSNTKSKREYH	1
CKLLDIACWIHHKYNSDKSSTYVKNGTSFDIHYGS	PPQCFVPSIHCHKYNSDKSSTYVKNSQDTVSCQSA	1
EAEKKKVMSQEIQEQLHKQQEVIADKQMSVKEDLD	EAEKKKVMSQEIQEQLHKQQEVIADKQMSVKEDLD	0
RKQMVIDVLHPGKATVPKTEIREKLAKMYKTTPDV	XXXXVTIVIDVLHATVPKTEIREKLAPDVIFVFGF	1
VQKRLNRAQEKVLQKLGKADETKDEQFEEYVQNFK	XXKRLNRAQEKVLQKLGKADETKDSRKLVDYDSAR	1
NMSNTWKFLSHSTDSLNKISKVNESTESLTDEGVG	PISNTWKFLSHSTDSLNKISKVNESTXXXXXXXXX	0
KKIQRVDFDIFHPSLQQKNTLLPLYLYIQSWRKTY	SLEDFLKKIIFHPSLQQKNTLLPLYLXXXXXXXXX	0
LDQGEGVLIIFDEPPVDKTYEAALETIQNMSKVVD	DKKFHGILIIFDEPPVDKTYEAALETIQNMSKVVD	0
QLTALTGRIQEAGTEVVKAKAGAGSATLSMAYAGA	RFHAGLGRIQEAGTEVVKAKAGAGSATLSMXXXXX	1
EVAQKLLALNPDAVELFKKANAMLDEDEDERVDEA	XXXXXAQLANPDAVELFKKANAMLDEDEAELTEIF	0
TQDQHVLFGKFAQIIQEKEVEIDQLNEQVTKLQQQ	ESDQHVLFGKFAQIIQEKEVEIDQLNEQVTKLXXX	0
YELVQYKWPRWLHQQTEKQRIIWGYKILFLDVLFP	DNVASGLKNYLKWQQTEKQRIIWGYKSNLDXXXXX	0
DMMKEALEKLQLNIVEMKDENATLDGGDVLFTGRE	RPGAPRRKEVDMKIVEMKDENATLDTNQRGAEILA	0
TKIINADSEDPKYIINVKQFAKFVVDLSDQVAPTD	XXXPLQVARCTKYIINVKQFAKFVVEGMRVGVDRN	1
VETIAQEHSTLSQQVDEKCSFLETKLQGIGHFQNT	LTMLQTQQKTLSQQVDEKCSFLETKLXXXXXXXXX	0
SCVITYLAQVDPKGSLPKWVVNKSSQFLAPKAMKK	TLHKICPKPLDPKGSLPKWVVNKSSQFLDESAVAE	1
KKLLVELKVILHSSSGNKEIISHISQHGGKWPYWF	XXNVAELKVILHSSSGNKEIISHIMENIQKLGNYT	0
LLAIVADLYEQEQYSDLKIKVGDRHISAHKFVLAA	XXXXXXXLYEQEQYSDLKIKVGDRHISAHKFVLAW	0
EKPDGSPVFIAFRSSTKKSVQYDDVPEYKDRLNLS	QNLMFGKWFIAFRSSTKKSVQYDDRLNLSENYTLS	1
KFPTRVHVQPAVDTSGVKVSGPGVEPHGVLREVTT	XXXXXXXXXXXXDTSGVKVSGPGVEFTVDARSLTA	0
QGLGAACGMAYTGKYFDKASYRVYCLLGDGELSEG	XPHNDRCGMAYTGKYFDKASYRVYKLDNLHPQEDA	1
RTWRLNERHYGGLTGLNKAETAAKHGEAQVKIWRR	WNLENRFSCYGGLTGLNKAETAAKHGEAQVKIWRR	1
ARYLAVKEVLCHLIECNKDVPGISQINWVIHVVDS	VNQCDCTVILCHLIECNKDVPGISQINWGIAVILL	0
KSLHQQSTQLSSSLTSVKTSLRSSLNDPLCLVHPS	XXXXXXXXXLSSSLTSVKTSLRSSLNCIRLSLSQL	0
PIERAVVIVDDRGRSTGKGIVEFASKPAARKAFER	NLLEFAVVIVDDGRSTGKGIVELLRPVIVEPLEXX	1
RMASNIFGPTEEPQNIPKRTNPPGGKGSGIFDEST	RPNRMASNPTEEPQNIPKRTNPPGGKGSGIFDEST	1
CIYVAIGQKRSTVAQLVKRLTDADAMKYTIVVSAT	SAIDIIYAKRSTVAQLVKRLTDADAMKYTIVVSQY	1
RVISICYFEQENDWWVCKHIKKPIRSTVLSLDWHP	VGSSRVISICYFEWWVCKHIKKVLFSAYIKEVPFG	0
PTFVRMLAPEGALNIHEKAWNAYPYCRTVITNEYM	NEPYGQYTHKIYHNIHEKAWNAYCRTVITNEFLIK	0
EEFWEMFDGSLYHKLREKLGCQDAFPEVYDKICKA	AVSGTLGGGSLYHKLREKLGCQDAFPEXXXXXXXX	1
YSISVPIFKQFHKNIIGKGGANIKKIREESNTKID	XXXXXXIFKQFHKNIIGKGGANIKKIREEIDLPAE	1
SIFSAVLDELKVAQAPWKAVNTLNEALEFAKSVDY	XXXXXXDRSIFSAQAPWKAVNTLNEALEFAKSVDY	1
YYSRPKEAPEPMELDGPKGTGYIKTELISVSEVHP	YYSRPKEAPEPMELDGPKGTGYIKTELISVVESMX	1
KVAVATPAKKAAVTPGKKAAATPAKKTVTPAKAVT	XXXXXXXXKKAAVTPGKKAAATPAKKTKEEPTTAF	1
KLKETSSFRMRHLQSLHKFVSRATAELIWLNEKEE	LPSVELQLEMRHLQSLHKFVSRATAEVSLQDTALL	0
LLFSDGNSQGATPAAIEKAVQEAQRAGIEIFVVVV	DALGYVTRSGATPAAIEKAVQEAQRAGIEIPHIRV	0
FYSSRQHATNVGIMFRDKENALMPNWLHLPVGYHG	XYSSRQHATNVGIMFRDKENALMPNWLKDYSGPEP	1
IGKSAKIVVHLHPAPPNKEPGPFQSSKNSYIKLSF	CMAILLSQIVLHPAPPNKEPGPFQSSKNSYWXXXX	0
LEDLVFPSEIVGKRIRVKLDGSRLIKVHLDKAQQN	XXXXLTAHDLIGKRIRVKLDGSRLIKVHLVEFSGV	1
LLKMQNQRGGRALFQDIKKPAEDEWGKTPDAMKAA	YTYLSLGFAKRYLFQDIKKPAEDEWAAALEKLAXX	1
WHQYYDIVYMKPHGRLQKVMNHITDGPRKDLVKGK	KHQQKYVVYMKPHGRLQKVMNHITDGPRKDLVGDL	1
HEGAGIVESVGEGVTKLKAGDTVIPLYIPQCGECK	VRIKGIVESVGEGVTKLKAGDTVIPVVADISVAKI	1
WRNRVMMVAKKFLDAGHKLNFAVASRKTFSHELSD	KDLLIVMVAKKFLDAGHKLNFAIRTAKEFLQDYFD	1
LRNLQPASEYTVSLVAIKGNQESPKATGVFTTLQP	ITGYRLYNVGPSVLVAIKGNQESPKAXXXXXXXXX	0
PQIIIRAFRTATQLAVNKIKEIAVTVKKADKVEQR	XXXXXXXXXTATQLAVNKIKEIAVTSVVAAIEMEL	1
ARNTKKEGDLIAAQARLKDLEALLNSKEAALSTAL	ARNTKKEGDLIAAQARLKDLEALLNSKEAALSTAL	1
LALMTGKMNPQSAFFQGKLKITGNMGLAMKLQNLQ	LALMTGKMNPQSAFFQGKLKITAMLXXXXXXXXXX	1
PSLGKKDARQTPKKPEAKFFTTPSKSVRKASHTPK	RLVPIGKKRQTPKKPEAKFFTTPSKSVXXXXXXXX	1
ETLMCSFQILKPSEKKAKYQYGGLNSGRPVTPPRT	YCGEFDNAGLKPSEKKAKYQYGGLNSXXXXXXXXX	1
VQRGAKKPLERVFQFLEKSDLGCGAGGGLNNANVF	KGKVPSSRWERVFQFLEKSDLGCGAGPCKXXXXXX	0
VLRRTAPREHSYVLSAAKKSTGPTQETQAPFIAKR	PPSTRAPREHSYVLSAAKKSTGPTQETQAXXXXXX	0
LDQVKKRFEVNKKKMEEKQKDYDFEERMKELREEE	LDQVKKRFEVNKKKMEEKQKDYDFEERMKELREEE	1
PYSVETPYGYRLDLDFLKYVDDIEKGHTLRRVAVQ	PYSVETPYGYRLDLDFLKYVDDIEKGHTLRRGGFN	0
VEKLCTEQGSHPKFQKPKQLKDKTEFSIIHYAGKV	FVEKLCTQGSHPKFQKPKQLKDKTEFSIIHGKVDY	1
HDSVVMVTQESDSSFLVKVGFLKILHRYEITFTLP	XXXHDSVVMVTQESFLVKVGFLYITFTLCYGVLKE	0
VGGPGSGKGTQCEKIVQKYGYTHLSTGDLLRSEVS	XXXKIIVKGTQCEKIVQKYGYTHLTSKGFLILVDS	1
VSLATRLLAQCSEVQLGKTTTAQDLVQHFKKLSTQ	NVSLATRLLAQSEVQLGKTTTAQDLVQHFAXXXXX	0
GEETNASDQQNEPQLGLKDQQVLDVKSYARLFSKS	XXXXXXVSQQNEPQLGLKDQQVLDVKSYRLKDDPS	0
SRALTDKVTDLLGGLFSKTEMSEVLTEILRVDPAF	XNVFFDKVTDLLGGLFSKTEMSEVLTEILDKDDLA	0
VNEKWIVTAAHCVETGVKITVVAGEHNIEETEHTE	DAFCGGITAAHCVETGVKITVVKRNVIRIIPALLE	0
DWTYTTDYKGTLLGESLKLKVVPTTDHIDTEKLKA	GSGFGIEFKGTLLGESLKLKVVHTYMLREKLIFPE	0
EPVEVVAPRGKSGAALSKKSKGQVKEEGINKSEKR	KIEKGVAPRGKSGAALSKKSKGQVKEEGINKSEKR	1
KPDGWGVTKGTAELMQQKEATTEQQLKELFEKQKF	KSGTPSYLSCKAELMQQKEATTEQQLXXXXXXXXX	1
TLGKLEQVRSLSAIYLEKLKTISLVIRGTQGAEEV	RLRCARIQQSLSAIYLEKLKTISLVIELRGAQEVG	1
IKPIWQRPSKEVEEDEYKAFYKSFSKESDDPMAYI	XXXDIKPIWSEVEEDEYKAFYKSFSKESDDPMAYI	1
IGVDFKIRTIELDGKTIKLQIWDTAGQERFRTITS	LLFAFKIRTIELDGKTIKLQIWAHGFMMAAIKTAA	1
ESLPKIGDLHPQIVNLLKSVHNGAPAPVSGEKDVV	XXXXXIGDLHPQIVNLLKSVHNGAPAPVGDFVQQV	0
HGNSMTELKPSSKAHLTKLKIPSQPLDASASGDVS	XXNSMTELKPSSKAHLTKLKIPSQPLDSKSEGADN	1
NLKQKGHFFVEDQIYCEKHARERVTPPEGYEVVTV	NLKQKGHFFVEDQIYCEKHARERVTPPEYEVVTVF	1
TRFMETADSTTAAVLQGKLAEVSQRFEQLCLQQQE	TREMVTFMSTTAAVLQGKLAEVSQRFEXXXXXXXX	0
GILTGPGDVSLSTSQVQKELQSINQKWVELTDKLN	EAAQGILTVSLSTSQVQKELQSINQKWVEXXXXXX	0
KKLYKHEIHKLKDMTCLKPSIESPLRQNRSRSIEE	XXXXXXXXDCEPKMTCLKPSIEREEEQDDGLRLNA	0
NCDRGLRPSCPNSQSPVKVEETCGCRWTCPCVCTG	HRVNCDRGLRPSCQSPVKVEETCGCRWTCPCGLSP	0
LELEKERRELIRSQAVKKNPGIAAKWWNPPQEKTI	XXXXKERRELIRSQAVKKNPGIAAKWWNPPQSDSG	1
SSRKRAGKLLDYLQENPKGLDTLVESIRREKTQNF	LRAKKILSLLDYLQENPKGLDTLVESIITVXXXXX	0
RSFYYKLRAAEQYTPKAKYHGNVMLLRAKTGGAYG	QAQQPHNSLSPTYTPKAKYHGNVYNLSQVCDGKVX	1
GWVKKELEKIPGFQCLAKNMPDPITARESIWLPFM	NGGDVTTHYGVKKQCLAKNMPDPAWLFMETELHCI	0
TGIFGGHIRSVVYQQSSKESATLQPFFTLQLDIQS	RNKTSVTRRSVVYQQSSKESATYTTKVEISRRXXX	0
TTPIFANRRSQQSVSLSKSVSIQNITGVGNDENMS	TTPIFANRRSQQSVSLSKSVSIQNITGXXXXXXXX	0
NPDLQEAYIAKQKRLKSKLLDHDNVKYLKKILDEL	IRQIGNTEIAKQKRLKSKLLDHDNVKYLIXXXXXX	1
TLSDVLDRVSDTPSITAKLISEQKDDKEKKNHEEK	XXXXCPYKGSDTPSITAKLISEQKDDKEKNYSVVV	0
VICPSIPGYGFSEASSKKGFNSVATARIFYKLMLR	GWWGPGTEGLPGEASSKKGFNSVATQCTKPDISSQ	1
KIMKSEVLRVTHELQAMKDKIKENSEKIKVNKTLP	NIMKSEVLRVTHELQAMKDKIKENSEKIKVNKTIG	1
DGMKLVQTRAILNYIASKYNLYGKDIKEKALIDMY	FVEIDGMLRAILNYIASKYNLYGKDKLSRAXXXXX	1
KQFQKVITEYLNAQESAKSARLNLWRYGDFRADDA	GLVMVEITEYLNAQESAKSARLNLWRYGDFRADXX	1
QLQGLDSGFVPSVQDFDKKLTEADAYLQILIEQLK	XXXXLLDGFVPSVQDFDKKLTEADAYLQILIKHCI	0
ITSPVLMGEENNVVHNQKVEILRKMLQKEQERLQL	XXXXLLMGEENNVVHNQKVEILRKMLQKEQHIPQL	0
KAESEEMETSQAGSKDKKMDQPPQAKKAKVKTSTV	YKESEEMETSQAGSKDKKMDQPPQAKKAKXXXXXX	1
EPMEEDLPENKKQALKEKELGNDAYKKKDFDTALK	XXXXXXXXXNKKQALKEKELGNDAYKFDTALKHYD	1
AVGLLFIYGCLPETKGKKLEEIESLFDNRLCTCGT	TVNSEIYPLWRPETKGKKLEEIESLFDDERYIEYI	0
RLTRKVFANPEDCVAFGKGENAKKYLRTDDRVERV	RLTRKVFANPEDCVAFGKGENAKKYLRTDDRVERV	1
TGPLSSCHKLVDPQGPLKDCIFDLCLGGGNLSILC	KKYQKFCGLLSDPQGPLKDCIFDLCLILNIYXXXX	0
TVSQRFQLSNSGPNSTIKMKIALRVLHLEKRERPP	GNLKVTVSQRFQLNSTIKMKIAXXXXXXXXXXXXX	0
SQLNESKEKVSQLDIQIKAKTELLLSAEAAKTAQR	SLLNESKEKVSQLDIQIKAKTELLLSAEAAKTAXX	0
PGAPAQFPVLEEHRPLQKYMVWSDEMVKTGEAQIH	KLEPLQAYHVEEHRPLQKYMVWSYGAFVKRERDLQ	0
KARPTARREDPSFERYPKNFSDSRRNEPPPPRNEL	XXXERQRREDPSFERYPKNFSDSRRNEPPPPPRGS	1
TIEKRLVNCEPIGTQASKLEEQIAQHKALEDDIIN	XXXXXXXXCEPIGTQASKLEEQIAQHKRSLLQQAL	0
IFASQASGFSDALTGMVKTLFLGVTNLQAKHVEMT	ITNLLSGMDYNVKTGMVKTLFLGPXXXXXXXXXXX	0
DEAHRLKNRNCKLLDSLKHMDLEHKVLLTGTPLQN	IEWCVILNRNCKLLDSLKHMDLEHKSLLHFLEPSF	1
KVYLGPPRLFQELQDLQKDLAVVEQITLLISTLHG	XXXXKYPRLFQELQDLQKDLAVVEQITLAQDWCLA	0
ESPKDPVLPARFFTQPDKNFSNTKNYLPPEMKSFF	LYCKDPVLPARFFTQPDKNFSNTKNXXXXXXXXXX	0
IFKSSRAEVRTHYDPPRKLMAMQRPGPYDRPGAGR	GRSTGEAEVRTHYDPPRKLMAMQRPGPDYGDGGST	1
LVEGMDFHRFYFENALSKSNKPIHTIILNPHVHLV	INNGDFEHRFYFENALSKSNKPIHQYMDGSGTVPX	0
VMFLLVDKETDKRHVEQKIQFKRETASLKLLPHQP	NVEDLVDKETDKRHVEQKIQFKRETADYFQAKKXX	1
AEPHIPCLMPEYFEPQIKDISEAALKERIELRKVK	XXXXXXXXXXEYFEPQIKDISEAALKERIELRKVK	0
ARQGAANEPRYTCSEAQKAAHKRKISPVKFSNTDS	XXXGAANEPRYTCSEAQKAAHKRKISPCDAIAYPA	1
NVGLTSIANLPKLNKLKKLELSDNRVSGGLEVLAE	KELVELEFLSTILNKLKKLELSLKCPNLTHLNLLN	1
EMPSQLFTLGASEHSPLKTPYFDAGASCTEQEMPR	VTPSQLFTLGASEHSPLKTPYFDAGASCYVXXXXX	0
GQAKEFSEHIDSVPNFLKNNGDFHRIGSIRVIGGV	GQAKEFSEHIDSVPNFLKNNGDFHRIGSIYEKEHP	0
VAPIERVKLLLQVQHASKQISAEKQYKGIIDCVVR	XXXXXXXXXLLQVQHASKQISAEKQYTRLAADVGK	1
KLKKTKIIFVVGGPGSGKGTQCEKIVQKYGYTHLS	XXXXXXXIFVVGGPGSGKGTQCEKIVHLSTGLIDG	1
MRITLRNLEEVEFCVEDKPGTHFTPVPPTPPDACR	NVVYLKGLEEVEFCVEDKPGTHFTPVPPPDACRGM	0
AGKRLPSPALWWVNGKGKELMWNFRELSENSQQAA	XXXXXXXPALWWVNGKGKELMWNPRVPEWWVSEKW	1
PYTIITTPPLKDFSLWEKTGLKEFLKTTKQSFDLS	LTIPEMTPPLKDFSLWEKTGLKEFLKTTKQSSVIV	0
TEQENEAKCRNSKPGKKKNDFEQGELYLREKFENS	IKKVKEEKYKNSKPGKKKNDFEQGELYLVYNKKKT	1
IYFDSDSEDEDRAVQVTKKKKKKQHKIPTNDELLY	IYFDSDSEDEDRAVQVTKKKKKKQHKIPTNDELLY	1
DSLTTPRLTLSELDDIIKNASGIYAEIDGAKSELQ	XXLTTPRLTLSELDDIIKNASGIYAEIDGAKPMNN	0
QQALEYGTKLVGGTTPGKGGQTHLGLPVFNTVKEA	CQGFTGKQGTVGGTTPGKGGQTHLGLPVFNTVKEA	1
EDDEKYIFSDDSSQLTIKKVDKNDEAEYICIAENK	IEQEEDDEKYIFSQLTIKKVDKNDEAYLKVXXXXX	0
KKSGPTVTKVVTVVTTKKAVVDSDKKKGELMENDQ	GKKWSTVTKVVTVVTTKKAVVDSDKKKGELMDHGK	1
PKSAHGTNPASAHMAGMKIQPVEVDKYGNIDAVHL	HRTVCLINPASAHMAGMKIQPVMVKHKENLAAIMG	1
SIMRAALSGANVLTLIEKDIRTPNGLAIDHRAEKL	TNWNEQHPSIMRLTLIEKDIRTPNYFSDATLDKIE	0
GDVDMSEVEHFMPILMEKEEEGMLSPILAHGGVRF	LDLKGKEVEHFMPILMEKEEEGMLSPILAHGGVRF	0
MLLLTGRTWKGAVYGGFKSKEGIPKLVADFMAKKF	NNAVAGSTGNVAVYGGFKSKEGIPKLXXXXXXXXX	1
EVTREGFRLKKILIEDWKKAREEKQKKLIELQAGK	XXXXXXFRLKKILIEDWKKAREEKQKKLILEQEIS	1
ADNFNDILKHLLTLADVKHVFRLCGTDEKILANVT	SILQGLVISHLLTLADVKHVFRLCGTIADLHKNQF	0
LIITSAEASPAECCQHAKILEDTQFVDGYKQLGFQ	XXIAQQRNLPAECCQHAKILEDTQIEVQPEEKANF	0
LCRKCKFCLSPLTNLCGKISNLKSPASDQQLMEDK	YAPLCRKCKFCLTNLCGKISNLKSPASDQQLMEDK	1
NGKLRLEPLKLHVAGNLKGAYQNNEIKHIYAISSA	SDLKYALDLTNNGAGNLKGAYQNNEIKHIYADTVA	0
SHQFQQMSRDFQAWLDTKKEEQNKSHPISAKLDVL	XXXXXXXXRDFQAWLDTKKEEQNKSHDHKDFSKTL	0
KLKETSSFRMRHLQSLHKFVSRATAELIWLNEKEE	LPSVELQLEMRHLQSLHKFVSRATAEVSLQDTALL	0
GEIRVGNRYQADITDLLKEGEEDGRDQSRLETQVW	DNGEVGNRYQADITDLLKEGEEDGRDQSRLETQVW	0
KTLAQLNPESSLFIIASKTFTTQETITNAETAKEW	XXXXXXIGIGGSDIIASKTFTTQTIALSTNTTKVM	0
ETNSTDDEKSTAKSLLVKAEKRKSPPKEYIDEEGV	APNSADDEKSTAKSLLVKAEKRKSPPKEYIDVRYV	1
QDTFALASQQKAARAQSKGCFQAEIVPVTTTVHDD	XXXXXAASQQKAARAQSKGCFQAEITQDEGIRPNP	1
INWVEKHVVQSISTQQEKETIAKCIADLKLLAKKA	INWVEKHVVQSISTQQEKETIAKCIADLKLLAKKA	1
GKTATEAADDIINNHLPKLKELGRNGEIHVDNIDV	LKMLRYCGDDIINNHLPKLKELGRNGEIHVIIRGK	1
RSVDETLRLVQAFQFTDKHGEVCPAGWKPGSDTIK	DDKGIRLRLVQAFQFTDKHGEVCPWKPGSDTIKPD	1
ACPVQCVEGCHAHCPPGKILDELLQTCVDPEDCPV	CQVTCQHPEPHAHCPPGKILDELLQTCVDPEDCPV	0
QDFPLMPNEESSLPAVEKEQASTEHQSRTSEEISL	XXXXXXXXXXSSLPAVEKEQASTEHERAQVKQLEM	0
KTVEEAENIAVTSGVVRKEDLRPSAPQQEGEASKE	KTVEEAENIAVTSGVVRKEDLRPSAPQQEGEASKX	1
DILRFEMPASKIVRRVLKEMVAHNYDRFSRSGSSS	VQDILREPASKIVRRVLKEMVAHNYDRFSXXXXXX	1
SPVKVTLSEGPHHVALFKDSSREFDLTKEEDLAAL	LDVLSDPVKVTLSVALFKDSSREFLEIRMETISLN	1
VVMMIGLPGAGKTTWVTKHAAENPGKYNILGTNTI	SLFAVMMIGAGKTTWVTKHAAENPGKYNILGNTNF	1
SEFVEVLNQQCFKFLQSKAETARESKQNPMIQRNS	XXXXXXXXQQCFKFLQSKAETARESKQIQRNSSFA	1
VSSNSTSRVFTTLVLCDKPLSQDPQDRGPATAEVP	XXXXXXXEHHALLVLCDKPLSQDPDRFLPEGPCDH	0
MIPIEWVCRRIATGSFLKRNPGVKEGYKFYPPKVE	XXXAGNVCRRIATGSFLKRNPGVKEGYKFKVELFN	1
SELLVPGSQLILGPHESKIPILLIQQPGKVTGEDR	PFIICSVTNKILGPHESKIPILPWXXXXXXXXXXX	0
TYKEVLEQVSKLAGVLVKHGIKKGDTVVIYMPMIP	XXXXXXXXVSKLAGVLVKHGIKKDVACRIGAKVDK	1
GADGLVFGALTEDGHIDKELCMSLMAICRPLPVTF	XXFLYIFGALTEDGHIDKELCMSLMAIVTFAFVHD	0
EEALIEQRRIQRQAIVQKYKYLAEDSNMSVPSEPS	XEALIEQRRIQRQAIVQKYKYLAEDSNMSLEVAAD	1
ALSGNEELTVKIKCDKEKNLLHVTDTGVGMTREEL	XXXXXXXXXXXIKCDKEKNLLHVTAFVADKVIVTE	1
YTNPNLSGQGDPGSNPNKRQRQPPLLGDHPAEYGG	NDDTNLSGQGDPGSNPNKRQRQPPLLGDHPAMPGQ	1
LDHHKLWDPNEFAVHCFKIIMYSIQAQYSHHVIQE	MENFRLGVVNEFAVHCFKIIMYSIQASVIIGIIQV	0
GERLIEEGCIHIISLGSKALMIQVWADPHNATLIF	XXXXXXSSWPWPHSLGSKALMIQVCMDSNDDMKAV	0
SQRRKKALEISHQWYQYKRQADDLLKCLDDIEKKL	XXXXXKEFNISHQWYQYKRQADDLLKELAVRRQAE	0
REERERKRRKEEEVQQQKLAEERRRQNLQEEKERK	XEERERKRRKEEEVQQQKLAEERRRQNLQEEKERF	1
AHFSRCGEVHRVTILCDKFSGHPKGYAYIEFATKG	GNVDYGGSALRVTILCDKFSGHPKGYAYIKRTNTX	1
AQPVPRPVSQARPPPNQKKGSRTPIIIIPAATTSL	GEGQPREYNPARPPPNQKKGSRTPILPYRKLMPQD	1
LDPYVQRLAETVFNFQEKVDDLLIIEEKIDLEVRS	AGLKKEVLAETVFNFQEKVDDLLIIEEKAVDLNLH	0
RGLPDNISSVLNKLVVVKLNGGLGTSMGCKGPKSL	XXXXXXXXXXXXXXVVVKLNGGKSFLTVIPLVLMN	1
KLRNELQTDKPFIPLVEKFVDTDIWNQYLEYQQSL	XXXXXXXXXXALIPLVEKFVDTDIWNQYLYMYRRI	0
IPGVSVKSSSIYSIVNIKIGVQVKFDGNHLLEIEI	AVAISQIPGVSVKIVNIKIGVQVIEIPTTYXXXXX	0
SDVAGVIEAVGDNASAFKKGDRVFTSSTISGGYAE	IKVAGVIEAVGDNASAFKKGDRVFTALAADHTVYK	0
KRLIGRKFGDPVVQSDMKHWPFQVINDGDKPKVQV	QVFDARLFGDPVVQSDMKHWPFQVIPVHEDDNRVN	1
TSAGPHFNPLSRKHGGPKDEERHVGDLGNVTADKD	XGPVKVGFHVNRKHGGPKDEERHVGDLGNVSIEDS	1
VTEDAKRLIAVADSVLTKVVGDLLSGTILVGQLEL	FNDILKLLIAVADSVLTKVVGDLLSGTILQLIFLI	0
FPGAQHYVGGNAALIGQKFAANSDLKVLLCGPVGP	XXXXXVVVGGNAALIGQKFAANSLKVLLLDDNVVG	0
RNFNNWMKSVLIGEFLEKVRQKKKRDITVLDLGCG	XXXXXXXXSVLIGEFLEKVRQKKKRDITVGRIFDI	0
VATNGKEVVSSTGVLFVKFGPPPTASPGYSDEYEE	EIRNLDTTDTGYGVLFVKFGPPPTSHMGEINQLMR	0
SEEAPAAMTAAQAKPALKIPQTKACPKKTNTTASA	XXXXXXXXXAAQAKPALKIPQTKACSSSPAQVKTS	1
CTGSSTRHIVTFDGQNFKLTGSCSYVLFQNKEQDL	NNITGSSTRHIVTGQNFKLTGSCYLNQGCELCFDW	0
EKLLEAISETSSQLEHAKVTQTELMRESFRQKQEA	DKLLEAISETSSQLEHAKVTQTELMRESFRQKQEX	0
EHFMKLYEEKTGNAWHSKNFTKYPKKFYPLEIDYG	LIFMKLYEEKTGNAWHSKNFTKYKFYPLEIDRQAX	1
PTEDENLNKTDLNFGDWKCIWHCKTASQVHLMKFS	TYLQLWSNTNLENFGDWKCIWHCQGEIXXXXXXXX	0
PHPPYSPDLLPTNYHVFKHLNNFLQGKRFHNQQDA	ILNVISPDLLPTNYHVFKHLNNFLQGFFVSQFYTG	0
LGFGSYISEVKEVLQECKTVALKRRKASSRLENLG	VIQALYISEVKEVLQECKTVALKRRKASSRLEXXX	1
RKKRKGKLTLEDQATFIKKGVPIIFADELDDSKPP	TDSTKGKLTLEDQATFIKKGVPIIFADELLILQEE	0
TRLISETTSVCKPEQVAKQIVKDAIQGNFNSSLGS	VCVVTAYPPTCKPEQVAKQIVKDAIQNSSLGXXXX	0
RRKLTALDYHNPAGFNCKDETEFRNFIVWLEDQKI	XXXXMFRLYHNPAGFNCKDETEFRNFIVWLIHWPF	0
LNLSKYIAEAVASIVEAKLKISDVNCAVHLCSLFH	KLKTITEQQAVASIVEAKLKISDVNCAVWHPNITK	0
LKAREHFGTVKTHLTSLKTKFPAEQYYRFHEHWRF	IREIRKVVLVKTHLTSLKTKFPAEQYYRFHHWRLL	1
PPDGYPIIPTSGSVPVQKQASLFPDEKEDNLLGTT	LFPGYPIIPTSGSVPVQKQASLFPDEKEDNLLGTT	0
FQHAIEKTHQSALQVQQKAEAMLQANHYDMDMIRD	LRHLQAEVVQSALQVQQKAEAMLQANHDMDMIRDC	0
YSHLVCRTAIEEVQAERKDDSHPVHVDNCILNAET	HTPNEKRTAIEEVQAERKDDSHPVDGGNFYTAKTV	0
LTSRLLRFTYGPSFPAFKVPDEDASLIPPEMDNEC	VICALTSRLLRPSFPAFKVPDEDASLIGCLVDAFL	0
GAPFLKEGASEEEIRLSKMVMKFWANFARNGNPNG	SVFGAPFLASEEEIRLSKMVMKFWANGEGLPIGAT	1
EESSNNLTQFQTVEAQLKQWLVEKELMVSVLGPLS	XXXXXXXXQFQTVEAQLKQWLVEKELMFRKQYEQL	0
YAFNHSADFETVRMIKEKLCYVGYNIEQEQKLALE	XXXXGITLFETVRMIKEKLCYVLVESYTLPIIKVG	1
LRLLIPVRTVQNSGYGPKLTSVHENLNSWIELKKF	HSSPECRRTVQNSGYGPKLTSVHENLSPXXXXXXX	0
VTDTYSPVMMTKAVKNSKEQALLKASHVRDAVAVI	FTGSTWEKWNTKAVKNSKEQALLKASHYWDGTGNF	1
LVSGQPLEEIITYYPAMKAVNEQGKEVTEFGNKYW	RKVQLNDSSVITYYPAMKAVNEQGKEVTEFGNKYD	0
SARLSAMLVPVTPEVKPKRTSSSRKMKTKSDMMEE	XXXXXAMLVPVTPEVKPKRTSSSRKMKTKSDNGEA	1
GRLKDQDKAAPEMVSLLKRNNCGKALDIARQARDM	IAWGVLGACLPEMVSLLKRNNCGKAVNTYEGTHDI	1
LVQFDSGKLEALAILLQKLKSEGRRVLILSQMILM	XEHVLCQKLEALAILLQKLKSEGRRVLIFLFHYLT	0
RNSQFAGGPLGNPNTTAKVQQRLIGFMRPENGNPQ	GEAQMRSGPLGNPNTTAKVQQRLIGFMMQQLQKFH	1
YREHRSELNLRRLFDANKDRFNHFSLTLNTNHGHI	XXXXXXELNLRRLFDANKDRFNHFSLTVDYSKNLV	1
VLPHLQVQHLTGGLIDPKRTGRIPIQQALLSGMIS	EDTKKRLSVGEAGLIDPKRTGRIPQALLSGMIXXX	0
KHIIGLVPASISEPPPFKCLLINKVDGSCKTFNDS	EIFIGLVPASISEPPPFKCLLICKTFNDSEQEDLQ	0
KSPFSVAVSPSLDLSKIKVSGLGEKVDVGKDQEFT	XXXXXXXXXXXXXLSKIKVSGLFTVKSKGAGGKVA	1
GGVILFHETLYQKDSQGKLFRNILKEKGIVVGIKL	SVDSVLHETLYQKDSQGKLFRNILKEKGIVVDGVX	1
TDVEEEELPVENREAVLKDHTKIRALVRAHSEKDQ	TDVEEEELPVENREAVLKDHTKIRALVRAHXXXXX	1
WQDIQNDPRYAILNEPFKGEMNRGNFLEIKNKFLA	HHWQIQNDPYAILNEPFKGEMNRGNFLEIKNKFLX	0
LTASQVDQRVLQDLLSEKLPRLMAHLGQHHVDLSL	XXXXXXXXRVLQDLLSEKLPRLMAHLGFRYALAIF	0
DADAEAFTAYLEAMRLPKNTPEEKDRRTAALQEGL	XXXAEAFTAYLEAMRLPKNTPEEKDRRTAALQEGL	1
ARLRSLESLHSFVAAATKELMWLNEKEEEEVGFDW	XXXDLPVELHSFVAAATKELMWLNEKELLKEKKIK	0
PYIFQTPEGVPEQPTFLKVIKVDKDTATLSWGLPK	XXXXXXXXXXXXQPTFLKVIKVDTATLSWGLPYLQ	0
QPPAFFSKLTESNSAMVKSKKQEINKKLNTHNRNE	AIPMGSITQGESNSAMVKSKKQEINKKLNXXXXXX	1
IVQLCDQWDNPAPVQHVKISLTKASNLKLMPSNQQ	XXDKNTLPLVQLPVQHVKISLNQQHKTDEGRANLV	0
GTIPGAGGTQRLTRAVGKSLAMEMVLTGDRISAQD	QPEIIPGGTQRLTRAVGKSLAMEMVLTGDRIDAKQ	1
NKADRDQYELLCLDNTRKPVDEYKDCHLAQVPSHT	HSIKRDQYELLCLDNTRKPVDEYKDCHLXXXXXXX	1
PLYWDAWDVMDYHLETRKPVLGQAGTLAVGTEGGL	GNQFVLFDDVDYHLETRKPVLGLQISPSEAHKFLK	0
ARKCGALLKYPAPVTSLKARSDGTWDVETPQGSMR	XXXXXXXXDRAVIVTSLKARSDGTWDVETGSMRAN	1
CKAAGASRIIGIDINSEKFVKAKALGATDCLNPRD	GLGGVGLSVIGIDINSEKFVKAKALGADCLNAALV	1
ESQLQNDSKKAMQIQEQKVQLEERVVKLRHSEREM	TNFKSVDSKKAMQIQEQKVQLEERVVKLRXXXXXX	0
GVPSDSVEAAKNASNTEKLTDQVMQNPRVLAALQE	XXXSDSVEAAKNASNTEKLTDQVMQNPRVLAALQR	1
TLGPALLQKKLSVVDQEKVDKFMIELDGTENKSKF	MAMLALLQKKLSVVDQEKVDKFMIELDILVSLAVC	1
KTAEFQVARTTLLPGLLKTIAANRKMPLPLKLFEI	LCSEDIKLERTLLPGLLKTIAANRLLFEAVYVITK	0
GHGQRTFGENYVQELLEKASNPKILSLCPEIKWHF	PADMVIFGENYVQELLEKASNPKILSLCPIKWHFL	0
ESGYVASEGFPNLYPPNKECIWTITVPEGQTVSLS	XFLCGGASEGFNLYPPNKECIWLECRYDALECLRM	0
PGHPKMIYSSSNLKTPSKLCSGSKSHDVQEVLKKK	NNQNKPGYSSSNLKTPSKLCSGSKSHDVQERGRGX	1
DSKEGIVVESNHDSHMAKERAHSTASHSSSNSEDT	DSKEGIVVESNHDSHMAKERAHSTASHSSSNXXXX	1
RPPGAPPERYLGLPGSLKWEDRGPSGQGQGQFLIQ	NVFWTSNVRLSGLPGSLKWEDRGQFLIQQXXXXXX	0
KVYGPSTEPLLLLEEIEKENKRFQEDREFSAGTVY	VIKVYGTEPLLLLEEIEKENKRFQEDREFXXXXXX	0
ASQRAESRGEKAITQVSKGTCEQGPSIVTPPKDIW	TYPSGCQLRAASITQVSKGTCEQGIPTEKHQXXXX	1
SREIQTAVRLLLPGELAKHAVSEGTKAVTKYTSSK	SREIQTAVRLLLPGELAKHAVSEGTKAVTKXXXXX	1
LESLVARESVQGYTTKTKQEVEISRRVTLEKLPPV	VYQQSSKSSVQGYTTKTKQEVEISRXXXXXXXXXX	1
NLSSRLRMPPLIPAEVDKIRECISDNKSATVELEK	XXXXXXXXXPLIPAEVDKIRECISDNKSREKFLDV	0
GYGSNKKTKHMLPSGFRKFLVHNVKELEVLLMCNK	LRPLVKKTKHMLPSGFRKFLVHELVLLCNKSYCAE	1
NPGYIKLRKIRAAQNISKTIATSQNRIYLTADNLV	XPGYIKLRKIRAAQNISKTIATSQNRIYLTADNLV	1
DSEQFRDASKILVDALQKFADDMYSLYGGNAVVEL	VLHDISSLSKILVDALQKFADDMYSLGAVELXXXX	0
DKYGIQADAKLQFTPQHKLLRLQLPNMKYVKVKVN	XXXXXTDSDHAWFTPQHKLLRLVKVKVNFSDVADI	1
PSDTPPSVVNEDFLHDLKETNISYSQEADDRVFRA	XXXXXXXVVNEDFLHDLKETNISYSQEDIVLWPTC	0
QKYQWHVEDLVPWIEDCKAKMSELRVTLDPVQLES	XXXXXXXXDLVPWIEDCKAKMSELRSKAMLNEVEK	0
LAIRLHVAALPPVIHQEKLENISLPPGLSIHIHCT	XXXXXXXXXXPPVIHQEKLENIIHCTAKAVRWVLG	0
LGPLQVARVLAKLAEKEKVDLVLLGKQAIDDDCNQ	VIAVRGIRVLAKLAEKEKVDLVLTAFLDWLPAVLX	1
AAQQGPVVVSPASDYKDKYSHLIGKGAAKDAAHML	AAQQGPVVVSPASDYKDKYSHLIGKGAAKDAAHML	1
AFLSTHPNTETVFEAFLKSYSTSSKKARPVLKKLD	LARGLYLETETVFEAFLKSYSTSSKKARPVLKLDX	0
LVLPAPQISDAELQEVVKVGQASEIARQTAEESGI	XXXXXPQISDAELQEVVKVGQASEIARQTAEELLS	0
VCLPDRETAASLLQAGYKGRVTGWGNLKETWTANV	ELLESYIGRIVLLQAGYKGRVVVNLPIVECAGYFV	1
KRDAVLQGMFYFRKDICKGGNAVVDGCGKAQNSTE	VILSYKLDFLIFRKDICKGGNAVVDGCGKAQSAAE	1
EKNWKAMEALATAEQACKEKLLSLTQAKEESEKQL	EKNWKAMEALATAEQACKEKLLSLTQAKEESEKQL	1
VNRRYREFLNLQTRLEEKPDLRKFIKNVKGPKKLF	XXXXXXEFLNLQTRLEEKPDLRKFIKNVKGLCIPE	1
VDQGKSGTRELLWSWAQKNKTIGDLLQVLQEMGHR	LARLSSSDRELLWSWAQKNKTIGDLVVDNVLIKKW	0
QGGVAECVLALGFEKMSKGSLGIKFSDRTIPTDKH	VKPGAENSRDYVFEKMSKGSLGIKHPAQFVICCPT	1
VLMNSEKKCEVLCSQSNKPVTLTVEQSRLVAERIT	XXXXPFCQCEVLCSQSNKPVTLTNHIRLEDLKADE	0
KGLSKAKEGVVAAAEKTKQGVAEAAGKTKEGVLYV	KGLSKAKEGVVAAAEKTKQGVAEAAGKTKEGVLYV	1
LDVLDKHLIPAANTGESKVFYYKMKGDYHRYLAEF	TVRLDKHLIPAANTGESKVFYYKMKGAYKAASDIA	1
SHQFQQMSRDFQAWLDTKKEEQNKSHPISAKLDVL	XXXXXXXXRDFQAWLDTKKEEQNKSHDHKDFSKTL	0
SLFGGSVKLALASLGYEKSCVLFNCAALASQIAAE	DQICSIEFTWLASLGYEKSCVLFNCAAFHITVSAL	0
APMFVMGVNHEKYDNSLKIISNASCTTNCLAPLAK	AKRVIISDAPMFYDNSLKIISNLMMAKEXXXXXXX	1
DIAHTPGVAADLSHIETKAAVKGYLGPEQLPDCLK	PLVSRLTLAADLSHIETKAAVKGCDAFVDXXXXXX	1
GQKLIYAGKILNDDTALKEYKIDEKNFVVVMVTKP	LKKLIYAGKILNDDTALKEYKIDEKNFVVXXXXXX	1
ESLTLIVEGKPQIKMTKKTDPSGLSKTIICHVEGF	XXXXXXXXXXXXXKMTKKTDPSGLSKTIICHYSKI	0
KFLALDLGGTNFRVLLVKIRSGRRSVRMYNKIFAI	XXXXGTEKGKFLAVLLVKIRSGRRSVRMYNMLLPL	1
VPEDPTQCFLLFANQTEKDIILREDLEELQARYPN	TKVIKVYGGTIFANQTEKDIILREDLEFTLDHPPK	0
NNLKARNSFRYNGLIHRKTVGVEPAADGKGVVVVI	XSAHPNNLFRYNGLIHRKTVGVVIKRRSGQRPSYV	1
RLEHQLEPGDTLAGLALKYGVTMEQIKRANRLYTN	RLEHQLEPGDTLAGLALKYGVTMEQIKRANSIFKT	0
QASTSNPIPGDGFSRATKDSMIRKFLEGNSMGMTN	CSLNGCEDLESGFSRATKDSMIRKFLEGNSLXXXX	1
DSGRLKEYDEPYVLLQNKESLFYKMVQQLGKAEAA	IIMVDKEYDEPYVLLQNKESLFYKMVQQLGKAEAA	0
KRQQEKAHMMNAIKKYQKGFSDKLDFLEGDQKPLA	KRQQEKAHMMNAIKKYQKGFSDKLDFLEGDQKPLA	1
REYSGTIASEANTYLNSKSTRSSVKLQGTSKIDDI	XXESLTSYFSINTYLNSKSTRSGEATLQRIYSELS	0
FLNLERVTWHSPCEVLQKISEAEAVHPVKNWMDMK	XXXXXERVTWSPCEVLQKISEAEAPVNWMRVCYFF	0
HIKIIYPTAPPRSYTPMKGGISNVWFDRFKITNDC	XXMAGSGDAPPRSYTPMKGGISNVWFDRFKITNDC	1
DIDLKDVDKILLITEDLKNIGNTFFKSQNWEMAIK	XXXXXSGDHILLITEDLKNIGNTFFKMAIKKYAEV	0
ELASFLATKNLSLSQQLKAIYVEYGYHITKASYFI	LGALLWWIILLSLSQQLKAIYVEYGYHIAPPGNSD	0
SLQLPMEKAIETALDCLKSANTEPYYRRQAWEVIK	XXXXXXXKQIETALDCLKSANTEPYRRAWIQALTG	0
GPDCTQCPGGFSNPCYGKGNCSDGIQGNGACLCFP	XXXXXGCPGGFSNPCYGKGNCSGACLCFPDYKGIA	0
PANPESSMEDCLAHLGEKVSQELKEPLHKALQMLL	XXXYLQEQEDCLAHLGEKVSQELKEPLHASGWNKI	0
KRLQPQTTYDITVLPIYKMGEGKLRQGSGTTASRF	KVVNYRVKVPPTVLPIYKMGEGKLXXXXXXXXXXX	0
IDEAKKWERKFSDAIQSKEEEIRLKEDNCSVLKDQ	IDEAKKWERKFSDAIQSKEEEIRLKEDNCSVLKDQ	0
VSPELQAAVEEILPSLKKDDVSIYYVSRTSNTDGI	AKVLLVQAVEEILPSLKKDDVSIYTDGIDXXXXXX	1
IAEAWARLDHKFDLMYAKRAFVHWYVGEGMEEGEF	YNSILARLDHKFDLMYAKRAFVHWYVGMEEGEFSE	1
ISNILLRVWDAFLYEGTKVVFRYALAIFKYNEKEI	DQVLLFVVWDAFLYEGTKVVFRYALAAFMNPFRMK	0
AMRFLTAVNLEHPEMLEKASRELWMRVWSRNEDIT	LRPAMFLTAVNHPEMLEKASRELWMRILAAAEKAG	1
TIKTDWLDGKHVVFGHVKEGMDVVKKIESFGSKSG	AAVGPGVLSICTVFGHVKEGMDVVKGQLSXXXXXX	1
FSIQEKYVAADTLYSQIKEDVKKRAVALDEAISQS	AEHKPHIDAADTLYSQIKEDVKKRAVXXXXXXXXX	0
QQLKIDIEKGKLSDNILKLEKQINKEKKLIRRGRT	XXXXXXXXKGKLSDNILKLEKQINKEKKEHEACFS	0
ECEKYKSVLAETEGILQKLQRSVEQEENKWKVKVD	FKEKYKSVLAETEGILQKLQRSVEQEENKWKVKXX	0
GLKAHLGSCTLGNFVAGKYKCLLCQKEFVSESGVK	LPTAHLGSCTLGNFVAGKYKCLLCQKEFVSESGVK	0
RGQVLFDLVCEHLNLLEKDYFGLTFCDADSQKNWL	XXXXQFDLVCEHLNLLEKDYFGLPFTVKFYPLTEI	0
SLLSFMQGYMKHATKTAKDALSSVQESQVAQQARG	SLLSFMQGYMKHATKTAKDALSSVQESQVAQQARG	1
VMLYAAEMIPKLKTRTQKTGGADQSLQQGEGSKKG	DVQYAAEMIPKLKTRTQKTGGADQSLQXXXXXXXX	1
FQLRRWREHSAFQAPAVKKKPTVTKGRSSKKGTEN	FQLRRWREHSAFQAPAVKKKPTVTKGRSSTSNVAD	1
AGEATLQRIYSLWEHSTKNHLQLEGLFFTNGEHTS	GTSKIIWNLEVKEEHSTKNHLQFTNGEHTSVHASQ	0
SKRESKTRLEISNPIPIKVASGSDLHLTDIDSDSN	XXXXXXXXXXXSNPIPIKVASGSDGSVILDVQNIK	0
VVRDAVITSNGTLPDKYKYIQTLRESRERAQSLSM	KLRDAVITSNGTLPDKYKYIQTLRESREXXXXXXX	1
VLDHTIPYLHVREAFGQKIGHFQLMQGKMADMYTR	LLDHTIPYLHVREAFGQKIGHFQLMQGKMAMDGIQ	1
RTNQELQEINRVYKEMYKTDLEKDIISDTSGDFRK	ASMKGLQEINRVYKEMYKTDLEKDIISDAKXXXXX	1
HWQKNGDYLCVKVDRTPKGTQGVVTNFEIFRMREK	RVRNLFNVVDCKVDRTPKGTQGVVTNFEVVEMKET	1
GTVDLTVHQLEQPHGTLKELYKASGGPYGAVGVDL	DRYVVTVHQLEQPHGTLKELYKAEVGVVRVRRSEQ	0
DLEGLSQRHEEKVAAYDKLEKTKTRLQQELDDLLV	PKEGLSQRHEEKVAAYDKLEKTKTRLQQELDDLXX	1
KAAAKESLCQAALGLILKEKAMTDTFTLQAHDQFS	XXXXXXXXXQAALGLILKEKAMTDTFSSSLGNLYS	0
LHPEPFSIENGLLTPTLKAKRGELSKYFRTQIDSL	NQIFPFSIENGLLTPTLKAKRGELXXXXXXXXXXX	1
IRYFPTQALNFAFKDKYKQIFLGGVDKRTQFWLYF	XXXXXXXQLNFAFKDKYKQIFLGGVDKQFWLYFAG	1
TGREPPPIWRVQKALLQKFTPEIKDGQRQFCATSN	VIRDPPPIWRVQKALLQKFTPEQFCATSNYLGYYL	1
LGLQPKMVKTYLEEELDKWAKIAAYGHEVGKRPWI	XXXXXXMVKTYLEEELDKWAKIAAYGHEVGKRPWI	1
LKLGIKPSINYYQVADFKDALARVYGVIPKIQCLP	XXXXXLVLLGIYQVADFKDALARVYGVIPKIQCIG	0
EECCNWFHKRMEELNSEKHRLINYHQEQAVNCLLG	DYRFGCTVKRMEELNSEKHRLINYHQEELXXXXXX	1
LQLGPDSLTVHLIHEVTKVLLVLELQGLQKNMTRF	XXSPYRALSVHLIHEVTKVLLVLDELEPRARPFLE	0
NVGRTLRRSPRISRPTAKVAEIRDQKADKKRGEGE	XXXXXXXXXPRISRPTAKVAEIRDQLERRSPMRQS	1
EVWKWKEEKGDRIYHQLKKLGSSLDWDRACFTMDP	FLHANADPGGDRIYHQLKKLGSSLDWAPLITDRPF	1
YSKGFGGKYGVQKDRMDKNASTFEDVTQVSSAYQK	YSKGFGGKYGVQKDRMDKNASTFEDVTQVSSAXXX	1
GLLTYTGKGHFNIQPNKKSPPEPRVAKKLGMIAGG	RGPSGLLTYTFNIQPNKKSPPEPRQKMRFTYXXXX	1
WYLDTEKPPAPSQVQLIKATTNSFHVKWDEVSTVE	XXXXXXXXXXXXQVQLIKATTNSFHVKWLVVDNTA	0
LGANGKVAVIVSNDHAGKLCGACGNFDGDQTNDWH	TIPWYRAGVIVSNDHAGKLCGACGNFDGDNDXXXX	0
SDDARRLTVTSLQETGLKVNQPASFAVQLNGARGV	XXXXXXXXXXSLQETGLKVNQPASFVHTPSRFIPH	0
VDFVECLMRFLPTENEVKVLRLYERERKPLENLSD	XXVTLLERAFLPTENEVKVLRLYERERKPLLSEDR	0
TGVFRPQLDEPIPLYEAKVSMEAVQKNQGRKKQVV	SQIFPVGPGLCIPLYEAKVSMEAVQKQVVQXXXXX	0
AHELAKSYGIPFIETSAKTRQGVEDAFYTLVREIR	YFAINVGNKCDLPETSAKTRQGVEDAXXXXXXXXX	0
KGRNEQFPVLDHLLSIIKLPPNKDTTYLSQSWAAL	XXXXXXXXVLDHLLSIIKLPPNKYLSQSWAALLKE	0
RENKNVKDPVEIQTLVNKAKRDLGVIRRQVHIGQL	AFRENKVDPVEIQTLVNKAKRDLGVIRRXXXXXXX	0
IARRLAQDGAHVVVSSRKQQNVDQAVATLQGEGLS	XXXVTASTDGGFVVSSRKQQNVDQAVATTGTVCHV	1
QDQTGKETLAFPLWESTKVVPLSKFVLLRSVDLVS	XXXXXXGKTAFPLWESTKVVPLSQLSTSHDPFQPD	0
QLKEEMNYIKDVRATLEKVRKRMYGDYDEMRQKIR	PEKEEMNYIKDVRATLEKVRKRMYGDYDEMRQXXX	1
FYASEDKLENRGNYVLEKISGQEVNEAACDIARQV	TYASEDKLENRGNYVLEKISGQEVNEAAKEAXXXX	1
INRNQLSQNRGLGGIMVKRAYETMAGAGVPFSANG	RAKLLAKNNRGLGGIMVKRAYETMAGAGXXXXXXX	1
SAQLIASAKYSVINEINKIRENEDRIFVYFITKLS	RNCLTNKAKYSVINEINKIRENEDRIFVXXXXXXX	0
MPVLGFGTYAPAEVPKSKALEATKLAIEAGFRHID	XXXXXFGTYAPAEVPKSKALEATKLAIIDSYNNEE	1
DFSAPTLEDHFNKTILPKVMQVKNFGRSGRTKYTH	SYKFLQKEDHFNKTILPKVMQVKNFGRSGRTKYTH	1
DGLIKQIGDNLIVPGGVKTIEANGKMVIPGGIDVH	GDIYMEDGIKLIVPGGVKTIEASIVVIQGKIMLEX	0
GESRSIAVKAVSSNISQKDVFDLKITAELNAFNVF	GEFKTHDSTKQSSNISQKDVFDLKISVKPKQTDTL	0
ISSGEMQKGLWEQCQLLKSTSVFARCHPLVDPEPF	XXXXXXXXXLWEQCQLLKSTSVFARCHPLVDPEPF	0
GKYFSLIPTGFADEDINKRFLSDIPSSQILQEEMT	XXXXXXIPTGFADEDINKRFLSDIPSSQILGLALI	0
EALHYLTRVEVTEFEDIKSGYRIDFYFDENPYFEN	SEEILKVEQKNTEFEDIKSGYREFHLNESGDPSSA	1
LDECPHSQALKKVFAENKEIQKLAEQFVLLNLVYE	WGDQLIWMALKKVFAENKEIQKLAEQFLEPADTAL	1
PMKQGVLTHGRVRLLLSKGHSCYRPRRTGERKRKS	GFPMKQGVLTRVRLLLSKGHSCYRPRRTGERKRKS	1
WKADVVESWIGEKENSLKTDDYGRDLSSVQTLLTK	XXXXXXESWIGEKENSLKTDDYGRSVTLLKQFDLR	1
AEMFEHLSGKLQQFMENKSRMLASGNQPDQDITHF	XXXXXXXXXKLQQFMENKSRMLASGQQIQELNLEM	0
KCSGQRGDRGPIGSIGPKGIPGEDGYRGYPGDEGG	XXENGGSPRGPIGSIGPKGIPGEDGYRGDEGGPGE	0
TLSAEVRTRVGYVRQELKPERLQPRIDRLPEIPGR	WDIDKAWGEVGYVRQELKPERLQPRIDRLXXXXXX	1
GAKRHRKVLRDNIQGITKPAIRRLARRGGVKRISG	XXXXXXXXLRDNIQGITKPAIRRLARRGGVKRISG	1
CTMLTPEPVLKTSGHVDKFADFMVKDVKNGECFRA	XXXXXXEPVLKTSGHVDKFADFMDNYGQVSFNLMF	1
HDESNAFESKASESISLKNLKRRSQFFEQGSSDSV	TSGIYNFESKASESISLKNLKRRSQFFEQGSXXXX	1
QHKRKTLLSTDHAFPYIKTRIRVCHREETVLTPVE	QCHNFVYKETDHAFPYIKTRIRXXXXXXXXXXXXX	0
ATEPVATWQNIQAAGTQKACTAQSLGNLLDMMYRE	XXEPVATWQNIQAAGTQKACTAQSLGNLLDMWTFT	0
KPIADSLGWNDAGDHVTKLLRSSVLGFACKMGDRE	LWQIASLGWNDAGDHVTKLLRSSVLGPVNLRLXXX	0
EALYQVGKEFTSKMDLEKPNYIVPDYMPVVYDKLP	XXXXXXXXXKTSKMDLEKPNYIVPPPPSHREAIVN	0
FADNDVSRFKAIKARFAKPVYPGQTLQTEMWKEGN	GFDKPILHGLCTFARFAKPVYPQLQQTKVQETGDI	1
EKGGKVFSATLGLVDIVKGTNSYYKLQLLEDDKEN	QDGKVTDWTKCMLVDIVKGTNSRKLDSNYFMKKPP	0
SDSVDRYKVEYYPVSGGKRQEFYVSRMETSTVLKD	XPLGRSFKVEYYPVSGGKRQEFYVLKDLKPETEYV	0
AGTLSWHLDGKPLVPNEKGVSVKEQTRRHPETGLF	VPNKVSWHLDKPLVPNEKGVSVKESELMVTPARGG	0
EIENHPWLQGVDPSPATKYNIPLVSYKNLSEEEHN	KQGLVKELQGVDPSPATKYNIPLVSKNLLQEXXXX	0
VTACDIRYCAQDAFFQVKEVDVGLAADVGTLQRLP	GIDLGCIGGGVDLFFQVKEVDVGLAADVGTLVNEL	0
TRDRLDEVKEQVAEVRAKLEEQAQQIRLQAEAFQA	TRDRLDEVKEQVAEVRAKLEEQAQQIRLQAEAFQA	1
HTKGYYAAVEAKKERMSKHAQTFGAKQPTHQGGPA	SKTQEYAAVEAKKERMSKHAQTFGAKQPTHGGQGV	1
KELGNDAYKKKDFDTALKHYDKAKELDPTNMTYIT	KELGNDAYKKKDFDTALKHYDKAKELDPTYITNQA	1
HVSCVKLLLSKGADKTVKGPDGLTAFEATDNQAIK	PLLSAVYEVLLGADKTVKGPDGLTAFEATDIKLQX	1
KVPAKKITAASKKAPAQKVPAQKATGQKAAPAPKA	IIKNEVKTAASKKAPAQKVPAQKATGQKXXXXXXX	1
EWYELRKAPSDLYQIILKALERGSLLGCSIDISSV	XXXXXLNEPSDLYQIILKALERGSLLGVTGAKQSL	0
QKTAFVERFQHLPCVLGKNVFTSGKHYWEVESRDS	AEDTAFEGRYVERCVLGKNVFTHYWGVCREDVMRL	0
GSKGMNQVPGRLLLWDTKTMKQQLQFSLDPEPIAI	IACSPNGASFVCLLWDTKTMKQQLXXXXXXXXXXX	0
VPSIHCKLLDIACWIHHKYNSDKSSTYVKNGTSFD	WVPSIHCKLDIACWIHHKYNSDKSGGEATKQFDGI	1
QHAMYYLRLLMTEVAWTKDELKEALDDVTLPRLKA	RAEQHAMYYLRLLVAWTKDELKEALDQMXXXXXXX	1
ESAQEPSGAWGNKIRPIKASVITQVFHVPLEERKY	XXXXXXXXXXGNKIRPIKASVITQTGAHVSGKLDA	1
FYPGAVTVAWKADGSPVKAGVETTKPSKQSNNKYA	ATLVCVTVAWKADGSPVKAGVETTSSYLSLTQWHS	1
QGKEAAQRVLSQIDVAQKKLQDVSMKFRLFQKPAN	MKKNQAQRVLSQIDVAQKKLQDVSMKFRLKEXXXX	0
NKKITEVALMGHLSCDTKEERKIKGVISIPRLQAE	DESTEGKTSYRHLSCDTKEERKIKEILAHWSPAKL	0
GKTDYYARKRLVIQDKNKYNTPKYRMIVRVTNRDI	XXXXXXXRKRLVIQDKNKYNTPKYRMIAYARIEGD	1
TRVLEEEQKLVQLGQAEKRKTDQFLRDAVETRLRM	TRVLEEEQKLVQLGQAEKRKTDQFLRDAVETDMWH	1
KNSDPWAASQQPASSAGKRASDAWGAVSTTKPVSV	KNSDPWAASQQPASSAGKRASDAWGAVSTTXXXXX	0
HRDLAARNILVGENYVAKIADFGLSRGQEVYVKKT	GMYLAARNILVGENYVAKIADXXXXXXXXXXXXXX	0
EPVYKLTQRQVNITVQKKVSQWWERLTKQEKRPLF	LEFLDLVKPEPVITVQKKVSQWWERLTKLXXXXXX	1
LADGRQASVTLQPLKIKKLIPNPNKIRKPPKSKKA	IIRPAMSVPTLQPLKIKKLIPNPNKIRKPPXXXXX	1
YLQDSTFATSPHLESLLKIMLGDEAALLEQKELLS	ERYLQSTFASPHLESLLKIMLGDEAALLEQTRLYS	0
DREHRVAGIFPRLSFKDKSTYIESSTKVYDDMAFR	FWKITKVMDVRLLSFKDKSTYIESSTKVDDXXXXX	1
EYLEEMRPTPRLLPQDPKKRASVRMISDLIAGGIQ	XXXXXLEEEPRLLPQDPKKRASVRMISDLLQILQS	1
QLGRDPHGLRVVVVTAEKIVHRYYSLDELSEKGIE	IGVKVVTNLDVVVVTAEKIVHRDLMDLIKKKXXXX	1
ITPDEARVEEFKLKKMWKSPNGTIRNILGGTVFRE	IAATITPDEARVLKKMWKSPNGTIRNIYKAXXXXX	1
MKEEAATGGGSTGEADGKTAAAAAEHSQRELDTVT	XEEEAATGGGSTGEADGKTAAAAAEHSQRELDTVR	1
VELFENLSEKLQTFLETKTQALTEVDVPGKDVTEL	XXXXXXXXEKLQTFLETKTQALTEVDYMQESTSEF	0
KHVLFPLKSEFVILRDEKWGGNKTYTAYVDLEKDF	XXXXKKCEPGFVILRDEKWGGNKTYTDLEKDFAAE	1
APVFEFVEQLRKEGVFAKEVRTGGMAFHSYFMEAI	QPVFEFVEQLRKEGVFAKEVRTLLAVXXXXXXXXX	1
VQSVLPYFVATKLAKIRKPTLDKPSPETFVKSAIK	GKSEYPYFVATKLAKIRKPTLDKPSPETFVKSGYL	1
CRDIVIEMEDTKPLLASKLTEKEEEIVDWWSKFYA	XXXXXXXXXDTKPLLASKLTEKEEEIVDQVSGVTH	0
SKREKREVIVEESIRTCKPAFLSEEKLYQETAIRD	DGEQKREVIVEESIRTCKPAFLSXXXXXXXXXXXX	0
PSVAEAPQLRPAGTAAAKTSRQECQLSRESQHIPT	FVGVNGGQLRPAGTAAAKTSRQECQLSRESQHPAG	0
VNDAGRPKVQVEYKGETKSFYPEEVSSMVLTKMKE	FMVVNDPKVQVEYKGETKSFYPEEVMRMEAKYXXX	1
IAIQGAIEKAGIPKEEVKEAYMGNVLQGGEGQAPT	XXXXXXXXXIIIPKEEVKEAYTRVLGLPISTPCTA	1
KIALGIPLPEIKNVVSGKTSACFEPSLDYMVTKIP	VNDQTGYLPEIKNVVSGKTSACFEPIDTLAAEYPS	1
DSGSDALRSGLTVPTSPKGRLLDRRSRSGKGRGLP	DSGSDALRSGLTVPTSPKGRLLDRRSRSGKGRGGK	1
LQNKLEVLNQRWQNVLEKTEQRKQQLDGALRQAKG	HVLQNDVLNQRWQNVLEKTEQRKQQLDGXXXXXXX	0
GTAPVLPGKTGPTVTQVKAEKQEDSESSEEESDSE	XXQTKACPKTGPTVTQVKAEKQEDSESNPAAARAP	1
INVSKVSTTWKKILEDDKGAFQLYSKAIQRVTENN	QLSDLIVSTWKKILEDDKGAFQLYSKAIXXXXXXX	1
PGSAAPAAGSAPAAAEEKKDEKKEESEESDDDMGF	PGSAAPAAGSAPAAAEEKKDEKKEESEESDDDMGF	0
ELCIVMCLKDLTSIVDIKTSSRPAMIGSLTDGSTE	XXXXXXXXXQLTSIVDIKTSSRPAMIGSLTDFWES	0
KFICTVTGTPVIETIWQKDGAALSPSPNWRISDAE	XXXXXXXPSLAKFTIWQKDGAALSPSNWRIILELL	0
DIGGSLTKLAYYSTVQHKVAKVRSFDHSGKDTERE	XXXXXXXXXXXXXTVQHKVAKVISVQEEITAAVSQ	0
RADLGLQRAWEGNYLASKPDTPQTSGTFVPVANEL	XXXXXXXRAWEGNYLASKPDTPQTSGTFVPVANVL	0
KTWRFSNMKQWNVNWEIKMVTVEFADEVRLSFICT	DFIARFQGEIWNVNWEIKMVTVLSFICTEVDCKVV	0
KIYKKFLKKAQDLTSLLKELKSQGNYLLECTKNPS	SKEDLRMLKAQDLTSLLKELKSQGNYLLFSEEPWL	0
SKVTKQEPTRRSARLSAKPAPPKPEPKPRKTSAKK	SKVTKQEPTRRSARLSAKPAPPKPEPKPRKTAPSE	1
RDHLVGRWIRTQQHYYDKCPKRVYYLSLEFYMGRT	XXXXXXXWIRTQQHYYDKCPKRVGLAATNRFKASK	1
SYIPTSGCRASTGPPLIKSGYCVKQGNVRKSWKRR	XXXXXXXXXXXSGPPLIKSGYCRFFALDDFTICYF	0
AWGGKAANKEATQEAFMKRAMANCQAAKGQYVHTG	TALQASALAEATQEAFMKRAMANCQAYVHTSSGAS	1
TAPVSWKPQDSSEQPQEKLCKNPCAMFAAGEIKTP	XXXXSWKPQDSSEQPQEKLCKNPCAMFAAGSLHTQ	0
KRGSKGKLEAIITPPPAKKAKSPSQKKPVSKKAGG	ANLPNIGLEAIITPPPAKKAKSPSQKKPVXXXXXX	1
KAAENFTLLVKNNIWYPKFNFSKRNILPNITTTYL	KGYQETDSVVSSNIWYPKFNFSKRWDCNLDRACFG	0
SDDGTTRRTETTVKKVVKTVTTRTVQPVAMGPDGL	TEEDPEGAMSTTVKKVVKTVTTRTVNEDCKPRHQA	1
PEPDGCKSGINCPIQKDKTYSYLNKLPVKSEYPSI	QSKSSGCSGINCPIQKDKTYSYLLQDDSLFXXXXX	1
MDEEEEIATPPPPPPPKKETKPEPMEEDLPENKKQ	EANNPQLKEPPPPPPPKKETKPEPMEEDREDYRQI	1
GNETADTVLKKLDEQYQKYKFMELNLAQKKRRLKG	LGIPEAVVLKKLDEQYQKYKFMELNLAQDLDFLRD	1
VQTVAQRLKFRLNLYELKEGRQIKPYTLMSMVANL	LYIVAQRLKFRLNLYELKEGRQIKPYTLMSMVANL	1
HRLEYGGLGREVQVEHIKAYVTKSPVDAGKAVIVI	XXXXXXXXGREVQVEHIKAYVTIVIQGWQLRTIVP	1
ETCKMTLNMKNYKGYEKKPYCNAHYPKQSFTMVAD	CETCKMTLNMNYKGYEKKPYCNAHYPKXXXXXXXX	1
VFSPVEFNKVSVLTGIIKISLKTLLECVRLRTFGR	STRIDVFSVVSVLTGIIKISLKTLLLWFVADEELV	0
KNNELLKNIQDVQSQISKIGLKDPTVPAVKHRKKS	XXXXXXXNIQDVQSQISKIGLKDAVHRKKSLIRLD	0
KCPFPSRPDNGFVNYPAKPTLYYKDKATFGCHDGY	AREVKCPFPSRFVNYPAKPTLYYKDKATFEIECTK	0
EGSTQTLTKGELKVLMEKELPGFLQSGKDKDAVDK	SRYSGSLTKGELKVLMEKELPGFLQSGKDKAVDLL	1
QGKSAREAAASLSLTLQKEGVIGVTEEQVHHIVKQ	VGLSAREAAASLSLTLQKEGVIGVTEEQXXXXXXX	0
LVQFDSGKLEALAILLQKLKSEGRRVLILSQMILM	XXXXXXXKLEALAILLQKLKSEGRRVLIFLHYLTI	0
IPHKGTMPKEVNLGLLAKKADLCQLIRDMVNVCET	LLVKMFYIHPVNLGLLAKKADLCQLINGLPVVEDR	0
GIGDRFKIEGRAVVPGVKPQDWISAARVLVDGEEH	XXXXXXXXXGRAVVPGVKPQDWISAARVFLKTDGS	0
SQVVEQDVPEEVDRAKEKGIGTPQPDVAKDSWAAE	SQVVEQDVPEEVDRAKEKGIGTPQPDVAKDSSKEN	1
DYVEINIDHKFHRHLIGKSGANINRIKDQYKVSVR	XXXXXXIDHKFHRHLIGKSGANINRIKDQSVRIPP	1
GKWEGLVYAPPGKEKQRKTEELEEESFPERSKKED	DKDKALVYAPPGKEKQRKTEELEEESFPERSKKEX	1
NRSEAVIAQFYHSPADNKRYIFADAYAQYLWITFD	KSNVIVVSYFYHSPADNKRYIFWITFDFCNTLQLS	0
KDGLLDDEEFALANHLIKVKLEGHELPADLPPHLV	KLPVLKIWAFALANHLIKVKLEGHELPLXXXXXXX	0
DIFERIAGEASRLPHYNKRSTITSREIQTAVRLLL	DIFERIAGEASRLPHYNKRSTITSREIQTAVRLLL	1
AKAGLLFGGEKSSALHTKGKIETRHVAAMEKYKEG	GELVRLILLKKSSALHTKGKIETRHVLLGXXXXXX	1
SEQEFQEQLESARREAKKSFNDDAMLIEKFVDTPR	GGKGMREQLESARREAKKSFNDDAMEKVFSMVMIM	1
VVLVLAGRYSGRKAVIVKNIDDGTSDRPYSHALVA	XXXXXFMKPGKVVAVIVKNIDDGTSHALVAGVKVY	1
WGADVINMTTVPEVVLAKEAGICYASIAMATDYDC	CHIPMAEPFCVPEVVLAKEAGICYALNLKNMAQFS	0
KVKTLVFCSGKHFYSLVKQRESLGAKKHDFAIIRV	LPAADSVVCGKHFYSLVKQRESLGAKKHDFAIISH	1
SPSDKVVKKGKKDKKIKKTFFEELAVEDKQAGEEE	XXXXXVVKKGKKDKKIKKTFFEELAVEDKQAGEEE	1
CSDTEATEAMAPDILARKLAAAEGLEPKYRIQEQE	CSDTEATEAMAPDILARKLAAAEGLEPKYRIQEQE	1
LPDKDCRYALYDATYETKESKKEDLVFIFWAPESA	XXXXXXXDPYYDATYETKESKKEDLVKHELDRCTL	1
PAAVCLLENELDEDMHQKIAREMNLSETAFIRKLH	LPIAAVCLLELDEDMHQKIAREMNLSETAFRWFTP	1
KGRILDDDTIITTLENLKREAAEVTRKVEETDIVM	LEKSLLQALIITTLENLKREAAEVTRXXXXXXXXX	0
RLLLEQKVWEVAAPYIEKYRMEHIPESRPLSPTAF	TTPLEKVVWEVAAPYIEKYRMEHIPESXXXXXXXX	1
EAKSYFEKSKEQLTPLIKKAGTELVNFLSYFVELG	EAKSYFEKSKEQLTPLIKKAGTELVNFLSYFVELG	1
HFHWGSLDGQGSEHTVDKKKYAAELHLVHWNTKYG	IDTHTAGDGQGSEHTVDKKKYAAEIFLKWVLKPWR	1
SIFGDITRKFCKDVVSNKKFMKKVQESRFDVIFAD	SEIYPTSRKFCKDVVSNKKFMKKVQESRCSLLAEL	1
IPHHHSFYDFIVTKARGKSGPLFNFDVHDDVRLLS	XXXXXIKEDLIIFKARGKSGPLFNDESHAGPASRW	1
ESVAAKNLQEAEEWYKSKFADLSEAANRNNDALRQ	KSVAAKNLQEAEEWYKSKFADLSEAANRNNDALRX	1
QMIFQRKVKVIVMLTELKHGDQEICAQYWGEGKQT	XXXRNQGPLKIVMLTELKHGDQEICAQYWGYTQYT	0
NILQAKPTSSPAKGPPQKAGPVAVQVKAEKPMDNS	DISTSESESSPAKGPPQKAGPVAVQVKAEKPPDGK	1
NALKSVINDPIYKENIMKLSRIHHDQPVKPLDRAV	MKAKGAAVDPIYKENIMKLSRIHHDQXXXXXXXXX	1
TAGLKVGVSSRINEWLTKTPDGNKSPAPKPSDLRP	KEGLKVGVSSRINEWLTKTPDGNKSPAPKPXXXXX	1
TPDITVEIREHIQLNESKIVKQAGVATKGPNEYIQ	EARTIVEIREHIQLNESKIVKQAIEFENLSPGSVI	1
NNASQPETKAIIENLIQKQDFSLSVALDGGSMLVT	PKIRRVNTKAIIENLIQKQDFSLSYSVTYGHCQKX	0
SEKPAREFRALRKQGKVKTQEIIPTQAKWQEVKEV	SEKPAREFRALRKQGKVKTQEIIPTQAKWQEVKED	1
RILNVFQKLCAGLDCPWKFCDEKVSVDESVMSTHS	NSTKQFQKLCAGLDCPWKFCDEKAAVCLCKEGRCP	0
IEESLRKVAKKKFAENLKAGDEFVEKTLSTIATST	IEESLRKVAKKKFAENLKAGDEFVEKTLSTIPVXX	1
GETLAREYGVPFLETSAKTGMNVELAFLAIAKELK	LYDITLGNKADMSETSAKTGMNVEXXXXXXXXXXX	0
QKDYESASLTEVRALLRKHEAFESDLAAHQDRVEQ	XXKILQDYLTEVRALLRKHEAFESDLTRRALEEDH	1
QFRDMPYQPFSKGDRLGKVADWTGATYQDKRYTNK	XXXXMPYQPFSKGDRLGKVADWTGATYQDKRYTNK	1
FQHAIEKTHQSALQVQQKAEAMLQANHYDMDMIRD	LRHLQAEVVQSALQVQQKAEAMLQANHMMIRDCAE	0
DDIASSENLLHLTANRPKMPGRRLPGRFNGGHSPT	KKPPSSENLLHLTANRPKMPGRRLPGRFNGGHSPT	0
MVGMGQKDSYVGDEAQSKRGILTLKYPIEHGIITN	MVGMGQKDSYVGDEAQSKRGILTLKYTTAEREXXX	1
RYVLEPEISFTSDNSFAKGPIAKFLDMPQSPLFTL	LSTVVEEISFTSDNSFAKGPIAKAEXXXXXXXXXX	0
VRDISNCWAPKVETAITKVRTPVMNSEAKVLVPGI	LYSTVKGELHKVETAITKVRTPVMXXXXXXXXXXX	1
NETPKKKKKRFSFKKSFKLSGFSFKKNKKEAGEGG	SSTSSPKKKRFSFKKSFKLSGFSFKKNKKEAGEGG	1
RDTLASVFRLLHSLDQAKEELERLAASLDGARTPL	XXXXXSVFRLLHSLDQAKEELERLAASLDGAAMLQ	0
EDRYLLGTSLARPCIARKQVEIAQREGAKYVSHGA	IFIEDVSEFEARPCIARKQVEIAQREVSFSCYSLA	1
LSEELLWEYVHSGEPMDKAGGYGIQALGGMLVESV	PVDKDAMLVFTVGEPMDKAGGYGIQALGNVVGFXX	0
GYPHWPARIDEMPEAAVKSTANKYQVFFFGTHETA	KEYKCGDRIDEMPEAAVKSTANKYQVFTAFLGPKD	1
DLGQAVLDAGHSVSTLEKTLPQLLAKLSILENRGV	LAAQAVLDAGHSVSTLEKTLPQLLAKLSILEXXXX	0
VKLLSISGKRSAPGGGSKVPQKKVKLAADEDDDDD	VKLLSISGKRSAPGGGSKVPQKKVKLAADEDDDDD	1
AAPTFMISPETVTGTGKKCSLPAEEDSVLEKLGER	FCFQEMISPETVTGTGKKCSLPAEEDSVLEKLLCP	1
DPSRPVTFVSNSNYAADKGAPYVDVICLNSYYSWY	YLKMVITFVSNSNYAADKGAPYVDICLWKYXXXXX	0
KIIEELQDLGPQVWSETKSGVAPQKMAGASPTKDD	KIIEELQDLGPQVWSETKSGVAPQKMAGASPTKDD	0
GQTALNCGVELFKRGVLKEYGVKVLGTSVESIMAT	PDGLILCGVELFKRGVLKEYGVKVLTSVEXXXXXX	1
TSSRCSSRDGEFTLTTLKKEAKFELRAFHEDKKPS	TSSRCSSRDGEFTLTTLKKEAKFELRAFAIAIAEQ	0
RLAGTSGSDKGLSGKRTKTENSGEALAKVEDSNPQ	XXXXXXGSDKGLSGKRTKTENSGEALAKVEYQRNF	1
QKYQWHVEDLVPWIEDCKAKMSELRVTLDPVQLES	XXXXXXXXDLVPWIEDCKAKMSELRSRSKAMLNEV	0
GALDMLTKVMALELGPHKIRVNAVNPTVVMTSMGQ	GVPGAIVKVMALELGPHKIRVNLLSDSGMTTGXXX	1
ISLLVSKFVSVLEGVLSKLSRYDEGTFFSSILSFT	XXXXXXKTTSVLEGVLSKLSRYDETFFSLPGMDLA	0
MSHHWGYGKHNGPEHWHKDFPIAKGERQSPVDIDT	MSHHWGYGKHNGPEHWHKDFPIAKGERQSHSLTTP	1
LHDLKIAIANIIDEIIEKLKSLDEHYHIRVNLVKT	XXXXXXXXXXIIDEIIEKLKSLDEHYHIRVNIDIQ	0
EDRAVSSTELSALENICKAIIKEKQPFERLEVSKE	HILGEAMLYLSALENICKAIIKEKQHTGKIKTIKI	0
VPVKNVDEAINFINEREKPLALYVFSHNHKLIKRM	SPCCIDQEEINFINEREKPLALYIETSSGGVGGVG	1
PLSPPKKKDLSLEEIQKKLEAAEERRKSHEAEVLK	PLSPPKKKDLSLEEIQKKLEAAEERRKSHEAEVLK	1
KMKGDYYRYLAEVASGEKKNSVVEASEAAYKEAFE	NLKGDYYRYLAEVASGEKKNSVVEASEAAFEIQXX	1
EVIVTKDDAMLLKGKGDKAQIEKRIQEIIEQLDVT	IATGGAGKVGLLKGKGDKAQIEKRIQEIIRLAKLS	1
HKPAFTEEDVLNIFPVVKHVNPKASDAFHFFQSGQ	VVVDYRVTAQKTGFPVVKHVNPXXXXXXXXXXXXX	0
EVVNVLKSLLSNLDEVKKEREGLENDLKSVNFDMT	EATTLANKLLSNLDEVKKEREGLENDLLKVQESLK	0
SEQDKEQSNPYMVLDIDKLFHVRPVTQTDVYRADA	XXXXXXVSKKILVLDIDKLFHVILYANEGESYYDI	0
MMVLGAKWREFSTNNPFKGSSGASVAAAAAAAVAV	YKAFGAKWREFSTNNPFKGSSGASVAAKAKTKEQX	0
FSIQEKYVAADTLYSQIKEDVKKRAVALDEAISQS	LIAEHKPIAADTLYSQIKEDVKKRAVAXXXXXXXX	0
AQFSVQKVTPQSDGSSSKVKVKVRVNVHGIFSVSS	RKEPFVKVTPQSDGSSSKVKVKASLVEVHEMETST	1
WLAEHKPLVLCGPPGSGKTMTLFSALRALPDMEVV	XVDTHELLVLCGPPGSGKTMTLFSALFCDEVGACN	0
QLRKSGKVAAIVVKRPRKVQVAALQASPPLDQDDR	IGLLQENDRVVVVKRPRKVQVAALPKGEMXXXXXX	0
PAVKPAAAPKQPVGGGQKLLTRKADSSSSEEESSS	DANAPAAAPKQPVGGGQKLLTRKADSSXXXXXXXX	1
TVKPGDKVIPLAIPQCGKCRICKNPESNYCLKNDV	XXXXHEGVTTLAIPQCGKCRICKNPESNYCLKNDL	1
LADTMRPDTLQDYFGQSKAVGQDTLLRSLLETNEI	XXXXXXXXXLQDYFGQSKAVGQDTLLRSLLLILWG	0
LRSGQARRSSPPGHYYQKSKYDSSVSGQSSFVTSP	LRSGQARRSSPPGHYYQKSKYDSSVSGQSSFVTXX	0
EIAKYDGKWEVEEMKESKLPGDKGLVLMSRAKHHA	XXSSPKVTYKAEEMKESKLPGDKGNQKKTHFDDGW	1
AVLLSPTKEPPPLLAKPKLDPLKLQQLQNQIRLEQ	SSSPLPTPAPPPLLAKPKLDPLKLQQLQNQIRLGX	1
RHFYQRKKVPVSVNLLSKNLSREINDCIGGTVLNI	IKTVLTDARIVSVNLLSKNLSREINDCIXXXXXXX	0
VISKNKLDFLRPYTVPNKKGTRLGRYRCEKGTTAV	LGSGSNIDLLRPYTVPNKKGTRLGXXXXXXXXXXX	0
RSAEKRSAEEEAADLPTKPTKISKFGFAIGSQTTK	RSAEKRSAEEEAADLPTKPTKISKFGFAIGSGPNF	1
VFEVVPGTDQVDHAAAVKEYSRSSADQEEPLPHEL	PEKERYMRQLSEHAAAVKEYSHELRVLTMFVNRTR	0
SYDPSTGEVYCRVPNSGKDEIEAAVKAAREAFPSW	XXXXXXXNILCSSPNSGKDEIEAAVKAGIAKNIVF	1
HLRDKLGDHQSPATPAFKSLEAFFLYGRLYEFWWS	LLGCDLRLHQSPATPAFKSLEAFFLYTFKELFSHS	0
KHLEELDKSHLEGELRPKQPGPVKLGGEAAHLPHL	CPLGGTLDSHLEGELRPKQPGPVKLGGEGVKXXXX	1
GLTTAHEQFKATLPDADKERLAILGIHNEVSKIVQ	APFNNWMAFKATLPDADKERLAILGIHNPQEINGK	1
MKKSKSVKEDSNLTLQEKKEKIQTGLKKLTELGTV	PAEHQMVKEDSNLTLQEKKEKIQTGLXXXXXXXXX	1
LNKNALTTLAGPLTPPVKHFQLKRKPKSATLRAEL	XXXCEASAMLGPLTPPVKHFQLKRKPKSAAAGLVS	0
NRIVTCGTDRNAYVWTLKGRTWKPTLVILRINRAA	EDWAPESNRIVTYVWTLKGRTWKPTLVFDWXXXXX	1
HYLPFSLPHRRPHFFFPKSRIVRSLMPFSPYEPLN	FQDRFFTRHRRPHFFFPKSRIVRSLMPFSPYEPLA	1
KEQLHQKDQKILLLLEEKEMIFRDMAECSTPLPED	XEQLHQKDQKILLLLEEKEMIFRDMAECSTPSPTH	0
DIRRRLSEQLAHTPTAFKRDPEDPSAVALKEPWQE	XXXXXEVEQLAHTPTAFKRDPEDPSAVALKEPKNA	0
PGIGVQGLEGNLQMPGIKSSGCDVNLPGVNVKLPT	PGIGVQGLEGNLQMPGIKSSGCDVNLPGVNVKLPT	0
ISTFINELDSGFRLLNLKNDSLRKRYDGLKYDVKK	LSGVLIALDSGFRLLNLKNDSLRKRYDGLKYXXXX	1
TEQFNQKPKKGIQFLQEKGLLTIPMDNTEVAQWLR	TGTEQFKPKKGIQFLQEKGLLTIPMDNEVWLNXXX	0
EKLLEAISETSSQLEHAKVTQTELMRESFRQKQEA	EKLLEAISETSSQLEHAKVTQTELMRESFRQKQEA	0
ELCIVMCLKDLTSIVDIKTSSRPAMIGSLTDGSTE	XXXXXXXXXXXTSIVDIKTSSRPAMIGSLTWESGT	0
NQRALKLGTLSALDILIKNYSDSLTAAMIDAVLDE	PLKIDLRLVLSALDILIKNYSDSLTIMSFLTTLAK	0
LDIYVWRGAQATLSSTTKARLFAEKINKNERKGKA	IKLFVFLVWRATLSSTTKARLFAEKILADDVLTVD	0
CSSRKVYFHTDAAQAVGKIPLDVNDMKIDLMSISG	XXXXQLITVGKAAQAVGKIPLIKIYACVAQQEMEY	0
VQEATRLKAEAELLQQQKELAQEQARRLQEDKEQM	VQEATRLKAEAELLQQQKELAQEQARRLQEDKEQM	0
DLKPQEILVSVNIPYSRKWEFVSAFRQAQRQENAL	YNGLPEEKTQMYGPYSRKWEFVSRVFFGEGDGIIR	1
LSSDFWGEKPNLSYIIGKDTWVEHWPEEDECQDEE	IKCALMWGLSSDFYIIGKDTWVEXXXXXXXXXXXX	0
LRVNQNLVYESGSLNFSKLEIQSQVDSQHVGHSVL	TSFGLNLVYESGSLNFSKLEIQTAKGMALFGEGKA	0
EAPTKRKSLVMHTPPVLKKIIKEQPQPSGKQESGS	XXXXXRKSLVMHTPPVLKKIIKEQPQPSGKAQALE	1
LELESEEERSRKIQGLLKSCGKPVEDFIQELLAKL	PDEINLEERSRKIQGLLKSCGKPVEDFIQELLXXX	1
LSFFAFEHSEEYQQAQHKFLVAVESMEPNNIVVLL	XXXXXXXPHEEYQQAQHKFLVAVESMEPNNIVVLL	0
TEEALALPRGLLNDAFQKGGPEGATTRLMKGEITL	XXXXXXFLRGLLNDAFQKGGPEGATTRLMKIQWIP	1
PSVLQVVNLPIVERPVCKDSTRIRITDNMFCAGYK	XXEEAEENLDIVERPVCKDSTRIRITDNMFCAGYK	0
LHPGRPQPPAEEELCSGKPFDAFTDLKNGSLFAFR	XXXXXXXXXAEEELCSGKPFDAFAFRGQYCYPPID	0
FPGTYTITIKYGGHPVPKFPTRVHVQPAVDTSGVK	IEILYTITIKYGGHPVPKFPTRVXXXXXXXXXXXX	0
PPKAAMPPQIIQFPEDQKVRAGESVELFGKVTGTQ	XXXXXXXXXXXXRPEDQKVRAGESVELTILAARQE	0
KLNNLVLFDKATYDKLCKEVPNYKLITPAVVSERL	XXXXXXXFDKATYDKLCKEVPNYKLIVVSRLKIAA	1
LLSEEVFDFSSGQITQVKSKHLKDSMCNEFSQIFQ	QEWPKEVFFSSGQITQVKSKHLKDSMEHRDFVQET	0
GKDRKLISWSGNYQKLRKTEIPEQFGPIRTVAEGK	SGGGDRKLISWSYQKLRKTEIPIVIIGTLSGDFXX	0
TRFMETADSTTAAVLQGKLAEVSQRFEQLCLQQQE	ETREMVTFMTTAAVLQGKLAEVSQRFEXXXXXXXX	0
QDQTGKETLAFPLWESTKVVPLSKFVLLRSVDLVS	AGKVQDGTLAFPLWESTKVVPLSLESTSHDPFTLI	0
NNTQELHPDPFQTEDPFKSDPFKGADPFKGDPFQN	QEEQLLHPDPFQTEDPFKSDPFKGADPFKGPXXXX	0
VISFARARIPVIAVDSDKNQLATANKMITSVLEKE	VVGLGTMGRVVIAVDSDKNQLATANKMITPRLTSS	1
AVKILNRQKIRSLDVVGKIRREIQNLKLFRHPHII	XTFGLNRQKIRSLDVVGKIRREIQNLKIMMVVHRD	1
REENVKADVFHAYLSLLKQTRPVQSWLCDPDAMEQ	VSTRHLFYSFHAYLSLLKQTRPVQSPLLNMLTELV	0
PNLEGTLTGPRLGSPSGKTGTCRISMSEVDLNVAA	APKVKMPIVIEGDLKGPKVQANLGVKTPSFGISAP	1
MPDLENRVLDQIEFLDTKYSVGIHNLLAYVKHLKG	XXXXXXXXXXQIEFLDTKYSVGIHANLMQEEHDNR	0
VEFNIRKPNEGADGQWKKGFVLHKSKSEEAHAEDS	LPFNIRKPNEGADGQWKKGFVLHKSKSEMHHFRKP	1
ESRFDEHQSKPEILNLVKRMKIKTGKALNLGYALD	VAQVESHQSKPEILNLVKRMKIKGXXXXXXXXXXX	1
IDRLNEQASEEILKVEQKYNKLRQPFFQKRSELIA	XRQSPEQASEEILKVEQKYNKLRQPFFQKEVTEFE	1
LTERSRVITVDGNICTGKGKLAKEIAEKLGFKHFP	XXXXXXXITVDGNICTGKGKLAKEIAHFPEVLERS	0
FGKGVAYDVPNPVFLEQKKMLKSGLNIAHFKQHVS	XXXXGVAYVPNPVFLEQKKMLKSGLITLATYKLEV	0
TDCKDPKACTILLRGASKEILSEVERNLQDAMQVC	GIIEDSIGDEILLRGASKEILSEVERNLQXXXXXX	1
KPGQVCQPSGGILSCVNKDPCHGVTCRPQETCKEQ	KPGQVCQPSGGILSCVNKDPCHGVTTCKEQGGQGV	0
SRLGADVCAVLRLSGPLKEQYAQEHGLNFQRLLDT	XXXXXXXXXXXRLSGPLKEQYAQEHGLNFQRLLDT	1
AKVNNSSLIGLGYTQTLKPGIKLTLSALLDGKNVN	SSYQIDPDACFGYTQTLKPGIKLTLSLGLEFQAXX	1
TRRQTQVLGLTQTCETLKLQLPNCIEDPVSPIVLR	LRAVFNETKNSTRCETLKLQLPILFXXXXXXXXXX	0
AKNLTDFAEQYSIQDWAKRMKALVEQGFTVPEIKT	AKNLTDFAEQYSIQDWAKRMKALVEQGFTEVSLQA	0
KAYLKKISMQCFDFTDSKGEPLHIINSSNVTDEPL	LHELNKISMQCFDFTDSKGEPLHIINSSNVSLDLV	0
LNDFVSTAKGVLQSLIEKHFPAPDRKKLYSLLGID	QFWSAREEKGVLQSLIEKHFPAPDKAQKKLLXXXX	0
DREKRVFTEANLVSVGSKKLRESVLRMSFEFHQDP	XXQGLESTEANLVSVGSKKLRESVLRMSFEFHQDS	0
QTQTMVQKGPLDLIETGKGLKVQTDKPHLVSLGSG	XXXXXTQTMVLDLIETGKGLKVQTLSTAITLQRER	0
ANTVTEEILEKAFSQFGKLERVKKLKDYAFIHFDE	KVLFVEEILEKAFSQFGKLERVKAFIHFDERDGAV	1
GTAVVNGEFKDLSLDDFKGKYLVLFFYPLDFTFVC	XXTQHAPYFKDLSLDDFKGKYLVLFHVNCEVVAFI	1
GSLVKDFFAQQQHLTPDKIYHVTVMPCYDKKLEAS	VHGVKDFFAQQQHLTPDKIYHVNEHQTRDVDXXXX	0
RKKMMEIMTREVQTNDLKEVVNKLIPDSIGKDIEK	GMKTTDGYLLEVQTNDLKEVVNKLIPMKLMELHGX	1
ILHSRNDLEEAFIHFMGKGAAAERFFSDKETFHDI	VGNGKDHLEEAFIHFMGKGAAAELEYQAGEEWGQL	0
IPGVSVKSSSIYSIVNIKIGVQVKFDGNHLLEIEI	QVAISQIPGVSVKIVNIKIGVQVKIEIPTTYXXXX	0
RNNCLLKYSPGGTPTAIKVLSNVESGFSLKPCALS	YKGVDMRGFSYATPTAIKVLSNVESGXXXXXXXXX	0
NVRRMHTAVKLNEVIVNKSHEAKLVLLNMPGPPRN	FTVEVEVVEKLNEVIVNKSHEAKLVLLLTEGLEVX	0
RLSYGEAKKAARDYETAKNYFKKGLKDMGYGNWIS	LRHPFIVKKAARDYETAKNYFKKGLKNWSXXXXXX	1
RFLEQQNKILLAELEQLKGQGKSRLGDLYEEEMRE	XXXXQQNKILLAELEQLKGQGKSRLGDLYEETLLI	1
RFVTISGQKVLDMENSFKEGKEPSEIGNLVKDKLK	QTLQELGQKVLDMENSFKEGKEPSEIGNLVKXXXX	0
AARIIAVDINKDKFAKAKELGATECINPQDYKKPI	KAARIIAVDNKDKFAKAKELGATECINALXXXXXX	1
LQKSLSSYNYIHVGAQLKSSINDAAEFRVVADAMK	HFYQLQKSLSIHVGAQLKSSINDAAEKKXXXXXXX	0
TGKENKITITNDKGRLSKEDIERMVQEAEKYKAED	IAGLNVITITNDKGRLSKEDIERMVQEAEXXXXXX	1
EVFPDQFIHLGGDEVEFKCWESNPKIQDFMRQKGF	RQNKLDSFGPINPEVEFKCWESNPKIQMGTDFKKL	0
DPDFVNDVSEKEQRWGAKTVQGSGHQEHINIHKLR	DPDFVNDVSEKEQRWGAKTVQGSGHQEHINIHKLR	1
DREAESELTVTQLKELRKQQQILLEKKMLGEDSDE	XXXGESELTVTQLKELRKQQQILLEKKMLGEDSDE	1
KAAPVQQPRTRAALAVLKSGNPRGLAQQQRPKTRR	XXXXNINPEKRAALAVLKSGNPRDITSMRAILWVL	1
TLGYMEEHGFTEPILVPKKDGLGLAVPAPTFYVSD	XXXXXARVPGSQLILVPKKDGLGLAVPAPPPDWYH	0
STSLVVPEKVKTPMKSSKTDLQGSASPSKVEGVHT	SILLVVPEKVKTPMKSSKTDLQGSASPSKVEGXXX	1
NCGLEEKIANLGSCNDSKLEFRSFWELIGEAAKSV	RDLVEEKIANLGSCNDSKLEFRSFWELXXXXXXXX	0
TSSEKYQIYQDGTLLIQKAQRSDSGNYTCLVRNSA	YECVAPYGDVVTEKLIQKAQRSDXXXXXXXXXXXX	0
YFLDKILQKSPLPPGNVKKLGDTYPSISNARNAEL	WAAEELMLISPLPPGNVKKLGDTYPSISNWGQIVL	0
